month_start,department_name,function_group,region_name,fte,personnel_cost_usd,services_utilization_pct
2023-01-01,"Cloud Operations","Cost of Revenue","US West",12.0,201495.83,
2023-01-01,"Customer Support","Cost of Revenue","US West",12.0,159605.44,
2023-01-01,"Professional Services","Cost of Revenue","US West",19.0,304504.12,0.7085
2023-01-01,Sales,"Sales & Marketing","US West",15.0,258615.33,
2023-01-01,Marketing,"Sales & Marketing","US West",3.0,40459.14,
2023-01-01,"Product & Engineering","Research & Development","US West",39.0,830892.06,
2023-01-01,Finance,"General & Administrative","US West",1.0,11135.82,
2023-01-01,People,"General & Administrative","US West",1.0,10965.97,
2023-01-01,"Information Technology","General & Administrative","US West",1.0,16549.78,
2023-01-01,Executive,"General & Administrative","US West",2.0,70112.54,
2023-02-01,"Cloud Operations","Cost of Revenue","US West",12.0,201495.83,
2023-02-01,"Customer Support","Cost of Revenue","US West",12.0,159605.44,
2023-02-01,"Professional Services","Cost of Revenue","US West",19.0,304504.12,0.7164
2023-02-01,Sales,"Sales & Marketing","US West",15.0,258615.33,
2023-02-01,Marketing,"Sales & Marketing","US West",3.0,40459.14,
2023-02-01,"Product & Engineering","Research & Development","US West",39.0,830892.06,
2023-02-01,Finance,"General & Administrative","US West",1.0,11135.82,
2023-02-01,People,"General & Administrative","US West",1.0,10965.97,
2023-02-01,"Information Technology","General & Administrative","US West",1.0,16549.78,
2023-02-01,Executive,"General & Administrative","US West",2.0,70112.54,
2023-03-01,"Cloud Operations","Cost of Revenue","US West",12.0,201495.83,
2023-03-01,"Customer Support","Cost of Revenue","US West",12.0,159605.44,
2023-03-01,"Professional Services","Cost of Revenue","US West",19.0,304504.12,0.7646
2023-03-01,Sales,"Sales & Marketing","US West",15.0,258615.33,
2023-03-01,Marketing,"Sales & Marketing","US West",4.0,52091.6,
2023-03-01,"Product & Engineering","Research & Development","US West",39.0,830892.06,
2023-03-01,Finance,"General & Administrative","US West",1.0,11135.82,
2023-03-01,People,"General & Administrative","US West",1.0,10965.97,
2023-03-01,"Information Technology","General & Administrative","US West",1.0,16549.78,
2023-03-01,Executive,"General & Administrative","US West",2.0,70112.54,
2023-04-01,"Cloud Operations","Cost of Revenue","US West",12.0,201495.83,
2023-04-01,"Customer Support","Cost of Revenue","US West",12.0,159605.44,
2023-04-01,"Professional Services","Cost of Revenue","US West",19.0,304504.12,0.7791
2023-04-01,Sales,"Sales & Marketing","US West",16.0,274104.33,
2023-04-01,Marketing,"Sales & Marketing","US West",4.0,52091.6,
2023-04-01,"Product & Engineering","Research & Development","US West",39.0,829729.06,
2023-04-01,Finance,"General & Administrative","US West",1.0,11135.82,
2023-04-01,People,"General & Administrative","US West",1.0,10965.97,
2023-04-01,"Information Technology","General & Administrative","US West",1.0,16549.78,
2023-04-01,Executive,"General & Administrative","US West",2.0,70112.54,
2023-05-01,"Cloud Operations","Cost of Revenue","US West",11.0,183131.52,
2023-05-01,"Customer Support","Cost of Revenue","US West",12.0,159605.44,
2023-05-01,"Professional Services","Cost of Revenue","US West",19.0,304504.12,0.7693
2023-05-01,Sales,"Sales & Marketing","US West",16.0,274104.33,
2023-05-01,Marketing,"Sales & Marketing","US West",4.0,52091.6,
2023-05-01,"Product & Engineering","Research & Development","US West",39.0,829729.06,
2023-05-01,Finance,"General & Administrative","US West",1.0,11135.82,
2023-05-01,People,"General & Administrative","US West",1.0,10965.97,
2023-05-01,"Information Technology","General & Administrative","US West",1.0,16549.78,
2023-05-01,Executive,"General & Administrative","US West",2.0,70112.54,
2023-06-01,"Cloud Operations","Cost of Revenue","US West",11.0,183131.52,
2023-06-01,"Customer Support","Cost of Revenue","US West",12.0,159605.44,
2023-06-01,"Professional Services","Cost of Revenue","US West",19.0,304504.12,0.7519
2023-06-01,Sales,"Sales & Marketing","US West",17.0,286079.83,
2023-06-01,Marketing,"Sales & Marketing","US West",4.0,52091.6,
2023-06-01,"Product & Engineering","Research & Development","US West",41.0,876438.67,
2023-06-01,Finance,"General & Administrative","US West",1.0,11135.82,
2023-06-01,People,"General & Administrative","US West",1.0,10965.97,
2023-06-01,"Information Technology","General & Administrative","US West",1.0,16549.78,
2023-06-01,Executive,"General & Administrative","US West",2.0,70112.54,
2023-07-01,"Cloud Operations","Cost of Revenue","US West",11.0,183131.52,
2023-07-01,"Customer Support","Cost of Revenue","US West",12.0,159605.44,
2023-07-01,"Professional Services","Cost of Revenue","US West",19.0,304504.12,0.7424
2023-07-01,Sales,"Sales & Marketing","US West",17.0,286079.83,
2023-07-01,Marketing,"Sales & Marketing","US West",4.0,52091.6,
2023-07-01,"Product & Engineering","Research & Development","US West",41.0,876438.67,
2023-07-01,Finance,"General & Administrative","US West",1.0,11135.82,
2023-07-01,People,"General & Administrative","US West",1.0,10965.97,
2023-07-01,"Information Technology","General & Administrative","US West",1.0,16549.78,
2023-07-01,Executive,"General & Administrative","US West",2.0,70112.54,
2023-08-01,"Cloud Operations","Cost of Revenue","US West",11.0,183131.52,
2023-08-01,"Customer Support","Cost of Revenue","US West",12.0,159605.44,
2023-08-01,"Professional Services","Cost of Revenue","US West",19.0,303095.2,0.7705
2023-08-01,Sales,"Sales & Marketing","US West",17.0,286079.83,
2023-08-01,Marketing,"Sales & Marketing","US West",4.0,52091.6,
2023-08-01,"Product & Engineering","Research & Development","US West",40.0,856593.91,
2023-08-01,Finance,"General & Administrative","US West",1.0,11135.82,
2023-08-01,People,"General & Administrative","US West",1.0,10965.97,
2023-08-01,"Information Technology","General & Administrative","US West",1.0,16549.78,
2023-08-01,Executive,"General & Administrative","US West",2.0,70112.54,
2023-09-01,"Cloud Operations","Cost of Revenue","US West",11.0,183131.52,
2023-09-01,"Customer Support","Cost of Revenue","US West",12.0,159605.44,
2023-09-01,"Professional Services","Cost of Revenue","US West",20.0,315277.79,0.7515
2023-09-01,Sales,"Sales & Marketing","US West",17.0,283874.12,
2023-09-01,Marketing,"Sales & Marketing","US West",4.0,52091.6,
2023-09-01,"Product & Engineering","Research & Development","US West",40.0,856593.91,
2023-09-01,Finance,"General & Administrative","US West",1.0,11135.82,
2023-09-01,People,"General & Administrative","US West",1.0,10965.97,
2023-09-01,"Information Technology","General & Administrative","US West",1.0,16549.78,
2023-09-01,Executive,"General & Administrative","US West",2.0,70112.54,
2023-10-01,"Cloud Operations","Cost of Revenue","US West",11.0,183131.52,
2023-10-01,"Customer Support","Cost of Revenue","US West",12.0,159605.44,
2023-10-01,"Professional Services","Cost of Revenue","US West",20.0,315277.79,0.754
2023-10-01,Sales,"Sales & Marketing","US West",17.0,283874.12,
2023-10-01,Marketing,"Sales & Marketing","US West",4.0,52091.6,
2023-10-01,"Product & Engineering","Research & Development","US West",42.0,904947.43,
2023-10-01,Finance,"General & Administrative","US West",1.0,11135.82,
2023-10-01,People,"General & Administrative","US West",1.0,10965.97,
2023-10-01,"Information Technology","General & Administrative","US West",1.0,16549.78,
2023-10-01,Executive,"General & Administrative","US West",2.0,70112.54,
2023-11-01,"Cloud Operations","Cost of Revenue","US West",11.0,183131.52,
2023-11-01,"Customer Support","Cost of Revenue","US West",12.0,159605.44,
2023-11-01,"Professional Services","Cost of Revenue","US West",20.0,315277.79,0.7656
2023-11-01,Sales,"Sales & Marketing","US West",17.0,283874.12,
2023-11-01,Marketing,"Sales & Marketing","US West",4.0,52091.6,
2023-11-01,"Product & Engineering","Research & Development","US West",42.0,904947.43,
2023-11-01,Finance,"General & Administrative","US West",1.0,11135.82,
2023-11-01,People,"General & Administrative","US West",1.6,17516.14,
2023-11-01,"Information Technology","General & Administrative","US West",1.0,16549.78,
2023-11-01,Executive,"General & Administrative","US West",2.0,70112.54,
2023-12-01,"Cloud Operations","Cost of Revenue","US West",10.0,169311.16,
2023-12-01,"Customer Support","Cost of Revenue","US West",13.0,175310.87,
2023-12-01,"Professional Services","Cost of Revenue","US West",20.0,308541.4,0.6966
2023-12-01,Sales,"Sales & Marketing","US West",17.0,283874.12,
2023-12-01,Marketing,"Sales & Marketing","US West",4.0,52091.6,
2023-12-01,"Product & Engineering","Research & Development","US West",43.0,927572.98,
2023-12-01,Finance,"General & Administrative","US West",1.0,11135.82,
2023-12-01,People,"General & Administrative","US West",1.6,17516.14,
2023-12-01,"Information Technology","General & Administrative","US West",1.0,16549.78,
2023-12-01,Executive,"General & Administrative","US West",2.0,70112.54,
2024-01-01,"Cloud Operations","Cost of Revenue","US West",10.0,175237.04,
2024-01-01,"Customer Support","Cost of Revenue","US West",13.0,181446.75,
2024-01-01,"Professional Services","Cost of Revenue","US West",20.0,319340.36,0.701
2024-01-01,Sales,"Sales & Marketing","US West",17.0,293809.75,
2024-01-01,Marketing,"Sales & Marketing","US West",4.0,53914.79,
2024-01-01,"Product & Engineering","Research & Development","US West",43.0,960038.06,
2024-01-01,Finance,"General & Administrative","US West",1.0,11525.58,
2024-01-01,People,"General & Administrative","US West",1.6,18129.21,
2024-01-01,"Information Technology","General & Administrative","US West",1.0,17129.02,
2024-01-01,Executive,"General & Administrative","US West",2.0,72566.48,
2024-02-01,"Cloud Operations","Cost of Revenue","US West",10.0,175237.04,
2024-02-01,"Customer Support","Cost of Revenue","US West",13.0,181446.75,
2024-02-01,"Professional Services","Cost of Revenue","US West",20.0,319340.36,0.726
2024-02-01,Sales,"Sales & Marketing","US West",17.0,293809.75,
2024-02-01,Marketing,"Sales & Marketing","US West",4.0,53914.79,
2024-02-01,"Product & Engineering","Research & Development","US West",45.0,1018003.93,
2024-02-01,Finance,"General & Administrative","US West",1.0,11525.58,
2024-02-01,People,"General & Administrative","US West",1.6,18129.21,
2024-02-01,"Information Technology","General & Administrative","US West",1.0,17129.02,
2024-02-01,Executive,"General & Administrative","US West",2.0,72566.48,
2024-03-01,"Cloud Operations","Cost of Revenue","US West",10.0,175237.04,
2024-03-01,"Customer Support","Cost of Revenue","US West",13.0,181446.75,
2024-03-01,"Professional Services","Cost of Revenue","US West",20.0,319340.36,0.7543
2024-03-01,Sales,"Sales & Marketing","US West",17.0,293809.75,
2024-03-01,Marketing,"Sales & Marketing","US West",4.0,53914.79,
2024-03-01,"Product & Engineering","Research & Development","US West",46.0,1038624.53,
2024-03-01,Finance,"General & Administrative","US West",1.0,11525.58,
2024-03-01,People,"General & Administrative","US West",1.6,18129.21,
2024-03-01,"Information Technology","General & Administrative","US West",1.0,17129.02,
2024-03-01,Executive,"General & Administrative","US West",2.0,72566.48,
2024-04-01,"Cloud Operations","Cost of Revenue","US West",10.0,175237.04,
2024-04-01,"Customer Support","Cost of Revenue","US West",13.0,181446.75,
2024-04-01,"Professional Services","Cost of Revenue","US West",20.0,319340.36,0.7542
2024-04-01,Sales,"Sales & Marketing","US West",18.0,308079.47,
2024-04-01,Marketing,"Sales & Marketing","US West",4.0,53914.79,
2024-04-01,"Product & Engineering","Research & Development","US West",47.0,1054074.56,
2024-04-01,Finance,"General & Administrative","US West",1.0,11525.58,
2024-04-01,People,"General & Administrative","US West",1.6,18129.21,
2024-04-01,"Information Technology","General & Administrative","US West",1.0,17129.02,
2024-04-01,Executive,"General & Administrative","US West",2.0,72566.48,
2024-05-01,"Cloud Operations","Cost of Revenue","US West",10.0,175237.04,
2024-05-01,"Customer Support","Cost of Revenue","US West",13.0,181446.75,
2024-05-01,"Professional Services","Cost of Revenue","US West",20.0,319340.36,0.7526
2024-05-01,Sales,"Sales & Marketing","US West",18.0,308079.47,
2024-05-01,Marketing,"Sales & Marketing","US West",4.0,53914.79,
2024-05-01,"Product & Engineering","Research & Development","US West",47.0,1054074.56,
2024-05-01,Finance,"General & Administrative","US West",1.0,11525.58,
2024-05-01,People,"General & Administrative","US West",1.6,18129.21,
2024-05-01,"Information Technology","General & Administrative","US West",1.0,17129.02,
2024-05-01,Executive,"General & Administrative","US West",2.0,72566.48,
2024-06-01,"Cloud Operations","Cost of Revenue","US West",10.0,175237.04,
2024-06-01,"Customer Support","Cost of Revenue","US West",13.0,181446.75,
2024-06-01,"Professional Services","Cost of Revenue","US West",20.0,319340.36,0.7692
2024-06-01,Sales,"Sales & Marketing","US West",18.0,308079.47,
2024-06-01,Marketing,"Sales & Marketing","US West",4.0,53914.79,
2024-06-01,"Product & Engineering","Research & Development","US West",46.0,1025115.98,
2024-06-01,Finance,"General & Administrative","US West",1.0,11525.58,
2024-06-01,People,"General & Administrative","US West",1.6,18129.21,
2024-06-01,"Information Technology","General & Administrative","US West",1.0,17129.02,
2024-06-01,Executive,"General & Administrative","US West",2.0,72566.48,
2024-07-01,"Cloud Operations","Cost of Revenue","US West",10.0,175237.04,
2024-07-01,"Customer Support","Cost of Revenue","US West",13.0,181446.75,
2024-07-01,"Professional Services","Cost of Revenue","US West",20.0,319340.36,0.7589
2024-07-01,Sales,"Sales & Marketing","US West",18.0,308079.47,
2024-07-01,Marketing,"Sales & Marketing","US West",5.0,67610.14,
2024-07-01,"Product & Engineering","Research & Development","US West",47.0,1044789.2,
2024-07-01,Finance,"General & Administrative","US West",2.0,25724.95,
2024-07-01,People,"General & Administrative","US West",1.6,18129.21,
2024-07-01,"Information Technology","General & Administrative","US West",1.0,17129.02,
2024-07-01,Executive,"General & Administrative","US West",2.0,72566.48,
2024-08-01,"Cloud Operations","Cost of Revenue","US West",10.0,175237.04,
2024-08-01,"Customer Support","Cost of Revenue","US West",13.0,181446.75,
2024-08-01,"Professional Services","Cost of Revenue","US West",20.0,319340.36,0.7514
2024-08-01,Sales,"Sales & Marketing","US West",20.0,328566.77,
2024-08-01,Marketing,"Sales & Marketing","US West",5.0,67610.14,
2024-08-01,"Product & Engineering","Research & Development","US West",47.6,1052646.48,
2024-08-01,Finance,"General & Administrative","US West",2.0,25724.95,
2024-08-01,People,"General & Administrative","US West",1.6,18129.21,
2024-08-01,"Information Technology","General & Administrative","US West",1.0,17129.02,
2024-08-01,Executive,"General & Administrative","US West",2.0,72566.48,
2024-09-01,"Cloud Operations","Cost of Revenue","US West",10.0,175237.04,
2024-09-01,"Customer Support","Cost of Revenue","US West",13.0,181446.75,
2024-09-01,"Professional Services","Cost of Revenue","US West",19.0,310225.73,0.7367
2024-09-01,Sales,"Sales & Marketing","US West",20.0,328566.77,
2024-09-01,Marketing,"Sales & Marketing","US West",5.0,67610.14,
2024-09-01,"Product & Engineering","Research & Development","US West",46.6,1036140.9,
2024-09-01,Finance,"General & Administrative","US West",2.0,25724.95,
2024-09-01,People,"General & Administrative","US West",1.6,18129.21,
2024-09-01,"Information Technology","General & Administrative","US West",1.0,17129.02,
2024-09-01,Executive,"General & Administrative","US West",2.0,72566.48,
2024-10-01,"Cloud Operations","Cost of Revenue","US West",10.0,175237.04,
2024-10-01,"Customer Support","Cost of Revenue","US West",13.0,181446.75,
2024-10-01,"Professional Services","Cost of Revenue","US West",19.0,310225.73,0.7309
2024-10-01,Sales,"Sales & Marketing","US West",21.0,367235.95,
2024-10-01,Marketing,"Sales & Marketing","US West",6.0,78340.58,
2024-10-01,"Product & Engineering","Research & Development","US West",47.6,1055273.18,
2024-10-01,Finance,"General & Administrative","US West",2.0,25724.95,
2024-10-01,People,"General & Administrative","US West",1.6,18129.21,
2024-10-01,"Information Technology","General & Administrative","US West",1.0,17129.02,
2024-10-01,Executive,"General & Administrative","US West",2.0,72566.48,
2024-11-01,"Cloud Operations","Cost of Revenue","US West",11.0,202817.88,
2024-11-01,"Customer Support","Cost of Revenue","US West",12.0,170647.6,
2024-11-01,"Professional Services","Cost of Revenue","US West",19.0,310225.73,0.7583
2024-11-01,Sales,"Sales & Marketing","US West",21.0,367235.95,
2024-11-01,Marketing,"Sales & Marketing","US West",6.0,78340.58,
2024-11-01,"Product & Engineering","Research & Development","US West",47.6,1055273.18,
2024-11-01,Finance,"General & Administrative","US West",2.0,25724.95,
2024-11-01,People,"General & Administrative","US West",1.6,18129.21,
2024-11-01,"Information Technology","General & Administrative","US West",1.0,17129.02,
2024-11-01,Executive,"General & Administrative","US West",2.0,72566.48,
2024-12-01,"Cloud Operations","Cost of Revenue","US West",11.0,202817.88,
2024-12-01,"Customer Support","Cost of Revenue","US West",12.0,170647.6,
2024-12-01,"Professional Services","Cost of Revenue","US West",19.0,310225.73,0.7163
2024-12-01,Sales,"Sales & Marketing","US West",21.0,367235.95,
2024-12-01,Marketing,"Sales & Marketing","US West",6.0,78340.58,
2024-12-01,"Product & Engineering","Research & Development","US West",47.6,1055273.18,
2024-12-01,Finance,"General & Administrative","US West",2.0,25724.95,
2024-12-01,People,"General & Administrative","US West",1.6,18129.21,
2024-12-01,"Information Technology","General & Administrative","US West",1.0,17129.02,
2024-12-01,Executive,"General & Administrative","US West",2.0,72566.48,
2025-01-01,"Cloud Operations","Cost of Revenue","US West",11.0,209916.51,
2025-01-01,"Customer Support","Cost of Revenue","US West",12.0,176620.27,
2025-01-01,"Professional Services","Cost of Revenue","US West",19.0,321083.63,0.7169
2025-01-01,Sales,"Sales & Marketing","US West",22.0,403667.13,
2025-01-01,Marketing,"Sales & Marketing","US West",6.0,81082.5,
2025-01-01,"Product & Engineering","Research & Development","US West",47.6,1092207.75,
2025-01-01,Finance,"General & Administrative","US West",2.0,26625.32,
2025-01-01,People,"General & Administrative","US West",1.6,18763.74,
2025-01-01,"Information Technology","General & Administrative","US West",1.0,17728.54,
2025-01-01,Executive,"General & Administrative","US West",2.0,75106.31,
2025-02-01,"Cloud Operations","Cost of Revenue","US West",11.0,209916.51,
2025-02-01,"Customer Support","Cost of Revenue","US West",13.0,183186.78,
2025-02-01,"Professional Services","Cost of Revenue","US West",19.0,321083.63,0.7376
2025-02-01,Sales,"Sales & Marketing","US West",22.0,403667.13,
2025-02-01,Marketing,"Sales & Marketing","US West",6.0,81082.5,
2025-02-01,"Product & Engineering","Research & Development","US West",47.6,1092207.75,
2025-02-01,Finance,"General & Administrative","US West",2.0,26625.32,
2025-02-01,People,"General & Administrative","US West",1.6,18763.74,
2025-02-01,"Information Technology","General & Administrative","US West",1.0,17728.54,
2025-02-01,Executive,"General & Administrative","US West",2.0,75106.31,
2025-03-01,"Cloud Operations","Cost of Revenue","US West",11.0,209916.51,
2025-03-01,"Customer Support","Cost of Revenue","US West",13.0,183186.78,
2025-03-01,"Professional Services","Cost of Revenue","US West",19.0,321083.63,0.7737
2025-03-01,Sales,"Sales & Marketing","US West",22.0,403667.13,
2025-03-01,Marketing,"Sales & Marketing","US West",5.0,66907.81,
2025-03-01,"Product & Engineering","Research & Development","US West",47.6,1092207.75,
2025-03-01,Finance,"General & Administrative","US West",2.0,26625.32,
2025-03-01,People,"General & Administrative","US West",1.6,18763.74,
2025-03-01,"Information Technology","General & Administrative","US West",1.0,17728.54,
2025-03-01,Executive,"General & Administrative","US West",2.0,75106.31,
2025-04-01,"Cloud Operations","Cost of Revenue","US West",12.0,230803.4,
2025-04-01,"Customer Support","Cost of Revenue","US West",13.0,183186.78,
2025-04-01,"Professional Services","Cost of Revenue","US West",19.0,321083.63,0.7428
2025-04-01,Sales,"Sales & Marketing","US West",22.0,403667.13,
2025-04-01,Marketing,"Sales & Marketing","US West",5.0,66907.81,
2025-04-01,"Product & Engineering","Research & Development","US West",47.6,1094159.88,
2025-04-01,Finance,"General & Administrative","US West",1.0,11928.97,
2025-04-01,People,"General & Administrative","US West",1.6,18763.74,
2025-04-01,"Information Technology","General & Administrative","US West",1.0,17728.54,
2025-04-01,Executive,"General & Administrative","US West",2.0,75106.31,
2025-05-01,"Cloud Operations","Cost of Revenue","US West",12.0,230803.4,
2025-05-01,"Customer Support","Cost of Revenue","US West",13.0,183186.78,
2025-05-01,"Professional Services","Cost of Revenue","US West",19.0,321083.63,0.7633
2025-05-01,Sales,"Sales & Marketing","US West",22.0,403667.13,
2025-05-01,Marketing,"Sales & Marketing","US West",5.0,66907.81,
2025-05-01,"Product & Engineering","Research & Development","US West",47.6,1094159.88,
2025-05-01,Finance,"General & Administrative","US West",1.0,11928.97,
2025-05-01,People,"General & Administrative","US West",1.6,18763.74,
2025-05-01,"Information Technology","General & Administrative","US West",1.0,17728.54,
2025-05-01,Executive,"General & Administrative","US West",2.0,75106.31,
2025-06-01,"Cloud Operations","Cost of Revenue","US West",12.0,230803.4,
2025-06-01,"Customer Support","Cost of Revenue","US West",13.0,183186.78,
2025-06-01,"Professional Services","Cost of Revenue","US West",18.0,299870.37,0.7391
2025-06-01,Sales,"Sales & Marketing","US West",23.0,420372.79,
2025-06-01,Marketing,"Sales & Marketing","US West",5.0,66907.81,
2025-06-01,"Product & Engineering","Research & Development","US West",47.6,1094159.88,
2025-06-01,Finance,"General & Administrative","US West",1.0,11928.97,
2025-06-01,People,"General & Administrative","US West",1.6,18763.74,
2025-06-01,"Information Technology","General & Administrative","US West",1.0,17728.54,
2025-06-01,Executive,"General & Administrative","US West",2.0,75106.31,
2025-07-01,"Cloud Operations","Cost of Revenue","US West",12.0,230803.4,
2025-07-01,"Customer Support","Cost of Revenue","US West",13.0,183186.78,
2025-07-01,"Professional Services","Cost of Revenue","US West",18.0,299870.37,0.7723
2025-07-01,Sales,"Sales & Marketing","US West",23.0,420372.79,
2025-07-01,Marketing,"Sales & Marketing","US West",5.0,66907.81,
2025-07-01,"Product & Engineering","Research & Development","US West",48.6,1105916.5,
2025-07-01,Finance,"General & Administrative","US West",1.0,11928.97,
2025-07-01,People,"General & Administrative","US West",1.6,18763.74,
2025-07-01,"Information Technology","General & Administrative","US West",1.0,17728.54,
2025-07-01,Executive,"General & Administrative","US West",2.0,75106.31,
2025-08-01,"Cloud Operations","Cost of Revenue","US West",12.0,230803.4,
2025-08-01,"Customer Support","Cost of Revenue","US West",13.0,183186.78,
2025-08-01,"Professional Services","Cost of Revenue","US West",18.0,299870.37,0.7316
2025-08-01,Sales,"Sales & Marketing","US West",23.0,420372.79,
2025-08-01,Marketing,"Sales & Marketing","US West",5.0,66907.81,
2025-08-01,"Product & Engineering","Research & Development","US West",48.6,1105916.5,
2025-08-01,Finance,"General & Administrative","US West",1.0,11928.97,
2025-08-01,People,"General & Administrative","US West",1.6,18763.74,
2025-08-01,"Information Technology","General & Administrative","US West",1.0,17728.54,
2025-08-01,Executive,"General & Administrative","US West",2.0,75106.31,
2025-09-01,"Cloud Operations","Cost of Revenue","US West",12.0,230803.4,
2025-09-01,"Customer Support","Cost of Revenue","US West",13.0,183186.78,
2025-09-01,"Professional Services","Cost of Revenue","US West",18.0,299870.37,0.7505
2025-09-01,Sales,"Sales & Marketing","US West",23.0,420372.79,
2025-09-01,Marketing,"Sales & Marketing","US West",4.0,48482.96,
2025-09-01,"Product & Engineering","Research & Development","US West",48.6,1105916.5,
2025-09-01,Finance,"General & Administrative","US West",1.0,11928.97,
2025-09-01,People,"General & Administrative","US West",1.6,18763.74,
2025-09-01,"Information Technology","General & Administrative","US West",1.0,17728.54,
2025-09-01,Executive,"General & Administrative","US West",2.0,75106.31,
2025-10-01,"Cloud Operations","Cost of Revenue","US West",13.0,241808.17,
2025-10-01,"Customer Support","Cost of Revenue","US West",13.0,183186.78,
2025-10-01,"Professional Services","Cost of Revenue","US West",18.0,299870.37,0.7619
2025-10-01,Sales,"Sales & Marketing","US West",23.0,420372.79,
2025-10-01,Marketing,"Sales & Marketing","US West",4.0,48482.96,
2025-10-01,"Product & Engineering","Research & Development","US West",47.6,1090705.56,
2025-10-01,Finance,"General & Administrative","US West",1.0,11928.97,
2025-10-01,People,"General & Administrative","US West",1.6,18763.74,
2025-10-01,"Information Technology","General & Administrative","US West",1.0,17728.54,
2025-10-01,Executive,"General & Administrative","US West",2.0,75106.31,
2025-11-01,"Cloud Operations","Cost of Revenue","US West",13.0,241808.17,
2025-11-01,"Customer Support","Cost of Revenue","US West",13.0,183186.78,
2025-11-01,"Professional Services","Cost of Revenue","US West",18.0,299870.37,0.7601
2025-11-01,Sales,"Sales & Marketing","US West",23.0,420372.79,
2025-11-01,Marketing,"Sales & Marketing","US West",4.0,48482.96,
2025-11-01,"Product & Engineering","Research & Development","US West",48.6,1102499.24,
2025-11-01,Finance,"General & Administrative","US West",1.0,11928.97,
2025-11-01,People,"General & Administrative","US West",1.6,18763.74,
2025-11-01,"Information Technology","General & Administrative","US West",1.0,17728.54,
2025-11-01,Executive,"General & Administrative","US West",2.0,75106.31,
2025-12-01,"Cloud Operations","Cost of Revenue","US West",13.0,241808.17,
2025-12-01,"Customer Support","Cost of Revenue","US West",13.0,183186.78,
2025-12-01,"Professional Services","Cost of Revenue","US West",18.0,299870.37,0.7072
2025-12-01,Sales,"Sales & Marketing","US West",23.0,420372.79,
2025-12-01,Marketing,"Sales & Marketing","US West",4.0,48482.96,
2025-12-01,"Product & Engineering","Research & Development","US West",48.6,1102499.24,
2025-12-01,Finance,"General & Administrative","US West",1.0,11928.97,
2025-12-01,People,"General & Administrative","US West",1.6,18763.74,
2025-12-01,"Legal & Compliance","General & Administrative","US West",1.0,17508.97,
2025-12-01,"Information Technology","General & Administrative","US West",1.0,17728.54,
2025-12-01,Executive,"General & Administrative","US West",2.0,75106.31,
2026-01-01,"Cloud Operations","Cost of Revenue","US West",13.0,250271.45,
2026-01-01,"Customer Support","Cost of Revenue","US West",13.0,189598.33,
2026-01-01,"Professional Services","Cost of Revenue","US West",18.0,310365.85,0.696
2026-01-01,Sales,"Sales & Marketing","US West",23.0,435085.83,
2026-01-01,Marketing,"Sales & Marketing","US West",4.0,50179.86,
2026-01-01,"Product & Engineering","Research & Development","US West",49.6,1154534.42,
2026-01-01,Finance,"General & Administrative","US West",1.0,12346.49,
2026-01-01,People,"General & Administrative","US West",1.6,19420.47,
2026-01-01,"Legal & Compliance","General & Administrative","US West",1.0,18121.79,
2026-01-01,"Information Technology","General & Administrative","US West",1.0,18349.04,
2026-01-01,Executive,"General & Administrative","US West",2.0,77735.02,
2026-02-01,"Cloud Operations","Cost of Revenue","US West",13.0,250271.45,
2026-02-01,"Customer Support","Cost of Revenue","US West",13.0,189598.33,
2026-02-01,"Professional Services","Cost of Revenue","US West",18.0,310365.85,0.6845
2026-02-01,Sales,"Sales & Marketing","US West",23.0,435085.83,
2026-02-01,Marketing,"Sales & Marketing","US West",4.0,50179.86,
2026-02-01,"Product & Engineering","Research & Development","US West",49.6,1154534.42,
2026-02-01,Finance,"General & Administrative","US West",1.0,12346.49,
2026-02-01,People,"General & Administrative","US West",1.6,19420.47,
2026-02-01,"Legal & Compliance","General & Administrative","US West",1.0,18121.79,
2026-02-01,"Information Technology","General & Administrative","US West",1.0,18349.04,
2026-02-01,Executive,"General & Administrative","US West",2.0,77735.02,
2026-03-01,"Cloud Operations","Cost of Revenue","US West",14.0,268856.38,
2026-03-01,"Customer Support","Cost of Revenue","US West",13.0,189598.33,
2026-03-01,"Professional Services","Cost of Revenue","US West",18.0,310365.85,0.6999
2026-03-01,Sales,"Sales & Marketing","US West",23.0,435085.83,
2026-03-01,Marketing,"Sales & Marketing","US West",4.0,50179.86,
2026-03-01,"Product & Engineering","Research & Development","US West",50.6,1174153.19,
2026-03-01,Finance,"General & Administrative","US West",1.0,12346.49,
2026-03-01,People,"General & Administrative","US West",1.6,19420.47,
2026-03-01,"Legal & Compliance","General & Administrative","US West",1.0,18121.79,
2026-03-01,"Information Technology","General & Administrative","US West",1.0,18349.04,
2026-03-01,Executive,"General & Administrative","US West",2.0,77735.02,
2026-04-01,"Cloud Operations","Cost of Revenue","US West",14.0,268856.38,
2026-04-01,"Customer Support","Cost of Revenue","US West",13.0,189598.33,
2026-04-01,"Professional Services","Cost of Revenue","US West",18.0,310365.85,0.7375
2026-04-01,Sales,"Sales & Marketing","US West",23.0,435085.83,
2026-04-01,Marketing,"Sales & Marketing","US West",4.0,50179.86,
2026-04-01,"Product & Engineering","Research & Development","US West",51.6,1189504.26,
2026-04-01,Finance,"General & Administrative","US West",1.0,12346.49,
2026-04-01,People,"General & Administrative","US West",1.6,19420.47,
2026-04-01,"Legal & Compliance","General & Administrative","US West",1.0,18121.79,
2026-04-01,"Information Technology","General & Administrative","US West",1.0,18349.04,
2026-04-01,Executive,"General & Administrative","US West",2.0,77735.02,
2026-05-01,"Cloud Operations","Cost of Revenue","US West",14.0,268856.38,
2026-05-01,"Customer Support","Cost of Revenue","US West",13.0,189598.33,
2026-05-01,"Professional Services","Cost of Revenue","US West",19.0,325904.54,0.7754
2026-05-01,Sales,"Sales & Marketing","US West",23.0,435085.83,
2026-05-01,Marketing,"Sales & Marketing","US West",4.0,50179.86,
2026-05-01,"Product & Engineering","Research & Development","US West",51.6,1189504.26,
2026-05-01,Finance,"General & Administrative","US West",1.0,12346.49,
2026-05-01,People,"General & Administrative","US West",1.6,19420.47,
2026-05-01,"Legal & Compliance","General & Administrative","US West",2.0,38925.51,
2026-05-01,"Information Technology","General & Administrative","US West",1.0,18349.04,
2026-05-01,Executive,"General & Administrative","US West",2.0,77735.02,
2026-06-01,"Cloud Operations","Cost of Revenue","US West",14.0,268856.38,
2026-06-01,"Customer Support","Cost of Revenue","US West",13.0,189598.33,
2026-06-01,"Professional Services","Cost of Revenue","US West",19.0,325904.54,0.7879
2026-06-01,Sales,"Sales & Marketing","US West",24.0,448696.71,
2026-06-01,Marketing,"Sales & Marketing","US West",4.0,50179.86,
2026-06-01,"Product & Engineering","Research & Development","US West",50.6,1165181.0,
2026-06-01,Finance,"General & Administrative","US West",1.0,12346.49,
2026-06-01,People,"General & Administrative","US West",1.6,19420.47,
2026-06-01,"Legal & Compliance","General & Administrative","US West",2.0,38925.51,
2026-06-01,"Information Technology","General & Administrative","US West",1.0,18349.04,
2026-06-01,Executive,"General & Administrative","US West",2.0,77735.02,
2023-01-01,"Cloud Operations","Cost of Revenue","US Central",10.0,182414.4,
2023-01-01,"Customer Support","Cost of Revenue","US Central",8.0,79240.89,
2023-01-01,"Professional Services","Cost of Revenue","US Central",24.0,316861.84,0.7101
2023-01-01,Sales,"Sales & Marketing","US Central",16.6,231189.21,
2023-01-01,Marketing,"Sales & Marketing","US Central",5.0,56964.67,
2023-01-01,"Product & Engineering","Research & Development","US Central",26.2,423462.58,
2023-01-01,Finance,"General & Administrative","US Central",6.0,67216.83,
2023-01-01,People,"General & Administrative","US Central",5.0,54128.09,
2023-01-01,"Legal & Compliance","General & Administrative","US Central",2.0,37264.97,
2023-01-01,"Information Technology","General & Administrative","US Central",6.0,68711.41,
2023-01-01,Executive,"General & Administrative","US Central",3.0,89915.09,
2023-02-01,"Cloud Operations","Cost of Revenue","US Central",10.0,182414.4,
2023-02-01,"Customer Support","Cost of Revenue","US Central",8.0,79240.89,
2023-02-01,"Professional Services","Cost of Revenue","US Central",24.0,316861.84,0.7281
2023-02-01,Sales,"Sales & Marketing","US Central",17.6,242922.02,
2023-02-01,Marketing,"Sales & Marketing","US Central",5.0,56964.67,
2023-02-01,"Product & Engineering","Research & Development","US Central",27.2,437684.6,
2023-02-01,Finance,"General & Administrative","US Central",6.0,67216.83,
2023-02-01,People,"General & Administrative","US Central",5.0,54128.09,
2023-02-01,"Legal & Compliance","General & Administrative","US Central",2.0,37264.97,
2023-02-01,"Information Technology","General & Administrative","US Central",6.0,68711.41,
2023-02-01,Executive,"General & Administrative","US Central",3.0,89915.09,
2023-03-01,"Cloud Operations","Cost of Revenue","US Central",12.0,214857.79,
2023-03-01,"Customer Support","Cost of Revenue","US Central",8.0,79240.89,
2023-03-01,"Professional Services","Cost of Revenue","US Central",24.0,316861.84,0.7563
2023-03-01,Sales,"Sales & Marketing","US Central",17.6,242922.02,
2023-03-01,Marketing,"Sales & Marketing","US Central",5.0,56964.67,
2023-03-01,"Product & Engineering","Research & Development","US Central",27.2,437684.6,
2023-03-01,Finance,"General & Administrative","US Central",6.0,67216.83,
2023-03-01,People,"General & Administrative","US Central",5.0,54128.09,
2023-03-01,"Legal & Compliance","General & Administrative","US Central",2.0,37264.97,
2023-03-01,"Information Technology","General & Administrative","US Central",6.0,68711.41,
2023-03-01,Executive,"General & Administrative","US Central",3.0,89915.09,
2023-04-01,"Cloud Operations","Cost of Revenue","US Central",12.0,214857.79,
2023-04-01,"Customer Support","Cost of Revenue","US Central",8.0,79240.89,
2023-04-01,"Professional Services","Cost of Revenue","US Central",25.0,335033.08,0.7438
2023-04-01,Sales,"Sales & Marketing","US Central",17.0,230936.86,
2023-04-01,Marketing,"Sales & Marketing","US Central",5.0,51877.01,
2023-04-01,"Product & Engineering","Research & Development","US Central",28.2,447279.43,
2023-04-01,Finance,"General & Administrative","US Central",5.0,56071.32,
2023-04-01,People,"General & Administrative","US Central",5.0,54128.09,
2023-04-01,"Legal & Compliance","General & Administrative","US Central",2.0,37264.97,
2023-04-01,"Information Technology","General & Administrative","US Central",6.0,68711.41,
2023-04-01,Executive,"General & Administrative","US Central",3.0,89915.09,
2023-05-01,"Cloud Operations","Cost of Revenue","US Central",11.0,202891.51,
2023-05-01,"Customer Support","Cost of Revenue","US Central",8.0,79240.89,
2023-05-01,"Professional Services","Cost of Revenue","US Central",25.0,335033.08,0.7638
2023-05-01,Sales,"Sales & Marketing","US Central",17.0,230936.86,
2023-05-01,Marketing,"Sales & Marketing","US Central",5.0,51877.01,
2023-05-01,"Product & Engineering","Research & Development","US Central",28.2,447279.43,
2023-05-01,Finance,"General & Administrative","US Central",5.0,56071.32,
2023-05-01,People,"General & Administrative","US Central",5.0,54128.09,
2023-05-01,"Legal & Compliance","General & Administrative","US Central",2.0,37264.97,
2023-05-01,"Information Technology","General & Administrative","US Central",6.0,68711.41,
2023-05-01,Executive,"General & Administrative","US Central",3.0,89915.09,
2023-06-01,"Cloud Operations","Cost of Revenue","US Central",11.0,202891.51,
2023-06-01,"Customer Support","Cost of Revenue","US Central",8.0,79240.89,
2023-06-01,"Professional Services","Cost of Revenue","US Central",25.0,335033.08,0.7474
2023-06-01,Sales,"Sales & Marketing","US Central",17.0,230936.86,
2023-06-01,Marketing,"Sales & Marketing","US Central",5.0,51877.01,
2023-06-01,"Product & Engineering","Research & Development","US Central",28.2,446661.46,
2023-06-01,Finance,"General & Administrative","US Central",6.0,71780.95,
2023-06-01,People,"General & Administrative","US Central",5.0,54128.09,
2023-06-01,"Legal & Compliance","General & Administrative","US Central",2.0,37264.97,
2023-06-01,"Information Technology","General & Administrative","US Central",6.0,68711.41,
2023-06-01,Executive,"General & Administrative","US Central",3.0,89915.09,
2023-07-01,"Cloud Operations","Cost of Revenue","US Central",11.0,202891.51,
2023-07-01,"Customer Support","Cost of Revenue","US Central",8.0,79240.89,
2023-07-01,"Professional Services","Cost of Revenue","US Central",25.0,335033.08,0.7492
2023-07-01,Sales,"Sales & Marketing","US Central",17.0,230936.86,
2023-07-01,Marketing,"Sales & Marketing","US Central",5.0,51877.01,
2023-07-01,"Product & Engineering","Research & Development","US Central",28.2,446661.46,
2023-07-01,Finance,"General & Administrative","US Central",6.0,71780.95,
2023-07-01,People,"General & Administrative","US Central",5.0,54128.09,
2023-07-01,"Legal & Compliance","General & Administrative","US Central",2.0,37264.97,
2023-07-01,"Information Technology","General & Administrative","US Central",6.0,68711.41,
2023-07-01,Executive,"General & Administrative","US Central",3.0,89915.09,
2023-08-01,"Cloud Operations","Cost of Revenue","US Central",11.0,202891.51,
2023-08-01,"Customer Support","Cost of Revenue","US Central",9.0,85473.21,
2023-08-01,"Professional Services","Cost of Revenue","US Central",26.0,348508.0,0.7507
2023-08-01,Sales,"Sales & Marketing","US Central",18.0,241845.38,
2023-08-01,Marketing,"Sales & Marketing","US Central",6.0,64047.0,
2023-08-01,"Product & Engineering","Research & Development","US Central",28.2,446661.46,
2023-08-01,Finance,"General & Administrative","US Central",6.0,71780.95,
2023-08-01,People,"General & Administrative","US Central",5.0,54128.09,
2023-08-01,"Legal & Compliance","General & Administrative","US Central",2.0,37264.97,
2023-08-01,"Information Technology","General & Administrative","US Central",6.0,68711.41,
2023-08-01,Executive,"General & Administrative","US Central",3.0,89915.09,
2023-09-01,"Cloud Operations","Cost of Revenue","US Central",11.0,202891.51,
2023-09-01,"Customer Support","Cost of Revenue","US Central",11.0,100067.7,
2023-09-01,"Professional Services","Cost of Revenue","US Central",27.0,357261.62,0.7528
2023-09-01,Sales,"Sales & Marketing","US Central",18.0,241845.38,
2023-09-01,Marketing,"Sales & Marketing","US Central",6.0,64047.0,
2023-09-01,"Product & Engineering","Research & Development","US Central",28.2,446661.46,
2023-09-01,Finance,"General & Administrative","US Central",6.0,71780.95,
2023-09-01,People,"General & Administrative","US Central",5.0,54128.09,
2023-09-01,"Legal & Compliance","General & Administrative","US Central",3.0,51068.62,
2023-09-01,"Information Technology","General & Administrative","US Central",6.0,68711.41,
2023-09-01,Executive,"General & Administrative","US Central",3.0,89915.09,
2023-10-01,"Cloud Operations","Cost of Revenue","US Central",11.0,202891.51,
2023-10-01,"Customer Support","Cost of Revenue","US Central",11.0,100067.7,
2023-10-01,"Professional Services","Cost of Revenue","US Central",27.0,357261.62,0.7438
2023-10-01,Sales,"Sales & Marketing","US Central",18.0,241845.38,
2023-10-01,Marketing,"Sales & Marketing","US Central",6.0,64047.0,
2023-10-01,"Product & Engineering","Research & Development","US Central",29.2,464630.79,
2023-10-01,Finance,"General & Administrative","US Central",6.0,71780.95,
2023-10-01,People,"General & Administrative","US Central",5.0,54128.09,
2023-10-01,"Legal & Compliance","General & Administrative","US Central",3.0,51068.62,
2023-10-01,"Information Technology","General & Administrative","US Central",6.0,68711.41,
2023-10-01,Executive,"General & Administrative","US Central",3.0,89915.09,
2023-11-01,"Cloud Operations","Cost of Revenue","US Central",11.0,202891.51,
2023-11-01,"Customer Support","Cost of Revenue","US Central",11.0,100067.7,
2023-11-01,"Professional Services","Cost of Revenue","US Central",28.0,366636.92,0.7512
2023-11-01,Sales,"Sales & Marketing","US Central",18.0,241845.38,
2023-11-01,Marketing,"Sales & Marketing","US Central",6.0,64047.0,
2023-11-01,"Product & Engineering","Research & Development","US Central",29.2,464859.87,
2023-11-01,Finance,"General & Administrative","US Central",6.0,71780.95,
2023-11-01,People,"General & Administrative","US Central",5.0,54128.09,
2023-11-01,"Legal & Compliance","General & Administrative","US Central",3.0,51068.62,
2023-11-01,"Information Technology","General & Administrative","US Central",6.0,68711.41,
2023-11-01,Executive,"General & Administrative","US Central",3.0,89915.09,
2023-12-01,"Cloud Operations","Cost of Revenue","US Central",11.0,202891.51,
2023-12-01,"Customer Support","Cost of Revenue","US Central",11.0,100067.7,
2023-12-01,"Professional Services","Cost of Revenue","US Central",28.0,366636.92,0.696
2023-12-01,Sales,"Sales & Marketing","US Central",18.0,241845.38,
2023-12-01,Marketing,"Sales & Marketing","US Central",6.0,64047.0,
2023-12-01,"Product & Engineering","Research & Development","US Central",29.2,464859.87,
2023-12-01,Finance,"General & Administrative","US Central",6.0,71780.95,
2023-12-01,People,"General & Administrative","US Central",5.0,54128.09,
2023-12-01,"Legal & Compliance","General & Administrative","US Central",3.0,51068.62,
2023-12-01,"Information Technology","General & Administrative","US Central",6.0,68711.41,
2023-12-01,Executive,"General & Administrative","US Central",3.0,89915.09,
2024-01-01,"Cloud Operations","Cost of Revenue","US Central",11.0,209992.72,
2024-01-01,"Customer Support","Cost of Revenue","US Central",11.0,103570.08,
2024-01-01,"Professional Services","Cost of Revenue","US Central",28.0,379469.18,0.7131
2024-01-01,Sales,"Sales & Marketing","US Central",18.0,250309.98,
2024-01-01,Marketing,"Sales & Marketing","US Central",6.0,66288.64,
2024-01-01,"Product & Engineering","Research & Development","US Central",29.2,481129.98,
2024-01-01,Finance,"General & Administrative","US Central",6.0,74293.28,
2024-01-01,People,"General & Administrative","US Central",5.0,56022.56,
2024-01-01,"Legal & Compliance","General & Administrative","US Central",3.0,52856.02,
2024-01-01,"Information Technology","General & Administrative","US Central",6.0,71116.31,
2024-01-01,Executive,"General & Administrative","US Central",3.0,93062.13,
2024-02-01,"Cloud Operations","Cost of Revenue","US Central",11.0,209992.72,
2024-02-01,"Customer Support","Cost of Revenue","US Central",11.0,103570.08,
2024-02-01,"Professional Services","Cost of Revenue","US Central",28.0,379469.18,0.7025
2024-02-01,Sales,"Sales & Marketing","US Central",19.0,273370.27,
2024-02-01,Marketing,"Sales & Marketing","US Central",6.0,66288.64,
2024-02-01,"Product & Engineering","Research & Development","US Central",29.2,481129.98,
2024-02-01,Finance,"General & Administrative","US Central",6.0,74293.28,
2024-02-01,People,"General & Administrative","US Central",5.0,56022.56,
2024-02-01,"Legal & Compliance","General & Administrative","US Central",3.0,52856.02,
2024-02-01,"Information Technology","General & Administrative","US Central",7.0,89788.68,
2024-02-01,Executive,"General & Administrative","US Central",3.0,93062.13,
2024-03-01,"Cloud Operations","Cost of Revenue","US Central",11.0,209992.72,
2024-03-01,"Customer Support","Cost of Revenue","US Central",11.0,103570.08,
2024-03-01,"Professional Services","Cost of Revenue","US Central",28.0,379469.18,0.7455
2024-03-01,Sales,"Sales & Marketing","US Central",21.0,295191.95,
2024-03-01,Marketing,"Sales & Marketing","US Central",7.0,75021.02,
2024-03-01,"Product & Engineering","Research & Development","US Central",29.2,481129.98,
2024-03-01,Finance,"General & Administrative","US Central",6.0,74293.28,
2024-03-01,People,"General & Administrative","US Central",5.0,56022.56,
2024-03-01,"Legal & Compliance","General & Administrative","US Central",3.0,52856.02,
2024-03-01,"Information Technology","General & Administrative","US Central",7.0,89788.68,
2024-03-01,Executive,"General & Administrative","US Central",3.0,93062.13,
2024-04-01,"Cloud Operations","Cost of Revenue","US Central",11.0,209992.72,
2024-04-01,"Customer Support","Cost of Revenue","US Central",11.0,103570.08,
2024-04-01,"Professional Services","Cost of Revenue","US Central",28.0,379469.18,0.7505
2024-04-01,Sales,"Sales & Marketing","US Central",21.0,295191.95,
2024-04-01,Marketing,"Sales & Marketing","US Central",8.0,84736.36,
2024-04-01,"Product & Engineering","Research & Development","US Central",30.2,497837.4,
2024-04-01,Finance,"General & Administrative","US Central",6.0,74293.28,
2024-04-01,People,"General & Administrative","US Central",4.0,45895.0,
2024-04-01,"Legal & Compliance","General & Administrative","US Central",4.0,67616.39,
2024-04-01,"Information Technology","General & Administrative","US Central",7.0,89788.68,
2024-04-01,Executive,"General & Administrative","US Central",3.0,93062.13,
2024-05-01,"Cloud Operations","Cost of Revenue","US Central",11.0,209992.72,
2024-05-01,"Customer Support","Cost of Revenue","US Central",11.0,103570.08,
2024-05-01,"Professional Services","Cost of Revenue","US Central",29.0,389814.02,0.759
2024-05-01,Sales,"Sales & Marketing","US Central",22.0,308909.15,
2024-05-01,Marketing,"Sales & Marketing","US Central",8.0,84736.36,
2024-05-01,"Product & Engineering","Research & Development","US Central",30.2,497837.4,
2024-05-01,Finance,"General & Administrative","US Central",6.0,74293.28,
2024-05-01,People,"General & Administrative","US Central",4.0,45895.0,
2024-05-01,"Legal & Compliance","General & Administrative","US Central",4.0,67616.39,
2024-05-01,"Information Technology","General & Administrative","US Central",7.0,89788.68,
2024-05-01,Executive,"General & Administrative","US Central",3.0,93062.13,
2024-06-01,"Cloud Operations","Cost of Revenue","US Central",12.0,228843.09,
2024-06-01,"Customer Support","Cost of Revenue","US Central",11.0,103570.08,
2024-06-01,"Professional Services","Cost of Revenue","US Central",29.0,389814.02,0.7324
2024-06-01,Sales,"Sales & Marketing","US Central",21.0,296913.9,
2024-06-01,Marketing,"Sales & Marketing","US Central",8.0,84736.36,
2024-06-01,"Product & Engineering","Research & Development","US Central",30.2,497837.4,
2024-06-01,Finance,"General & Administrative","US Central",6.0,74293.28,
2024-06-01,People,"General & Administrative","US Central",4.0,45895.0,
2024-06-01,"Legal & Compliance","General & Administrative","US Central",4.0,67616.39,
2024-06-01,"Information Technology","General & Administrative","US Central",7.0,89788.68,
2024-06-01,Executive,"General & Administrative","US Central",3.0,93062.13,
2024-07-01,"Cloud Operations","Cost of Revenue","US Central",12.0,228843.09,
2024-07-01,"Customer Support","Cost of Revenue","US Central",11.0,103570.08,
2024-07-01,"Professional Services","Cost of Revenue","US Central",29.0,389814.02,0.747
2024-07-01,Sales,"Sales & Marketing","US Central",20.0,283897.57,
2024-07-01,Marketing,"Sales & Marketing","US Central",7.0,74737.86,
2024-07-01,"Product & Engineering","Research & Development","US Central",30.2,497837.4,
2024-07-01,Finance,"General & Administrative","US Central",7.0,82618.5,
2024-07-01,People,"General & Administrative","US Central",4.0,45895.0,
2024-07-01,"Legal & Compliance","General & Administrative","US Central",4.0,67616.39,
2024-07-01,"Information Technology","General & Administrative","US Central",7.0,89788.68,
2024-07-01,Executive,"General & Administrative","US Central",2.0,53035.96,
2024-08-01,"Cloud Operations","Cost of Revenue","US Central",12.0,228843.09,
2024-08-01,"Customer Support","Cost of Revenue","US Central",11.0,103570.08,
2024-08-01,"Professional Services","Cost of Revenue","US Central",29.0,389814.02,0.7639
2024-08-01,Sales,"Sales & Marketing","US Central",20.0,283897.57,
2024-08-01,Marketing,"Sales & Marketing","US Central",7.0,74737.86,
2024-08-01,"Product & Engineering","Research & Development","US Central",30.2,497837.4,
2024-08-01,Finance,"General & Administrative","US Central",7.0,82618.5,
2024-08-01,People,"General & Administrative","US Central",5.0,56858.71,
2024-08-01,"Legal & Compliance","General & Administrative","US Central",4.0,67616.39,
2024-08-01,"Information Technology","General & Administrative","US Central",7.0,89788.68,
2024-08-01,Executive,"General & Administrative","US Central",2.0,53035.96,
2024-09-01,"Cloud Operations","Cost of Revenue","US Central",12.0,228843.09,
2024-09-01,"Customer Support","Cost of Revenue","US Central",11.0,103570.08,
2024-09-01,"Professional Services","Cost of Revenue","US Central",29.0,389814.02,0.7455
2024-09-01,Sales,"Sales & Marketing","US Central",20.0,283897.57,
2024-09-01,Marketing,"Sales & Marketing","US Central",7.0,74737.86,
2024-09-01,"Product & Engineering","Research & Development","US Central",30.2,497837.4,
2024-09-01,Finance,"General & Administrative","US Central",7.0,82618.5,
2024-09-01,People,"General & Administrative","US Central",5.0,56858.71,
2024-09-01,"Legal & Compliance","General & Administrative","US Central",4.0,67616.39,
2024-09-01,"Information Technology","General & Administrative","US Central",7.0,89788.68,
2024-09-01,Executive,"General & Administrative","US Central",2.0,53035.96,
2024-10-01,"Cloud Operations","Cost of Revenue","US Central",12.0,228843.09,
2024-10-01,"Customer Support","Cost of Revenue","US Central",12.0,114399.39,
2024-10-01,"Professional Services","Cost of Revenue","US Central",29.0,391188.91,0.745
2024-10-01,Sales,"Sales & Marketing","US Central",19.0,267415.0,
2024-10-01,Marketing,"Sales & Marketing","US Central",7.0,74737.86,
2024-10-01,"Product & Engineering","Research & Development","US Central",28.2,466224.65,
2024-10-01,Finance,"General & Administrative","US Central",7.0,82618.5,
2024-10-01,People,"General & Administrative","US Central",5.0,56858.71,
2024-10-01,"Legal & Compliance","General & Administrative","US Central",4.0,67616.39,
2024-10-01,"Information Technology","General & Administrative","US Central",8.0,103767.43,
2024-10-01,Executive,"General & Administrative","US Central",2.0,53035.96,
2024-11-01,"Cloud Operations","Cost of Revenue","US Central",12.0,228843.09,
2024-11-01,"Customer Support","Cost of Revenue","US Central",12.0,114399.39,
2024-11-01,"Professional Services","Cost of Revenue","US Central",29.0,391188.91,0.7515
2024-11-01,Sales,"Sales & Marketing","US Central",19.0,267415.0,
2024-11-01,Marketing,"Sales & Marketing","US Central",7.0,74737.86,
2024-11-01,"Product & Engineering","Research & Development","US Central",28.2,466224.65,
2024-11-01,Finance,"General & Administrative","US Central",7.0,82618.5,
2024-11-01,People,"General & Administrative","US Central",5.0,56858.71,
2024-11-01,"Legal & Compliance","General & Administrative","US Central",4.0,67616.39,
2024-11-01,"Information Technology","General & Administrative","US Central",8.0,103767.43,
2024-11-01,Executive,"General & Administrative","US Central",2.0,53035.96,
2024-12-01,"Cloud Operations","Cost of Revenue","US Central",12.0,228843.09,
2024-12-01,"Customer Support","Cost of Revenue","US Central",12.0,114399.39,
2024-12-01,"Professional Services","Cost of Revenue","US Central",29.0,391188.91,0.7033
2024-12-01,Sales,"Sales & Marketing","US Central",19.0,267415.0,
2024-12-01,Marketing,"Sales & Marketing","US Central",7.0,74737.86,
2024-12-01,"Product & Engineering","Research & Development","US Central",30.2,491826.96,
2024-12-01,Finance,"General & Administrative","US Central",7.0,82618.5,
2024-12-01,People,"General & Administrative","US Central",5.0,56858.71,
2024-12-01,"Legal & Compliance","General & Administrative","US Central",4.0,67616.39,
2024-12-01,"Information Technology","General & Administrative","US Central",8.0,103767.43,
2024-12-01,Executive,"General & Administrative","US Central",2.0,53035.96,
2025-01-01,"Cloud Operations","Cost of Revenue","US Central",12.0,236852.6,
2025-01-01,"Customer Support","Cost of Revenue","US Central",12.0,118403.35,
2025-01-01,"Professional Services","Cost of Revenue","US Central",29.0,404880.54,0.707
2025-01-01,Sales,"Sales & Marketing","US Central",19.0,276774.54,
2025-01-01,Marketing,"Sales & Marketing","US Central",7.0,77353.69,
2025-01-01,"Product & Engineering","Research & Development","US Central",30.2,509040.85,
2025-01-01,Finance,"General & Administrative","US Central",7.0,85510.16,
2025-01-01,People,"General & Administrative","US Central",5.0,58848.77,
2025-01-01,"Legal & Compliance","General & Administrative","US Central",4.0,69982.95,
2025-01-01,"Information Technology","General & Administrative","US Central",8.0,107399.29,
2025-01-01,Executive,"General & Administrative","US Central",2.0,54892.21,
2025-02-01,"Cloud Operations","Cost of Revenue","US Central",11.0,218152.0,
2025-02-01,"Customer Support","Cost of Revenue","US Central",12.0,118403.35,
2025-02-01,"Professional Services","Cost of Revenue","US Central",29.0,404880.54,0.7125
2025-02-01,Sales,"Sales & Marketing","US Central",19.0,276774.54,
2025-02-01,Marketing,"Sales & Marketing","US Central",7.0,77353.69,
2025-02-01,"Product & Engineering","Research & Development","US Central",31.2,521563.91,
2025-02-01,Finance,"General & Administrative","US Central",7.0,85510.16,
2025-02-01,People,"General & Administrative","US Central",5.0,58848.77,
2025-02-01,"Legal & Compliance","General & Administrative","US Central",4.0,69982.95,
2025-02-01,"Information Technology","General & Administrative","US Central",8.0,107399.29,
2025-02-01,Executive,"General & Administrative","US Central",2.0,54892.21,
2025-03-01,"Cloud Operations","Cost of Revenue","US Central",11.0,218152.0,
2025-03-01,"Customer Support","Cost of Revenue","US Central",12.0,118403.35,
2025-03-01,"Professional Services","Cost of Revenue","US Central",28.0,381922.96,0.7435
2025-03-01,Sales,"Sales & Marketing","US Central",19.0,276774.54,
2025-03-01,Marketing,"Sales & Marketing","US Central",8.0,91343.12,
2025-03-01,"Product & Engineering","Research & Development","US Central",33.2,543704.09,
2025-03-01,Finance,"General & Administrative","US Central",7.0,85510.16,
2025-03-01,People,"General & Administrative","US Central",7.0,77177.49,
2025-03-01,"Legal & Compliance","General & Administrative","US Central",4.0,69982.95,
2025-03-01,"Information Technology","General & Administrative","US Central",7.0,94547.03,
2025-03-01,Executive,"General & Administrative","US Central",2.0,54892.21,
2025-04-01,"Cloud Operations","Cost of Revenue","US Central",11.0,218152.0,
2025-04-01,"Customer Support","Cost of Revenue","US Central",12.0,118403.35,
2025-04-01,"Professional Services","Cost of Revenue","US Central",28.0,381922.96,0.7746
2025-04-01,Sales,"Sales & Marketing","US Central",18.0,266171.24,
2025-04-01,Marketing,"Sales & Marketing","US Central",8.0,91343.12,
2025-04-01,"Product & Engineering","Research & Development","US Central",34.2,569260.59,
2025-04-01,Finance,"General & Administrative","US Central",7.0,85510.16,
2025-04-01,People,"General & Administrative","US Central",7.0,77177.49,
2025-04-01,"Legal & Compliance","General & Administrative","US Central",4.0,69982.95,
2025-04-01,"Information Technology","General & Administrative","US Central",7.0,94547.03,
2025-04-01,Executive,"General & Administrative","US Central",2.0,54892.21,
2025-05-01,"Cloud Operations","Cost of Revenue","US Central",11.0,218152.0,
2025-05-01,"Customer Support","Cost of Revenue","US Central",12.0,118403.35,
2025-05-01,"Professional Services","Cost of Revenue","US Central",28.0,381922.96,0.7542
2025-05-01,Sales,"Sales & Marketing","US Central",18.0,266171.24,
2025-05-01,Marketing,"Sales & Marketing","US Central",9.0,105557.33,
2025-05-01,"Product & Engineering","Research & Development","US Central",34.2,569260.59,
2025-05-01,Finance,"General & Administrative","US Central",7.0,85510.16,
2025-05-01,People,"General & Administrative","US Central",7.0,77177.49,
2025-05-01,"Legal & Compliance","General & Administrative","US Central",4.0,69982.95,
2025-05-01,"Information Technology","General & Administrative","US Central",7.0,94547.03,
2025-05-01,Executive,"General & Administrative","US Central",2.0,54892.21,
2025-06-01,"Cloud Operations","Cost of Revenue","US Central",10.0,202098.43,
2025-06-01,"Customer Support","Cost of Revenue","US Central",12.0,118403.35,
2025-06-01,"Professional Services","Cost of Revenue","US Central",28.0,381922.96,0.7584
2025-06-01,Sales,"Sales & Marketing","US Central",18.0,266171.24,
2025-06-01,Marketing,"Sales & Marketing","US Central",9.0,105557.33,
2025-06-01,"Product & Engineering","Research & Development","US Central",34.2,569260.59,
2025-06-01,Finance,"General & Administrative","US Central",7.0,85510.16,
2025-06-01,People,"General & Administrative","US Central",7.0,77177.49,
2025-06-01,"Legal & Compliance","General & Administrative","US Central",4.0,69982.95,
2025-06-01,"Information Technology","General & Administrative","US Central",7.0,94547.03,
2025-06-01,Executive,"General & Administrative","US Central",2.0,54892.21,
2025-07-01,"Cloud Operations","Cost of Revenue","US Central",10.0,202098.43,
2025-07-01,"Customer Support","Cost of Revenue","US Central",12.0,118403.35,
2025-07-01,"Professional Services","Cost of Revenue","US Central",28.0,381922.96,0.7646
2025-07-01,Sales,"Sales & Marketing","US Central",18.0,266171.24,
2025-07-01,Marketing,"Sales & Marketing","US Central",8.0,92520.53,
2025-07-01,"Product & Engineering","Research & Development","US Central",33.2,553071.84,
2025-07-01,Finance,"General & Administrative","US Central",7.0,85510.16,
2025-07-01,People,"General & Administrative","US Central",7.0,77177.49,
2025-07-01,"Legal & Compliance","General & Administrative","US Central",4.0,69982.95,
2025-07-01,"Information Technology","General & Administrative","US Central",7.0,94547.03,
2025-07-01,Executive,"General & Administrative","US Central",2.0,54892.21,
2025-08-01,"Cloud Operations","Cost of Revenue","US Central",10.0,202098.43,
2025-08-01,"Customer Support","Cost of Revenue","US Central",14.0,134562.23,
2025-08-01,"Professional Services","Cost of Revenue","US Central",28.0,381922.96,0.7588
2025-08-01,Sales,"Sales & Marketing","US Central",18.0,266171.24,
2025-08-01,Marketing,"Sales & Marketing","US Central",8.0,92520.53,
2025-08-01,"Product & Engineering","Research & Development","US Central",34.2,571231.76,
2025-08-01,Finance,"General & Administrative","US Central",7.0,85510.16,
2025-08-01,People,"General & Administrative","US Central",7.0,77177.49,
2025-08-01,"Legal & Compliance","General & Administrative","US Central",4.0,69982.95,
2025-08-01,"Information Technology","General & Administrative","US Central",7.0,94547.03,
2025-08-01,Executive,"General & Administrative","US Central",2.0,54892.21,
2025-09-01,"Cloud Operations","Cost of Revenue","US Central",10.0,202098.43,
2025-09-01,"Customer Support","Cost of Revenue","US Central",14.0,134562.23,
2025-09-01,"Professional Services","Cost of Revenue","US Central",28.0,381922.96,0.7582
2025-09-01,Sales,"Sales & Marketing","US Central",18.0,266171.24,
2025-09-01,Marketing,"Sales & Marketing","US Central",8.0,92520.53,
2025-09-01,"Product & Engineering","Research & Development","US Central",34.2,571231.76,
2025-09-01,Finance,"General & Administrative","US Central",7.0,85510.16,
2025-09-01,People,"General & Administrative","US Central",7.0,77177.49,
2025-09-01,"Legal & Compliance","General & Administrative","US Central",4.0,69982.95,
2025-09-01,"Information Technology","General & Administrative","US Central",6.0,78650.58,
2025-09-01,Executive,"General & Administrative","US Central",2.0,54892.21,
2025-10-01,"Cloud Operations","Cost of Revenue","US Central",10.0,202098.43,
2025-10-01,"Customer Support","Cost of Revenue","US Central",14.0,134562.23,
2025-10-01,"Professional Services","Cost of Revenue","US Central",28.0,381922.96,0.7715
2025-10-01,Sales,"Sales & Marketing","US Central",18.0,266171.24,
2025-10-01,Marketing,"Sales & Marketing","US Central",8.0,92520.53,
2025-10-01,"Product & Engineering","Research & Development","US Central",34.2,571231.76,
2025-10-01,Finance,"General & Administrative","US Central",7.0,85510.16,
2025-10-01,People,"General & Administrative","US Central",7.0,77177.49,
2025-10-01,"Legal & Compliance","General & Administrative","US Central",4.0,69982.95,
2025-10-01,"Information Technology","General & Administrative","US Central",5.0,59324.68,
2025-10-01,Executive,"General & Administrative","US Central",2.0,54892.21,
2025-11-01,"Cloud Operations","Cost of Revenue","US Central",11.0,213567.23,
2025-11-01,"Customer Support","Cost of Revenue","US Central",14.0,134562.23,
2025-11-01,"Professional Services","Cost of Revenue","US Central",26.0,353484.34,0.7655
2025-11-01,Sales,"Sales & Marketing","US Central",18.0,266171.24,
2025-11-01,Marketing,"Sales & Marketing","US Central",9.0,100235.33,
2025-11-01,"Product & Engineering","Research & Development","US Central",34.2,572433.1,
2025-11-01,Finance,"General & Administrative","US Central",7.0,85510.16,
2025-11-01,People,"General & Administrative","US Central",7.0,77177.49,
2025-11-01,"Legal & Compliance","General & Administrative","US Central",4.0,69982.95,
2025-11-01,"Information Technology","General & Administrative","US Central",4.0,44856.67,
2025-11-01,Executive,"General & Administrative","US Central",2.0,54892.21,
2025-12-01,"Cloud Operations","Cost of Revenue","US Central",11.0,213567.23,
2025-12-01,"Customer Support","Cost of Revenue","US Central",14.0,134562.23,
2025-12-01,"Professional Services","Cost of Revenue","US Central",26.0,353484.34,0.6852
2025-12-01,Sales,"Sales & Marketing","US Central",18.0,266171.24,
2025-12-01,Marketing,"Sales & Marketing","US Central",9.0,100235.33,
2025-12-01,"Product & Engineering","Research & Development","US Central",33.2,560972.31,
2025-12-01,Finance,"General & Administrative","US Central",7.0,85510.16,
2025-12-01,People,"General & Administrative","US Central",7.0,77177.49,
2025-12-01,"Legal & Compliance","General & Administrative","US Central",4.0,69982.95,
2025-12-01,"Information Technology","General & Administrative","US Central",4.0,44856.67,
2025-12-01,Executive,"General & Administrative","US Central",2.0,54892.21,
2026-01-01,"Cloud Operations","Cost of Revenue","US Central",11.0,221042.11,
2026-01-01,"Customer Support","Cost of Revenue","US Central",14.0,139271.91,
2026-01-01,"Professional Services","Cost of Revenue","US Central",26.0,365856.29,0.6775
2026-01-01,Sales,"Sales & Marketing","US Central",18.0,275487.22,
2026-01-01,Marketing,"Sales & Marketing","US Central",10.0,114558.55,
2026-01-01,"Product & Engineering","Research & Development","US Central",33.2,580606.36,
2026-01-01,Finance,"General & Administrative","US Central",7.0,88503.01,
2026-01-01,People,"General & Administrative","US Central",7.0,79878.72,
2026-01-01,"Legal & Compliance","General & Administrative","US Central",4.0,72432.35,
2026-01-01,"Information Technology","General & Administrative","US Central",4.0,46426.66,
2026-01-01,Executive,"General & Administrative","US Central",2.0,56813.45,
2026-02-01,"Cloud Operations","Cost of Revenue","US Central",11.0,221042.11,
2026-02-01,"Customer Support","Cost of Revenue","US Central",14.0,139271.91,
2026-02-01,"Professional Services","Cost of Revenue","US Central",26.0,365856.29,0.6703
2026-02-01,Sales,"Sales & Marketing","US Central",18.0,275487.22,
2026-02-01,Marketing,"Sales & Marketing","US Central",9.0,104155.24,
2026-02-01,"Product & Engineering","Research & Development","US Central",33.2,580606.36,
2026-02-01,Finance,"General & Administrative","US Central",6.0,79584.82,
2026-02-01,People,"General & Administrative","US Central",7.0,79878.72,
2026-02-01,"Legal & Compliance","General & Administrative","US Central",4.0,72432.35,
2026-02-01,"Information Technology","General & Administrative","US Central",4.0,46426.66,
2026-02-01,Executive,"General & Administrative","US Central",2.0,56813.45,
2026-03-01,"Cloud Operations","Cost of Revenue","US Central",11.0,221042.11,
2026-03-01,"Customer Support","Cost of Revenue","US Central",14.0,139271.91,
2026-03-01,"Professional Services","Cost of Revenue","US Central",25.0,352980.35,0.7311
2026-03-01,Sales,"Sales & Marketing","US Central",18.0,275487.22,
2026-03-01,Marketing,"Sales & Marketing","US Central",9.0,104155.24,
2026-03-01,"Product & Engineering","Research & Development","US Central",33.2,580606.36,
2026-03-01,Finance,"General & Administrative","US Central",6.0,79584.82,
2026-03-01,People,"General & Administrative","US Central",6.0,68134.12,
2026-03-01,"Legal & Compliance","General & Administrative","US Central",4.0,72432.35,
2026-03-01,"Information Technology","General & Administrative","US Central",4.0,46426.66,
2026-03-01,Executive,"General & Administrative","US Central",2.0,56813.45,
2026-04-01,"Cloud Operations","Cost of Revenue","US Central",11.0,221042.11,
2026-04-01,"Customer Support","Cost of Revenue","US Central",14.0,139271.91,
2026-04-01,"Professional Services","Cost of Revenue","US Central",25.0,352980.35,0.7465
2026-04-01,Sales,"Sales & Marketing","US Central",18.0,277812.26,
2026-04-01,Marketing,"Sales & Marketing","US Central",9.0,104155.24,
2026-04-01,"Product & Engineering","Research & Development","US Central",33.2,580606.36,
2026-04-01,Finance,"General & Administrative","US Central",6.0,79584.82,
2026-04-01,People,"General & Administrative","US Central",6.0,68134.12,
2026-04-01,"Legal & Compliance","General & Administrative","US Central",4.0,72432.35,
2026-04-01,"Information Technology","General & Administrative","US Central",4.0,46426.66,
2026-04-01,Executive,"General & Administrative","US Central",2.0,56813.45,
2026-05-01,"Cloud Operations","Cost of Revenue","US Central",11.0,221042.11,
2026-05-01,"Customer Support","Cost of Revenue","US Central",14.0,139271.91,
2026-05-01,"Professional Services","Cost of Revenue","US Central",25.0,352980.35,0.7855
2026-05-01,Sales,"Sales & Marketing","US Central",18.0,277812.26,
2026-05-01,Marketing,"Sales & Marketing","US Central",9.0,104155.24,
2026-05-01,"Product & Engineering","Research & Development","US Central",33.2,580606.36,
2026-05-01,Finance,"General & Administrative","US Central",6.0,79584.82,
2026-05-01,People,"General & Administrative","US Central",6.0,68134.12,
2026-05-01,"Legal & Compliance","General & Administrative","US Central",4.0,72432.35,
2026-05-01,"Information Technology","General & Administrative","US Central",4.0,46426.66,
2026-05-01,Executive,"General & Administrative","US Central",2.0,56813.45,
2026-06-01,"Cloud Operations","Cost of Revenue","US Central",11.0,221042.11,
2026-06-01,"Customer Support","Cost of Revenue","US Central",13.0,126668.66,
2026-06-01,"Professional Services","Cost of Revenue","US Central",25.0,352980.35,0.7701
2026-06-01,Sales,"Sales & Marketing","US Central",19.0,286384.87,
2026-06-01,Marketing,"Sales & Marketing","US Central",9.0,104155.24,
2026-06-01,"Product & Engineering","Research & Development","US Central",33.2,580606.36,
2026-06-01,Finance,"General & Administrative","US Central",6.0,79584.82,
2026-06-01,People,"General & Administrative","US Central",6.0,68134.12,
2026-06-01,"Legal & Compliance","General & Administrative","US Central",4.0,72432.35,
2026-06-01,"Information Technology","General & Administrative","US Central",4.0,46426.66,
2026-06-01,Executive,"General & Administrative","US Central",2.0,56813.45,
2023-01-01,"Cloud Operations","Cost of Revenue","US East",1.0,13683.39,
2023-01-01,"Customer Support","Cost of Revenue","US East",6.0,72945.76,
2023-01-01,"Professional Services","Cost of Revenue","US East",21.0,304415.78,0.7225
2023-01-01,Sales,"Sales & Marketing","US East",23.6,457804.58,
2023-01-01,Marketing,"Sales & Marketing","US East",3.0,42907.56,
2023-01-01,"Product & Engineering","Research & Development","US East",13.6,265279.29,
2023-01-01,Finance,"General & Administrative","US East",2.0,45928.92,
2023-01-01,People,"General & Administrative","US East",2.0,30746.44,
2023-01-01,"Legal & Compliance","General & Administrative","US East",2.0,83108.75,
2023-01-01,"Information Technology","General & Administrative","US East",3.0,44340.94,
2023-02-01,"Cloud Operations","Cost of Revenue","US East",1.0,13683.39,
2023-02-01,"Customer Support","Cost of Revenue","US East",6.0,72945.76,
2023-02-01,"Professional Services","Cost of Revenue","US East",21.0,304415.78,0.7281
2023-02-01,Sales,"Sales & Marketing","US East",24.6,467725.74,
2023-02-01,Marketing,"Sales & Marketing","US East",3.0,42907.56,
2023-02-01,"Product & Engineering","Research & Development","US East",13.6,265279.29,
2023-02-01,Finance,"General & Administrative","US East",2.0,45928.92,
2023-02-01,People,"General & Administrative","US East",3.0,40571.98,
2023-02-01,"Legal & Compliance","General & Administrative","US East",2.0,83108.75,
2023-02-01,"Information Technology","General & Administrative","US East",3.0,44340.94,
2023-03-01,"Cloud Operations","Cost of Revenue","US East",1.0,13683.39,
2023-03-01,"Customer Support","Cost of Revenue","US East",6.0,72945.76,
2023-03-01,"Professional Services","Cost of Revenue","US East",21.0,304415.78,0.7494
2023-03-01,Sales,"Sales & Marketing","US East",24.6,467725.74,
2023-03-01,Marketing,"Sales & Marketing","US East",3.0,42907.56,
2023-03-01,"Product & Engineering","Research & Development","US East",13.6,265279.29,
2023-03-01,Finance,"General & Administrative","US East",2.0,45928.92,
2023-03-01,People,"General & Administrative","US East",3.0,40571.98,
2023-03-01,"Legal & Compliance","General & Administrative","US East",2.0,83108.75,
2023-03-01,"Information Technology","General & Administrative","US East",3.0,44340.94,
2023-04-01,"Cloud Operations","Cost of Revenue","US East",1.0,13683.39,
2023-04-01,"Customer Support","Cost of Revenue","US East",6.0,72945.76,
2023-04-01,"Professional Services","Cost of Revenue","US East",22.0,315084.21,0.7443
2023-04-01,Sales,"Sales & Marketing","US East",24.6,467725.74,
2023-04-01,Marketing,"Sales & Marketing","US East",3.0,42907.56,
2023-04-01,"Product & Engineering","Research & Development","US East",13.6,265279.29,
2023-04-01,Finance,"General & Administrative","US East",2.0,45928.92,
2023-04-01,People,"General & Administrative","US East",4.0,51255.15,
2023-04-01,"Legal & Compliance","General & Administrative","US East",2.0,83108.75,
2023-04-01,"Information Technology","General & Administrative","US East",3.0,44340.94,
2023-05-01,"Cloud Operations","Cost of Revenue","US East",1.0,13683.39,
2023-05-01,"Customer Support","Cost of Revenue","US East",6.0,72945.76,
2023-05-01,"Professional Services","Cost of Revenue","US East",22.0,315084.21,0.7538
2023-05-01,Sales,"Sales & Marketing","US East",24.6,467725.74,
2023-05-01,Marketing,"Sales & Marketing","US East",3.0,42907.56,
2023-05-01,"Product & Engineering","Research & Development","US East",13.6,265279.29,
2023-05-01,Finance,"General & Administrative","US East",3.0,59253.06,
2023-05-01,People,"General & Administrative","US East",4.0,51255.15,
2023-05-01,"Legal & Compliance","General & Administrative","US East",2.0,83108.75,
2023-05-01,"Information Technology","General & Administrative","US East",3.0,44340.94,
2023-06-01,"Cloud Operations","Cost of Revenue","US East",1.0,13683.39,
2023-06-01,"Customer Support","Cost of Revenue","US East",6.0,72945.76,
2023-06-01,"Professional Services","Cost of Revenue","US East",22.0,315084.21,0.7576
2023-06-01,Sales,"Sales & Marketing","US East",24.6,467725.74,
2023-06-01,Marketing,"Sales & Marketing","US East",3.0,42907.56,
2023-06-01,"Product & Engineering","Research & Development","US East",13.6,265279.29,
2023-06-01,Finance,"General & Administrative","US East",3.0,59253.06,
2023-06-01,People,"General & Administrative","US East",4.0,51255.15,
2023-06-01,"Legal & Compliance","General & Administrative","US East",2.0,83108.75,
2023-06-01,"Information Technology","General & Administrative","US East",3.0,44340.94,
2023-07-01,"Cloud Operations","Cost of Revenue","US East",1.0,13683.39,
2023-07-01,"Customer Support","Cost of Revenue","US East",6.0,72945.76,
2023-07-01,"Professional Services","Cost of Revenue","US East",22.0,315084.21,0.7726
2023-07-01,Sales,"Sales & Marketing","US East",24.6,467725.74,
2023-07-01,Marketing,"Sales & Marketing","US East",3.0,42907.56,
2023-07-01,"Product & Engineering","Research & Development","US East",14.6,279763.28,
2023-07-01,Finance,"General & Administrative","US East",3.0,59253.06,
2023-07-01,People,"General & Administrative","US East",4.0,51255.15,
2023-07-01,"Legal & Compliance","General & Administrative","US East",2.0,83108.75,
2023-07-01,"Information Technology","General & Administrative","US East",3.0,44340.94,
2023-08-01,"Cloud Operations","Cost of Revenue","US East",1.0,13683.39,
2023-08-01,"Customer Support","Cost of Revenue","US East",6.0,72945.76,
2023-08-01,"Professional Services","Cost of Revenue","US East",21.0,300622.0,0.762
2023-08-01,Sales,"Sales & Marketing","US East",24.6,468668.23,
2023-08-01,Marketing,"Sales & Marketing","US East",3.0,42907.56,
2023-08-01,"Product & Engineering","Research & Development","US East",14.6,279763.28,
2023-08-01,Finance,"General & Administrative","US East",3.0,59253.06,
2023-08-01,People,"General & Administrative","US East",4.0,51255.15,
2023-08-01,"Legal & Compliance","General & Administrative","US East",2.0,83108.75,
2023-08-01,"Information Technology","General & Administrative","US East",3.0,44340.94,
2023-09-01,"Cloud Operations","Cost of Revenue","US East",1.0,13683.39,
2023-09-01,"Customer Support","Cost of Revenue","US East",6.0,72945.76,
2023-09-01,"Professional Services","Cost of Revenue","US East",21.0,300622.0,0.7469
2023-09-01,Sales,"Sales & Marketing","US East",24.6,468668.23,
2023-09-01,Marketing,"Sales & Marketing","US East",3.0,42907.56,
2023-09-01,"Product & Engineering","Research & Development","US East",14.6,279763.28,
2023-09-01,Finance,"General & Administrative","US East",3.0,59253.06,
2023-09-01,People,"General & Administrative","US East",4.0,51255.15,
2023-09-01,"Legal & Compliance","General & Administrative","US East",2.0,83108.75,
2023-09-01,"Information Technology","General & Administrative","US East",3.0,44340.94,
2023-10-01,"Cloud Operations","Cost of Revenue","US East",1.0,13683.39,
2023-10-01,"Customer Support","Cost of Revenue","US East",6.0,72945.76,
2023-10-01,"Professional Services","Cost of Revenue","US East",21.0,300622.0,0.7714
2023-10-01,Sales,"Sales & Marketing","US East",24.6,468668.23,
2023-10-01,Marketing,"Sales & Marketing","US East",3.0,42907.56,
2023-10-01,"Product & Engineering","Research & Development","US East",13.6,261756.22,
2023-10-01,Finance,"General & Administrative","US East",3.0,59253.06,
2023-10-01,People,"General & Administrative","US East",4.0,51255.15,
2023-10-01,"Legal & Compliance","General & Administrative","US East",2.0,83108.75,
2023-10-01,"Information Technology","General & Administrative","US East",3.0,44340.94,
2023-11-01,"Cloud Operations","Cost of Revenue","US East",1.0,13683.39,
2023-11-01,"Customer Support","Cost of Revenue","US East",6.0,72945.76,
2023-11-01,"Professional Services","Cost of Revenue","US East",21.0,300622.0,0.7603
2023-11-01,Sales,"Sales & Marketing","US East",24.6,468668.23,
2023-11-01,Marketing,"Sales & Marketing","US East",3.0,42907.56,
2023-11-01,"Product & Engineering","Research & Development","US East",13.6,261756.22,
2023-11-01,Finance,"General & Administrative","US East",3.0,59253.06,
2023-11-01,People,"General & Administrative","US East",4.0,51255.15,
2023-11-01,"Legal & Compliance","General & Administrative","US East",2.0,83108.75,
2023-11-01,"Information Technology","General & Administrative","US East",3.0,44340.94,
2023-12-01,"Cloud Operations","Cost of Revenue","US East",1.0,13683.39,
2023-12-01,"Customer Support","Cost of Revenue","US East",6.0,72945.76,
2023-12-01,"Professional Services","Cost of Revenue","US East",20.0,286248.36,0.7158
2023-12-01,Sales,"Sales & Marketing","US East",25.6,485139.34,
2023-12-01,Marketing,"Sales & Marketing","US East",3.0,42907.56,
2023-12-01,"Product & Engineering","Research & Development","US East",13.6,261756.22,
2023-12-01,Finance,"General & Administrative","US East",3.0,59253.06,
2023-12-01,People,"General & Administrative","US East",4.0,51255.15,
2023-12-01,"Legal & Compliance","General & Administrative","US East",2.0,83108.75,
2023-12-01,"Information Technology","General & Administrative","US East",3.0,44340.94,
2024-01-01,"Cloud Operations","Cost of Revenue","US East",1.0,14162.31,
2024-01-01,"Customer Support","Cost of Revenue","US East",6.0,75498.85,
2024-01-01,"Professional Services","Cost of Revenue","US East",20.0,296267.07,0.7416
2024-01-01,Sales,"Sales & Marketing","US East",26.6,516692.65,
2024-01-01,Marketing,"Sales & Marketing","US East",2.0,27604.81,
2024-01-01,"Product & Engineering","Research & Development","US East",13.6,270917.7,
2024-01-01,Finance,"General & Administrative","US East",3.0,61326.92,
2024-01-01,People,"General & Administrative","US East",4.0,53049.09,
2024-01-01,"Legal & Compliance","General & Administrative","US East",2.0,86017.54,
2024-01-01,"Information Technology","General & Administrative","US East",3.0,45892.87,
2024-02-01,"Cloud Operations","Cost of Revenue","US East",1.0,14162.31,
2024-02-01,"Customer Support","Cost of Revenue","US East",7.0,82294.96,
2024-02-01,"Professional Services","Cost of Revenue","US East",20.0,296267.07,0.7432
2024-02-01,Sales,"Sales & Marketing","US East",26.6,516692.65,
2024-02-01,Marketing,"Sales & Marketing","US East",2.0,27604.81,
2024-02-01,"Product & Engineering","Research & Development","US East",13.6,270917.7,
2024-02-01,Finance,"General & Administrative","US East",3.0,61326.92,
2024-02-01,People,"General & Administrative","US East",4.0,53049.09,
2024-02-01,"Legal & Compliance","General & Administrative","US East",2.0,86017.54,
2024-02-01,"Information Technology","General & Administrative","US East",3.0,45892.87,
2024-03-01,"Cloud Operations","Cost of Revenue","US East",1.0,14162.31,
2024-03-01,"Customer Support","Cost of Revenue","US East",7.0,82294.96,
2024-03-01,"Professional Services","Cost of Revenue","US East",20.0,296267.07,0.7702
2024-03-01,Sales,"Sales & Marketing","US East",27.6,534402.25,
2024-03-01,Marketing,"Sales & Marketing","US East",2.0,27604.81,
2024-03-01,"Product & Engineering","Research & Development","US East",14.6,288812.08,
2024-03-01,Finance,"General & Administrative","US East",3.0,61326.92,
2024-03-01,People,"General & Administrative","US East",4.0,53049.09,
2024-03-01,"Legal & Compliance","General & Administrative","US East",2.0,86017.54,
2024-03-01,"Information Technology","General & Administrative","US East",3.0,45892.87,
2024-04-01,"Cloud Operations","Cost of Revenue","US East",1.0,14162.31,
2024-04-01,"Customer Support","Cost of Revenue","US East",7.0,82294.96,
2024-04-01,"Professional Services","Cost of Revenue","US East",20.0,296267.07,0.7525
2024-04-01,Sales,"Sales & Marketing","US East",26.6,506487.69,
2024-04-01,Marketing,"Sales & Marketing","US East",2.0,27604.81,
2024-04-01,"Product & Engineering","Research & Development","US East",15.6,305866.66,
2024-04-01,Finance,"General & Administrative","US East",3.0,61326.92,
2024-04-01,People,"General & Administrative","US East",4.0,53049.09,
2024-04-01,"Legal & Compliance","General & Administrative","US East",2.0,86017.54,
2024-04-01,"Information Technology","General & Administrative","US East",3.0,45892.87,
2024-05-01,"Cloud Operations","Cost of Revenue","US East",1.0,14162.31,
2024-05-01,"Customer Support","Cost of Revenue","US East",7.0,82294.96,
2024-05-01,"Professional Services","Cost of Revenue","US East",20.0,296267.07,0.7463
2024-05-01,Sales,"Sales & Marketing","US East",26.6,506487.69,
2024-05-01,Marketing,"Sales & Marketing","US East",2.0,27604.81,
2024-05-01,"Product & Engineering","Research & Development","US East",15.6,305866.66,
2024-05-01,Finance,"General & Administrative","US East",3.0,61326.92,
2024-05-01,People,"General & Administrative","US East",4.0,53049.09,
2024-05-01,"Legal & Compliance","General & Administrative","US East",2.0,86017.54,
2024-05-01,"Information Technology","General & Administrative","US East",3.0,45892.87,
2024-06-01,"Cloud Operations","Cost of Revenue","US East",1.0,14162.31,
2024-06-01,"Customer Support","Cost of Revenue","US East",7.0,82294.96,
2024-06-01,"Professional Services","Cost of Revenue","US East",21.0,310571.0,0.7551
2024-06-01,Sales,"Sales & Marketing","US East",27.6,520116.73,
2024-06-01,Marketing,"Sales & Marketing","US East",2.0,27604.81,
2024-06-01,"Product & Engineering","Research & Development","US East",15.6,305866.66,
2024-06-01,Finance,"General & Administrative","US East",3.0,61326.92,
2024-06-01,People,"General & Administrative","US East",4.0,53049.09,
2024-06-01,"Legal & Compliance","General & Administrative","US East",2.0,86017.54,
2024-06-01,"Information Technology","General & Administrative","US East",3.0,45892.87,
2024-07-01,"Cloud Operations","Cost of Revenue","US East",1.0,14162.31,
2024-07-01,"Customer Support","Cost of Revenue","US East",7.0,82294.96,
2024-07-01,"Professional Services","Cost of Revenue","US East",22.0,321616.53,0.7514
2024-07-01,Sales,"Sales & Marketing","US East",27.6,520116.73,
2024-07-01,Marketing,"Sales & Marketing","US East",2.0,27604.81,
2024-07-01,"Product & Engineering","Research & Development","US East",15.6,305866.66,
2024-07-01,Finance,"General & Administrative","US East",3.0,61326.92,
2024-07-01,People,"General & Administrative","US East",5.0,68006.05,
2024-07-01,"Legal & Compliance","General & Administrative","US East",2.0,86017.54,
2024-07-01,"Information Technology","General & Administrative","US East",4.0,56322.27,
2024-08-01,"Cloud Operations","Cost of Revenue","US East",1.0,14162.31,
2024-08-01,"Customer Support","Cost of Revenue","US East",7.0,82294.96,
2024-08-01,"Professional Services","Cost of Revenue","US East",22.0,321616.53,0.748
2024-08-01,Sales,"Sales & Marketing","US East",27.6,520116.73,
2024-08-01,Marketing,"Sales & Marketing","US East",2.0,27604.81,
2024-08-01,"Product & Engineering","Research & Development","US East",15.6,305866.66,
2024-08-01,Finance,"General & Administrative","US East",3.0,61326.92,
2024-08-01,People,"General & Administrative","US East",5.0,68006.05,
2024-08-01,"Legal & Compliance","General & Administrative","US East",2.0,86017.54,
2024-08-01,"Information Technology","General & Administrative","US East",4.0,56322.27,
2024-09-01,"Cloud Operations","Cost of Revenue","US East",1.0,14162.31,
2024-09-01,"Customer Support","Cost of Revenue","US East",7.0,82294.96,
2024-09-01,"Professional Services","Cost of Revenue","US East",22.0,321616.53,0.7452
2024-09-01,Sales,"Sales & Marketing","US East",27.6,520116.73,
2024-09-01,Marketing,"Sales & Marketing","US East",2.0,27604.81,
2024-09-01,"Product & Engineering","Research & Development","US East",15.6,305866.66,
2024-09-01,Finance,"General & Administrative","US East",4.0,84878.71,
2024-09-01,People,"General & Administrative","US East",5.0,68006.05,
2024-09-01,"Legal & Compliance","General & Administrative","US East",2.0,86017.54,
2024-09-01,"Information Technology","General & Administrative","US East",4.0,56322.27,
2024-10-01,"Cloud Operations","Cost of Revenue","US East",1.0,14162.31,
2024-10-01,"Customer Support","Cost of Revenue","US East",7.0,82294.96,
2024-10-01,"Professional Services","Cost of Revenue","US East",22.0,321616.53,0.7308
2024-10-01,Sales,"Sales & Marketing","US East",28.6,534393.86,
2024-10-01,Marketing,"Sales & Marketing","US East",2.0,27604.81,
2024-10-01,"Product & Engineering","Research & Development","US East",15.6,305866.66,
2024-10-01,Finance,"General & Administrative","US East",4.0,84878.71,
2024-10-01,People,"General & Administrative","US East",5.0,68006.05,
2024-10-01,"Legal & Compliance","General & Administrative","US East",2.0,86017.54,
2024-10-01,"Information Technology","General & Administrative","US East",4.0,56322.27,
2024-11-01,"Cloud Operations","Cost of Revenue","US East",1.0,14162.31,
2024-11-01,"Customer Support","Cost of Revenue","US East",8.0,92949.88,
2024-11-01,"Professional Services","Cost of Revenue","US East",22.0,321616.53,0.7621
2024-11-01,Sales,"Sales & Marketing","US East",28.6,534393.86,
2024-11-01,Marketing,"Sales & Marketing","US East",2.0,27604.81,
2024-11-01,"Product & Engineering","Research & Development","US East",15.6,305866.66,
2024-11-01,Finance,"General & Administrative","US East",5.0,96335.11,
2024-11-01,People,"General & Administrative","US East",5.0,68006.05,
2024-11-01,"Legal & Compliance","General & Administrative","US East",2.0,86017.54,
2024-11-01,"Information Technology","General & Administrative","US East",4.0,56322.27,
2024-12-01,"Cloud Operations","Cost of Revenue","US East",1.0,14162.31,
2024-12-01,"Customer Support","Cost of Revenue","US East",8.0,92949.88,
2024-12-01,"Professional Services","Cost of Revenue","US East",21.0,312130.95,0.7039
2024-12-01,Sales,"Sales & Marketing","US East",28.6,534393.86,
2024-12-01,Marketing,"Sales & Marketing","US East",2.0,27604.81,
2024-12-01,"Product & Engineering","Research & Development","US East",15.6,305866.66,
2024-12-01,Finance,"General & Administrative","US East",5.0,96335.11,
2024-12-01,People,"General & Administrative","US East",5.0,68006.05,
2024-12-01,"Legal & Compliance","General & Administrative","US East",2.0,86017.54,
2024-12-01,"Information Technology","General & Administrative","US East",4.0,56322.27,
2025-01-01,"Cloud Operations","Cost of Revenue","US East",1.0,14657.99,
2025-01-01,"Customer Support","Cost of Revenue","US East",8.0,96203.14,
2025-01-01,"Professional Services","Cost of Revenue","US East",21.0,323055.52,0.7074
2025-01-01,Sales,"Sales & Marketing","US East",28.6,553097.63,
2025-01-01,Marketing,"Sales & Marketing","US East",2.0,28570.99,
2025-01-01,"Product & Engineering","Research & Development","US East",15.6,316572.02,
2025-01-01,Finance,"General & Administrative","US East",5.0,99706.84,
2025-01-01,People,"General & Administrative","US East",5.0,70386.26,
2025-01-01,"Legal & Compliance","General & Administrative","US East",2.0,89028.16,
2025-01-01,"Information Technology","General & Administrative","US East",4.0,58293.55,
2025-02-01,"Cloud Operations","Cost of Revenue","US East",1.0,14657.99,
2025-02-01,"Customer Support","Cost of Revenue","US East",9.0,104851.24,
2025-02-01,"Professional Services","Cost of Revenue","US East",21.0,323055.52,0.7222
2025-02-01,Sales,"Sales & Marketing","US East",28.6,553097.63,
2025-02-01,Marketing,"Sales & Marketing","US East",2.0,28570.99,
2025-02-01,"Product & Engineering","Research & Development","US East",15.6,316572.02,
2025-02-01,Finance,"General & Administrative","US East",5.0,99706.84,
2025-02-01,People,"General & Administrative","US East",5.0,70386.26,
2025-02-01,"Legal & Compliance","General & Administrative","US East",2.0,89028.16,
2025-02-01,"Information Technology","General & Administrative","US East",4.0,58293.55,
2025-03-01,"Customer Support","Cost of Revenue","US East",10.0,114154.62,
2025-03-01,"Professional Services","Cost of Revenue","US East",21.0,323055.52,0.7541
2025-03-01,Sales,"Sales & Marketing","US East",28.6,553097.63,
2025-03-01,Marketing,"Sales & Marketing","US East",2.0,28570.99,
2025-03-01,"Product & Engineering","Research & Development","US East",15.6,316572.02,
2025-03-01,Finance,"General & Administrative","US East",5.0,99706.84,
2025-03-01,People,"General & Administrative","US East",5.0,70386.26,
2025-03-01,"Legal & Compliance","General & Administrative","US East",2.0,89028.16,
2025-03-01,"Information Technology","General & Administrative","US East",4.0,58293.55,
2025-04-01,"Customer Support","Cost of Revenue","US East",10.0,114154.62,
2025-04-01,"Professional Services","Cost of Revenue","US East",20.0,308003.68,0.7569
2025-04-01,Sales,"Sales & Marketing","US East",28.6,553097.63,
2025-04-01,Marketing,"Sales & Marketing","US East",2.0,28570.99,
2025-04-01,"Product & Engineering","Research & Development","US East",15.6,316572.02,
2025-04-01,Finance,"General & Administrative","US East",4.0,85433.69,
2025-04-01,People,"General & Administrative","US East",5.0,70386.26,
2025-04-01,"Legal & Compliance","General & Administrative","US East",2.0,89028.16,
2025-04-01,"Information Technology","General & Administrative","US East",4.0,58293.55,
2025-05-01,"Customer Support","Cost of Revenue","US East",10.0,114154.62,
2025-05-01,"Professional Services","Cost of Revenue","US East",20.0,308003.68,0.7641
2025-05-01,Sales,"Sales & Marketing","US East",29.6,566989.28,
2025-05-01,Marketing,"Sales & Marketing","US East",2.0,28570.99,
2025-05-01,"Product & Engineering","Research & Development","US East",15.6,316572.02,
2025-05-01,Finance,"General & Administrative","US East",4.0,85433.69,
2025-05-01,People,"General & Administrative","US East",5.0,70386.26,
2025-05-01,"Legal & Compliance","General & Administrative","US East",2.0,89028.16,
2025-05-01,"Information Technology","General & Administrative","US East",4.0,58293.55,
2025-06-01,"Cloud Operations","Cost of Revenue","US East",1.0,17960.77,
2025-06-01,"Customer Support","Cost of Revenue","US East",11.0,126291.99,
2025-06-01,"Professional Services","Cost of Revenue","US East",21.0,317262.73,0.7442
2025-06-01,Sales,"Sales & Marketing","US East",29.6,566989.28,
2025-06-01,Marketing,"Sales & Marketing","US East",2.0,28570.99,
2025-06-01,"Product & Engineering","Research & Development","US East",15.6,316572.02,
2025-06-01,Finance,"General & Administrative","US East",4.0,85433.69,
2025-06-01,People,"General & Administrative","US East",5.0,70386.26,
2025-06-01,"Legal & Compliance","General & Administrative","US East",2.0,89028.16,
2025-06-01,"Information Technology","General & Administrative","US East",4.0,58293.55,
2025-06-01,Executive,"General & Administrative","US East",1.0,25433.45,
2025-07-01,"Cloud Operations","Cost of Revenue","US East",1.0,17960.77,
2025-07-01,"Customer Support","Cost of Revenue","US East",12.0,137713.33,
2025-07-01,"Professional Services","Cost of Revenue","US East",21.0,317262.73,0.7376
2025-07-01,Sales,"Sales & Marketing","US East",29.6,566989.28,
2025-07-01,Marketing,"Sales & Marketing","US East",2.0,28570.99,
2025-07-01,"Product & Engineering","Research & Development","US East",15.6,316572.02,
2025-07-01,Finance,"General & Administrative","US East",4.0,85433.69,
2025-07-01,People,"General & Administrative","US East",5.0,70386.26,
2025-07-01,"Legal & Compliance","General & Administrative","US East",2.0,89028.16,
2025-07-01,"Information Technology","General & Administrative","US East",4.0,58293.55,
2025-07-01,Executive,"General & Administrative","US East",1.0,25433.45,
2025-08-01,"Cloud Operations","Cost of Revenue","US East",1.0,17960.77,
2025-08-01,"Customer Support","Cost of Revenue","US East",12.0,137713.33,
2025-08-01,"Professional Services","Cost of Revenue","US East",21.0,317262.73,0.7556
2025-08-01,Sales,"Sales & Marketing","US East",30.6,583229.64,
2025-08-01,Marketing,"Sales & Marketing","US East",2.0,28570.99,
2025-08-01,"Product & Engineering","Research & Development","US East",16.6,334359.4,
2025-08-01,Finance,"General & Administrative","US East",4.0,85433.69,
2025-08-01,People,"General & Administrative","US East",5.0,70386.26,
2025-08-01,"Legal & Compliance","General & Administrative","US East",2.0,89028.16,
2025-08-01,"Information Technology","General & Administrative","US East",4.0,58293.55,
2025-08-01,Executive,"General & Administrative","US East",1.0,25433.45,
2025-09-01,"Cloud Operations","Cost of Revenue","US East",1.0,17960.77,
2025-09-01,"Customer Support","Cost of Revenue","US East",12.0,137713.33,
2025-09-01,"Professional Services","Cost of Revenue","US East",21.0,317262.73,0.7505
2025-09-01,Sales,"Sales & Marketing","US East",30.6,583229.64,
2025-09-01,Marketing,"Sales & Marketing","US East",2.0,28570.99,
2025-09-01,"Product & Engineering","Research & Development","US East",16.6,334359.4,
2025-09-01,Finance,"General & Administrative","US East",4.0,85433.69,
2025-09-01,People,"General & Administrative","US East",5.0,70386.26,
2025-09-01,"Legal & Compliance","General & Administrative","US East",3.0,113008.25,
2025-09-01,"Information Technology","General & Administrative","US East",4.0,58293.55,
2025-09-01,Executive,"General & Administrative","US East",1.0,25433.45,
2025-10-01,"Cloud Operations","Cost of Revenue","US East",1.0,17960.77,
2025-10-01,"Customer Support","Cost of Revenue","US East",12.0,137713.33,
2025-10-01,"Professional Services","Cost of Revenue","US East",22.0,329403.96,0.7395
2025-10-01,Sales,"Sales & Marketing","US East",30.6,583229.64,
2025-10-01,Marketing,"Sales & Marketing","US East",3.0,44704.15,
2025-10-01,"Product & Engineering","Research & Development","US East",15.6,316707.91,
2025-10-01,Finance,"General & Administrative","US East",4.0,85433.69,
2025-10-01,People,"General & Administrative","US East",5.0,70386.26,
2025-10-01,"Legal & Compliance","General & Administrative","US East",3.0,113008.25,
2025-10-01,"Information Technology","General & Administrative","US East",4.0,58293.55,
2025-10-01,Executive,"General & Administrative","US East",1.0,25433.45,
2025-11-01,"Cloud Operations","Cost of Revenue","US East",1.0,17960.77,
2025-11-01,"Customer Support","Cost of Revenue","US East",12.0,137713.33,
2025-11-01,"Professional Services","Cost of Revenue","US East",21.0,314599.39,0.7683
2025-11-01,Sales,"Sales & Marketing","US East",30.6,583229.64,
2025-11-01,Marketing,"Sales & Marketing","US East",3.0,44704.15,
2025-11-01,"Product & Engineering","Research & Development","US East",15.6,316707.91,
2025-11-01,Finance,"General & Administrative","US East",4.0,85433.69,
2025-11-01,People,"General & Administrative","US East",5.0,70386.26,
2025-11-01,"Legal & Compliance","General & Administrative","US East",3.0,113008.25,
2025-11-01,"Information Technology","General & Administrative","US East",4.0,58293.55,
2025-11-01,Executive,"General & Administrative","US East",1.0,25433.45,
2025-12-01,"Cloud Operations","Cost of Revenue","US East",1.0,17960.77,
2025-12-01,"Customer Support","Cost of Revenue","US East",13.0,153907.89,
2025-12-01,"Professional Services","Cost of Revenue","US East",21.0,314599.39,0.6985
2025-12-01,Sales,"Sales & Marketing","US East",31.6,597754.19,
2025-12-01,Marketing,"Sales & Marketing","US East",3.0,44704.15,
2025-12-01,"Product & Engineering","Research & Development","US East",15.6,316707.91,
2025-12-01,Finance,"General & Administrative","US East",4.0,85433.69,
2025-12-01,People,"General & Administrative","US East",5.0,70386.26,
2025-12-01,"Legal & Compliance","General & Administrative","US East",3.0,113008.25,
2025-12-01,"Information Technology","General & Administrative","US East",4.0,58293.55,
2025-12-01,Executive,"General & Administrative","US East",1.0,25433.45,
2026-01-01,"Cloud Operations","Cost of Revenue","US East",1.0,18589.4,
2026-01-01,"Customer Support","Cost of Revenue","US East",14.0,167462.51,
2026-01-01,"Professional Services","Cost of Revenue","US East",21.0,325610.38,0.6658
2026-01-01,Sales,"Sales & Marketing","US East",31.6,618675.62,
2026-01-01,Marketing,"Sales & Marketing","US East",4.0,59239.93,
2026-01-01,"Product & Engineering","Research & Development","US East",16.6,372066.91,
2026-01-01,Finance,"General & Administrative","US East",4.0,88423.86,
2026-01-01,People,"General & Administrative","US East",5.0,72849.78,
2026-01-01,"Legal & Compliance","General & Administrative","US East",3.0,116963.53,
2026-01-01,"Information Technology","General & Administrative","US East",4.0,60333.81,
2026-01-01,Executive,"General & Administrative","US East",1.0,26323.62,
2026-02-01,"Cloud Operations","Cost of Revenue","US East",1.0,18589.4,
2026-02-01,"Customer Support","Cost of Revenue","US East",14.0,167462.51,
2026-02-01,"Professional Services","Cost of Revenue","US East",22.0,339915.9,0.6805
2026-02-01,Sales,"Sales & Marketing","US East",31.6,618675.62,
2026-02-01,Marketing,"Sales & Marketing","US East",4.0,59239.93,
2026-02-01,"Product & Engineering","Research & Development","US East",18.6,408165.41,
2026-02-01,Finance,"General & Administrative","US East",4.0,88423.86,
2026-02-01,People,"General & Administrative","US East",6.0,84225.8,
2026-02-01,"Legal & Compliance","General & Administrative","US East",3.0,116963.53,
2026-02-01,"Information Technology","General & Administrative","US East",4.0,60333.81,
2026-02-01,Executive,"General & Administrative","US East",1.0,26323.62,
2026-03-01,"Cloud Operations","Cost of Revenue","US East",1.0,18589.4,
2026-03-01,"Customer Support","Cost of Revenue","US East",13.0,154900.33,
2026-03-01,"Professional Services","Cost of Revenue","US East",22.0,339915.9,0.7388
2026-03-01,Sales,"Sales & Marketing","US East",31.6,618675.62,
2026-03-01,Marketing,"Sales & Marketing","US East",4.0,59239.93,
2026-03-01,"Product & Engineering","Research & Development","US East",18.6,408165.41,
2026-03-01,Finance,"General & Administrative","US East",4.0,88423.86,
2026-03-01,People,"General & Administrative","US East",6.0,84225.8,
2026-03-01,"Legal & Compliance","General & Administrative","US East",3.0,116963.53,
2026-03-01,"Information Technology","General & Administrative","US East",4.0,60333.81,
2026-03-01,Executive,"General & Administrative","US East",1.0,26323.62,
2026-04-01,"Cloud Operations","Cost of Revenue","US East",1.0,18589.4,
2026-04-01,"Customer Support","Cost of Revenue","US East",14.0,170783.44,
2026-04-01,"Professional Services","Cost of Revenue","US East",22.0,339915.9,0.758
2026-04-01,Sales,"Sales & Marketing","US East",31.6,618675.62,
2026-04-01,Marketing,"Sales & Marketing","US East",4.0,59239.93,
2026-04-01,"Product & Engineering","Research & Development","US East",18.6,408165.41,
2026-04-01,Finance,"General & Administrative","US East",4.0,88423.86,
2026-04-01,People,"General & Administrative","US East",6.0,84225.8,
2026-04-01,"Legal & Compliance","General & Administrative","US East",3.0,116963.53,
2026-04-01,"Information Technology","General & Administrative","US East",4.0,60333.81,
2026-04-01,Executive,"General & Administrative","US East",1.0,26323.62,
2026-05-01,"Cloud Operations","Cost of Revenue","US East",1.0,18589.4,
2026-05-01,"Customer Support","Cost of Revenue","US East",15.0,181784.6,
2026-05-01,"Professional Services","Cost of Revenue","US East",22.0,339915.9,0.7877
2026-05-01,Sales,"Sales & Marketing","US East",32.6,622319.82,
2026-05-01,Marketing,"Sales & Marketing","US East",4.0,59239.93,
2026-05-01,"Product & Engineering","Research & Development","US East",18.6,408165.41,
2026-05-01,Finance,"General & Administrative","US East",5.0,101565.88,
2026-05-01,People,"General & Administrative","US East",6.0,84225.8,
2026-05-01,"Legal & Compliance","General & Administrative","US East",3.0,116963.53,
2026-05-01,"Information Technology","General & Administrative","US East",4.0,60333.81,
2026-05-01,Executive,"General & Administrative","US East",1.0,26323.62,
2026-06-01,"Cloud Operations","Cost of Revenue","US East",1.0,18589.4,
2026-06-01,"Customer Support","Cost of Revenue","US East",15.0,181784.6,
2026-06-01,"Professional Services","Cost of Revenue","US East",22.0,339915.9,0.761
2026-06-01,Sales,"Sales & Marketing","US East",32.6,622319.82,
2026-06-01,Marketing,"Sales & Marketing","US East",4.0,59239.93,
2026-06-01,"Product & Engineering","Research & Development","US East",18.6,408165.41,
2026-06-01,Finance,"General & Administrative","US East",5.0,101565.88,
2026-06-01,People,"General & Administrative","US East",6.0,84225.8,
2026-06-01,"Legal & Compliance","General & Administrative","US East",3.0,116963.53,
2026-06-01,"Information Technology","General & Administrative","US East",4.0,60333.81,
2026-06-01,Executive,"General & Administrative","US East",1.0,26323.62,
2023-01-01,"Cloud Operations","Cost of Revenue",Canada,4.0,60613.27,
2023-01-01,"Customer Support","Cost of Revenue",Canada,5.0,34178.31,
2023-01-01,"Professional Services","Cost of Revenue",Canada,4.0,44561.41,0.7212
2023-01-01,Sales,"Sales & Marketing",Canada,5.0,47523.25,
2023-01-01,Marketing,"Sales & Marketing",Canada,4.0,36102.19,
2023-01-01,"Product & Engineering","Research & Development",Canada,13.0,192877.58,
2023-01-01,Finance,"General & Administrative",Canada,1.0,9293.75,
2023-01-01,People,"General & Administrative",Canada,1.0,21572.63,
2023-01-01,"Information Technology","General & Administrative",Canada,3.0,35936.18,
2023-02-01,"Cloud Operations","Cost of Revenue",Canada,4.0,60613.27,
2023-02-01,"Customer Support","Cost of Revenue",Canada,5.0,34178.31,
2023-02-01,"Professional Services","Cost of Revenue",Canada,4.0,44561.41,0.7249
2023-02-01,Sales,"Sales & Marketing",Canada,5.0,47523.25,
2023-02-01,Marketing,"Sales & Marketing",Canada,4.0,36102.19,
2023-02-01,"Product & Engineering","Research & Development",Canada,13.0,192877.58,
2023-02-01,Finance,"General & Administrative",Canada,1.0,9293.75,
2023-02-01,People,"General & Administrative",Canada,1.0,21572.63,
2023-02-01,"Information Technology","General & Administrative",Canada,3.0,35936.18,
2023-03-01,"Cloud Operations","Cost of Revenue",Canada,4.0,60613.27,
2023-03-01,"Customer Support","Cost of Revenue",Canada,5.0,34178.31,
2023-03-01,"Professional Services","Cost of Revenue",Canada,4.0,44561.41,0.7472
2023-03-01,Sales,"Sales & Marketing",Canada,5.0,47523.25,
2023-03-01,Marketing,"Sales & Marketing",Canada,4.0,36102.19,
2023-03-01,"Product & Engineering","Research & Development",Canada,12.0,177651.95,
2023-03-01,Finance,"General & Administrative",Canada,1.0,9293.75,
2023-03-01,People,"General & Administrative",Canada,1.0,21572.63,
2023-03-01,"Information Technology","General & Administrative",Canada,3.0,35936.18,
2023-04-01,"Cloud Operations","Cost of Revenue",Canada,4.0,60613.27,
2023-04-01,"Customer Support","Cost of Revenue",Canada,5.0,34178.31,
2023-04-01,"Professional Services","Cost of Revenue",Canada,5.0,56328.64,0.7832
2023-04-01,Sales,"Sales & Marketing",Canada,5.0,47523.25,
2023-04-01,Marketing,"Sales & Marketing",Canada,4.0,36102.19,
2023-04-01,"Product & Engineering","Research & Development",Canada,12.0,177651.95,
2023-04-01,Finance,"General & Administrative",Canada,1.0,9293.75,
2023-04-01,People,"General & Administrative",Canada,1.0,21572.63,
2023-04-01,"Legal & Compliance","General & Administrative",Canada,1.0,16699.33,
2023-04-01,"Information Technology","General & Administrative",Canada,3.0,35936.18,
2023-05-01,"Cloud Operations","Cost of Revenue",Canada,4.0,60613.27,
2023-05-01,"Customer Support","Cost of Revenue",Canada,5.0,34178.31,
2023-05-01,"Professional Services","Cost of Revenue",Canada,5.0,56328.64,0.7436
2023-05-01,Sales,"Sales & Marketing",Canada,5.0,47523.25,
2023-05-01,Marketing,"Sales & Marketing",Canada,4.0,36102.19,
2023-05-01,"Product & Engineering","Research & Development",Canada,12.0,177651.95,
2023-05-01,Finance,"General & Administrative",Canada,1.0,9293.75,
2023-05-01,People,"General & Administrative",Canada,1.0,21572.63,
2023-05-01,"Legal & Compliance","General & Administrative",Canada,1.0,16699.33,
2023-05-01,"Information Technology","General & Administrative",Canada,3.0,35936.18,
2023-06-01,"Cloud Operations","Cost of Revenue",Canada,4.0,60613.27,
2023-06-01,"Customer Support","Cost of Revenue",Canada,5.0,34178.31,
2023-06-01,"Professional Services","Cost of Revenue",Canada,5.0,56328.64,0.7324
2023-06-01,Sales,"Sales & Marketing",Canada,5.0,47523.25,
2023-06-01,Marketing,"Sales & Marketing",Canada,4.0,36102.19,
2023-06-01,"Product & Engineering","Research & Development",Canada,11.0,165039.75,
2023-06-01,Finance,"General & Administrative",Canada,1.0,9293.75,
2023-06-01,People,"General & Administrative",Canada,1.0,21572.63,
2023-06-01,"Legal & Compliance","General & Administrative",Canada,1.0,16699.33,
2023-06-01,"Information Technology","General & Administrative",Canada,3.0,35936.18,
2023-07-01,"Cloud Operations","Cost of Revenue",Canada,4.0,60613.27,
2023-07-01,"Customer Support","Cost of Revenue",Canada,5.0,34178.31,
2023-07-01,"Professional Services","Cost of Revenue",Canada,6.0,65676.27,0.7906
2023-07-01,Sales,"Sales & Marketing",Canada,5.0,47523.25,
2023-07-01,Marketing,"Sales & Marketing",Canada,4.0,36102.19,
2023-07-01,"Product & Engineering","Research & Development",Canada,10.0,148318.18,
2023-07-01,Finance,"General & Administrative",Canada,1.0,9293.75,
2023-07-01,People,"General & Administrative",Canada,1.0,21572.63,
2023-07-01,"Legal & Compliance","General & Administrative",Canada,1.0,16699.33,
2023-07-01,"Information Technology","General & Administrative",Canada,3.0,35936.18,
2023-08-01,"Cloud Operations","Cost of Revenue",Canada,4.0,60613.27,
2023-08-01,"Customer Support","Cost of Revenue",Canada,5.0,34178.31,
2023-08-01,"Professional Services","Cost of Revenue",Canada,6.0,65676.27,0.7436
2023-08-01,Sales,"Sales & Marketing",Canada,5.0,47523.25,
2023-08-01,Marketing,"Sales & Marketing",Canada,4.0,36102.19,
2023-08-01,"Product & Engineering","Research & Development",Canada,10.0,148318.18,
2023-08-01,Finance,"General & Administrative",Canada,2.0,20044.84,
2023-08-01,People,"General & Administrative",Canada,1.0,21572.63,
2023-08-01,"Legal & Compliance","General & Administrative",Canada,1.0,16699.33,
2023-08-01,"Information Technology","General & Administrative",Canada,3.0,35936.18,
2023-09-01,"Cloud Operations","Cost of Revenue",Canada,4.0,60613.27,
2023-09-01,"Customer Support","Cost of Revenue",Canada,5.0,34178.31,
2023-09-01,"Professional Services","Cost of Revenue",Canada,6.0,65676.27,0.7304
2023-09-01,Sales,"Sales & Marketing",Canada,5.0,47523.25,
2023-09-01,Marketing,"Sales & Marketing",Canada,4.0,36102.19,
2023-09-01,"Product & Engineering","Research & Development",Canada,10.0,148318.18,
2023-09-01,Finance,"General & Administrative",Canada,2.0,20044.84,
2023-09-01,People,"General & Administrative",Canada,1.0,21572.63,
2023-09-01,"Legal & Compliance","General & Administrative",Canada,1.0,16699.33,
2023-09-01,"Information Technology","General & Administrative",Canada,3.0,35936.18,
2023-10-01,"Cloud Operations","Cost of Revenue",Canada,4.0,60613.27,
2023-10-01,"Customer Support","Cost of Revenue",Canada,5.0,34178.31,
2023-10-01,"Professional Services","Cost of Revenue",Canada,6.0,65676.27,0.7842
2023-10-01,Sales,"Sales & Marketing",Canada,5.0,47523.25,
2023-10-01,Marketing,"Sales & Marketing",Canada,4.0,36102.19,
2023-10-01,"Product & Engineering","Research & Development",Canada,10.0,148318.18,
2023-10-01,Finance,"General & Administrative",Canada,2.0,20044.84,
2023-10-01,People,"General & Administrative",Canada,1.0,21572.63,
2023-10-01,"Legal & Compliance","General & Administrative",Canada,1.0,16699.33,
2023-10-01,"Information Technology","General & Administrative",Canada,3.0,35936.18,
2023-11-01,"Cloud Operations","Cost of Revenue",Canada,4.0,60613.27,
2023-11-01,"Customer Support","Cost of Revenue",Canada,5.0,34178.31,
2023-11-01,"Professional Services","Cost of Revenue",Canada,6.0,65676.27,0.7342
2023-11-01,Sales,"Sales & Marketing",Canada,7.0,73307.66,
2023-11-01,Marketing,"Sales & Marketing",Canada,4.0,36102.19,
2023-11-01,"Product & Engineering","Research & Development",Canada,9.0,129093.63,
2023-11-01,Finance,"General & Administrative",Canada,2.0,20044.84,
2023-11-01,People,"General & Administrative",Canada,1.0,21572.63,
2023-11-01,"Legal & Compliance","General & Administrative",Canada,1.0,16699.33,
2023-11-01,"Information Technology","General & Administrative",Canada,3.0,35936.18,
2023-12-01,"Cloud Operations","Cost of Revenue",Canada,4.0,60613.27,
2023-12-01,"Customer Support","Cost of Revenue",Canada,5.0,34178.31,
2023-12-01,"Professional Services","Cost of Revenue",Canada,6.0,65676.27,0.6827
2023-12-01,Sales,"Sales & Marketing",Canada,7.0,73307.66,
2023-12-01,Marketing,"Sales & Marketing",Canada,4.0,36102.19,
2023-12-01,"Product & Engineering","Research & Development",Canada,9.0,129093.63,
2023-12-01,Finance,"General & Administrative",Canada,2.0,20044.84,
2023-12-01,People,"General & Administrative",Canada,1.0,21572.63,
2023-12-01,"Legal & Compliance","General & Administrative",Canada,1.0,16699.33,
2023-12-01,"Information Technology","General & Administrative",Canada,3.0,35936.18,
2024-01-01,"Cloud Operations","Cost of Revenue",Canada,4.0,62734.74,
2024-01-01,"Customer Support","Cost of Revenue",Canada,5.0,35374.54,
2024-01-01,"Professional Services","Cost of Revenue",Canada,6.0,67974.94,0.7159
2024-01-01,Sales,"Sales & Marketing",Canada,7.0,75873.42,
2024-01-01,Marketing,"Sales & Marketing",Canada,4.0,37365.75,
2024-01-01,"Product & Engineering","Research & Development",Canada,9.0,133611.91,
2024-01-01,Finance,"General & Administrative",Canada,2.0,20746.41,
2024-01-01,People,"General & Administrative",Canada,1.0,22327.68,
2024-01-01,"Legal & Compliance","General & Administrative",Canada,1.0,17283.81,
2024-01-01,"Information Technology","General & Administrative",Canada,3.0,37193.95,
2024-02-01,"Cloud Operations","Cost of Revenue",Canada,4.0,62734.74,
2024-02-01,"Customer Support","Cost of Revenue",Canada,5.0,35374.54,
2024-02-01,"Professional Services","Cost of Revenue",Canada,6.0,67974.94,0.7321
2024-02-01,Sales,"Sales & Marketing",Canada,7.0,75873.42,
2024-02-01,Marketing,"Sales & Marketing",Canada,4.0,37365.75,
2024-02-01,"Product & Engineering","Research & Development",Canada,10.0,145888.82,
2024-02-01,Finance,"General & Administrative",Canada,2.0,20746.41,
2024-02-01,People,"General & Administrative",Canada,1.0,22327.68,
2024-02-01,"Legal & Compliance","General & Administrative",Canada,1.0,17283.81,
2024-02-01,"Information Technology","General & Administrative",Canada,3.0,37193.95,
2024-03-01,"Cloud Operations","Cost of Revenue",Canada,4.0,62734.74,
2024-03-01,"Customer Support","Cost of Revenue",Canada,5.0,35374.54,
2024-03-01,"Professional Services","Cost of Revenue",Canada,6.0,67974.94,0.753
2024-03-01,Sales,"Sales & Marketing",Canada,7.0,75873.42,
2024-03-01,Marketing,"Sales & Marketing",Canada,4.0,37365.75,
2024-03-01,"Product & Engineering","Research & Development",Canada,10.0,145888.82,
2024-03-01,Finance,"General & Administrative",Canada,2.0,20746.41,
2024-03-01,People,"General & Administrative",Canada,1.0,22327.68,
2024-03-01,"Legal & Compliance","General & Administrative",Canada,2.0,27340.76,
2024-03-01,"Information Technology","General & Administrative",Canada,3.0,37193.95,
2024-04-01,"Cloud Operations","Cost of Revenue",Canada,4.0,62734.74,
2024-04-01,"Customer Support","Cost of Revenue",Canada,5.0,35374.54,
2024-04-01,"Professional Services","Cost of Revenue",Canada,6.0,67974.94,0.7961
2024-04-01,Sales,"Sales & Marketing",Canada,7.0,75873.42,
2024-04-01,Marketing,"Sales & Marketing",Canada,4.0,37365.75,
2024-04-01,"Product & Engineering","Research & Development",Canada,10.0,145888.82,
2024-04-01,Finance,"General & Administrative",Canada,2.0,20746.41,
2024-04-01,People,"General & Administrative",Canada,1.0,22327.68,
2024-04-01,"Legal & Compliance","General & Administrative",Canada,2.0,27340.76,
2024-04-01,"Information Technology","General & Administrative",Canada,3.0,37193.95,
2024-05-01,"Cloud Operations","Cost of Revenue",Canada,4.0,62734.74,
2024-05-01,"Customer Support","Cost of Revenue",Canada,5.0,35374.54,
2024-05-01,"Professional Services","Cost of Revenue",Canada,6.0,67974.94,0.7425
2024-05-01,Sales,"Sales & Marketing",Canada,7.0,75873.42,
2024-05-01,Marketing,"Sales & Marketing",Canada,4.0,37365.75,
2024-05-01,"Product & Engineering","Research & Development",Canada,10.0,145888.82,
2024-05-01,Finance,"General & Administrative",Canada,2.0,20746.41,
2024-05-01,People,"General & Administrative",Canada,1.0,22327.68,
2024-05-01,"Legal & Compliance","General & Administrative",Canada,2.0,27340.76,
2024-05-01,"Information Technology","General & Administrative",Canada,3.0,37193.95,
2024-06-01,"Cloud Operations","Cost of Revenue",Canada,4.0,62734.74,
2024-06-01,"Customer Support","Cost of Revenue",Canada,5.0,35374.54,
2024-06-01,"Professional Services","Cost of Revenue",Canada,6.0,67974.94,0.7426
2024-06-01,Sales,"Sales & Marketing",Canada,7.0,75873.42,
2024-06-01,Marketing,"Sales & Marketing",Canada,4.0,37365.75,
2024-06-01,"Product & Engineering","Research & Development",Canada,10.0,145888.82,
2024-06-01,Finance,"General & Administrative",Canada,2.0,20746.41,
2024-06-01,People,"General & Administrative",Canada,1.0,22327.68,
2024-06-01,"Legal & Compliance","General & Administrative",Canada,2.0,27340.76,
2024-06-01,"Information Technology","General & Administrative",Canada,3.0,37193.95,
2024-07-01,"Cloud Operations","Cost of Revenue",Canada,4.0,62734.74,
2024-07-01,"Customer Support","Cost of Revenue",Canada,5.0,35374.54,
2024-07-01,"Professional Services","Cost of Revenue",Canada,6.0,67974.94,0.7621
2024-07-01,Sales,"Sales & Marketing",Canada,7.0,75873.42,
2024-07-01,Marketing,"Sales & Marketing",Canada,4.0,37365.75,
2024-07-01,"Product & Engineering","Research & Development",Canada,10.0,145888.82,
2024-07-01,Finance,"General & Administrative",Canada,2.0,20746.41,
2024-07-01,People,"General & Administrative",Canada,1.0,22327.68,
2024-07-01,"Legal & Compliance","General & Administrative",Canada,2.0,27340.76,
2024-07-01,"Information Technology","General & Administrative",Canada,3.0,37193.95,
2024-08-01,"Cloud Operations","Cost of Revenue",Canada,4.0,62734.74,
2024-08-01,"Customer Support","Cost of Revenue",Canada,5.0,35374.54,
2024-08-01,"Professional Services","Cost of Revenue",Canada,6.0,67974.94,0.7563
2024-08-01,Sales,"Sales & Marketing",Canada,7.0,75873.42,
2024-08-01,Marketing,"Sales & Marketing",Canada,4.0,37365.75,
2024-08-01,"Product & Engineering","Research & Development",Canada,10.0,145888.82,
2024-08-01,Finance,"General & Administrative",Canada,2.0,20746.41,
2024-08-01,People,"General & Administrative",Canada,1.0,22327.68,
2024-08-01,"Legal & Compliance","General & Administrative",Canada,2.0,27340.76,
2024-08-01,"Information Technology","General & Administrative",Canada,3.0,37193.95,
2024-09-01,"Cloud Operations","Cost of Revenue",Canada,4.0,62734.74,
2024-09-01,"Customer Support","Cost of Revenue",Canada,5.0,35374.54,
2024-09-01,"Professional Services","Cost of Revenue",Canada,5.0,59807.63,0.7428
2024-09-01,Sales,"Sales & Marketing",Canada,7.0,75873.42,
2024-09-01,Marketing,"Sales & Marketing",Canada,4.0,37365.75,
2024-09-01,"Product & Engineering","Research & Development",Canada,10.0,145888.82,
2024-09-01,Finance,"General & Administrative",Canada,2.0,20746.41,
2024-09-01,People,"General & Administrative",Canada,1.0,22327.68,
2024-09-01,"Legal & Compliance","General & Administrative",Canada,2.0,27340.76,
2024-09-01,"Information Technology","General & Administrative",Canada,3.0,37193.95,
2024-10-01,"Cloud Operations","Cost of Revenue",Canada,4.0,62734.74,
2024-10-01,"Customer Support","Cost of Revenue",Canada,5.0,35374.54,
2024-10-01,"Professional Services","Cost of Revenue",Canada,5.0,59807.63,0.7564
2024-10-01,Sales,"Sales & Marketing",Canada,7.0,75873.42,
2024-10-01,Marketing,"Sales & Marketing",Canada,4.0,37365.75,
2024-10-01,"Product & Engineering","Research & Development",Canada,10.0,145888.82,
2024-10-01,Finance,"General & Administrative",Canada,2.0,20746.41,
2024-10-01,People,"General & Administrative",Canada,1.0,22327.68,
2024-10-01,"Legal & Compliance","General & Administrative",Canada,2.0,27340.76,
2024-10-01,"Information Technology","General & Administrative",Canada,3.0,37193.95,
2024-11-01,"Cloud Operations","Cost of Revenue",Canada,5.0,76317.1,
2024-11-01,"Customer Support","Cost of Revenue",Canada,5.0,35374.54,
2024-11-01,"Professional Services","Cost of Revenue",Canada,5.0,59807.63,0.7364
2024-11-01,Sales,"Sales & Marketing",Canada,7.0,75873.42,
2024-11-01,Marketing,"Sales & Marketing",Canada,4.0,37365.75,
2024-11-01,"Product & Engineering","Research & Development",Canada,10.0,145888.82,
2024-11-01,Finance,"General & Administrative",Canada,2.0,20746.41,
2024-11-01,People,"General & Administrative",Canada,1.0,22327.68,
2024-11-01,"Legal & Compliance","General & Administrative",Canada,2.0,27340.76,
2024-11-01,"Information Technology","General & Administrative",Canada,3.0,37193.95,
2024-12-01,"Cloud Operations","Cost of Revenue",Canada,5.0,76317.1,
2024-12-01,"Customer Support","Cost of Revenue",Canada,5.0,35374.54,
2024-12-01,"Professional Services","Cost of Revenue",Canada,5.0,59807.63,0.7355
2024-12-01,Sales,"Sales & Marketing",Canada,7.0,75873.42,
2024-12-01,Marketing,"Sales & Marketing",Canada,4.0,37365.75,
2024-12-01,"Product & Engineering","Research & Development",Canada,10.0,145888.82,
2024-12-01,Finance,"General & Administrative",Canada,2.0,20746.41,
2024-12-01,People,"General & Administrative",Canada,1.0,22327.68,
2024-12-01,"Legal & Compliance","General & Administrative",Canada,2.0,27340.76,
2024-12-01,"Information Technology","General & Administrative",Canada,3.0,37193.95,
2025-01-01,"Cloud Operations","Cost of Revenue",Canada,5.0,78988.19,
2025-01-01,"Customer Support","Cost of Revenue",Canada,5.0,36612.66,
2025-01-01,"Professional Services","Cost of Revenue",Canada,4.0,49295.53,0.6577
2025-01-01,Sales,"Sales & Marketing",Canada,7.0,78529.02,
2025-01-01,Marketing,"Sales & Marketing",Canada,4.0,38673.57,
2025-01-01,"Product & Engineering","Research & Development",Canada,10.0,150994.93,
2025-01-01,Finance,"General & Administrative",Canada,2.0,21472.53,
2025-01-01,People,"General & Administrative",Canada,1.0,23109.15,
2025-01-01,"Legal & Compliance","General & Administrative",Canada,2.0,28297.69,
2025-01-01,"Information Technology","General & Administrative",Canada,3.0,38495.74,
2025-02-01,"Cloud Operations","Cost of Revenue",Canada,5.0,78988.19,
2025-02-01,"Customer Support","Cost of Revenue",Canada,5.0,36612.66,
2025-02-01,"Professional Services","Cost of Revenue",Canada,4.0,49295.53,0.7199
2025-02-01,Sales,"Sales & Marketing",Canada,7.0,78529.02,
2025-02-01,Marketing,"Sales & Marketing",Canada,4.0,38673.57,
2025-02-01,"Product & Engineering","Research & Development",Canada,10.0,150994.93,
2025-02-01,Finance,"General & Administrative",Canada,2.0,21472.53,
2025-02-01,People,"General & Administrative",Canada,1.0,23109.15,
2025-02-01,"Legal & Compliance","General & Administrative",Canada,2.0,28297.69,
2025-02-01,"Information Technology","General & Administrative",Canada,3.0,38495.74,
2025-03-01,"Cloud Operations","Cost of Revenue",Canada,5.0,78988.19,
2025-03-01,"Customer Support","Cost of Revenue",Canada,5.0,36612.66,
2025-03-01,"Professional Services","Cost of Revenue",Canada,4.0,49295.53,0.7665
2025-03-01,Sales,"Sales & Marketing",Canada,7.0,78529.02,
2025-03-01,Marketing,"Sales & Marketing",Canada,4.0,38673.57,
2025-03-01,"Product & Engineering","Research & Development",Canada,10.0,150994.93,
2025-03-01,Finance,"General & Administrative",Canada,2.0,21472.53,
2025-03-01,People,"General & Administrative",Canada,1.0,23109.15,
2025-03-01,"Legal & Compliance","General & Administrative",Canada,2.0,28297.69,
2025-03-01,"Information Technology","General & Administrative",Canada,3.0,38495.74,
2025-04-01,"Cloud Operations","Cost of Revenue",Canada,5.0,78988.19,
2025-04-01,"Customer Support","Cost of Revenue",Canada,5.0,36612.66,
2025-04-01,"Professional Services","Cost of Revenue",Canada,4.0,49295.53,0.8065
2025-04-01,Sales,"Sales & Marketing",Canada,7.0,78529.02,
2025-04-01,Marketing,"Sales & Marketing",Canada,4.0,38673.57,
2025-04-01,"Product & Engineering","Research & Development",Canada,10.0,150994.93,
2025-04-01,Finance,"General & Administrative",Canada,2.0,21472.53,
2025-04-01,People,"General & Administrative",Canada,1.0,23109.15,
2025-04-01,"Legal & Compliance","General & Administrative",Canada,2.0,28297.69,
2025-04-01,"Information Technology","General & Administrative",Canada,3.0,38495.74,
2025-05-01,"Cloud Operations","Cost of Revenue",Canada,5.0,78988.19,
2025-05-01,"Customer Support","Cost of Revenue",Canada,4.0,28280.15,
2025-05-01,"Professional Services","Cost of Revenue",Canada,4.0,49295.53,0.777
2025-05-01,Sales,"Sales & Marketing",Canada,7.0,78529.02,
2025-05-01,Marketing,"Sales & Marketing",Canada,4.0,38673.57,
2025-05-01,"Product & Engineering","Research & Development",Canada,10.0,150994.93,
2025-05-01,Finance,"General & Administrative",Canada,3.0,32419.64,
2025-05-01,People,"General & Administrative",Canada,1.0,23109.15,
2025-05-01,"Legal & Compliance","General & Administrative",Canada,2.0,28297.69,
2025-05-01,"Information Technology","General & Administrative",Canada,3.0,38495.74,
2025-06-01,"Cloud Operations","Cost of Revenue",Canada,5.0,78988.19,
2025-06-01,"Customer Support","Cost of Revenue",Canada,4.0,28280.15,
2025-06-01,"Professional Services","Cost of Revenue",Canada,4.0,49295.53,0.7422
2025-06-01,Sales,"Sales & Marketing",Canada,7.0,78529.02,
2025-06-01,Marketing,"Sales & Marketing",Canada,4.0,38673.57,
2025-06-01,"Product & Engineering","Research & Development",Canada,10.0,150994.93,
2025-06-01,Finance,"General & Administrative",Canada,3.0,32419.64,
2025-06-01,People,"General & Administrative",Canada,1.0,23109.15,
2025-06-01,"Legal & Compliance","General & Administrative",Canada,2.0,28297.69,
2025-06-01,"Information Technology","General & Administrative",Canada,3.0,38495.74,
2025-07-01,"Cloud Operations","Cost of Revenue",Canada,5.0,78988.19,
2025-07-01,"Customer Support","Cost of Revenue",Canada,4.0,28280.15,
2025-07-01,"Professional Services","Cost of Revenue",Canada,4.0,49295.53,0.8173
2025-07-01,Sales,"Sales & Marketing",Canada,7.0,78529.02,
2025-07-01,Marketing,"Sales & Marketing",Canada,4.0,38673.57,
2025-07-01,"Product & Engineering","Research & Development",Canada,11.0,167031.12,
2025-07-01,Finance,"General & Administrative",Canada,3.0,32419.64,
2025-07-01,People,"General & Administrative",Canada,1.0,23109.15,
2025-07-01,"Legal & Compliance","General & Administrative",Canada,2.0,28297.69,
2025-07-01,"Information Technology","General & Administrative",Canada,3.0,38495.74,
2025-08-01,"Cloud Operations","Cost of Revenue",Canada,5.0,78988.19,
2025-08-01,"Customer Support","Cost of Revenue",Canada,4.0,28280.15,
2025-08-01,"Professional Services","Cost of Revenue",Canada,4.0,49295.53,0.7868
2025-08-01,Sales,"Sales & Marketing",Canada,7.0,78529.02,
2025-08-01,Marketing,"Sales & Marketing",Canada,4.0,38673.57,
2025-08-01,"Product & Engineering","Research & Development",Canada,11.0,167031.12,
2025-08-01,Finance,"General & Administrative",Canada,3.0,32419.64,
2025-08-01,People,"General & Administrative",Canada,1.0,23109.15,
2025-08-01,"Legal & Compliance","General & Administrative",Canada,2.0,28297.69,
2025-08-01,"Information Technology","General & Administrative",Canada,3.0,38495.74,
2025-09-01,"Cloud Operations","Cost of Revenue",Canada,5.0,78988.19,
2025-09-01,"Customer Support","Cost of Revenue",Canada,4.0,28280.15,
2025-09-01,"Professional Services","Cost of Revenue",Canada,4.0,49295.53,0.7831
2025-09-01,Sales,"Sales & Marketing",Canada,7.0,78529.02,
2025-09-01,Marketing,"Sales & Marketing",Canada,4.0,38673.57,
2025-09-01,"Product & Engineering","Research & Development",Canada,12.0,182117.79,
2025-09-01,Finance,"General & Administrative",Canada,3.0,32419.64,
2025-09-01,People,"General & Administrative",Canada,1.0,23109.15,
2025-09-01,"Legal & Compliance","General & Administrative",Canada,2.0,28297.69,
2025-09-01,"Information Technology","General & Administrative",Canada,3.0,38495.74,
2025-10-01,"Cloud Operations","Cost of Revenue",Canada,4.0,64930.44,
2025-10-01,"Customer Support","Cost of Revenue",Canada,4.0,28280.15,
2025-10-01,"Professional Services","Cost of Revenue",Canada,4.0,49295.53,0.758
2025-10-01,Sales,"Sales & Marketing",Canada,7.0,78529.02,
2025-10-01,Marketing,"Sales & Marketing",Canada,4.0,38673.57,
2025-10-01,"Product & Engineering","Research & Development",Canada,12.0,182117.79,
2025-10-01,Finance,"General & Administrative",Canada,4.0,41805.28,
2025-10-01,People,"General & Administrative",Canada,1.0,23109.15,
2025-10-01,"Legal & Compliance","General & Administrative",Canada,2.0,28297.69,
2025-10-01,"Information Technology","General & Administrative",Canada,3.0,38495.74,
2025-11-01,"Cloud Operations","Cost of Revenue",Canada,4.0,64930.44,
2025-11-01,"Customer Support","Cost of Revenue",Canada,4.0,28280.15,
2025-11-01,"Professional Services","Cost of Revenue",Canada,4.0,49295.53,0.7985
2025-11-01,Sales,"Sales & Marketing",Canada,7.0,78529.02,
2025-11-01,Marketing,"Sales & Marketing",Canada,4.0,38673.57,
2025-11-01,"Product & Engineering","Research & Development",Canada,13.0,195314.29,
2025-11-01,Finance,"General & Administrative",Canada,4.0,41805.28,
2025-11-01,People,"General & Administrative",Canada,1.0,23109.15,
2025-11-01,"Legal & Compliance","General & Administrative",Canada,1.0,10408.95,
2025-11-01,"Information Technology","General & Administrative",Canada,3.0,38495.74,
2025-12-01,"Cloud Operations","Cost of Revenue",Canada,4.0,64930.44,
2025-12-01,"Customer Support","Cost of Revenue",Canada,4.0,28280.15,
2025-12-01,"Professional Services","Cost of Revenue",Canada,4.0,49295.53,0.7135
2025-12-01,Sales,"Sales & Marketing",Canada,7.0,78529.02,
2025-12-01,Marketing,"Sales & Marketing",Canada,4.0,38673.57,
2025-12-01,"Product & Engineering","Research & Development",Canada,13.0,195314.29,
2025-12-01,Finance,"General & Administrative",Canada,4.0,41805.28,
2025-12-01,People,"General & Administrative",Canada,1.0,23109.15,
2025-12-01,"Legal & Compliance","General & Administrative",Canada,1.0,10408.95,
2025-12-01,"Information Technology","General & Administrative",Canada,3.0,38495.74,
2026-01-01,"Cloud Operations","Cost of Revenue",Canada,4.0,67203.0,
2026-01-01,"Customer Support","Cost of Revenue",Canada,4.0,29269.94,
2026-01-01,"Professional Services","Cost of Revenue",Canada,5.0,62534.35,0.6876
2026-01-01,Sales,"Sales & Marketing",Canada,7.0,81277.51,
2026-01-01,Marketing,"Sales & Marketing",Canada,4.0,40027.15,
2026-01-01,"Product & Engineering","Research & Development",Canada,13.0,202150.28,
2026-01-01,Finance,"General & Administrative",Canada,4.0,43268.47,
2026-01-01,People,"General & Administrative",Canada,1.0,23917.97,
2026-01-01,"Legal & Compliance","General & Administrative",Canada,1.0,10773.26,
2026-01-01,"Information Technology","General & Administrative",Canada,3.0,39843.08,
2026-02-01,"Cloud Operations","Cost of Revenue",Canada,4.0,67203.0,
2026-02-01,"Customer Support","Cost of Revenue",Canada,4.0,29269.94,
2026-02-01,"Professional Services","Cost of Revenue",Canada,5.0,62534.35,0.7349
2026-02-01,Sales,"Sales & Marketing",Canada,6.0,66147.07,
2026-02-01,Marketing,"Sales & Marketing",Canada,4.0,40027.15,
2026-02-01,"Product & Engineering","Research & Development",Canada,13.0,202150.28,
2026-02-01,Finance,"General & Administrative",Canada,4.0,43268.47,
2026-02-01,People,"General & Administrative",Canada,1.0,23917.97,
2026-02-01,"Information Technology","General & Administrative",Canada,3.0,39843.08,
2026-03-01,"Cloud Operations","Cost of Revenue",Canada,4.0,67203.0,
2026-03-01,"Customer Support","Cost of Revenue",Canada,4.0,29269.94,
2026-03-01,"Professional Services","Cost of Revenue",Canada,5.0,62534.35,0.7237
2026-03-01,Sales,"Sales & Marketing",Canada,6.0,66147.07,
2026-03-01,Marketing,"Sales & Marketing",Canada,4.0,40027.15,
2026-03-01,"Product & Engineering","Research & Development",Canada,13.0,202150.28,
2026-03-01,Finance,"General & Administrative",Canada,4.0,43268.47,
2026-03-01,People,"General & Administrative",Canada,1.0,23917.97,
2026-03-01,"Information Technology","General & Administrative",Canada,3.0,39843.08,
2026-04-01,"Cloud Operations","Cost of Revenue",Canada,4.0,67203.0,
2026-04-01,"Customer Support","Cost of Revenue",Canada,4.0,29269.94,
2026-04-01,"Professional Services","Cost of Revenue",Canada,5.0,62534.35,0.7462
2026-04-01,Sales,"Sales & Marketing",Canada,7.0,74237.36,
2026-04-01,Marketing,"Sales & Marketing",Canada,4.0,40027.15,
2026-04-01,"Product & Engineering","Research & Development",Canada,13.0,202150.28,
2026-04-01,Finance,"General & Administrative",Canada,4.0,43268.47,
2026-04-01,People,"General & Administrative",Canada,1.0,23917.97,
2026-04-01,"Information Technology","General & Administrative",Canada,3.0,39843.08,
2026-05-01,"Cloud Operations","Cost of Revenue",Canada,4.0,67203.0,
2026-05-01,"Customer Support","Cost of Revenue",Canada,4.0,29269.94,
2026-05-01,"Professional Services","Cost of Revenue",Canada,5.0,62534.35,0.7827
2026-05-01,Sales,"Sales & Marketing",Canada,7.0,74237.36,
2026-05-01,Marketing,"Sales & Marketing",Canada,4.0,40027.15,
2026-05-01,"Product & Engineering","Research & Development",Canada,13.0,202150.28,
2026-05-01,Finance,"General & Administrative",Canada,4.0,43268.47,
2026-05-01,People,"General & Administrative",Canada,1.0,23917.97,
2026-05-01,"Information Technology","General & Administrative",Canada,3.0,39843.08,
2026-06-01,"Cloud Operations","Cost of Revenue",Canada,4.0,67203.0,
2026-06-01,"Customer Support","Cost of Revenue",Canada,4.0,29269.94,
2026-06-01,"Professional Services","Cost of Revenue",Canada,5.0,62534.35,0.7817
2026-06-01,Sales,"Sales & Marketing",Canada,7.0,74237.36,
2026-06-01,Marketing,"Sales & Marketing",Canada,4.0,40027.15,
2026-06-01,"Product & Engineering","Research & Development",Canada,13.0,202150.28,
2026-06-01,Finance,"General & Administrative",Canada,4.0,43268.47,
2026-06-01,People,"General & Administrative",Canada,1.0,23917.97,
2026-06-01,"Information Technology","General & Administrative",Canada,4.0,51979.36,
