month_start,customer_id,region_id,segment,plan_tier,opening_mrr_usd,new_mrr_usd,expansion_mrr_usd,contraction_mrr_usd,churn_mrr_usd,ending_mrr_usd,recognized_revenue_usd
2023-01-01,C0001,R03,Enterprise,Enterprise Suite,137562.02,0,0,0,0,137562.02,137562.02
2023-02-01,C0001,R03,Enterprise,Enterprise Suite,137562.02,0,0,0,0,137562.02,137562.02
2023-03-01,C0001,R03,Enterprise,Enterprise Suite,137562.02,0,0,0,0,137562.02,137562.02
2023-04-01,C0001,R03,Enterprise,Enterprise Suite,137562.02,0,4126.86,0,0,141688.89,139625.45
2023-05-01,C0001,R03,Enterprise,Enterprise Suite,141688.89,0,0,0,0,141688.89,141688.89
2023-06-01,C0001,R03,Enterprise,Enterprise Suite,141688.89,0,0,0,0,141688.89,141688.89
2023-07-01,C0001,R03,Enterprise,Enterprise Suite,141688.89,0,0,0,0,141688.89,141688.89
2023-08-01,C0001,R03,Enterprise,Enterprise Suite,141688.89,0,0,0,0,141688.89,141688.89
2023-09-01,C0001,R03,Enterprise,Enterprise Suite,141688.89,0,0,0,0,141688.89,141688.89
2023-10-01,C0001,R03,Enterprise,Enterprise Suite,141688.89,0,0,0,0,141688.89,141688.89
2023-11-01,C0001,R03,Enterprise,Enterprise Suite,141688.89,0,0,0,0,141688.89,141688.89
2023-12-01,C0001,R03,Enterprise,Enterprise Suite,141688.89,0,0,0,0,141688.89,141688.89
2024-01-01,C0001,R03,Enterprise,Enterprise Suite,141688.89,0,0,0,0,141688.89,141688.89
2024-02-01,C0001,R03,Enterprise,Enterprise Suite,141688.89,0,0,0,0,141688.89,141688.89
2024-03-01,C0001,R03,Enterprise,Enterprise Suite,141688.89,0,0,0,0,141688.89,141688.89
2024-04-01,C0001,R03,Enterprise,Enterprise Suite,141688.89,0,4250.67,0,0,145939.55,143814.22
2024-05-01,C0001,R03,Enterprise,Enterprise Suite,145939.55,0,0,0,0,145939.55,145939.55
2024-06-01,C0001,R03,Enterprise,Enterprise Suite,145939.55,0,0,0,0,145939.55,145939.55
2024-07-01,C0001,R03,Enterprise,Enterprise Suite,145939.55,0,0,0,0,145939.55,145939.55
2024-08-01,C0001,R03,Enterprise,Enterprise Suite,145939.55,0,0,0,0,145939.55,145939.55
2024-09-01,C0001,R03,Enterprise,Enterprise Suite,145939.55,0,0,0,0,145939.55,145939.55
2024-10-01,C0001,R03,Enterprise,Enterprise Suite,145939.55,0,0,0,0,145939.55,145939.55
2024-11-01,C0001,R03,Enterprise,Enterprise Suite,145939.55,0,0,0,0,145939.55,145939.55
2024-12-01,C0001,R03,Enterprise,Enterprise Suite,145939.55,0,0,0,0,145939.55,145939.55
2025-01-01,C0001,R03,Enterprise,Enterprise Suite,145939.55,0,0,0,0,145939.55,145939.55
2025-02-01,C0001,R03,Enterprise,Enterprise Suite,145939.55,0,0,0,0,145939.55,145939.55
2025-03-01,C0001,R03,Enterprise,Enterprise Suite,145939.55,0,0,0,0,145939.55,145939.55
2025-04-01,C0001,R03,Enterprise,Enterprise Suite,145939.55,0,11865.94,0,0,157805.49,151872.52
2025-05-01,C0001,R03,Enterprise,Enterprise Suite,157805.49,0,0,0,0,157805.49,157805.49
2025-06-01,C0001,R03,Enterprise,Enterprise Suite,157805.49,0,0,0,0,157805.49,157805.49
2025-07-01,C0001,R03,Enterprise,Enterprise Suite,157805.49,0,0,0,0,157805.49,157805.49
2025-08-01,C0001,R03,Enterprise,Enterprise Suite,157805.49,0,0,0,0,157805.49,157805.49
2025-09-01,C0001,R03,Enterprise,Enterprise Suite,157805.49,0,0,0,0,157805.49,157805.49
2025-10-01,C0001,R03,Enterprise,Enterprise Suite,157805.49,0,0,0,0,157805.49,157805.49
2025-11-01,C0001,R03,Enterprise,Enterprise Suite,157805.49,0,0,0,0,157805.49,157805.49
2025-12-01,C0001,R03,Enterprise,Enterprise Suite,157805.49,0,0,0,0,157805.49,157805.49
2026-01-01,C0001,R03,Enterprise,Enterprise Suite,157805.49,0,0,0,0,157805.49,157805.49
2026-02-01,C0001,R03,Enterprise,Enterprise Suite,157805.49,0,0,0,0,157805.49,157805.49
2026-03-01,C0001,R03,Enterprise,Enterprise Suite,157805.49,0,0,0,0,157805.49,157805.49
2026-04-01,C0001,R03,Enterprise,Enterprise Suite,157805.49,0,4734.16,0,0,162539.65,160172.57
2026-05-01,C0001,R03,Enterprise,Enterprise Suite,162539.65,0,0,0,0,162539.65,162539.65
2026-06-01,C0001,R03,Enterprise,Enterprise Suite,162539.65,0,0,0,0,162539.65,162539.65
2023-01-01,C0002,R03,Mid-Market,Business,5968.88,0,0,0,0,5968.88,5968.88
2023-02-01,C0002,R03,Mid-Market,Business,5968.88,0,0,0,0,5968.88,5968.88
2023-03-01,C0002,R03,Mid-Market,Business,5968.88,0,0,0,0,5968.88,5968.88
2023-04-01,C0002,R03,Mid-Market,Business,5968.88,0,0,0,0,5968.88,5968.88
2023-05-01,C0002,R03,Mid-Market,Business,5968.88,0,0,0,0,5968.88,5968.88
2023-06-01,C0002,R03,Mid-Market,Business,5968.88,0,0,0,0,5968.88,5968.88
2023-07-01,C0002,R03,Mid-Market,Business,5968.88,0,0,0,0,5968.88,5968.88
2023-08-01,C0002,R03,Mid-Market,Business,5968.88,0,0,0,0,5968.88,5968.88
2023-09-01,C0002,R03,Mid-Market,Business,5968.88,0,0,0,0,5968.88,5968.88
2023-10-01,C0002,R03,Mid-Market,Business,5968.88,0,0,0,0,5968.88,5968.88
2023-11-01,C0002,R03,Mid-Market,Business,5968.88,0,268.6,237.3,0,6000.18,5984.53
2023-12-01,C0002,R03,Mid-Market,Business,6000.18,0,0,0,0,6000.18,6000.18
2024-01-01,C0002,R03,Mid-Market,Business,6000.18,0,0,0,0,6000.18,6000.18
2024-02-01,C0002,R03,Mid-Market,Business,6000.18,0,0,0,0,6000.18,6000.18
2024-03-01,C0002,R03,Mid-Market,Business,6000.18,0,0,0,0,6000.18,6000.18
2024-04-01,C0002,R03,Mid-Market,Business,6000.18,0,0,0,0,6000.18,6000.18
2024-05-01,C0002,R03,Mid-Market,Business,6000.18,0,0,0,0,6000.18,6000.18
2024-06-01,C0002,R03,Mid-Market,Business,6000.18,0,0,0,0,6000.18,6000.18
2024-07-01,C0002,R03,Mid-Market,Business,6000.18,0,0,0,0,6000.18,6000.18
2024-08-01,C0002,R03,Mid-Market,Business,6000.18,0,0,0,0,6000.18,6000.18
2024-09-01,C0002,R03,Mid-Market,Business,6000.18,0,0,0,0,6000.18,6000.18
2024-10-01,C0002,R03,Mid-Market,Business,6000.18,0,0,0,0,6000.18,6000.18
2024-11-01,C0002,R03,Mid-Market,Business,6000.18,0,180.01,0,0,6180.18,6090.18
2024-12-01,C0002,R03,Mid-Market,Business,6180.18,0,0,0,0,6180.18,6180.18
2025-01-01,C0002,R03,Mid-Market,Business,6180.18,0,0,0,0,6180.18,6180.18
2025-02-01,C0002,R03,Mid-Market,Business,6180.18,0,0,0,0,6180.18,6180.18
2025-03-01,C0002,R03,Mid-Market,Business,6180.18,0,0,0,0,6180.18,6180.18
2025-04-01,C0002,R03,Mid-Market,Business,6180.18,0,0,0,0,6180.18,6180.18
2025-05-01,C0002,R03,Mid-Market,Business,6180.18,0,0,0,0,6180.18,6180.18
2025-06-01,C0002,R03,Mid-Market,Business,6180.18,0,0,0,0,6180.18,6180.18
2025-07-01,C0002,R03,Mid-Market,Business,6180.18,0,0,0,0,6180.18,6180.18
2025-08-01,C0002,R03,Mid-Market,Business,6180.18,0,0,0,0,6180.18,6180.18
2025-09-01,C0002,R03,Mid-Market,Business,6180.18,0,0,0,0,6180.18,6180.18
2025-10-01,C0002,R03,Mid-Market,Business,6180.18,0,0,0,0,6180.18,6180.18
2025-11-01,C0002,R03,Mid-Market,Business,6180.18,0,185.41,0,0,6365.59,6272.89
2025-12-01,C0002,R03,Mid-Market,Business,6365.59,0,0,0,0,6365.59,6365.59
2026-01-01,C0002,R03,Mid-Market,Business,6365.59,0,0,0,0,6365.59,6365.59
2026-02-01,C0002,R03,Mid-Market,Business,6365.59,0,0,0,0,6365.59,6365.59
2026-03-01,C0002,R03,Mid-Market,Business,6365.59,0,0,0,0,6365.59,6365.59
2026-04-01,C0002,R03,Mid-Market,Business,6365.59,0,0,0,0,6365.59,6365.59
2026-05-01,C0002,R03,Mid-Market,Business,6365.59,0,0,0,0,6365.59,6365.59
2026-06-01,C0002,R03,Mid-Market,Business,6365.59,0,0,0,0,6365.59,6365.59
2023-11-01,C0003,R02,SMB,Core,0,3554.69,0,0,0,3554.69,1777.35
2023-12-01,C0003,R02,SMB,Core,3554.69,0,0,0,0,3554.69,3554.69
2024-01-01,C0003,R02,SMB,Core,3554.69,0,0,0,0,3554.69,3554.69
2024-02-01,C0003,R02,SMB,Core,3554.69,0,0,0,0,3554.69,3554.69
2024-03-01,C0003,R02,SMB,Core,3554.69,0,0,0,0,3554.69,3554.69
2024-04-01,C0003,R02,SMB,Core,3554.69,0,0,0,0,3554.69,3554.69
2024-05-01,C0003,R02,SMB,Core,3554.69,0,0,0,0,3554.69,3554.69
2024-06-01,C0003,R02,SMB,Core,3554.69,0,0,0,0,3554.69,3554.69
2024-07-01,C0003,R02,SMB,Core,3554.69,0,0,0,0,3554.69,3554.69
2024-08-01,C0003,R02,SMB,Core,3554.69,0,0,0,0,3554.69,3554.69
2024-09-01,C0003,R02,SMB,Core,3554.69,0,0,0,0,3554.69,3554.69
2024-10-01,C0003,R02,SMB,Core,3554.69,0,0,0,0,3554.69,3554.69
2024-11-01,C0003,R02,SMB,Core,3554.69,0,106.64,0,0,3661.33,3608.01
2024-12-01,C0003,R02,SMB,Core,3661.33,0,0,0,0,3661.33,3661.33
2025-01-01,C0003,R02,SMB,Core,3661.33,0,0,0,0,3661.33,3661.33
2025-02-01,C0003,R02,SMB,Core,3661.33,0,0,0,0,3661.33,3661.33
2025-03-01,C0003,R02,SMB,Core,3661.33,0,0,0,0,3661.33,3661.33
2025-04-01,C0003,R02,SMB,Core,3661.33,0,0,0,0,3661.33,3661.33
2025-05-01,C0003,R02,SMB,Core,3661.33,0,0,0,0,3661.33,3661.33
2025-06-01,C0003,R02,SMB,Core,3661.33,0,0,0,0,3661.33,3661.33
2025-07-01,C0003,R02,SMB,Core,3661.33,0,0,0,0,3661.33,3661.33
2025-08-01,C0003,R02,SMB,Core,3661.33,0,0,0,0,3661.33,3661.33
2025-09-01,C0003,R02,SMB,Core,3661.33,0,0,0,0,3661.33,3661.33
2025-10-01,C0003,R02,SMB,Core,3661.33,0,0,0,0,3661.33,3661.33
2025-11-01,C0003,R02,SMB,Core,3661.33,0,312.5,0,0,3973.84,3817.58
2025-12-01,C0003,R02,SMB,Core,3973.84,0,0,0,0,3973.84,3973.84
2026-01-01,C0003,R02,SMB,Core,3973.84,0,0,0,0,3973.84,3973.84
2026-02-01,C0003,R02,SMB,Core,3973.84,0,0,0,0,3973.84,3973.84
2026-03-01,C0003,R02,SMB,Core,3973.84,0,0,0,0,3973.84,3973.84
2026-04-01,C0003,R02,SMB,Core,3973.84,0,0,0,0,3973.84,3973.84
2026-05-01,C0003,R02,SMB,Core,3973.84,0,0,0,0,3973.84,3973.84
2026-06-01,C0003,R02,SMB,Core,3973.84,0,0,0,0,3973.84,3973.84
2023-01-01,C0004,R03,Enterprise,Enterprise Suite,37635.49,0,0,0,0,37635.49,37635.49
2023-02-01,C0004,R03,Enterprise,Enterprise Suite,37635.49,0,1129.06,0,0,38764.55,38200.02
2023-03-01,C0004,R03,Enterprise,Enterprise Suite,38764.55,0,0,0,0,38764.55,38764.55
2023-04-01,C0004,R03,Enterprise,Enterprise Suite,38764.55,0,0,0,0,38764.55,38764.55
2023-05-01,C0004,R03,Enterprise,Enterprise Suite,38764.55,0,0,0,0,38764.55,38764.55
2023-06-01,C0004,R03,Enterprise,Enterprise Suite,38764.55,0,0,0,0,38764.55,38764.55
2023-07-01,C0004,R03,Enterprise,Enterprise Suite,38764.55,0,0,0,0,38764.55,38764.55
2023-08-01,C0004,R03,Enterprise,Enterprise Suite,38764.55,0,0,0,0,38764.55,38764.55
2023-09-01,C0004,R03,Enterprise,Enterprise Suite,38764.55,0,0,0,0,38764.55,38764.55
2023-10-01,C0004,R03,Enterprise,Enterprise Suite,38764.55,0,0,0,0,38764.55,38764.55
2023-11-01,C0004,R03,Enterprise,Enterprise Suite,38764.55,0,0,0,0,38764.55,38764.55
2023-12-01,C0004,R03,Enterprise,Enterprise Suite,38764.55,0,0,0,0,38764.55,38764.55
2024-01-01,C0004,R03,Enterprise,Enterprise Suite,38764.55,0,0,0,0,38764.55,38764.55
2024-02-01,C0004,R03,Enterprise,Enterprise Suite,38764.55,0,2412.62,0,0,41177.17,39970.86
2024-03-01,C0004,R03,Enterprise,Enterprise Suite,41177.17,0,0,0,0,41177.17,41177.17
2024-04-01,C0004,R03,Enterprise,Enterprise Suite,41177.17,0,0,0,0,41177.17,41177.17
2024-05-01,C0004,R03,Enterprise,Enterprise Suite,41177.17,0,0,0,0,41177.17,41177.17
2024-06-01,C0004,R03,Enterprise,Enterprise Suite,41177.17,0,0,0,0,41177.17,41177.17
2024-07-01,C0004,R03,Enterprise,Enterprise Suite,41177.17,0,0,0,0,41177.17,41177.17
2024-08-01,C0004,R03,Enterprise,Enterprise Suite,41177.17,0,0,0,0,41177.17,41177.17
2024-09-01,C0004,R03,Enterprise,Enterprise Suite,41177.17,0,0,0,0,41177.17,41177.17
2024-10-01,C0004,R03,Enterprise,Enterprise Suite,41177.17,0,0,0,0,41177.17,41177.17
2024-11-01,C0004,R03,Enterprise,Enterprise Suite,41177.17,0,0,0,0,41177.17,41177.17
2024-12-01,C0004,R03,Enterprise,Enterprise Suite,41177.17,0,0,0,0,41177.17,41177.17
2025-01-01,C0004,R03,Enterprise,Enterprise Suite,41177.17,0,0,0,0,41177.17,41177.17
2025-02-01,C0004,R03,Enterprise,Enterprise Suite,41177.17,0,5725.45,0,0,46902.62,44039.9
2025-03-01,C0004,R03,Enterprise,Enterprise Suite,46902.62,0,0,0,0,46902.62,46902.62
2025-04-01,C0004,R03,Enterprise,Enterprise Suite,46902.62,0,0,0,0,46902.62,46902.62
2025-05-01,C0004,R03,Enterprise,Enterprise Suite,46902.62,0,0,0,0,46902.62,46902.62
2025-06-01,C0004,R03,Enterprise,Enterprise Suite,46902.62,0,0,0,0,46902.62,46902.62
2025-07-01,C0004,R03,Enterprise,Enterprise Suite,46902.62,0,0,0,0,46902.62,46902.62
2025-08-01,C0004,R03,Enterprise,Enterprise Suite,46902.62,0,0,0,0,46902.62,46902.62
2025-09-01,C0004,R03,Enterprise,Enterprise Suite,46902.62,0,0,0,0,46902.62,46902.62
2025-10-01,C0004,R03,Enterprise,Enterprise Suite,46902.62,0,0,0,0,46902.62,46902.62
2025-11-01,C0004,R03,Enterprise,Enterprise Suite,46902.62,0,0,0,0,46902.62,46902.62
2025-12-01,C0004,R03,Enterprise,Enterprise Suite,46902.62,0,0,0,0,46902.62,46902.62
2026-01-01,C0004,R03,Enterprise,Enterprise Suite,46902.62,0,0,0,0,46902.62,46902.62
2026-02-01,C0004,R03,Enterprise,Enterprise Suite,46902.62,0,4404.99,0,0,51307.61,49105.12
2026-03-01,C0004,R03,Enterprise,Enterprise Suite,51307.61,0,0,0,0,51307.61,51307.61
2026-04-01,C0004,R03,Enterprise,Enterprise Suite,51307.61,0,0,0,0,51307.61,51307.61
2026-05-01,C0004,R03,Enterprise,Enterprise Suite,51307.61,0,0,0,0,51307.61,51307.61
2026-06-01,C0004,R03,Enterprise,Enterprise Suite,51307.61,0,0,0,0,51307.61,51307.61
2023-01-01,C0005,R04,Mid-Market,Business,12649.01,0,0,0,0,12649.01,12649.01
2023-02-01,C0005,R04,Mid-Market,Business,12649.01,0,1044.54,313.57,0,13379.99,13014.5
2023-03-01,C0005,R04,Mid-Market,Business,13379.99,0,0,0,0,13379.99,13379.99
2023-04-01,C0005,R04,Mid-Market,Business,13379.99,0,0,0,0,13379.99,13379.99
2023-05-01,C0005,R04,Mid-Market,Business,13379.99,0,0,0,0,13379.99,13379.99
2023-06-01,C0005,R04,Mid-Market,Business,13379.99,0,0,0,0,13379.99,13379.99
2023-07-01,C0005,R04,Mid-Market,Business,13379.99,0,0,0,0,13379.99,13379.99
2023-08-01,C0005,R04,Mid-Market,Business,13379.99,0,0,0,0,13379.99,13379.99
2023-09-01,C0005,R04,Mid-Market,Business,13379.99,0,0,0,0,13379.99,13379.99
2023-10-01,C0005,R04,Mid-Market,Business,13379.99,0,0,0,0,13379.99,13379.99
2023-11-01,C0005,R04,Mid-Market,Business,13379.99,0,0,0,0,13379.99,13379.99
2023-12-01,C0005,R04,Mid-Market,Business,13379.99,0,0,0,0,13379.99,13379.99
2024-01-01,C0005,R04,Mid-Market,Business,13379.99,0,0,0,0,13379.99,13379.99
2024-02-01,C0005,R04,Mid-Market,Business,13379.99,0,401.4,0,0,13781.39,13580.69
2024-03-01,C0005,R04,Mid-Market,Business,13781.39,0,0,0,0,13781.39,13781.39
2024-04-01,C0005,R04,Mid-Market,Business,13781.39,0,0,0,0,13781.39,13781.39
2024-05-01,C0005,R04,Mid-Market,Business,13781.39,0,0,0,0,13781.39,13781.39
2024-06-01,C0005,R04,Mid-Market,Business,13781.39,0,0,0,0,13781.39,13781.39
2024-07-01,C0005,R04,Mid-Market,Business,13781.39,0,0,0,0,13781.39,13781.39
2024-08-01,C0005,R04,Mid-Market,Business,13781.39,0,0,0,0,13781.39,13781.39
2024-09-01,C0005,R04,Mid-Market,Business,13781.39,0,0,0,0,13781.39,13781.39
2024-10-01,C0005,R04,Mid-Market,Business,13781.39,0,0,0,0,13781.39,13781.39
2024-11-01,C0005,R04,Mid-Market,Business,13781.39,0,0,0,0,13781.39,13781.39
2024-12-01,C0005,R04,Mid-Market,Business,13781.39,0,0,0,0,13781.39,13781.39
2025-01-01,C0005,R04,Mid-Market,Business,13781.39,0,0,0,0,13781.39,13781.39
2025-02-01,C0005,R04,Mid-Market,Business,13781.39,0,413.44,0,0,14194.83,13988.11
2025-03-01,C0005,R04,Mid-Market,Business,14194.83,0,0,0,0,14194.83,14194.83
2025-04-01,C0005,R04,Mid-Market,Business,14194.83,0,0,0,0,14194.83,14194.83
2025-05-01,C0005,R04,Mid-Market,Business,14194.83,0,0,0,0,14194.83,14194.83
2025-06-01,C0005,R04,Mid-Market,Business,14194.83,0,0,0,0,14194.83,14194.83
2025-07-01,C0005,R04,Mid-Market,Business,14194.83,0,0,0,0,14194.83,14194.83
2025-08-01,C0005,R04,Mid-Market,Business,14194.83,0,0,0,0,14194.83,14194.83
2025-09-01,C0005,R04,Mid-Market,Business,14194.83,0,0,0,0,14194.83,14194.83
2025-10-01,C0005,R04,Mid-Market,Business,14194.83,0,0,0,0,14194.83,14194.83
2025-11-01,C0005,R04,Mid-Market,Business,14194.83,0,0,0,0,14194.83,14194.83
2025-12-01,C0005,R04,Mid-Market,Business,14194.83,0,0,0,0,14194.83,14194.83
2026-01-01,C0005,R04,Mid-Market,Business,14194.83,0,0,0,0,14194.83,14194.83
2026-02-01,C0005,R04,Mid-Market,Business,14194.83,0,425.84,0,0,14620.67,14407.75
2026-03-01,C0005,R04,Mid-Market,Business,14620.67,0,0,0,0,14620.67,14620.67
2026-04-01,C0005,R04,Mid-Market,Business,14620.67,0,0,0,0,14620.67,14620.67
2026-05-01,C0005,R04,Mid-Market,Business,14620.67,0,0,0,0,14620.67,14620.67
2026-06-01,C0005,R04,Mid-Market,Business,14620.67,0,0,0,0,14620.67,14620.67
2024-08-01,C0006,R01,Mid-Market,Business,0,12430.07,0,0,0,12430.07,6215.03
2024-09-01,C0006,R01,Mid-Market,Business,12430.07,0,0,0,0,12430.07,12430.07
2024-10-01,C0006,R01,Mid-Market,Business,12430.07,0,0,0,0,12430.07,12430.07
2024-11-01,C0006,R01,Mid-Market,Business,12430.07,0,0,0,0,12430.07,12430.07
2024-12-01,C0006,R01,Mid-Market,Business,12430.07,0,0,0,0,12430.07,12430.07
2025-01-01,C0006,R01,Mid-Market,Business,12430.07,0,0,0,0,12430.07,12430.07
2025-02-01,C0006,R01,Mid-Market,Business,12430.07,0,0,0,0,12430.07,12430.07
2025-03-01,C0006,R01,Mid-Market,Business,12430.07,0,0,0,0,12430.07,12430.07
2025-04-01,C0006,R01,Mid-Market,Business,12430.07,0,0,0,0,12430.07,12430.07
2025-05-01,C0006,R01,Mid-Market,Business,12430.07,0,0,0,0,12430.07,12430.07
2025-06-01,C0006,R01,Mid-Market,Business,12430.07,0,0,0,0,12430.07,12430.07
2025-07-01,C0006,R01,Mid-Market,Business,12430.07,0,0,0,0,12430.07,12430.07
2025-08-01,C0006,R01,Mid-Market,Business,12430.07,0,372.9,1064.82,0,11738.15,12084.11
2025-09-01,C0006,R01,Mid-Market,Business,11738.15,0,0,0,0,11738.15,11738.15
2025-10-01,C0006,R01,Mid-Market,Business,11738.15,0,0,0,0,11738.15,11738.15
2025-11-01,C0006,R01,Mid-Market,Business,11738.15,0,0,0,0,11738.15,11738.15
2025-12-01,C0006,R01,Mid-Market,Business,11738.15,0,0,0,0,11738.15,11738.15
2026-01-01,C0006,R01,Mid-Market,Business,11738.15,0,0,0,0,11738.15,11738.15
2026-02-01,C0006,R01,Mid-Market,Business,11738.15,0,0,0,0,11738.15,11738.15
2026-03-01,C0006,R01,Mid-Market,Business,11738.15,0,0,0,0,11738.15,11738.15
2026-04-01,C0006,R01,Mid-Market,Business,11738.15,0,0,0,0,11738.15,11738.15
2026-05-01,C0006,R01,Mid-Market,Business,11738.15,0,0,0,0,11738.15,11738.15
2026-06-01,C0006,R01,Mid-Market,Business,11738.15,0,0,0,0,11738.15,11738.15
2023-01-01,C0007,R01,Mid-Market,Business,8825.06,0,0,0,0,8825.06,8825.06
2023-02-01,C0007,R01,Mid-Market,Business,8825.06,0,0,0,0,8825.06,8825.06
2023-03-01,C0007,R01,Mid-Market,Business,8825.06,0,0,0,0,8825.06,8825.06
2023-04-01,C0007,R01,Mid-Market,Business,8825.06,0,0,0,0,8825.06,8825.06
2023-05-01,C0007,R01,Mid-Market,Business,8825.06,0,0,0,0,8825.06,8825.06
2023-06-01,C0007,R01,Mid-Market,Business,8825.06,0,0,0,0,8825.06,8825.06
2023-07-01,C0007,R01,Mid-Market,Business,8825.06,0,0,0,0,8825.06,8825.06
2023-08-01,C0007,R01,Mid-Market,Business,8825.06,0,0,0,0,8825.06,8825.06
2023-09-01,C0007,R01,Mid-Market,Business,8825.06,0,264.75,0,0,9089.81,8957.43
2023-10-01,C0007,R01,Mid-Market,Business,9089.81,0,0,0,0,9089.81,9089.81
2023-11-01,C0007,R01,Mid-Market,Business,9089.81,0,0,0,0,9089.81,9089.81
2023-12-01,C0007,R01,Mid-Market,Business,9089.81,0,0,0,0,9089.81,9089.81
2024-01-01,C0007,R01,Mid-Market,Business,9089.81,0,0,0,0,9089.81,9089.81
2024-02-01,C0007,R01,Mid-Market,Business,9089.81,0,0,0,0,9089.81,9089.81
2024-03-01,C0007,R01,Mid-Market,Business,9089.81,0,0,0,0,9089.81,9089.81
2024-04-01,C0007,R01,Mid-Market,Business,9089.81,0,0,0,0,9089.81,9089.81
2024-05-01,C0007,R01,Mid-Market,Business,9089.81,0,0,0,0,9089.81,9089.81
2024-06-01,C0007,R01,Mid-Market,Business,9089.81,0,0,0,0,9089.81,9089.81
2024-07-01,C0007,R01,Mid-Market,Business,9089.81,0,0,0,0,9089.81,9089.81
2024-08-01,C0007,R01,Mid-Market,Business,9089.81,0,0,0,0,9089.81,9089.81
2024-09-01,C0007,R01,Mid-Market,Business,9089.81,0,909.83,0,0,9999.64,9544.72
2024-10-01,C0007,R01,Mid-Market,Business,9999.64,0,0,0,0,9999.64,9999.64
2024-11-01,C0007,R01,Mid-Market,Business,9999.64,0,0,0,0,9999.64,9999.64
2024-12-01,C0007,R01,Mid-Market,Business,9999.64,0,0,0,0,9999.64,9999.64
2025-01-01,C0007,R01,Mid-Market,Business,9999.64,0,0,0,0,9999.64,9999.64
2025-02-01,C0007,R01,Mid-Market,Business,9999.64,0,0,0,0,9999.64,9999.64
2025-03-01,C0007,R01,Mid-Market,Business,9999.64,0,0,0,0,9999.64,9999.64
2025-04-01,C0007,R01,Mid-Market,Business,9999.64,0,0,0,0,9999.64,9999.64
2025-05-01,C0007,R01,Mid-Market,Business,9999.64,0,0,0,0,9999.64,9999.64
2025-06-01,C0007,R01,Mid-Market,Business,9999.64,0,0,0,0,9999.64,9999.64
2025-07-01,C0007,R01,Mid-Market,Business,9999.64,0,0,0,0,9999.64,9999.64
2025-08-01,C0007,R01,Mid-Market,Business,9999.64,0,0,0,0,9999.64,9999.64
2025-09-01,C0007,R01,Mid-Market,Business,9999.64,0,778.51,0,0,10778.15,10388.89
2025-10-01,C0007,R01,Mid-Market,Business,10778.15,0,0,0,0,10778.15,10778.15
2025-11-01,C0007,R01,Mid-Market,Business,10778.15,0,0,0,0,10778.15,10778.15
2025-12-01,C0007,R01,Mid-Market,Business,10778.15,0,0,0,0,10778.15,10778.15
2026-01-01,C0007,R01,Mid-Market,Business,10778.15,0,0,0,0,10778.15,10778.15
2026-02-01,C0007,R01,Mid-Market,Business,10778.15,0,0,0,0,10778.15,10778.15
2026-03-01,C0007,R01,Mid-Market,Business,10778.15,0,0,0,0,10778.15,10778.15
2026-04-01,C0007,R01,Mid-Market,Business,10778.15,0,0,0,0,10778.15,10778.15
2026-05-01,C0007,R01,Mid-Market,Business,10778.15,0,0,0,0,10778.15,10778.15
2026-06-01,C0007,R01,Mid-Market,Business,10778.15,0,0,0,0,10778.15,10778.15
2023-01-01,C0008,R02,Mid-Market,Business,21357.06,0,2598.79,0,0,23955.85,22656.45
2023-02-01,C0008,R02,Mid-Market,Business,23955.85,0,0,0,0,23955.85,23955.85
2023-03-01,C0008,R02,Mid-Market,Business,23955.85,0,0,0,0,23955.85,23955.85
2023-04-01,C0008,R02,Mid-Market,Business,23955.85,0,0,0,0,23955.85,23955.85
2023-05-01,C0008,R02,Mid-Market,Business,23955.85,0,0,0,0,23955.85,23955.85
2023-06-01,C0008,R02,Mid-Market,Business,23955.85,0,0,0,0,23955.85,23955.85
2023-07-01,C0008,R02,Mid-Market,Business,23955.85,0,0,0,0,23955.85,23955.85
2023-08-01,C0008,R02,Mid-Market,Business,23955.85,0,0,0,0,23955.85,23955.85
2023-09-01,C0008,R02,Mid-Market,Business,23955.85,0,0,0,0,23955.85,23955.85
2023-10-01,C0008,R02,Mid-Market,Business,23955.85,0,0,0,0,23955.85,23955.85
2023-11-01,C0008,R02,Mid-Market,Business,23955.85,0,0,0,0,23955.85,23955.85
2023-12-01,C0008,R02,Mid-Market,Business,23955.85,0,0,0,0,23955.85,23955.85
2024-01-01,C0008,R02,Mid-Market,Business,23955.85,0,1381.03,0,0,25336.88,24646.36
2024-02-01,C0008,R02,Mid-Market,Business,25336.88,0,0,0,0,25336.88,25336.88
2024-03-01,C0008,R02,Mid-Market,Business,25336.88,0,0,0,0,25336.88,25336.88
2024-04-01,C0008,R02,Mid-Market,Business,25336.88,0,0,0,0,25336.88,25336.88
2024-05-01,C0008,R02,Mid-Market,Business,25336.88,0,0,0,0,25336.88,25336.88
2024-06-01,C0008,R02,Mid-Market,Business,25336.88,0,0,0,0,25336.88,25336.88
2024-07-01,C0008,R02,Mid-Market,Business,25336.88,0,0,0,0,25336.88,25336.88
2024-08-01,C0008,R02,Mid-Market,Business,25336.88,0,0,0,0,25336.88,25336.88
2024-09-01,C0008,R02,Mid-Market,Business,25336.88,0,0,0,0,25336.88,25336.88
2024-10-01,C0008,R02,Mid-Market,Business,25336.88,0,0,0,0,25336.88,25336.88
2024-11-01,C0008,R02,Mid-Market,Business,25336.88,0,0,0,0,25336.88,25336.88
2024-12-01,C0008,R02,Mid-Market,Business,25336.88,0,0,0,0,25336.88,25336.88
2025-01-01,C0008,R02,Mid-Market,Business,25336.88,0,1885.14,0,0,27222.02,26279.45
2025-02-01,C0008,R02,Mid-Market,Business,27222.02,0,0,0,0,27222.02,27222.02
2025-03-01,C0008,R02,Mid-Market,Business,27222.02,0,0,0,0,27222.02,27222.02
2025-04-01,C0008,R02,Mid-Market,Business,27222.02,0,0,0,0,27222.02,27222.02
2025-05-01,C0008,R02,Mid-Market,Business,27222.02,0,0,0,0,27222.02,27222.02
2025-06-01,C0008,R02,Mid-Market,Business,27222.02,0,0,0,0,27222.02,27222.02
2025-07-01,C0008,R02,Mid-Market,Business,27222.02,0,0,0,0,27222.02,27222.02
2025-08-01,C0008,R02,Mid-Market,Business,27222.02,0,0,0,0,27222.02,27222.02
2025-09-01,C0008,R02,Mid-Market,Business,27222.02,0,0,0,0,27222.02,27222.02
2025-10-01,C0008,R02,Mid-Market,Business,27222.02,0,0,0,0,27222.02,27222.02
2025-11-01,C0008,R02,Mid-Market,Business,27222.02,0,0,0,0,27222.02,27222.02
2025-12-01,C0008,R02,Mid-Market,Business,27222.02,0,0,0,0,27222.02,27222.02
2026-01-01,C0008,R02,Mid-Market,Business,27222.02,0,2619.25,0,0,29841.27,28531.64
2026-02-01,C0008,R02,Mid-Market,Business,29841.27,0,0,0,0,29841.27,29841.27
2026-03-01,C0008,R02,Mid-Market,Business,29841.27,0,0,0,0,29841.27,29841.27
2026-04-01,C0008,R02,Mid-Market,Business,29841.27,0,0,0,0,29841.27,29841.27
2026-05-01,C0008,R02,Mid-Market,Business,29841.27,0,0,0,0,29841.27,29841.27
2026-06-01,C0008,R02,Mid-Market,Business,29841.27,0,0,0,0,29841.27,29841.27
2023-01-01,C0009,R01,SMB,Core,4139.61,0,0,0,0,4139.61,4139.61
2023-02-01,C0009,R01,SMB,Core,4139.61,0,0,0,0,4139.61,4139.61
2023-03-01,C0009,R01,SMB,Core,4139.61,0,124.19,0,0,4263.8,4201.7
2023-04-01,C0009,R01,SMB,Core,4263.8,0,0,0,0,4263.8,4263.8
2023-05-01,C0009,R01,SMB,Core,4263.8,0,0,0,0,4263.8,4263.8
2023-06-01,C0009,R01,SMB,Core,4263.8,0,0,0,0,4263.8,4263.8
2023-07-01,C0009,R01,SMB,Core,4263.8,0,0,0,0,4263.8,4263.8
2023-08-01,C0009,R01,SMB,Core,4263.8,0,0,0,0,4263.8,4263.8
2023-09-01,C0009,R01,SMB,Core,4263.8,0,0,0,0,4263.8,4263.8
2023-10-01,C0009,R01,SMB,Core,4263.8,0,0,0,0,4263.8,4263.8
2023-11-01,C0009,R01,SMB,Core,4263.8,0,0,0,0,4263.8,4263.8
2023-12-01,C0009,R01,SMB,Core,4263.8,0,0,0,0,4263.8,4263.8
2024-01-01,C0009,R01,SMB,Core,4263.8,0,0,0,0,4263.8,4263.8
2024-02-01,C0009,R01,SMB,Core,4263.8,0,0,0,0,4263.8,4263.8
2024-03-01,C0009,R01,SMB,Core,4263.8,0,330.44,0,0,4594.23,4429.02
2024-04-01,C0009,R01,SMB,Core,4594.23,0,0,0,0,4594.23,4594.23
2024-05-01,C0009,R01,SMB,Core,4594.23,0,0,0,0,4594.23,4594.23
2024-06-01,C0009,R01,SMB,Core,4594.23,0,0,0,0,4594.23,4594.23
2024-07-01,C0009,R01,SMB,Core,4594.23,0,0,0,0,4594.23,4594.23
2024-08-01,C0009,R01,SMB,Core,4594.23,0,0,0,0,4594.23,4594.23
2024-09-01,C0009,R01,SMB,Core,4594.23,0,0,0,0,4594.23,4594.23
2024-10-01,C0009,R01,SMB,Core,4594.23,0,0,0,0,4594.23,4594.23
2024-11-01,C0009,R01,SMB,Core,4594.23,0,0,0,0,4594.23,4594.23
2024-12-01,C0009,R01,SMB,Core,4594.23,0,0,0,0,4594.23,4594.23
2025-01-01,C0009,R01,SMB,Core,4594.23,0,0,0,0,4594.23,4594.23
2025-02-01,C0009,R01,SMB,Core,4594.23,0,0,0,0,4594.23,4594.23
2025-03-01,C0009,R01,SMB,Core,4594.23,0,438.31,0,0,5032.54,4813.39
2025-04-01,C0009,R01,SMB,Core,5032.54,0,0,0,0,5032.54,5032.54
2025-05-01,C0009,R01,SMB,Core,5032.54,0,0,0,0,5032.54,5032.54
2025-06-01,C0009,R01,SMB,Core,5032.54,0,0,0,0,5032.54,5032.54
2025-07-01,C0009,R01,SMB,Core,5032.54,0,0,0,0,5032.54,5032.54
2025-08-01,C0009,R01,SMB,Core,5032.54,0,0,0,0,5032.54,5032.54
2025-09-01,C0009,R01,SMB,Core,5032.54,0,0,0,0,5032.54,5032.54
2025-10-01,C0009,R01,SMB,Core,5032.54,0,0,0,0,5032.54,5032.54
2025-11-01,C0009,R01,SMB,Core,5032.54,0,0,0,0,5032.54,5032.54
2025-12-01,C0009,R01,SMB,Core,5032.54,0,0,0,0,5032.54,5032.54
2026-01-01,C0009,R01,SMB,Core,5032.54,0,0,0,0,5032.54,5032.54
2026-02-01,C0009,R01,SMB,Core,5032.54,0,0,0,0,5032.54,5032.54
2026-03-01,C0009,R01,SMB,Core,5032.54,0,150.98,0,0,5183.52,5108.03
2026-04-01,C0009,R01,SMB,Core,5183.52,0,0,0,0,5183.52,5183.52
2026-05-01,C0009,R01,SMB,Core,5183.52,0,0,0,0,5183.52,5183.52
2026-06-01,C0009,R01,SMB,Core,5183.52,0,0,0,0,5183.52,5183.52
2023-01-01,C0010,R04,SMB,Core,1914.94,0,0,0,0,1914.94,1914.94
2023-02-01,C0010,R04,SMB,Core,1914.94,0,165.84,156.76,0,1924.02,1919.48
2023-03-01,C0010,R04,SMB,Core,1924.02,0,0,0,0,1924.02,1924.02
2023-04-01,C0010,R04,SMB,Core,1924.02,0,0,0,0,1924.02,1924.02
2023-05-01,C0010,R04,SMB,Core,1924.02,0,0,0,0,1924.02,1924.02
2023-06-01,C0010,R04,SMB,Core,1924.02,0,0,0,0,1924.02,1924.02
2023-07-01,C0010,R04,SMB,Core,1924.02,0,0,0,0,1924.02,1924.02
2023-08-01,C0010,R04,SMB,Core,1924.02,0,0,0,0,1924.02,1924.02
2023-09-01,C0010,R04,SMB,Core,1924.02,0,0,0,0,1924.02,1924.02
2023-10-01,C0010,R04,SMB,Core,1924.02,0,0,0,0,1924.02,1924.02
2023-11-01,C0010,R04,SMB,Core,1924.02,0,0,0,0,1924.02,1924.02
2023-12-01,C0010,R04,SMB,Core,1924.02,0,0,0,0,1924.02,1924.02
2024-01-01,C0010,R04,SMB,Core,1924.02,0,0,0,0,1924.02,1924.02
2024-02-01,C0010,R04,SMB,Core,1924.02,0,57.72,0,0,1981.74,1952.88
2024-03-01,C0010,R04,SMB,Core,1981.74,0,0,0,0,1981.74,1981.74
2024-04-01,C0010,R04,SMB,Core,1981.74,0,0,0,0,1981.74,1981.74
2024-05-01,C0010,R04,SMB,Core,1981.74,0,0,0,0,1981.74,1981.74
2024-06-01,C0010,R04,SMB,Core,1981.74,0,0,0,0,1981.74,1981.74
2024-07-01,C0010,R04,SMB,Core,1981.74,0,0,0,0,1981.74,1981.74
2024-08-01,C0010,R04,SMB,Core,1981.74,0,0,0,0,1981.74,1981.74
2024-09-01,C0010,R04,SMB,Core,1981.74,0,0,0,0,1981.74,1981.74
2024-10-01,C0010,R04,SMB,Core,1981.74,0,0,0,0,1981.74,1981.74
2024-11-01,C0010,R04,SMB,Core,1981.74,0,0,0,0,1981.74,1981.74
2024-12-01,C0010,R04,SMB,Core,1981.74,0,0,0,0,1981.74,1981.74
2025-01-01,C0010,R04,SMB,Core,1981.74,0,0,0,0,1981.74,1981.74
2025-02-01,C0010,R04,SMB,Core,1981.74,0,59.45,0,0,2041.19,2011.47
2025-03-01,C0010,R04,SMB,Core,2041.19,0,0,0,0,2041.19,2041.19
2025-04-01,C0010,R04,SMB,Core,2041.19,0,0,0,0,2041.19,2041.19
2025-05-01,C0010,R04,SMB,Core,2041.19,0,0,0,0,2041.19,2041.19
2025-06-01,C0010,R04,SMB,Core,2041.19,0,0,0,0,2041.19,2041.19
2025-07-01,C0010,R04,SMB,Core,2041.19,0,0,0,0,2041.19,2041.19
2025-08-01,C0010,R04,SMB,Core,2041.19,0,0,0,0,2041.19,2041.19
2025-09-01,C0010,R04,SMB,Core,2041.19,0,0,0,0,2041.19,2041.19
2025-10-01,C0010,R04,SMB,Core,2041.19,0,0,0,0,2041.19,2041.19
2025-11-01,C0010,R04,SMB,Core,2041.19,0,0,0,0,2041.19,2041.19
2025-12-01,C0010,R04,SMB,Core,2041.19,0,0,0,0,2041.19,2041.19
2026-01-01,C0010,R04,SMB,Core,2041.19,0,0,0,0,2041.19,2041.19
2026-02-01,C0010,R04,SMB,Core,2041.19,0,61.24,0,0,2102.43,2071.81
2026-03-01,C0010,R04,SMB,Core,2102.43,0,0,0,0,2102.43,2102.43
2026-04-01,C0010,R04,SMB,Core,2102.43,0,0,0,0,2102.43,2102.43
2026-05-01,C0010,R04,SMB,Core,2102.43,0,0,0,0,2102.43,2102.43
2026-06-01,C0010,R04,SMB,Core,2102.43,0,0,0,0,2102.43,2102.43
2023-01-01,C0011,R01,SMB,Core,4258.04,0,0,0,0,4258.04,4258.04
2023-02-01,C0011,R01,SMB,Core,4258.04,0,0,0,0,4258.04,4258.04
2023-03-01,C0011,R01,SMB,Core,4258.04,0,0,0,0,4258.04,4258.04
2023-04-01,C0011,R01,SMB,Core,4258.04,0,0,0,0,4258.04,4258.04
2023-05-01,C0011,R01,SMB,Core,4258.04,0,0,0,0,4258.04,4258.04
2023-06-01,C0011,R01,SMB,Core,4258.04,0,0,0,0,4258.04,4258.04
2023-07-01,C0011,R01,SMB,Core,4258.04,0,0,0,0,4258.04,4258.04
2023-08-01,C0011,R01,SMB,Core,4258.04,0,0,0,0,4258.04,4258.04
2023-09-01,C0011,R01,SMB,Core,4258.04,0,0,0,0,4258.04,4258.04
2023-10-01,C0011,R01,SMB,Core,4258.04,0,0,0,0,4258.04,4258.04
2023-11-01,C0011,R01,SMB,Core,4258.04,0,0,0,0,4258.04,4258.04
2023-12-01,C0011,R01,SMB,Core,4258.04,0,127.74,0,0,4385.78,4321.91
2024-01-01,C0011,R01,SMB,Core,4385.78,0,0,0,0,4385.78,4385.78
2024-02-01,C0011,R01,SMB,Core,4385.78,0,0,0,0,4385.78,4385.78
2024-03-01,C0011,R01,SMB,Core,4385.78,0,0,0,0,4385.78,4385.78
2024-04-01,C0011,R01,SMB,Core,4385.78,0,0,0,0,4385.78,4385.78
2024-05-01,C0011,R01,SMB,Core,4385.78,0,0,0,0,4385.78,4385.78
2024-06-01,C0011,R01,SMB,Core,4385.78,0,0,0,0,4385.78,4385.78
2024-07-01,C0011,R01,SMB,Core,4385.78,0,0,0,0,4385.78,4385.78
2024-08-01,C0011,R01,SMB,Core,4385.78,0,0,0,0,4385.78,4385.78
2024-09-01,C0011,R01,SMB,Core,4385.78,0,0,0,0,4385.78,4385.78
2024-10-01,C0011,R01,SMB,Core,4385.78,0,0,0,0,4385.78,4385.78
2024-11-01,C0011,R01,SMB,Core,4385.78,0,0,0,0,4385.78,4385.78
2024-12-01,C0011,R01,SMB,Core,4385.78,0,258.67,119.15,0,4525.29,4455.54
2025-01-01,C0011,R01,SMB,Core,4525.29,0,0,0,0,4525.29,4525.29
2025-02-01,C0011,R01,SMB,Core,4525.29,0,0,0,0,4525.29,4525.29
2025-03-01,C0011,R01,SMB,Core,4525.29,0,0,0,0,4525.29,4525.29
2025-04-01,C0011,R01,SMB,Core,4525.29,0,0,0,0,4525.29,4525.29
2025-05-01,C0011,R01,SMB,Core,4525.29,0,0,0,0,4525.29,4525.29
2025-06-01,C0011,R01,SMB,Core,4525.29,0,0,0,0,4525.29,4525.29
2025-07-01,C0011,R01,SMB,Core,4525.29,0,0,0,0,4525.29,4525.29
2025-08-01,C0011,R01,SMB,Core,4525.29,0,0,0,0,4525.29,4525.29
2025-09-01,C0011,R01,SMB,Core,4525.29,0,0,0,0,4525.29,4525.29
2025-10-01,C0011,R01,SMB,Core,4525.29,0,0,0,0,4525.29,4525.29
2025-11-01,C0011,R01,SMB,Core,4525.29,0,0,0,0,4525.29,4525.29
2025-12-01,C0011,R01,SMB,Core,4525.29,0,472.25,0,0,4997.54,4761.42
2026-01-01,C0011,R01,SMB,Core,4997.54,0,0,0,0,4997.54,4997.54
2026-02-01,C0011,R01,SMB,Core,4997.54,0,0,0,0,4997.54,4997.54
2026-03-01,C0011,R01,SMB,Core,4997.54,0,0,0,0,4997.54,4997.54
2026-04-01,C0011,R01,SMB,Core,4997.54,0,0,0,0,4997.54,4997.54
2026-05-01,C0011,R01,SMB,Core,4997.54,0,0,0,0,4997.54,4997.54
2026-06-01,C0011,R01,SMB,Core,4997.54,0,0,0,0,4997.54,4997.54
2024-11-01,C0012,R04,Mid-Market,Business,0,15115.41,0,0,0,15115.41,7557.71
2024-12-01,C0012,R04,Mid-Market,Business,15115.41,0,0,0,0,15115.41,15115.41
2025-01-01,C0012,R04,Mid-Market,Business,15115.41,0,0,0,0,15115.41,15115.41
2025-02-01,C0012,R04,Mid-Market,Business,15115.41,0,0,0,0,15115.41,15115.41
2025-03-01,C0012,R04,Mid-Market,Business,15115.41,0,0,0,0,15115.41,15115.41
2025-04-01,C0012,R04,Mid-Market,Business,15115.41,0,0,0,0,15115.41,15115.41
2025-05-01,C0012,R04,Mid-Market,Business,15115.41,0,0,0,0,15115.41,15115.41
2025-06-01,C0012,R04,Mid-Market,Business,15115.41,0,0,0,0,15115.41,15115.41
2025-07-01,C0012,R04,Mid-Market,Business,15115.41,0,0,0,0,15115.41,15115.41
2025-08-01,C0012,R04,Mid-Market,Business,15115.41,0,0,0,0,15115.41,15115.41
2025-09-01,C0012,R04,Mid-Market,Business,15115.41,0,0,0,0,15115.41,15115.41
2025-10-01,C0012,R04,Mid-Market,Business,15115.41,0,0,0,0,15115.41,15115.41
2025-11-01,C0012,R04,Mid-Market,Business,15115.41,0,1145.07,1181.21,0,15079.27,15097.34
2025-12-01,C0012,R04,Mid-Market,Business,15079.27,0,0,0,0,15079.27,15079.27
2026-01-01,C0012,R04,Mid-Market,Business,15079.27,0,0,0,0,15079.27,15079.27
2026-02-01,C0012,R04,Mid-Market,Business,15079.27,0,0,0,0,15079.27,15079.27
2026-03-01,C0012,R04,Mid-Market,Business,15079.27,0,0,0,0,15079.27,15079.27
2026-04-01,C0012,R04,Mid-Market,Business,15079.27,0,0,0,0,15079.27,15079.27
2026-05-01,C0012,R04,Mid-Market,Business,15079.27,0,0,0,0,15079.27,15079.27
2026-06-01,C0012,R04,Mid-Market,Business,15079.27,0,0,0,0,15079.27,15079.27
2023-01-01,C0013,R02,Mid-Market,Business,9415.16,0,282.45,0,0,9697.62,9556.39
2023-02-01,C0013,R02,Mid-Market,Business,9697.62,0,0,0,0,9697.62,9697.62
2023-03-01,C0013,R02,Mid-Market,Business,9697.62,0,0,0,0,9697.62,9697.62
2023-04-01,C0013,R02,Mid-Market,Business,9697.62,0,0,0,0,9697.62,9697.62
2023-05-01,C0013,R02,Mid-Market,Business,9697.62,0,0,0,0,9697.62,9697.62
2023-06-01,C0013,R02,Mid-Market,Business,9697.62,0,0,0,0,9697.62,9697.62
2023-07-01,C0013,R02,Mid-Market,Business,9697.62,0,0,0,0,9697.62,9697.62
2023-08-01,C0013,R02,Mid-Market,Business,9697.62,0,0,0,0,9697.62,9697.62
2023-09-01,C0013,R02,Mid-Market,Business,9697.62,0,0,0,0,9697.62,9697.62
2023-10-01,C0013,R02,Mid-Market,Business,9697.62,0,0,0,0,9697.62,9697.62
2023-11-01,C0013,R02,Mid-Market,Business,9697.62,0,0,0,0,9697.62,9697.62
2023-12-01,C0013,R02,Mid-Market,Business,9697.62,0,0,0,0,9697.62,9697.62
2024-01-01,C0013,R02,Mid-Market,Business,9697.62,0,290.93,0,0,9988.55,9843.08
2024-02-01,C0013,R02,Mid-Market,Business,9988.55,0,0,0,0,9988.55,9988.55
2024-03-01,C0013,R02,Mid-Market,Business,9988.55,0,0,0,0,9988.55,9988.55
2024-04-01,C0013,R02,Mid-Market,Business,9988.55,0,0,0,0,9988.55,9988.55
2024-05-01,C0013,R02,Mid-Market,Business,9988.55,0,0,0,0,9988.55,9988.55
2024-06-01,C0013,R02,Mid-Market,Business,9988.55,0,0,0,0,9988.55,9988.55
2024-07-01,C0013,R02,Mid-Market,Business,9988.55,0,0,0,0,9988.55,9988.55
2024-08-01,C0013,R02,Mid-Market,Business,9988.55,0,0,0,0,9988.55,9988.55
2024-09-01,C0013,R02,Mid-Market,Business,9988.55,0,0,0,0,9988.55,9988.55
2024-10-01,C0013,R02,Mid-Market,Business,9988.55,0,0,0,0,9988.55,9988.55
2024-11-01,C0013,R02,Mid-Market,Business,9988.55,0,0,0,0,9988.55,9988.55
2024-12-01,C0013,R02,Mid-Market,Business,9988.55,0,0,0,0,9988.55,9988.55
2025-01-01,C0013,R02,Mid-Market,Business,9988.55,0,681.32,0,0,10669.87,10329.21
2025-02-01,C0013,R02,Mid-Market,Business,10669.87,0,0,0,0,10669.87,10669.87
2025-03-01,C0013,R02,Mid-Market,Business,10669.87,0,0,0,0,10669.87,10669.87
2025-04-01,C0013,R02,Mid-Market,Business,10669.87,0,0,0,0,10669.87,10669.87
2025-05-01,C0013,R02,Mid-Market,Business,10669.87,0,0,0,0,10669.87,10669.87
2025-06-01,C0013,R02,Mid-Market,Business,10669.87,0,0,0,0,10669.87,10669.87
2025-07-01,C0013,R02,Mid-Market,Business,10669.87,0,0,0,0,10669.87,10669.87
2025-08-01,C0013,R02,Mid-Market,Business,10669.87,0,0,0,0,10669.87,10669.87
2025-09-01,C0013,R02,Mid-Market,Business,10669.87,0,0,0,0,10669.87,10669.87
2025-10-01,C0013,R02,Mid-Market,Business,10669.87,0,0,0,0,10669.87,10669.87
2025-11-01,C0013,R02,Mid-Market,Business,10669.87,0,0,0,0,10669.87,10669.87
2025-12-01,C0013,R02,Mid-Market,Business,10669.87,0,0,0,0,10669.87,10669.87
2026-01-01,C0013,R02,Mid-Market,Business,10669.87,0,320.1,0,0,10989.96,10829.92
2026-02-01,C0013,R02,Mid-Market,Business,10989.96,0,0,0,0,10989.96,10989.96
2026-03-01,C0013,R02,Mid-Market,Business,10989.96,0,0,0,0,10989.96,10989.96
2026-04-01,C0013,R02,Mid-Market,Business,10989.96,0,0,0,0,10989.96,10989.96
2026-05-01,C0013,R02,Mid-Market,Business,10989.96,0,0,0,0,10989.96,10989.96
2026-06-01,C0013,R02,Mid-Market,Business,10989.96,0,0,0,0,10989.96,10989.96
2023-01-01,C0014,R03,SMB,Core,2448.72,0,0,0,0,2448.72,2448.72
2023-02-01,C0014,R03,SMB,Core,2448.72,0,0,0,0,2448.72,2448.72
2023-03-01,C0014,R03,SMB,Core,2448.72,0,0,0,0,2448.72,2448.72
2023-04-01,C0014,R03,SMB,Core,2448.72,0,73.46,24.49,0,2497.69,2473.21
2023-05-01,C0014,R03,SMB,Core,2497.69,0,0,0,0,2497.69,2497.69
2023-06-01,C0014,R03,SMB,Core,2497.69,0,0,0,0,2497.69,2497.69
2023-07-01,C0014,R03,SMB,Core,2497.69,0,0,0,0,2497.69,2497.69
2023-08-01,C0014,R03,SMB,Core,2497.69,0,0,0,0,2497.69,2497.69
2023-09-01,C0014,R03,SMB,Core,2497.69,0,0,0,0,2497.69,2497.69
2023-10-01,C0014,R03,SMB,Core,2497.69,0,0,0,0,2497.69,2497.69
2023-11-01,C0014,R03,SMB,Core,2497.69,0,0,0,0,2497.69,2497.69
2023-12-01,C0014,R03,SMB,Core,2497.69,0,0,0,0,2497.69,2497.69
2024-01-01,C0014,R03,SMB,Core,2497.69,0,0,0,0,2497.69,2497.69
2024-02-01,C0014,R03,SMB,Core,2497.69,0,0,0,0,2497.69,2497.69
2024-03-01,C0014,R03,SMB,Core,2497.69,0,0,0,0,2497.69,2497.69
2024-04-01,C0014,R03,SMB,Core,2497.69,0,74.93,0,0,2572.62,2535.16
2024-05-01,C0014,R03,SMB,Core,2572.62,0,0,0,0,2572.62,2572.62
2024-06-01,C0014,R03,SMB,Core,2572.62,0,0,0,0,2572.62,2572.62
2024-07-01,C0014,R03,SMB,Core,2572.62,0,0,0,0,2572.62,2572.62
2024-08-01,C0014,R03,SMB,Core,2572.62,0,0,0,0,2572.62,2572.62
2024-09-01,C0014,R03,SMB,Core,2572.62,0,0,0,0,2572.62,2572.62
2024-10-01,C0014,R03,SMB,Core,2572.62,0,0,0,0,2572.62,2572.62
2024-11-01,C0014,R03,SMB,Core,2572.62,0,0,0,0,2572.62,2572.62
2024-12-01,C0014,R03,SMB,Core,2572.62,0,0,0,0,2572.62,2572.62
2025-01-01,C0014,R03,SMB,Core,2572.62,0,0,0,0,2572.62,2572.62
2025-02-01,C0014,R03,SMB,Core,2572.62,0,0,0,0,2572.62,2572.62
2025-03-01,C0014,R03,SMB,Core,2572.62,0,0,0,0,2572.62,2572.62
2025-04-01,C0014,R03,SMB,Core,2572.62,0,219.39,0,0,2792.02,2682.32
2025-05-01,C0014,R03,SMB,Core,2792.02,0,0,0,0,2792.02,2792.02
2025-06-01,C0014,R03,SMB,Core,2792.02,0,0,0,0,2792.02,2792.02
2025-07-01,C0014,R03,SMB,Core,2792.02,0,0,0,0,2792.02,2792.02
2025-08-01,C0014,R03,SMB,Core,2792.02,0,0,0,0,2792.02,2792.02
2025-09-01,C0014,R03,SMB,Core,2792.02,0,0,0,0,2792.02,2792.02
2025-10-01,C0014,R03,SMB,Core,2792.02,0,0,0,0,2792.02,2792.02
2025-11-01,C0014,R03,SMB,Core,2792.02,0,0,0,0,2792.02,2792.02
2025-12-01,C0014,R03,SMB,Core,2792.02,0,0,0,0,2792.02,2792.02
2026-01-01,C0014,R03,SMB,Core,2792.02,0,0,0,0,2792.02,2792.02
2026-02-01,C0014,R03,SMB,Core,2792.02,0,0,0,0,2792.02,2792.02
2026-03-01,C0014,R03,SMB,Core,2792.02,0,0,0,0,2792.02,2792.02
2026-04-01,C0014,R03,SMB,Core,2792.02,0,83.76,0,0,2875.78,2833.9
2026-05-01,C0014,R03,SMB,Core,2875.78,0,0,0,0,2875.78,2875.78
2026-06-01,C0014,R03,SMB,Core,2875.78,0,0,0,0,2875.78,2875.78
2023-01-01,C0015,R03,SMB,Core,2499.52,0,0,0,0,2499.52,2499.52
2023-02-01,C0015,R03,SMB,Core,2499.52,0,0,0,0,2499.52,2499.52
2023-03-01,C0015,R03,SMB,Core,2499.52,0,0,0,0,2499.52,2499.52
2023-04-01,C0015,R03,SMB,Core,2499.52,0,0,0,0,2499.52,2499.52
2023-05-01,C0015,R03,SMB,Core,2499.52,0,0,0,0,2499.52,2499.52
2023-06-01,C0015,R03,SMB,Core,2499.52,0,0,0,0,2499.52,2499.52
2023-07-01,C0015,R03,SMB,Core,2499.52,0,0,0,0,2499.52,2499.52
2023-08-01,C0015,R03,SMB,Core,2499.52,0,0,0,0,2499.52,2499.52
2023-09-01,C0015,R03,SMB,Core,2499.52,0,0,0,0,2499.52,2499.52
2023-10-01,C0015,R03,SMB,Core,2499.52,0,0,0,0,2499.52,2499.52
2023-11-01,C0015,R03,SMB,Core,2499.52,0,0,0,0,2499.52,2499.52
2023-12-01,C0015,R03,SMB,Core,2499.52,0,251.04,0,0,2750.55,2625.04
2024-01-01,C0015,R03,SMB,Core,2750.55,0,0,0,0,2750.55,2750.55
2024-02-01,C0015,R03,SMB,Core,2750.55,0,0,0,0,2750.55,2750.55
2024-03-01,C0015,R03,SMB,Core,2750.55,0,0,0,0,2750.55,2750.55
2024-04-01,C0015,R03,SMB,Core,2750.55,0,0,0,0,2750.55,2750.55
2024-05-01,C0015,R03,SMB,Core,2750.55,0,0,0,0,2750.55,2750.55
2024-06-01,C0015,R03,SMB,Core,2750.55,0,0,0,0,2750.55,2750.55
2024-07-01,C0015,R03,SMB,Core,2750.55,0,0,0,0,2750.55,2750.55
2024-08-01,C0015,R03,SMB,Core,2750.55,0,0,0,0,2750.55,2750.55
2024-09-01,C0015,R03,SMB,Core,2750.55,0,0,0,0,2750.55,2750.55
2024-10-01,C0015,R03,SMB,Core,2750.55,0,0,0,0,2750.55,2750.55
2024-11-01,C0015,R03,SMB,Core,2750.55,0,0,0,0,2750.55,2750.55
2024-12-01,C0015,R03,SMB,Core,2750.55,0,82.52,0,0,2833.07,2791.81
2025-01-01,C0015,R03,SMB,Core,2833.07,0,0,0,0,2833.07,2833.07
2025-02-01,C0015,R03,SMB,Core,2833.07,0,0,0,0,2833.07,2833.07
2025-03-01,C0015,R03,SMB,Core,2833.07,0,0,0,0,2833.07,2833.07
2025-04-01,C0015,R03,SMB,Core,2833.07,0,0,0,0,2833.07,2833.07
2025-05-01,C0015,R03,SMB,Core,2833.07,0,0,0,0,2833.07,2833.07
2025-06-01,C0015,R03,SMB,Core,2833.07,0,0,0,0,2833.07,2833.07
2025-07-01,C0015,R03,SMB,Core,2833.07,0,0,0,0,2833.07,2833.07
2025-08-01,C0015,R03,SMB,Core,2833.07,0,0,0,0,2833.07,2833.07
2025-09-01,C0015,R03,SMB,Core,2833.07,0,0,0,0,2833.07,2833.07
2025-10-01,C0015,R03,SMB,Core,2833.07,0,0,0,0,2833.07,2833.07
2025-11-01,C0015,R03,SMB,Core,2833.07,0,0,0,0,2833.07,2833.07
2025-12-01,C0015,R03,SMB,Core,2833.07,0,84.99,0,0,2918.06,2875.57
2026-01-01,C0015,R03,SMB,Core,2918.06,0,0,0,0,2918.06,2918.06
2026-02-01,C0015,R03,SMB,Core,2918.06,0,0,0,0,2918.06,2918.06
2026-03-01,C0015,R03,SMB,Core,2918.06,0,0,0,0,2918.06,2918.06
2026-04-01,C0015,R03,SMB,Core,2918.06,0,0,0,0,2918.06,2918.06
2026-05-01,C0015,R03,SMB,Core,2918.06,0,0,0,0,2918.06,2918.06
2026-06-01,C0015,R03,SMB,Core,2918.06,0,0,0,0,2918.06,2918.06
2023-01-01,C0016,R01,SMB,Core,2861.84,0,0,0,0,2861.84,2861.84
2023-02-01,C0016,R01,SMB,Core,2861.84,0,0,0,0,2861.84,2861.84
2023-03-01,C0016,R01,SMB,Core,2861.84,0,85.86,0,0,2947.69,2904.76
2023-04-01,C0016,R01,SMB,Core,2947.69,0,0,0,0,2947.69,2947.69
2023-05-01,C0016,R01,SMB,Core,2947.69,0,0,0,0,2947.69,2947.69
2023-06-01,C0016,R01,SMB,Core,2947.69,0,0,0,0,2947.69,2947.69
2023-07-01,C0016,R01,SMB,Core,2947.69,0,0,0,0,2947.69,2947.69
2023-08-01,C0016,R01,SMB,Core,2947.69,0,0,0,0,2947.69,2947.69
2023-09-01,C0016,R01,SMB,Core,2947.69,0,0,0,0,2947.69,2947.69
2023-10-01,C0016,R01,SMB,Core,2947.69,0,0,0,0,2947.69,2947.69
2023-11-01,C0016,R01,SMB,Core,2947.69,0,0,0,0,2947.69,2947.69
2023-12-01,C0016,R01,SMB,Core,2947.69,0,0,0,0,2947.69,2947.69
2024-01-01,C0016,R01,SMB,Core,2947.69,0,0,0,0,2947.69,2947.69
2024-02-01,C0016,R01,SMB,Core,2947.69,0,0,0,0,2947.69,2947.69
2024-03-01,C0016,R01,SMB,Core,2947.69,0,315.98,137.92,0,3125.74,3036.72
2024-04-01,C0016,R01,SMB,Core,3125.74,0,0,0,0,3125.74,3125.74
2024-05-01,C0016,R01,SMB,Core,3125.74,0,0,0,0,3125.74,3125.74
2024-06-01,C0016,R01,SMB,Core,3125.74,0,0,0,0,3125.74,3125.74
2024-07-01,C0016,R01,SMB,Core,3125.74,0,0,0,0,3125.74,3125.74
2024-08-01,C0016,R01,SMB,Core,3125.74,0,0,0,0,3125.74,3125.74
2024-09-01,C0016,R01,SMB,Core,3125.74,0,0,0,0,3125.74,3125.74
2024-10-01,C0016,R01,SMB,Core,3125.74,0,0,0,0,3125.74,3125.74
2024-11-01,C0016,R01,SMB,Core,3125.74,0,0,0,0,3125.74,3125.74
2024-12-01,C0016,R01,SMB,Core,3125.74,0,0,0,0,3125.74,3125.74
2025-01-01,C0016,R01,SMB,Core,3125.74,0,0,0,0,3125.74,3125.74
2025-02-01,C0016,R01,SMB,Core,3125.74,0,0,0,0,3125.74,3125.74
2025-03-01,C0016,R01,SMB,Core,3125.74,0,328.12,0,3453.87,0,1562.87
2025-06-01,C0017,R02,Enterprise,Enterprise Suite,0,61534.96,0,0,0,61534.96,30767.48
2025-07-01,C0017,R02,Enterprise,Enterprise Suite,61534.96,0,0,0,0,61534.96,61534.96
2025-08-01,C0017,R02,Enterprise,Enterprise Suite,61534.96,0,0,0,0,61534.96,61534.96
2025-09-01,C0017,R02,Enterprise,Enterprise Suite,61534.96,0,0,0,0,61534.96,61534.96
2025-10-01,C0017,R02,Enterprise,Enterprise Suite,61534.96,0,0,0,0,61534.96,61534.96
2025-11-01,C0017,R02,Enterprise,Enterprise Suite,61534.96,0,0,0,0,61534.96,61534.96
2025-12-01,C0017,R02,Enterprise,Enterprise Suite,61534.96,0,0,0,0,61534.96,61534.96
2026-01-01,C0017,R02,Enterprise,Enterprise Suite,61534.96,0,0,0,0,61534.96,61534.96
2026-02-01,C0017,R02,Enterprise,Enterprise Suite,61534.96,0,0,0,0,61534.96,61534.96
2026-03-01,C0017,R02,Enterprise,Enterprise Suite,61534.96,0,0,0,0,61534.96,61534.96
2026-04-01,C0017,R02,Enterprise,Enterprise Suite,61534.96,0,0,0,0,61534.96,61534.96
2026-05-01,C0017,R02,Enterprise,Enterprise Suite,61534.96,0,0,0,0,61534.96,61534.96
2026-06-01,C0017,R02,Enterprise,Enterprise Suite,61534.96,0,1846.05,0,0,63381.01,62457.99
2023-01-01,C0018,R01,SMB,Core,2845.66,0,0,0,0,2845.66,2845.66
2023-02-01,C0018,R01,SMB,Core,2845.66,0,0,0,0,2845.66,2845.66
2023-03-01,C0018,R01,SMB,Core,2845.66,0,0,0,0,2845.66,2845.66
2023-04-01,C0018,R01,SMB,Core,2845.66,0,0,0,0,2845.66,2845.66
2023-05-01,C0018,R01,SMB,Core,2845.66,0,0,0,0,2845.66,2845.66
2023-06-01,C0018,R01,SMB,Core,2845.66,0,0,0,0,2845.66,2845.66
2023-07-01,C0018,R01,SMB,Core,2845.66,0,0,0,0,2845.66,2845.66
2023-08-01,C0018,R01,SMB,Core,2845.66,0,0,0,0,2845.66,2845.66
2023-09-01,C0018,R01,SMB,Core,2845.66,0,0,0,0,2845.66,2845.66
2023-10-01,C0018,R01,SMB,Core,2845.66,0,0,0,0,2845.66,2845.66
2023-11-01,C0018,R01,SMB,Core,2845.66,0,0,0,0,2845.66,2845.66
2023-12-01,C0018,R01,SMB,Core,2845.66,0,85.37,69.95,0,2861.08,2853.37
2024-01-01,C0018,R01,SMB,Core,2861.08,0,0,0,0,2861.08,2861.08
2024-02-01,C0018,R01,SMB,Core,2861.08,0,0,0,0,2861.08,2861.08
2024-03-01,C0018,R01,SMB,Core,2861.08,0,0,0,0,2861.08,2861.08
2024-04-01,C0018,R01,SMB,Core,2861.08,0,0,0,0,2861.08,2861.08
2024-05-01,C0018,R01,SMB,Core,2861.08,0,0,0,0,2861.08,2861.08
2024-06-01,C0018,R01,SMB,Core,2861.08,0,0,0,0,2861.08,2861.08
2024-07-01,C0018,R01,SMB,Core,2861.08,0,0,0,0,2861.08,2861.08
2024-08-01,C0018,R01,SMB,Core,2861.08,0,0,0,0,2861.08,2861.08
2024-09-01,C0018,R01,SMB,Core,2861.08,0,0,0,0,2861.08,2861.08
2024-10-01,C0018,R01,SMB,Core,2861.08,0,0,0,0,2861.08,2861.08
2024-11-01,C0018,R01,SMB,Core,2861.08,0,0,0,0,2861.08,2861.08
2024-12-01,C0018,R01,SMB,Core,2861.08,0,85.83,0,0,2946.91,2904
2025-01-01,C0018,R01,SMB,Core,2946.91,0,0,0,0,2946.91,2946.91
2025-02-01,C0018,R01,SMB,Core,2946.91,0,0,0,0,2946.91,2946.91
2025-03-01,C0018,R01,SMB,Core,2946.91,0,0,0,0,2946.91,2946.91
2025-04-01,C0018,R01,SMB,Core,2946.91,0,0,0,0,2946.91,2946.91
2025-05-01,C0018,R01,SMB,Core,2946.91,0,0,0,0,2946.91,2946.91
2025-06-01,C0018,R01,SMB,Core,2946.91,0,0,0,0,2946.91,2946.91
2025-07-01,C0018,R01,SMB,Core,2946.91,0,0,0,0,2946.91,2946.91
2025-08-01,C0018,R01,SMB,Core,2946.91,0,0,0,0,2946.91,2946.91
2025-09-01,C0018,R01,SMB,Core,2946.91,0,0,0,0,2946.91,2946.91
2025-10-01,C0018,R01,SMB,Core,2946.91,0,0,0,0,2946.91,2946.91
2025-11-01,C0018,R01,SMB,Core,2946.91,0,0,0,0,2946.91,2946.91
2025-12-01,C0018,R01,SMB,Core,2946.91,0,302.36,0,0,3249.27,3098.09
2026-01-01,C0018,R01,SMB,Core,3249.27,0,0,0,0,3249.27,3249.27
2026-02-01,C0018,R01,SMB,Core,3249.27,0,0,0,0,3249.27,3249.27
2026-03-01,C0018,R01,SMB,Core,3249.27,0,0,0,0,3249.27,3249.27
2026-04-01,C0018,R01,SMB,Core,3249.27,0,0,0,0,3249.27,3249.27
2026-05-01,C0018,R01,SMB,Core,3249.27,0,0,0,0,3249.27,3249.27
2026-06-01,C0018,R01,SMB,Core,3249.27,0,0,0,0,3249.27,3249.27
2025-08-01,C0019,R01,Enterprise,Enterprise Suite,0,56929.28,0,0,0,56929.28,28464.64
2025-09-01,C0019,R01,Enterprise,Enterprise Suite,56929.28,0,0,0,0,56929.28,56929.28
2025-10-01,C0019,R01,Enterprise,Enterprise Suite,56929.28,0,0,0,0,56929.28,56929.28
2025-11-01,C0019,R01,Enterprise,Enterprise Suite,56929.28,0,0,0,0,56929.28,56929.28
2025-12-01,C0019,R01,Enterprise,Enterprise Suite,56929.28,0,0,0,0,56929.28,56929.28
2026-01-01,C0019,R01,Enterprise,Enterprise Suite,56929.28,0,0,0,0,56929.28,56929.28
2026-02-01,C0019,R01,Enterprise,Enterprise Suite,56929.28,0,0,0,0,56929.28,56929.28
2026-03-01,C0019,R01,Enterprise,Enterprise Suite,56929.28,0,0,0,0,56929.28,56929.28
2026-04-01,C0019,R01,Enterprise,Enterprise Suite,56929.28,0,0,0,0,56929.28,56929.28
2026-05-01,C0019,R01,Enterprise,Enterprise Suite,56929.28,0,0,0,0,56929.28,56929.28
2026-06-01,C0019,R01,Enterprise,Enterprise Suite,56929.28,0,0,0,0,56929.28,56929.28
2023-02-01,C0020,R01,Mid-Market,Business,0,11128.82,0,0,0,11128.82,5564.41
2023-03-01,C0020,R01,Mid-Market,Business,11128.82,0,0,0,0,11128.82,11128.82
2023-04-01,C0020,R01,Mid-Market,Business,11128.82,0,0,0,0,11128.82,11128.82
2023-05-01,C0020,R01,Mid-Market,Business,11128.82,0,0,0,0,11128.82,11128.82
2023-06-01,C0020,R01,Mid-Market,Business,11128.82,0,0,0,0,11128.82,11128.82
2023-07-01,C0020,R01,Mid-Market,Business,11128.82,0,0,0,0,11128.82,11128.82
2023-08-01,C0020,R01,Mid-Market,Business,11128.82,0,0,0,0,11128.82,11128.82
2023-09-01,C0020,R01,Mid-Market,Business,11128.82,0,0,0,0,11128.82,11128.82
2023-10-01,C0020,R01,Mid-Market,Business,11128.82,0,0,0,0,11128.82,11128.82
2023-11-01,C0020,R01,Mid-Market,Business,11128.82,0,0,0,0,11128.82,11128.82
2023-12-01,C0020,R01,Mid-Market,Business,11128.82,0,0,0,0,11128.82,11128.82
2024-01-01,C0020,R01,Mid-Market,Business,11128.82,0,0,0,0,11128.82,11128.82
2024-02-01,C0020,R01,Mid-Market,Business,11128.82,0,1054.29,0,0,12183.11,11655.96
2024-03-01,C0020,R01,Mid-Market,Business,12183.11,0,0,0,0,12183.11,12183.11
2024-04-01,C0020,R01,Mid-Market,Business,12183.11,0,0,0,0,12183.11,12183.11
2024-05-01,C0020,R01,Mid-Market,Business,12183.11,0,0,0,0,12183.11,12183.11
2024-06-01,C0020,R01,Mid-Market,Business,12183.11,0,0,0,0,12183.11,12183.11
2024-07-01,C0020,R01,Mid-Market,Business,12183.11,0,0,0,0,12183.11,12183.11
2024-08-01,C0020,R01,Mid-Market,Business,12183.11,0,0,0,0,12183.11,12183.11
2024-09-01,C0020,R01,Mid-Market,Business,12183.11,0,0,0,0,12183.11,12183.11
2024-10-01,C0020,R01,Mid-Market,Business,12183.11,0,0,0,0,12183.11,12183.11
2024-11-01,C0020,R01,Mid-Market,Business,12183.11,0,0,0,0,12183.11,12183.11
2024-12-01,C0020,R01,Mid-Market,Business,12183.11,0,0,0,0,12183.11,12183.11
2025-01-01,C0020,R01,Mid-Market,Business,12183.11,0,0,0,0,12183.11,12183.11
2025-02-01,C0020,R01,Mid-Market,Business,12183.11,0,611.83,810.94,0,11983.99,12083.55
2025-03-01,C0020,R01,Mid-Market,Business,11983.99,0,0,0,0,11983.99,11983.99
2025-04-01,C0020,R01,Mid-Market,Business,11983.99,0,0,0,0,11983.99,11983.99
2025-05-01,C0020,R01,Mid-Market,Business,11983.99,0,0,0,0,11983.99,11983.99
2025-06-01,C0020,R01,Mid-Market,Business,11983.99,0,0,0,0,11983.99,11983.99
2025-07-01,C0020,R01,Mid-Market,Business,11983.99,0,0,0,0,11983.99,11983.99
2025-08-01,C0020,R01,Mid-Market,Business,11983.99,0,0,0,0,11983.99,11983.99
2025-09-01,C0020,R01,Mid-Market,Business,11983.99,0,0,0,0,11983.99,11983.99
2025-10-01,C0020,R01,Mid-Market,Business,11983.99,0,0,0,0,11983.99,11983.99
2025-11-01,C0020,R01,Mid-Market,Business,11983.99,0,0,0,0,11983.99,11983.99
2025-12-01,C0020,R01,Mid-Market,Business,11983.99,0,0,0,0,11983.99,11983.99
2026-01-01,C0020,R01,Mid-Market,Business,11983.99,0,0,0,0,11983.99,11983.99
2026-02-01,C0020,R01,Mid-Market,Business,11983.99,0,359.52,0,0,12343.51,12163.75
2026-03-01,C0020,R01,Mid-Market,Business,12343.51,0,0,0,0,12343.51,12343.51
2026-04-01,C0020,R01,Mid-Market,Business,12343.51,0,0,0,0,12343.51,12343.51
2026-05-01,C0020,R01,Mid-Market,Business,12343.51,0,0,0,0,12343.51,12343.51
2026-06-01,C0020,R01,Mid-Market,Business,12343.51,0,0,0,0,12343.51,12343.51
2023-01-01,C0021,R04,Mid-Market,Business,21728.76,0,0,0,0,21728.76,21728.76
2023-02-01,C0021,R04,Mid-Market,Business,21728.76,0,0,0,0,21728.76,21728.76
2023-03-01,C0021,R04,Mid-Market,Business,21728.76,0,0,0,0,21728.76,21728.76
2023-04-01,C0021,R04,Mid-Market,Business,21728.76,0,0,0,0,21728.76,21728.76
2023-05-01,C0021,R04,Mid-Market,Business,21728.76,0,0,0,0,21728.76,21728.76
2023-06-01,C0021,R04,Mid-Market,Business,21728.76,0,0,0,0,21728.76,21728.76
2023-07-01,C0021,R04,Mid-Market,Business,21728.76,0,0,0,0,21728.76,21728.76
2023-08-01,C0021,R04,Mid-Market,Business,21728.76,0,0,0,0,21728.76,21728.76
2023-09-01,C0021,R04,Mid-Market,Business,21728.76,0,0,0,0,21728.76,21728.76
2023-10-01,C0021,R04,Mid-Market,Business,21728.76,0,0,0,0,21728.76,21728.76
2023-11-01,C0021,R04,Mid-Market,Business,21728.76,0,0,0,0,21728.76,21728.76
2023-12-01,C0021,R04,Mid-Market,Business,21728.76,0,1936.42,0,0,23665.18,22696.97
2024-01-01,C0021,R04,Mid-Market,Business,23665.18,0,0,0,0,23665.18,23665.18
2024-02-01,C0021,R04,Mid-Market,Business,23665.18,0,0,0,0,23665.18,23665.18
2024-03-01,C0021,R04,Mid-Market,Business,23665.18,0,0,0,0,23665.18,23665.18
2024-04-01,C0021,R04,Mid-Market,Business,23665.18,0,0,0,0,23665.18,23665.18
2024-05-01,C0021,R04,Mid-Market,Business,23665.18,0,0,0,0,23665.18,23665.18
2024-06-01,C0021,R04,Mid-Market,Business,23665.18,0,0,0,0,23665.18,23665.18
2024-07-01,C0021,R04,Mid-Market,Business,23665.18,0,0,0,0,23665.18,23665.18
2024-08-01,C0021,R04,Mid-Market,Business,23665.18,0,0,0,0,23665.18,23665.18
2024-09-01,C0021,R04,Mid-Market,Business,23665.18,0,0,0,0,23665.18,23665.18
2024-10-01,C0021,R04,Mid-Market,Business,23665.18,0,0,0,0,23665.18,23665.18
2024-11-01,C0021,R04,Mid-Market,Business,23665.18,0,0,0,0,23665.18,23665.18
2024-12-01,C0021,R04,Mid-Market,Business,23665.18,0,2609.2,0,0,26274.38,24969.78
2025-01-01,C0021,R04,Mid-Market,Business,26274.38,0,0,0,0,26274.38,26274.38
2025-02-01,C0021,R04,Mid-Market,Business,26274.38,0,0,0,0,26274.38,26274.38
2025-03-01,C0021,R04,Mid-Market,Business,26274.38,0,0,0,0,26274.38,26274.38
2025-04-01,C0021,R04,Mid-Market,Business,26274.38,0,0,0,0,26274.38,26274.38
2025-05-01,C0021,R04,Mid-Market,Business,26274.38,0,0,0,0,26274.38,26274.38
2025-06-01,C0021,R04,Mid-Market,Business,26274.38,0,0,0,0,26274.38,26274.38
2025-07-01,C0021,R04,Mid-Market,Business,26274.38,0,0,0,0,26274.38,26274.38
2025-08-01,C0021,R04,Mid-Market,Business,26274.38,0,0,0,0,26274.38,26274.38
2025-09-01,C0021,R04,Mid-Market,Business,26274.38,0,0,0,0,26274.38,26274.38
2025-10-01,C0021,R04,Mid-Market,Business,26274.38,0,0,0,0,26274.38,26274.38
2025-11-01,C0021,R04,Mid-Market,Business,26274.38,0,0,0,0,26274.38,26274.38
2025-12-01,C0021,R04,Mid-Market,Business,26274.38,0,1752.28,1924.47,0,26102.19,26188.28
2026-01-01,C0021,R04,Mid-Market,Business,26102.19,0,0,0,0,26102.19,26102.19
2026-02-01,C0021,R04,Mid-Market,Business,26102.19,0,0,0,0,26102.19,26102.19
2026-03-01,C0021,R04,Mid-Market,Business,26102.19,0,0,0,0,26102.19,26102.19
2026-04-01,C0021,R04,Mid-Market,Business,26102.19,0,0,0,0,26102.19,26102.19
2026-05-01,C0021,R04,Mid-Market,Business,26102.19,0,0,0,0,26102.19,26102.19
2026-06-01,C0021,R04,Mid-Market,Business,26102.19,0,0,0,0,26102.19,26102.19
2023-01-01,C0022,R01,Mid-Market,Business,9646.73,0,0,0,0,9646.73,9646.73
2023-02-01,C0022,R01,Mid-Market,Business,9646.73,0,0,0,0,9646.73,9646.73
2023-03-01,C0022,R01,Mid-Market,Business,9646.73,0,0,0,0,9646.73,9646.73
2023-04-01,C0022,R01,Mid-Market,Business,9646.73,0,0,0,0,9646.73,9646.73
2023-05-01,C0022,R01,Mid-Market,Business,9646.73,0,0,0,0,9646.73,9646.73
2023-06-01,C0022,R01,Mid-Market,Business,9646.73,0,546.16,96.47,0,10096.42,9871.58
2023-07-01,C0022,R01,Mid-Market,Business,10096.42,0,0,0,0,10096.42,10096.42
2023-08-01,C0022,R01,Mid-Market,Business,10096.42,0,0,0,0,10096.42,10096.42
2023-09-01,C0022,R01,Mid-Market,Business,10096.42,0,0,0,0,10096.42,10096.42
2023-10-01,C0022,R01,Mid-Market,Business,10096.42,0,0,0,0,10096.42,10096.42
2023-11-01,C0022,R01,Mid-Market,Business,10096.42,0,0,0,0,10096.42,10096.42
2023-12-01,C0022,R01,Mid-Market,Business,10096.42,0,0,0,0,10096.42,10096.42
2024-01-01,C0022,R01,Mid-Market,Business,10096.42,0,0,0,0,10096.42,10096.42
2024-02-01,C0022,R01,Mid-Market,Business,10096.42,0,0,0,0,10096.42,10096.42
2024-03-01,C0022,R01,Mid-Market,Business,10096.42,0,0,0,0,10096.42,10096.42
2024-04-01,C0022,R01,Mid-Market,Business,10096.42,0,0,0,0,10096.42,10096.42
2024-05-01,C0022,R01,Mid-Market,Business,10096.42,0,0,0,0,10096.42,10096.42
2024-06-01,C0022,R01,Mid-Market,Business,10096.42,0,302.89,0,0,10399.31,10247.87
2024-07-01,C0022,R01,Mid-Market,Business,10399.31,0,0,0,0,10399.31,10399.31
2024-08-01,C0022,R01,Mid-Market,Business,10399.31,0,0,0,0,10399.31,10399.31
2024-09-01,C0022,R01,Mid-Market,Business,10399.31,0,0,0,0,10399.31,10399.31
2024-10-01,C0022,R01,Mid-Market,Business,10399.31,0,0,0,0,10399.31,10399.31
2024-11-01,C0022,R01,Mid-Market,Business,10399.31,0,0,0,0,10399.31,10399.31
2024-12-01,C0022,R01,Mid-Market,Business,10399.31,0,0,0,0,10399.31,10399.31
2025-01-01,C0022,R01,Mid-Market,Business,10399.31,0,0,0,0,10399.31,10399.31
2025-02-01,C0022,R01,Mid-Market,Business,10399.31,0,0,0,0,10399.31,10399.31
2025-03-01,C0022,R01,Mid-Market,Business,10399.31,0,0,0,0,10399.31,10399.31
2025-04-01,C0022,R01,Mid-Market,Business,10399.31,0,0,0,0,10399.31,10399.31
2025-05-01,C0022,R01,Mid-Market,Business,10399.31,0,0,0,0,10399.31,10399.31
2025-06-01,C0022,R01,Mid-Market,Business,10399.31,0,311.98,0,0,10711.29,10555.3
2025-07-01,C0022,R01,Mid-Market,Business,10711.29,0,0,0,0,10711.29,10711.29
2025-08-01,C0022,R01,Mid-Market,Business,10711.29,0,0,0,0,10711.29,10711.29
2025-09-01,C0022,R01,Mid-Market,Business,10711.29,0,0,0,0,10711.29,10711.29
2025-10-01,C0022,R01,Mid-Market,Business,10711.29,0,0,0,0,10711.29,10711.29
2025-11-01,C0022,R01,Mid-Market,Business,10711.29,0,0,0,0,10711.29,10711.29
2025-12-01,C0022,R01,Mid-Market,Business,10711.29,0,0,0,0,10711.29,10711.29
2026-01-01,C0022,R01,Mid-Market,Business,10711.29,0,0,0,0,10711.29,10711.29
2026-02-01,C0022,R01,Mid-Market,Business,10711.29,0,0,0,0,10711.29,10711.29
2026-03-01,C0022,R01,Mid-Market,Business,10711.29,0,0,0,0,10711.29,10711.29
2026-04-01,C0022,R01,Mid-Market,Business,10711.29,0,0,0,0,10711.29,10711.29
2026-05-01,C0022,R01,Mid-Market,Business,10711.29,0,0,0,0,10711.29,10711.29
2026-06-01,C0022,R01,Mid-Market,Business,10711.29,0,321.34,0,0,11032.63,10871.96
2023-01-01,C0023,R02,Enterprise,Enterprise Suite,94190.62,0,15271.74,0,0,109462.36,101826.49
2023-02-01,C0023,R02,Enterprise,Enterprise Suite,109462.36,0,0,0,0,109462.36,109462.36
2023-03-01,C0023,R02,Enterprise,Enterprise Suite,109462.36,0,0,0,0,109462.36,109462.36
2023-04-01,C0023,R02,Enterprise,Enterprise Suite,109462.36,0,0,0,0,109462.36,109462.36
2023-05-01,C0023,R02,Enterprise,Enterprise Suite,109462.36,0,0,0,0,109462.36,109462.36
2023-06-01,C0023,R02,Enterprise,Enterprise Suite,109462.36,0,0,0,0,109462.36,109462.36
2023-07-01,C0023,R02,Enterprise,Enterprise Suite,109462.36,0,0,0,0,109462.36,109462.36
2023-08-01,C0023,R02,Enterprise,Enterprise Suite,109462.36,0,0,0,0,109462.36,109462.36
2023-09-01,C0023,R02,Enterprise,Enterprise Suite,109462.36,0,0,0,0,109462.36,109462.36
2023-10-01,C0023,R02,Enterprise,Enterprise Suite,109462.36,0,0,0,0,109462.36,109462.36
2023-11-01,C0023,R02,Enterprise,Enterprise Suite,109462.36,0,0,0,0,109462.36,109462.36
2023-12-01,C0023,R02,Enterprise,Enterprise Suite,109462.36,0,0,0,0,109462.36,109462.36
2024-01-01,C0023,R02,Enterprise,Enterprise Suite,109462.36,0,15524.67,0,0,124987.03,117224.7
2024-02-01,C0023,R02,Enterprise,Enterprise Suite,124987.03,0,0,0,0,124987.03,124987.03
2024-03-01,C0023,R02,Enterprise,Enterprise Suite,124987.03,0,0,0,0,124987.03,124987.03
2024-04-01,C0023,R02,Enterprise,Enterprise Suite,124987.03,0,0,0,0,124987.03,124987.03
2024-05-01,C0023,R02,Enterprise,Enterprise Suite,124987.03,0,0,0,0,124987.03,124987.03
2024-06-01,C0023,R02,Enterprise,Enterprise Suite,124987.03,0,0,0,0,124987.03,124987.03
2024-07-01,C0023,R02,Enterprise,Enterprise Suite,124987.03,0,0,0,0,124987.03,124987.03
2024-08-01,C0023,R02,Enterprise,Enterprise Suite,124987.03,0,0,0,0,124987.03,124987.03
2024-09-01,C0023,R02,Enterprise,Enterprise Suite,124987.03,0,0,0,0,124987.03,124987.03
2024-10-01,C0023,R02,Enterprise,Enterprise Suite,124987.03,0,0,0,0,124987.03,124987.03
2024-11-01,C0023,R02,Enterprise,Enterprise Suite,124987.03,0,0,0,0,124987.03,124987.03
2024-12-01,C0023,R02,Enterprise,Enterprise Suite,124987.03,0,0,0,0,124987.03,124987.03
2025-01-01,C0023,R02,Enterprise,Enterprise Suite,124987.03,0,3749.61,0,0,128736.64,126861.83
2025-02-01,C0023,R02,Enterprise,Enterprise Suite,128736.64,0,0,0,0,128736.64,128736.64
2025-03-01,C0023,R02,Enterprise,Enterprise Suite,128736.64,0,0,0,0,128736.64,128736.64
2025-04-01,C0023,R02,Enterprise,Enterprise Suite,128736.64,0,0,0,0,128736.64,128736.64
2025-05-01,C0023,R02,Enterprise,Enterprise Suite,128736.64,0,0,0,0,128736.64,128736.64
2025-06-01,C0023,R02,Enterprise,Enterprise Suite,128736.64,0,0,0,0,128736.64,128736.64
2025-07-01,C0023,R02,Enterprise,Enterprise Suite,128736.64,0,0,0,0,128736.64,128736.64
2025-08-01,C0023,R02,Enterprise,Enterprise Suite,128736.64,0,0,0,0,128736.64,128736.64
2025-09-01,C0023,R02,Enterprise,Enterprise Suite,128736.64,0,0,0,0,128736.64,128736.64
2025-10-01,C0023,R02,Enterprise,Enterprise Suite,128736.64,0,0,0,0,128736.64,128736.64
2025-11-01,C0023,R02,Enterprise,Enterprise Suite,128736.64,0,0,0,0,128736.64,128736.64
2025-12-01,C0023,R02,Enterprise,Enterprise Suite,128736.64,0,0,0,0,128736.64,128736.64
2026-01-01,C0023,R02,Enterprise,Enterprise Suite,128736.64,0,10174.62,0,0,138911.27,133823.95
2026-02-01,C0023,R02,Enterprise,Enterprise Suite,138911.27,0,0,0,0,138911.27,138911.27
2026-03-01,C0023,R02,Enterprise,Enterprise Suite,138911.27,0,0,0,0,138911.27,138911.27
2026-04-01,C0023,R02,Enterprise,Enterprise Suite,138911.27,0,0,0,0,138911.27,138911.27
2026-05-01,C0023,R02,Enterprise,Enterprise Suite,138911.27,0,0,0,0,138911.27,138911.27
2026-06-01,C0023,R02,Enterprise,Enterprise Suite,138911.27,0,0,0,0,138911.27,138911.27
2023-01-01,C0024,R03,Mid-Market,Business,9398.32,0,0,0,0,9398.32,9398.32
2023-02-01,C0024,R03,Mid-Market,Business,9398.32,0,0,0,0,9398.32,9398.32
2023-03-01,C0024,R03,Mid-Market,Business,9398.32,0,0,0,0,9398.32,9398.32
2023-04-01,C0024,R03,Mid-Market,Business,9398.32,0,0,0,0,9398.32,9398.32
2023-05-01,C0024,R03,Mid-Market,Business,9398.32,0,0,0,0,9398.32,9398.32
2023-06-01,C0024,R03,Mid-Market,Business,9398.32,0,0,0,0,9398.32,9398.32
2023-07-01,C0024,R03,Mid-Market,Business,9398.32,0,0,0,0,9398.32,9398.32
2023-08-01,C0024,R03,Mid-Market,Business,9398.32,0,0,0,0,9398.32,9398.32
2023-09-01,C0024,R03,Mid-Market,Business,9398.32,0,0,0,0,9398.32,9398.32
2023-10-01,C0024,R03,Mid-Market,Business,9398.32,0,281.95,0,0,9680.27,9539.29
2023-11-01,C0024,R03,Mid-Market,Business,9680.27,0,0,0,0,9680.27,9680.27
2023-12-01,C0024,R03,Mid-Market,Business,9680.27,0,0,0,0,9680.27,9680.27
2024-01-01,C0024,R03,Mid-Market,Business,9680.27,0,0,0,0,9680.27,9680.27
2024-02-01,C0024,R03,Mid-Market,Business,9680.27,0,0,0,0,9680.27,9680.27
2024-03-01,C0024,R03,Mid-Market,Business,9680.27,0,0,0,0,9680.27,9680.27
2024-04-01,C0024,R03,Mid-Market,Business,9680.27,0,0,0,0,9680.27,9680.27
2024-05-01,C0024,R03,Mid-Market,Business,9680.27,0,0,0,0,9680.27,9680.27
2024-06-01,C0024,R03,Mid-Market,Business,9680.27,0,0,0,0,9680.27,9680.27
2024-07-01,C0024,R03,Mid-Market,Business,9680.27,0,0,0,0,9680.27,9680.27
2024-08-01,C0024,R03,Mid-Market,Business,9680.27,0,0,0,0,9680.27,9680.27
2024-09-01,C0024,R03,Mid-Market,Business,9680.27,0,0,0,0,9680.27,9680.27
2024-10-01,C0024,R03,Mid-Market,Business,9680.27,0,290.41,0,0,9970.67,9825.47
2024-11-01,C0024,R03,Mid-Market,Business,9970.67,0,0,0,0,9970.67,9970.67
2024-12-01,C0024,R03,Mid-Market,Business,9970.67,0,0,0,0,9970.67,9970.67
2025-01-01,C0024,R03,Mid-Market,Business,9970.67,0,0,0,0,9970.67,9970.67
2025-02-01,C0024,R03,Mid-Market,Business,9970.67,0,0,0,0,9970.67,9970.67
2025-03-01,C0024,R03,Mid-Market,Business,9970.67,0,0,0,0,9970.67,9970.67
2025-04-01,C0024,R03,Mid-Market,Business,9970.67,0,0,0,0,9970.67,9970.67
2025-05-01,C0024,R03,Mid-Market,Business,9970.67,0,0,0,0,9970.67,9970.67
2025-06-01,C0024,R03,Mid-Market,Business,9970.67,0,0,0,0,9970.67,9970.67
2025-07-01,C0024,R03,Mid-Market,Business,9970.67,0,0,0,0,9970.67,9970.67
2025-08-01,C0024,R03,Mid-Market,Business,9970.67,0,0,0,0,9970.67,9970.67
2025-09-01,C0024,R03,Mid-Market,Business,9970.67,0,0,0,0,9970.67,9970.67
2025-10-01,C0024,R03,Mid-Market,Business,9970.67,0,1044.5,386.75,0,10628.42,10299.55
2025-11-01,C0024,R03,Mid-Market,Business,10628.42,0,0,0,0,10628.42,10628.42
2025-12-01,C0024,R03,Mid-Market,Business,10628.42,0,0,0,0,10628.42,10628.42
2026-01-01,C0024,R03,Mid-Market,Business,10628.42,0,0,0,0,10628.42,10628.42
2026-02-01,C0024,R03,Mid-Market,Business,10628.42,0,0,0,0,10628.42,10628.42
2026-03-01,C0024,R03,Mid-Market,Business,10628.42,0,0,0,0,10628.42,10628.42
2026-04-01,C0024,R03,Mid-Market,Business,10628.42,0,0,0,0,10628.42,10628.42
2026-05-01,C0024,R03,Mid-Market,Business,10628.42,0,0,0,0,10628.42,10628.42
2026-06-01,C0024,R03,Mid-Market,Business,10628.42,0,0,0,0,10628.42,10628.42
2024-07-01,C0025,R01,SMB,Core,0,3721.26,0,0,0,3721.26,1860.63
2024-08-01,C0025,R01,SMB,Core,3721.26,0,0,0,0,3721.26,3721.26
2024-09-01,C0025,R01,SMB,Core,3721.26,0,0,0,0,3721.26,3721.26
2024-10-01,C0025,R01,SMB,Core,3721.26,0,0,0,0,3721.26,3721.26
2024-11-01,C0025,R01,SMB,Core,3721.26,0,0,0,0,3721.26,3721.26
2024-12-01,C0025,R01,SMB,Core,3721.26,0,0,0,0,3721.26,3721.26
2025-01-01,C0025,R01,SMB,Core,3721.26,0,0,0,0,3721.26,3721.26
2025-02-01,C0025,R01,SMB,Core,3721.26,0,0,0,0,3721.26,3721.26
2025-03-01,C0025,R01,SMB,Core,3721.26,0,0,0,0,3721.26,3721.26
2025-04-01,C0025,R01,SMB,Core,3721.26,0,0,0,0,3721.26,3721.26
2025-05-01,C0025,R01,SMB,Core,3721.26,0,0,0,0,3721.26,3721.26
2025-06-01,C0025,R01,SMB,Core,3721.26,0,0,0,0,3721.26,3721.26
2025-07-01,C0025,R01,SMB,Core,3721.26,0,349.77,189.77,0,3881.26,3801.26
2025-08-01,C0025,R01,SMB,Core,3881.26,0,0,0,0,3881.26,3881.26
2025-09-01,C0025,R01,SMB,Core,3881.26,0,0,0,0,3881.26,3881.26
2025-10-01,C0025,R01,SMB,Core,3881.26,0,0,0,0,3881.26,3881.26
2025-11-01,C0025,R01,SMB,Core,3881.26,0,0,0,0,3881.26,3881.26
2025-12-01,C0025,R01,SMB,Core,3881.26,0,0,0,0,3881.26,3881.26
2026-01-01,C0025,R01,SMB,Core,3881.26,0,0,0,0,3881.26,3881.26
2026-02-01,C0025,R01,SMB,Core,3881.26,0,0,0,0,3881.26,3881.26
2026-03-01,C0025,R01,SMB,Core,3881.26,0,0,0,0,3881.26,3881.26
2026-04-01,C0025,R01,SMB,Core,3881.26,0,0,0,0,3881.26,3881.26
2026-05-01,C0025,R01,SMB,Core,3881.26,0,0,0,0,3881.26,3881.26
2026-06-01,C0025,R01,SMB,Core,3881.26,0,0,0,0,3881.26,3881.26
2023-01-01,C0026,R03,SMB,Core,5698.99,0,0,0,0,5698.99,5698.99
2023-02-01,C0026,R03,SMB,Core,5698.99,0,0,0,0,5698.99,5698.99
2023-03-01,C0026,R03,SMB,Core,5698.99,0,0,0,0,5698.99,5698.99
2023-04-01,C0026,R03,SMB,Core,5698.99,0,0,0,0,5698.99,5698.99
2023-05-01,C0026,R03,SMB,Core,5698.99,0,0,0,0,5698.99,5698.99
2023-06-01,C0026,R03,SMB,Core,5698.99,0,0,0,0,5698.99,5698.99
2023-07-01,C0026,R03,SMB,Core,5698.99,0,0,0,0,5698.99,5698.99
2023-08-01,C0026,R03,SMB,Core,5698.99,0,0,0,0,5698.99,5698.99
2023-09-01,C0026,R03,SMB,Core,5698.99,0,0,0,0,5698.99,5698.99
2023-10-01,C0026,R03,SMB,Core,5698.99,0,702.74,0,0,6401.73,6050.36
2023-11-01,C0026,R03,SMB,Core,6401.73,0,0,0,0,6401.73,6401.73
2023-12-01,C0026,R03,SMB,Core,6401.73,0,0,0,0,6401.73,6401.73
2024-01-01,C0026,R03,SMB,Core,6401.73,0,0,0,0,6401.73,6401.73
2024-02-01,C0026,R03,SMB,Core,6401.73,0,0,0,0,6401.73,6401.73
2024-03-01,C0026,R03,SMB,Core,6401.73,0,0,0,0,6401.73,6401.73
2024-04-01,C0026,R03,SMB,Core,6401.73,0,0,0,0,6401.73,6401.73
2024-05-01,C0026,R03,SMB,Core,6401.73,0,0,0,0,6401.73,6401.73
2024-06-01,C0026,R03,SMB,Core,6401.73,0,0,0,0,6401.73,6401.73
2024-07-01,C0026,R03,SMB,Core,6401.73,0,0,0,0,6401.73,6401.73
2024-08-01,C0026,R03,SMB,Core,6401.73,0,0,0,0,6401.73,6401.73
2024-09-01,C0026,R03,SMB,Core,6401.73,0,0,0,0,6401.73,6401.73
2024-10-01,C0026,R03,SMB,Core,6401.73,0,192.05,0,0,6593.78,6497.76
2024-11-01,C0026,R03,SMB,Core,6593.78,0,0,0,0,6593.78,6593.78
2024-12-01,C0026,R03,SMB,Core,6593.78,0,0,0,0,6593.78,6593.78
2025-01-01,C0026,R03,SMB,Core,6593.78,0,0,0,0,6593.78,6593.78
2025-02-01,C0026,R03,SMB,Core,6593.78,0,0,0,0,6593.78,6593.78
2025-03-01,C0026,R03,SMB,Core,6593.78,0,0,0,0,6593.78,6593.78
2025-04-01,C0026,R03,SMB,Core,6593.78,0,0,0,0,6593.78,6593.78
2025-05-01,C0026,R03,SMB,Core,6593.78,0,0,0,0,6593.78,6593.78
2025-06-01,C0026,R03,SMB,Core,6593.78,0,0,0,0,6593.78,6593.78
2025-07-01,C0026,R03,SMB,Core,6593.78,0,0,0,0,6593.78,6593.78
2025-08-01,C0026,R03,SMB,Core,6593.78,0,0,0,0,6593.78,6593.78
2025-09-01,C0026,R03,SMB,Core,6593.78,0,0,0,0,6593.78,6593.78
2025-10-01,C0026,R03,SMB,Core,6593.78,0,197.81,0,0,6791.6,6692.69
2025-11-01,C0026,R03,SMB,Core,6791.6,0,0,0,0,6791.6,6791.6
2025-12-01,C0026,R03,SMB,Core,6791.6,0,0,0,0,6791.6,6791.6
2026-01-01,C0026,R03,SMB,Core,6791.6,0,0,0,0,6791.6,6791.6
2026-02-01,C0026,R03,SMB,Core,6791.6,0,0,0,0,6791.6,6791.6
2026-03-01,C0026,R03,SMB,Core,6791.6,0,0,0,0,6791.6,6791.6
2026-04-01,C0026,R03,SMB,Core,6791.6,0,0,0,0,6791.6,6791.6
2026-05-01,C0026,R03,SMB,Core,6791.6,0,0,0,0,6791.6,6791.6
2026-06-01,C0026,R03,SMB,Core,6791.6,0,0,0,0,6791.6,6791.6
2026-03-01,C0027,R03,SMB,Core,0,2353.07,0,0,0,2353.07,1176.53
2026-04-01,C0027,R03,SMB,Core,2353.07,0,0,0,0,2353.07,2353.07
2026-05-01,C0027,R03,SMB,Core,2353.07,0,0,0,0,2353.07,2353.07
2026-06-01,C0027,R03,SMB,Core,2353.07,0,0,0,0,2353.07,2353.07
2023-01-01,C0028,R03,Enterprise,Enterprise Suite,38386.64,0,0,0,0,38386.64,38386.64
2023-02-01,C0028,R03,Enterprise,Enterprise Suite,38386.64,0,0,0,0,38386.64,38386.64
2023-03-01,C0028,R03,Enterprise,Enterprise Suite,38386.64,0,0,0,0,38386.64,38386.64
2023-04-01,C0028,R03,Enterprise,Enterprise Suite,38386.64,0,0,0,0,38386.64,38386.64
2023-05-01,C0028,R03,Enterprise,Enterprise Suite,38386.64,0,2436.4,0,0,40823.04,39604.84
2023-06-01,C0028,R03,Enterprise,Enterprise Suite,40823.04,0,0,0,0,40823.04,40823.04
2023-07-01,C0028,R03,Enterprise,Enterprise Suite,40823.04,0,0,0,0,40823.04,40823.04
2023-08-01,C0028,R03,Enterprise,Enterprise Suite,40823.04,0,0,0,0,40823.04,40823.04
2023-09-01,C0028,R03,Enterprise,Enterprise Suite,40823.04,0,0,0,0,40823.04,40823.04
2023-10-01,C0028,R03,Enterprise,Enterprise Suite,40823.04,0,0,0,0,40823.04,40823.04
2023-11-01,C0028,R03,Enterprise,Enterprise Suite,40823.04,0,0,0,0,40823.04,40823.04
2023-12-01,C0028,R03,Enterprise,Enterprise Suite,40823.04,0,0,0,0,40823.04,40823.04
2024-01-01,C0028,R03,Enterprise,Enterprise Suite,40823.04,0,0,0,0,40823.04,40823.04
2024-02-01,C0028,R03,Enterprise,Enterprise Suite,40823.04,0,0,0,0,40823.04,40823.04
2024-03-01,C0028,R03,Enterprise,Enterprise Suite,40823.04,0,0,0,0,40823.04,40823.04
2024-04-01,C0028,R03,Enterprise,Enterprise Suite,40823.04,0,0,0,0,40823.04,40823.04
2024-05-01,C0028,R03,Enterprise,Enterprise Suite,40823.04,0,3623.44,0,0,44446.48,42634.76
2024-06-01,C0028,R03,Enterprise,Enterprise Suite,44446.48,0,0,0,0,44446.48,44446.48
2024-07-01,C0028,R03,Enterprise,Enterprise Suite,44446.48,0,0,0,0,44446.48,44446.48
2024-08-01,C0028,R03,Enterprise,Enterprise Suite,44446.48,0,0,0,0,44446.48,44446.48
2024-09-01,C0028,R03,Enterprise,Enterprise Suite,44446.48,0,0,0,0,44446.48,44446.48
2024-10-01,C0028,R03,Enterprise,Enterprise Suite,44446.48,0,0,0,0,44446.48,44446.48
2024-11-01,C0028,R03,Enterprise,Enterprise Suite,44446.48,0,0,0,0,44446.48,44446.48
2024-12-01,C0028,R03,Enterprise,Enterprise Suite,44446.48,0,0,0,0,44446.48,44446.48
2025-01-01,C0028,R03,Enterprise,Enterprise Suite,44446.48,0,0,0,0,44446.48,44446.48
2025-02-01,C0028,R03,Enterprise,Enterprise Suite,44446.48,0,0,0,0,44446.48,44446.48
2025-03-01,C0028,R03,Enterprise,Enterprise Suite,44446.48,0,0,0,0,44446.48,44446.48
2025-04-01,C0028,R03,Enterprise,Enterprise Suite,44446.48,0,0,0,0,44446.48,44446.48
2025-05-01,C0028,R03,Enterprise,Enterprise Suite,44446.48,0,4574.53,0,0,49021.01,46733.74
2025-06-01,C0028,R03,Enterprise,Enterprise Suite,49021.01,0,0,0,0,49021.01,49021.01
2025-07-01,C0028,R03,Enterprise,Enterprise Suite,49021.01,0,0,0,0,49021.01,49021.01
2025-08-01,C0028,R03,Enterprise,Enterprise Suite,49021.01,0,0,0,0,49021.01,49021.01
2025-09-01,C0028,R03,Enterprise,Enterprise Suite,49021.01,0,0,0,0,49021.01,49021.01
2025-10-01,C0028,R03,Enterprise,Enterprise Suite,49021.01,0,0,0,0,49021.01,49021.01
2025-11-01,C0028,R03,Enterprise,Enterprise Suite,49021.01,0,0,0,0,49021.01,49021.01
2025-12-01,C0028,R03,Enterprise,Enterprise Suite,49021.01,0,0,0,0,49021.01,49021.01
2026-01-01,C0028,R03,Enterprise,Enterprise Suite,49021.01,0,0,0,0,49021.01,49021.01
2026-02-01,C0028,R03,Enterprise,Enterprise Suite,49021.01,0,0,0,0,49021.01,49021.01
2026-03-01,C0028,R03,Enterprise,Enterprise Suite,49021.01,0,0,0,0,49021.01,49021.01
2026-04-01,C0028,R03,Enterprise,Enterprise Suite,49021.01,0,0,0,0,49021.01,49021.01
2026-05-01,C0028,R03,Enterprise,Enterprise Suite,49021.01,0,3795.81,0,0,52816.82,50918.92
2026-06-01,C0028,R03,Enterprise,Enterprise Suite,52816.82,0,0,0,0,52816.82,52816.82
2023-01-01,C0029,R04,Mid-Market,Business,20397.78,0,0,0,0,20397.78,20397.78
2023-02-01,C0029,R04,Mid-Market,Business,20397.78,0,0,0,0,20397.78,20397.78
2023-03-01,C0029,R04,Mid-Market,Business,20397.78,0,0,0,0,20397.78,20397.78
2023-04-01,C0029,R04,Mid-Market,Business,20397.78,0,0,0,0,20397.78,20397.78
2023-05-01,C0029,R04,Mid-Market,Business,20397.78,0,0,0,0,20397.78,20397.78
2023-06-01,C0029,R04,Mid-Market,Business,20397.78,0,0,0,0,20397.78,20397.78
2023-07-01,C0029,R04,Mid-Market,Business,20397.78,0,0,0,0,20397.78,20397.78
2023-08-01,C0029,R04,Mid-Market,Business,20397.78,0,0,0,0,20397.78,20397.78
2023-09-01,C0029,R04,Mid-Market,Business,20397.78,0,0,0,0,20397.78,20397.78
2023-10-01,C0029,R04,Mid-Market,Business,20397.78,0,0,0,0,20397.78,20397.78
2023-11-01,C0029,R04,Mid-Market,Business,20397.78,0,0,0,0,20397.78,20397.78
2023-12-01,C0029,R04,Mid-Market,Business,20397.78,0,1665.96,0,0,22063.74,21230.76
2024-01-01,C0029,R04,Mid-Market,Business,22063.74,0,0,0,0,22063.74,22063.74
2024-02-01,C0029,R04,Mid-Market,Business,22063.74,0,0,0,0,22063.74,22063.74
2024-03-01,C0029,R04,Mid-Market,Business,22063.74,0,0,0,0,22063.74,22063.74
2024-04-01,C0029,R04,Mid-Market,Business,22063.74,0,0,0,0,22063.74,22063.74
2024-05-01,C0029,R04,Mid-Market,Business,22063.74,0,0,0,0,22063.74,22063.74
2024-06-01,C0029,R04,Mid-Market,Business,22063.74,0,0,0,0,22063.74,22063.74
2024-07-01,C0029,R04,Mid-Market,Business,22063.74,0,0,0,0,22063.74,22063.74
2024-08-01,C0029,R04,Mid-Market,Business,22063.74,0,0,0,0,22063.74,22063.74
2024-09-01,C0029,R04,Mid-Market,Business,22063.74,0,0,0,0,22063.74,22063.74
2024-10-01,C0029,R04,Mid-Market,Business,22063.74,0,0,0,0,22063.74,22063.74
2024-11-01,C0029,R04,Mid-Market,Business,22063.74,0,0,0,0,22063.74,22063.74
2024-12-01,C0029,R04,Mid-Market,Business,22063.74,0,661.91,0,0,22725.66,22394.7
2025-01-01,C0029,R04,Mid-Market,Business,22725.66,0,0,0,0,22725.66,22725.66
2025-02-01,C0029,R04,Mid-Market,Business,22725.66,0,0,0,0,22725.66,22725.66
2025-03-01,C0029,R04,Mid-Market,Business,22725.66,0,0,0,0,22725.66,22725.66
2025-04-01,C0029,R04,Mid-Market,Business,22725.66,0,0,0,0,22725.66,22725.66
2025-05-01,C0029,R04,Mid-Market,Business,22725.66,0,0,0,0,22725.66,22725.66
2025-06-01,C0029,R04,Mid-Market,Business,22725.66,0,0,0,0,22725.66,22725.66
2025-07-01,C0029,R04,Mid-Market,Business,22725.66,0,0,0,0,22725.66,22725.66
2025-08-01,C0029,R04,Mid-Market,Business,22725.66,0,0,0,0,22725.66,22725.66
2025-09-01,C0029,R04,Mid-Market,Business,22725.66,0,0,0,0,22725.66,22725.66
2025-10-01,C0029,R04,Mid-Market,Business,22725.66,0,0,0,0,22725.66,22725.66
2025-11-01,C0029,R04,Mid-Market,Business,22725.66,0,0,0,0,22725.66,22725.66
2025-12-01,C0029,R04,Mid-Market,Business,22725.66,0,681.77,1267.45,22139.97,0,11362.83
2023-01-01,C0030,R03,Enterprise,Enterprise Suite,94873.22,0,10152.96,4694.43,0,100331.75,97602.48
2023-02-01,C0030,R03,Enterprise,Enterprise Suite,100331.75,0,0,0,0,100331.75,100331.75
2023-03-01,C0030,R03,Enterprise,Enterprise Suite,100331.75,0,0,0,0,100331.75,100331.75
2023-04-01,C0030,R03,Enterprise,Enterprise Suite,100331.75,0,0,0,0,100331.75,100331.75
2023-05-01,C0030,R03,Enterprise,Enterprise Suite,100331.75,0,0,0,0,100331.75,100331.75
2023-06-01,C0030,R03,Enterprise,Enterprise Suite,100331.75,0,0,0,0,100331.75,100331.75
2023-07-01,C0030,R03,Enterprise,Enterprise Suite,100331.75,0,0,0,0,100331.75,100331.75
2023-08-01,C0030,R03,Enterprise,Enterprise Suite,100331.75,0,0,0,0,100331.75,100331.75
2023-09-01,C0030,R03,Enterprise,Enterprise Suite,100331.75,0,0,0,0,100331.75,100331.75
2023-10-01,C0030,R03,Enterprise,Enterprise Suite,100331.75,0,0,0,0,100331.75,100331.75
2023-11-01,C0030,R03,Enterprise,Enterprise Suite,100331.75,0,0,0,0,100331.75,100331.75
2023-12-01,C0030,R03,Enterprise,Enterprise Suite,100331.75,0,0,0,0,100331.75,100331.75
2024-01-01,C0030,R03,Enterprise,Enterprise Suite,100331.75,0,8644.9,0,0,108976.65,104654.2
2024-02-01,C0030,R03,Enterprise,Enterprise Suite,108976.65,0,0,0,0,108976.65,108976.65
2024-03-01,C0030,R03,Enterprise,Enterprise Suite,108976.65,0,0,0,0,108976.65,108976.65
2024-04-01,C0030,R03,Enterprise,Enterprise Suite,108976.65,0,0,0,0,108976.65,108976.65
2024-05-01,C0030,R03,Enterprise,Enterprise Suite,108976.65,0,0,0,0,108976.65,108976.65
2024-06-01,C0030,R03,Enterprise,Enterprise Suite,108976.65,0,0,0,0,108976.65,108976.65
2024-07-01,C0030,R03,Enterprise,Enterprise Suite,108976.65,0,0,0,0,108976.65,108976.65
2024-08-01,C0030,R03,Enterprise,Enterprise Suite,108976.65,0,0,0,0,108976.65,108976.65
2024-09-01,C0030,R03,Enterprise,Enterprise Suite,108976.65,0,0,0,0,108976.65,108976.65
2024-10-01,C0030,R03,Enterprise,Enterprise Suite,108976.65,0,0,0,0,108976.65,108976.65
2024-11-01,C0030,R03,Enterprise,Enterprise Suite,108976.65,0,0,0,0,108976.65,108976.65
2024-12-01,C0030,R03,Enterprise,Enterprise Suite,108976.65,0,0,0,0,108976.65,108976.65
2025-01-01,C0030,R03,Enterprise,Enterprise Suite,108976.65,0,15596.98,0,0,124573.62,116775.13
2025-02-01,C0030,R03,Enterprise,Enterprise Suite,124573.62,0,0,0,0,124573.62,124573.62
2025-03-01,C0030,R03,Enterprise,Enterprise Suite,124573.62,0,0,0,0,124573.62,124573.62
2025-04-01,C0030,R03,Enterprise,Enterprise Suite,124573.62,0,0,0,0,124573.62,124573.62
2025-05-01,C0030,R03,Enterprise,Enterprise Suite,124573.62,0,0,0,0,124573.62,124573.62
2025-06-01,C0030,R03,Enterprise,Enterprise Suite,124573.62,0,0,0,0,124573.62,124573.62
2025-07-01,C0030,R03,Enterprise,Enterprise Suite,124573.62,0,0,0,0,124573.62,124573.62
2025-08-01,C0030,R03,Enterprise,Enterprise Suite,124573.62,0,0,0,0,124573.62,124573.62
2025-09-01,C0030,R03,Enterprise,Enterprise Suite,124573.62,0,0,0,0,124573.62,124573.62
2025-10-01,C0030,R03,Enterprise,Enterprise Suite,124573.62,0,0,0,0,124573.62,124573.62
2025-11-01,C0030,R03,Enterprise,Enterprise Suite,124573.62,0,0,0,0,124573.62,124573.62
2025-12-01,C0030,R03,Enterprise,Enterprise Suite,124573.62,0,0,0,0,124573.62,124573.62
2026-01-01,C0030,R03,Enterprise,Enterprise Suite,124573.62,0,14120.34,0,0,138693.96,131633.79
2026-02-01,C0030,R03,Enterprise,Enterprise Suite,138693.96,0,0,0,0,138693.96,138693.96
2026-03-01,C0030,R03,Enterprise,Enterprise Suite,138693.96,0,0,0,0,138693.96,138693.96
2026-04-01,C0030,R03,Enterprise,Enterprise Suite,138693.96,0,0,0,0,138693.96,138693.96
2026-05-01,C0030,R03,Enterprise,Enterprise Suite,138693.96,0,0,0,0,138693.96,138693.96
2026-06-01,C0030,R03,Enterprise,Enterprise Suite,138693.96,0,0,0,0,138693.96,138693.96
2025-12-01,C0031,R03,Enterprise,Enterprise Suite,0,84499.95,0,0,0,84499.95,42249.97
2026-01-01,C0031,R03,Enterprise,Enterprise Suite,84499.95,0,0,0,0,84499.95,84499.95
2026-02-01,C0031,R03,Enterprise,Enterprise Suite,84499.95,0,0,0,0,84499.95,84499.95
2026-03-01,C0031,R03,Enterprise,Enterprise Suite,84499.95,0,0,0,0,84499.95,84499.95
2026-04-01,C0031,R03,Enterprise,Enterprise Suite,84499.95,0,0,0,0,84499.95,84499.95
2026-05-01,C0031,R03,Enterprise,Enterprise Suite,84499.95,0,0,0,0,84499.95,84499.95
2026-06-01,C0031,R03,Enterprise,Enterprise Suite,84499.95,0,0,0,0,84499.95,84499.95
2023-01-01,C0032,R04,Mid-Market,Business,18419.88,0,0,0,0,18419.88,18419.88
2023-02-01,C0032,R04,Mid-Market,Business,18419.88,0,0,0,0,18419.88,18419.88
2023-03-01,C0032,R04,Mid-Market,Business,18419.88,0,0,0,0,18419.88,18419.88
2023-04-01,C0032,R04,Mid-Market,Business,18419.88,0,0,0,0,18419.88,18419.88
2023-05-01,C0032,R04,Mid-Market,Business,18419.88,0,0,0,0,18419.88,18419.88
2023-06-01,C0032,R04,Mid-Market,Business,18419.88,0,0,0,0,18419.88,18419.88
2023-07-01,C0032,R04,Mid-Market,Business,18419.88,0,0,0,0,18419.88,18419.88
2023-08-01,C0032,R04,Mid-Market,Business,18419.88,0,0,0,0,18419.88,18419.88
2023-09-01,C0032,R04,Mid-Market,Business,18419.88,0,0,0,0,18419.88,18419.88
2023-10-01,C0032,R04,Mid-Market,Business,18419.88,0,0,0,0,18419.88,18419.88
2023-11-01,C0032,R04,Mid-Market,Business,18419.88,0,552.6,0,0,18972.47,18696.17
2023-12-01,C0032,R04,Mid-Market,Business,18972.47,0,0,0,0,18972.47,18972.47
2024-01-01,C0032,R04,Mid-Market,Business,18972.47,0,0,0,0,18972.47,18972.47
2024-02-01,C0032,R04,Mid-Market,Business,18972.47,0,0,0,0,18972.47,18972.47
2024-03-01,C0032,R04,Mid-Market,Business,18972.47,0,0,0,0,18972.47,18972.47
2024-04-01,C0032,R04,Mid-Market,Business,18972.47,0,0,0,0,18972.47,18972.47
2024-05-01,C0032,R04,Mid-Market,Business,18972.47,0,0,0,0,18972.47,18972.47
2024-06-01,C0032,R04,Mid-Market,Business,18972.47,0,0,0,0,18972.47,18972.47
2024-07-01,C0032,R04,Mid-Market,Business,18972.47,0,0,0,0,18972.47,18972.47
2024-08-01,C0032,R04,Mid-Market,Business,18972.47,0,0,0,0,18972.47,18972.47
2024-09-01,C0032,R04,Mid-Market,Business,18972.47,0,0,0,0,18972.47,18972.47
2024-10-01,C0032,R04,Mid-Market,Business,18972.47,0,0,0,0,18972.47,18972.47
2024-11-01,C0032,R04,Mid-Market,Business,18972.47,0,1042.39,0,0,20014.86,19493.67
2024-12-01,C0032,R04,Mid-Market,Business,20014.86,0,0,0,0,20014.86,20014.86
2025-01-01,C0032,R04,Mid-Market,Business,20014.86,0,0,0,0,20014.86,20014.86
2025-02-01,C0032,R04,Mid-Market,Business,20014.86,0,0,0,0,20014.86,20014.86
2025-03-01,C0032,R04,Mid-Market,Business,20014.86,0,0,0,0,20014.86,20014.86
2025-04-01,C0032,R04,Mid-Market,Business,20014.86,0,0,0,0,20014.86,20014.86
2025-05-01,C0032,R04,Mid-Market,Business,20014.86,0,0,0,0,20014.86,20014.86
2025-06-01,C0032,R04,Mid-Market,Business,20014.86,0,0,0,0,20014.86,20014.86
2025-07-01,C0032,R04,Mid-Market,Business,20014.86,0,0,0,0,20014.86,20014.86
2025-08-01,C0032,R04,Mid-Market,Business,20014.86,0,0,0,0,20014.86,20014.86
2025-09-01,C0032,R04,Mid-Market,Business,20014.86,0,0,0,0,20014.86,20014.86
2025-10-01,C0032,R04,Mid-Market,Business,20014.86,0,0,0,0,20014.86,20014.86
2025-11-01,C0032,R04,Mid-Market,Business,20014.86,0,1628,0,0,21642.86,20828.86
2025-12-01,C0032,R04,Mid-Market,Business,21642.86,0,0,0,0,21642.86,21642.86
2026-01-01,C0032,R04,Mid-Market,Business,21642.86,0,0,0,0,21642.86,21642.86
2026-02-01,C0032,R04,Mid-Market,Business,21642.86,0,0,0,0,21642.86,21642.86
2026-03-01,C0032,R04,Mid-Market,Business,21642.86,0,0,0,0,21642.86,21642.86
2026-04-01,C0032,R04,Mid-Market,Business,21642.86,0,0,0,0,21642.86,21642.86
2026-05-01,C0032,R04,Mid-Market,Business,21642.86,0,0,0,0,21642.86,21642.86
2026-06-01,C0032,R04,Mid-Market,Business,21642.86,0,0,0,0,21642.86,21642.86
2025-05-01,C0033,R01,Mid-Market,Business,0,14111.65,0,0,0,14111.65,7055.82
2025-06-01,C0033,R01,Mid-Market,Business,14111.65,0,0,0,0,14111.65,14111.65
2025-07-01,C0033,R01,Mid-Market,Business,14111.65,0,0,0,0,14111.65,14111.65
2025-08-01,C0033,R01,Mid-Market,Business,14111.65,0,0,0,0,14111.65,14111.65
2025-09-01,C0033,R01,Mid-Market,Business,14111.65,0,0,0,0,14111.65,14111.65
2025-10-01,C0033,R01,Mid-Market,Business,14111.65,0,0,0,0,14111.65,14111.65
2025-11-01,C0033,R01,Mid-Market,Business,14111.65,0,0,0,0,14111.65,14111.65
2025-12-01,C0033,R01,Mid-Market,Business,14111.65,0,0,0,0,14111.65,14111.65
2026-01-01,C0033,R01,Mid-Market,Business,14111.65,0,0,0,0,14111.65,14111.65
2026-02-01,C0033,R01,Mid-Market,Business,14111.65,0,0,0,0,14111.65,14111.65
2026-03-01,C0033,R01,Mid-Market,Business,14111.65,0,0,0,0,14111.65,14111.65
2026-04-01,C0033,R01,Mid-Market,Business,14111.65,0,0,0,0,14111.65,14111.65
2026-05-01,C0033,R01,Mid-Market,Business,14111.65,0,423.35,0,14535,0,7055.82
2023-08-01,C0034,R03,Mid-Market,Business,0,8693.43,0,0,0,8693.43,4346.71
2023-09-01,C0034,R03,Mid-Market,Business,8693.43,0,0,0,0,8693.43,8693.43
2023-10-01,C0034,R03,Mid-Market,Business,8693.43,0,0,0,0,8693.43,8693.43
2023-11-01,C0034,R03,Mid-Market,Business,8693.43,0,0,0,0,8693.43,8693.43
2023-12-01,C0034,R03,Mid-Market,Business,8693.43,0,0,0,0,8693.43,8693.43
2024-01-01,C0034,R03,Mid-Market,Business,8693.43,0,0,0,0,8693.43,8693.43
2024-02-01,C0034,R03,Mid-Market,Business,8693.43,0,0,0,0,8693.43,8693.43
2024-03-01,C0034,R03,Mid-Market,Business,8693.43,0,0,0,0,8693.43,8693.43
2024-04-01,C0034,R03,Mid-Market,Business,8693.43,0,0,0,0,8693.43,8693.43
2024-05-01,C0034,R03,Mid-Market,Business,8693.43,0,0,0,0,8693.43,8693.43
2024-06-01,C0034,R03,Mid-Market,Business,8693.43,0,0,0,0,8693.43,8693.43
2024-07-01,C0034,R03,Mid-Market,Business,8693.43,0,0,0,0,8693.43,8693.43
2024-08-01,C0034,R03,Mid-Market,Business,8693.43,0,1210.81,0,0,9904.23,9298.83
2024-09-01,C0034,R03,Mid-Market,Business,9904.23,0,0,0,0,9904.23,9904.23
2024-10-01,C0034,R03,Mid-Market,Business,9904.23,0,0,0,0,9904.23,9904.23
2024-11-01,C0034,R03,Mid-Market,Business,9904.23,0,0,0,0,9904.23,9904.23
2024-12-01,C0034,R03,Mid-Market,Business,9904.23,0,0,0,0,9904.23,9904.23
2025-01-01,C0034,R03,Mid-Market,Business,9904.23,0,0,0,0,9904.23,9904.23
2025-02-01,C0034,R03,Mid-Market,Business,9904.23,0,0,0,0,9904.23,9904.23
2025-03-01,C0034,R03,Mid-Market,Business,9904.23,0,0,0,0,9904.23,9904.23
2025-04-01,C0034,R03,Mid-Market,Business,9904.23,0,0,0,0,9904.23,9904.23
2025-05-01,C0034,R03,Mid-Market,Business,9904.23,0,0,0,0,9904.23,9904.23
2025-06-01,C0034,R03,Mid-Market,Business,9904.23,0,0,0,0,9904.23,9904.23
2025-07-01,C0034,R03,Mid-Market,Business,9904.23,0,0,0,0,9904.23,9904.23
2025-08-01,C0034,R03,Mid-Market,Business,9904.23,0,297.13,319.37,0,9881.99,9893.11
2025-09-01,C0034,R03,Mid-Market,Business,9881.99,0,0,0,0,9881.99,9881.99
2025-10-01,C0034,R03,Mid-Market,Business,9881.99,0,0,0,0,9881.99,9881.99
2025-11-01,C0034,R03,Mid-Market,Business,9881.99,0,0,0,0,9881.99,9881.99
2025-12-01,C0034,R03,Mid-Market,Business,9881.99,0,0,0,0,9881.99,9881.99
2026-01-01,C0034,R03,Mid-Market,Business,9881.99,0,0,0,0,9881.99,9881.99
2026-02-01,C0034,R03,Mid-Market,Business,9881.99,0,0,0,0,9881.99,9881.99
2026-03-01,C0034,R03,Mid-Market,Business,9881.99,0,0,0,0,9881.99,9881.99
2026-04-01,C0034,R03,Mid-Market,Business,9881.99,0,0,0,0,9881.99,9881.99
2026-05-01,C0034,R03,Mid-Market,Business,9881.99,0,0,0,0,9881.99,9881.99
2026-06-01,C0034,R03,Mid-Market,Business,9881.99,0,0,0,0,9881.99,9881.99
2023-01-01,C0035,R01,Enterprise,Enterprise Suite,73188.58,0,0,0,0,73188.58,73188.58
2023-02-01,C0035,R01,Enterprise,Enterprise Suite,73188.58,0,0,0,0,73188.58,73188.58
2023-03-01,C0035,R01,Enterprise,Enterprise Suite,73188.58,0,0,0,0,73188.58,73188.58
2023-04-01,C0035,R01,Enterprise,Enterprise Suite,73188.58,0,0,0,0,73188.58,73188.58
2023-05-01,C0035,R01,Enterprise,Enterprise Suite,73188.58,0,0,0,0,73188.58,73188.58
2023-06-01,C0035,R01,Enterprise,Enterprise Suite,73188.58,0,0,0,0,73188.58,73188.58
2023-07-01,C0035,R01,Enterprise,Enterprise Suite,73188.58,0,0,0,0,73188.58,73188.58
2023-08-01,C0035,R01,Enterprise,Enterprise Suite,73188.58,0,0,0,0,73188.58,73188.58
2023-09-01,C0035,R01,Enterprise,Enterprise Suite,73188.58,0,0,0,0,73188.58,73188.58
2023-10-01,C0035,R01,Enterprise,Enterprise Suite,73188.58,0,0,0,0,73188.58,73188.58
2023-11-01,C0035,R01,Enterprise,Enterprise Suite,73188.58,0,7400.63,0,0,80589.21,76888.89
2023-12-01,C0035,R01,Enterprise,Enterprise Suite,80589.21,0,0,0,0,80589.21,80589.21
2024-01-01,C0035,R01,Enterprise,Enterprise Suite,80589.21,0,0,0,0,80589.21,80589.21
2024-02-01,C0035,R01,Enterprise,Enterprise Suite,80589.21,0,0,0,0,80589.21,80589.21
2024-03-01,C0035,R01,Enterprise,Enterprise Suite,80589.21,0,0,0,0,80589.21,80589.21
2024-04-01,C0035,R01,Enterprise,Enterprise Suite,80589.21,0,0,0,0,80589.21,80589.21
2024-05-01,C0035,R01,Enterprise,Enterprise Suite,80589.21,0,0,0,0,80589.21,80589.21
2024-06-01,C0035,R01,Enterprise,Enterprise Suite,80589.21,0,0,0,0,80589.21,80589.21
2024-07-01,C0035,R01,Enterprise,Enterprise Suite,80589.21,0,0,0,0,80589.21,80589.21
2024-08-01,C0035,R01,Enterprise,Enterprise Suite,80589.21,0,0,0,0,80589.21,80589.21
2024-09-01,C0035,R01,Enterprise,Enterprise Suite,80589.21,0,0,0,0,80589.21,80589.21
2024-10-01,C0035,R01,Enterprise,Enterprise Suite,80589.21,0,0,0,0,80589.21,80589.21
2024-11-01,C0035,R01,Enterprise,Enterprise Suite,80589.21,0,9538.04,0,0,90127.24,85358.23
2024-12-01,C0035,R01,Enterprise,Enterprise Suite,90127.24,0,0,0,0,90127.24,90127.24
2025-01-01,C0035,R01,Enterprise,Enterprise Suite,90127.24,0,0,0,0,90127.24,90127.24
2025-02-01,C0035,R01,Enterprise,Enterprise Suite,90127.24,0,0,0,0,90127.24,90127.24
2025-03-01,C0035,R01,Enterprise,Enterprise Suite,90127.24,0,0,0,0,90127.24,90127.24
2025-04-01,C0035,R01,Enterprise,Enterprise Suite,90127.24,0,0,0,0,90127.24,90127.24
2025-05-01,C0035,R01,Enterprise,Enterprise Suite,90127.24,0,0,0,0,90127.24,90127.24
2025-06-01,C0035,R01,Enterprise,Enterprise Suite,90127.24,0,0,0,0,90127.24,90127.24
2025-07-01,C0035,R01,Enterprise,Enterprise Suite,90127.24,0,0,0,0,90127.24,90127.24
2025-08-01,C0035,R01,Enterprise,Enterprise Suite,90127.24,0,0,0,0,90127.24,90127.24
2025-09-01,C0035,R01,Enterprise,Enterprise Suite,90127.24,0,0,0,0,90127.24,90127.24
2025-10-01,C0035,R01,Enterprise,Enterprise Suite,90127.24,0,0,0,0,90127.24,90127.24
2025-11-01,C0035,R01,Enterprise,Enterprise Suite,90127.24,0,2703.82,0,0,92831.06,91479.15
2025-12-01,C0035,R01,Enterprise,Enterprise Suite,92831.06,0,0,0,0,92831.06,92831.06
2026-01-01,C0035,R01,Enterprise,Enterprise Suite,92831.06,0,0,0,0,92831.06,92831.06
2026-02-01,C0035,R01,Enterprise,Enterprise Suite,92831.06,0,0,0,0,92831.06,92831.06
2026-03-01,C0035,R01,Enterprise,Enterprise Suite,92831.06,0,0,0,0,92831.06,92831.06
2026-04-01,C0035,R01,Enterprise,Enterprise Suite,92831.06,0,0,0,0,92831.06,92831.06
2026-05-01,C0035,R01,Enterprise,Enterprise Suite,92831.06,0,0,0,0,92831.06,92831.06
2026-06-01,C0035,R01,Enterprise,Enterprise Suite,92831.06,0,0,0,0,92831.06,92831.06
2023-01-01,C0036,R03,Enterprise,Enterprise Suite,105209.49,0,0,0,0,105209.49,105209.49
2023-02-01,C0036,R03,Enterprise,Enterprise Suite,105209.49,0,0,0,0,105209.49,105209.49
2023-03-01,C0036,R03,Enterprise,Enterprise Suite,105209.49,0,9381.55,0,0,114591.04,109900.27
2023-04-01,C0036,R03,Enterprise,Enterprise Suite,114591.04,0,0,0,0,114591.04,114591.04
2023-05-01,C0036,R03,Enterprise,Enterprise Suite,114591.04,0,0,0,0,114591.04,114591.04
2023-06-01,C0036,R03,Enterprise,Enterprise Suite,114591.04,0,0,0,0,114591.04,114591.04
2023-07-01,C0036,R03,Enterprise,Enterprise Suite,114591.04,0,0,0,0,114591.04,114591.04
2023-08-01,C0036,R03,Enterprise,Enterprise Suite,114591.04,0,0,0,0,114591.04,114591.04
2023-09-01,C0036,R03,Enterprise,Enterprise Suite,114591.04,0,0,0,0,114591.04,114591.04
2023-10-01,C0036,R03,Enterprise,Enterprise Suite,114591.04,0,0,0,0,114591.04,114591.04
2023-11-01,C0036,R03,Enterprise,Enterprise Suite,114591.04,0,0,0,0,114591.04,114591.04
2023-12-01,C0036,R03,Enterprise,Enterprise Suite,114591.04,0,0,0,0,114591.04,114591.04
2024-01-01,C0036,R03,Enterprise,Enterprise Suite,114591.04,0,0,0,0,114591.04,114591.04
2024-02-01,C0036,R03,Enterprise,Enterprise Suite,114591.04,0,0,0,0,114591.04,114591.04
2024-03-01,C0036,R03,Enterprise,Enterprise Suite,114591.04,0,14799.86,0,0,129390.91,121990.98
2024-04-01,C0036,R03,Enterprise,Enterprise Suite,129390.91,0,0,0,0,129390.91,129390.91
2024-05-01,C0036,R03,Enterprise,Enterprise Suite,129390.91,0,0,0,0,129390.91,129390.91
2024-06-01,C0036,R03,Enterprise,Enterprise Suite,129390.91,0,0,0,0,129390.91,129390.91
2024-07-01,C0036,R03,Enterprise,Enterprise Suite,129390.91,0,0,0,0,129390.91,129390.91
2024-08-01,C0036,R03,Enterprise,Enterprise Suite,129390.91,0,0,0,0,129390.91,129390.91
2024-09-01,C0036,R03,Enterprise,Enterprise Suite,129390.91,0,0,0,0,129390.91,129390.91
2024-10-01,C0036,R03,Enterprise,Enterprise Suite,129390.91,0,0,0,0,129390.91,129390.91
2024-11-01,C0036,R03,Enterprise,Enterprise Suite,129390.91,0,0,0,0,129390.91,129390.91
2024-12-01,C0036,R03,Enterprise,Enterprise Suite,129390.91,0,0,0,0,129390.91,129390.91
2025-01-01,C0036,R03,Enterprise,Enterprise Suite,129390.91,0,0,0,0,129390.91,129390.91
2025-02-01,C0036,R03,Enterprise,Enterprise Suite,129390.91,0,0,0,0,129390.91,129390.91
2025-03-01,C0036,R03,Enterprise,Enterprise Suite,129390.91,0,3881.73,0,0,133272.63,131331.77
2025-04-01,C0036,R03,Enterprise,Enterprise Suite,133272.63,0,0,0,0,133272.63,133272.63
2025-05-01,C0036,R03,Enterprise,Enterprise Suite,133272.63,0,0,0,0,133272.63,133272.63
2025-06-01,C0036,R03,Enterprise,Enterprise Suite,133272.63,0,0,0,0,133272.63,133272.63
2025-07-01,C0036,R03,Enterprise,Enterprise Suite,133272.63,0,0,0,0,133272.63,133272.63
2025-08-01,C0036,R03,Enterprise,Enterprise Suite,133272.63,0,0,0,0,133272.63,133272.63
2025-09-01,C0036,R03,Enterprise,Enterprise Suite,133272.63,0,0,0,0,133272.63,133272.63
2025-10-01,C0036,R03,Enterprise,Enterprise Suite,133272.63,0,0,0,0,133272.63,133272.63
2025-11-01,C0036,R03,Enterprise,Enterprise Suite,133272.63,0,0,0,0,133272.63,133272.63
2025-12-01,C0036,R03,Enterprise,Enterprise Suite,133272.63,0,0,0,0,133272.63,133272.63
2026-01-01,C0036,R03,Enterprise,Enterprise Suite,133272.63,0,0,0,0,133272.63,133272.63
2026-02-01,C0036,R03,Enterprise,Enterprise Suite,133272.63,0,0,0,0,133272.63,133272.63
2026-03-01,C0036,R03,Enterprise,Enterprise Suite,133272.63,0,12269.56,0,145542.19,0,66636.32
2023-01-01,C0037,R03,Enterprise,Enterprise Suite,107372.07,0,0,0,0,107372.07,107372.07
2023-02-01,C0037,R03,Enterprise,Enterprise Suite,107372.07,0,12300.74,0,0,119672.81,113522.44
2023-03-01,C0037,R03,Enterprise,Enterprise Suite,119672.81,0,0,0,0,119672.81,119672.81
2023-04-01,C0037,R03,Enterprise,Enterprise Suite,119672.81,0,0,0,0,119672.81,119672.81
2023-05-01,C0037,R03,Enterprise,Enterprise Suite,119672.81,0,0,0,0,119672.81,119672.81
2023-06-01,C0037,R03,Enterprise,Enterprise Suite,119672.81,0,0,0,0,119672.81,119672.81
2023-07-01,C0037,R03,Enterprise,Enterprise Suite,119672.81,0,0,0,0,119672.81,119672.81
2023-08-01,C0037,R03,Enterprise,Enterprise Suite,119672.81,0,0,0,0,119672.81,119672.81
2023-09-01,C0037,R03,Enterprise,Enterprise Suite,119672.81,0,0,0,0,119672.81,119672.81
2023-10-01,C0037,R03,Enterprise,Enterprise Suite,119672.81,0,0,0,0,119672.81,119672.81
2023-11-01,C0037,R03,Enterprise,Enterprise Suite,119672.81,0,0,0,0,119672.81,119672.81
2023-12-01,C0037,R03,Enterprise,Enterprise Suite,119672.81,0,0,0,0,119672.81,119672.81
2024-01-01,C0037,R03,Enterprise,Enterprise Suite,119672.81,0,0,0,0,119672.81,119672.81
2024-02-01,C0037,R03,Enterprise,Enterprise Suite,119672.81,0,19423.49,0,0,139096.29,129384.55
2024-03-01,C0037,R03,Enterprise,Enterprise Suite,139096.29,0,0,0,0,139096.29,139096.29
2024-04-01,C0037,R03,Enterprise,Enterprise Suite,139096.29,0,0,0,0,139096.29,139096.29
2024-05-01,C0037,R03,Enterprise,Enterprise Suite,139096.29,0,0,0,0,139096.29,139096.29
2024-06-01,C0037,R03,Enterprise,Enterprise Suite,139096.29,0,0,0,0,139096.29,139096.29
2024-07-01,C0037,R03,Enterprise,Enterprise Suite,139096.29,0,0,0,0,139096.29,139096.29
2024-08-01,C0037,R03,Enterprise,Enterprise Suite,139096.29,0,0,0,0,139096.29,139096.29
2024-09-01,C0037,R03,Enterprise,Enterprise Suite,139096.29,0,0,0,0,139096.29,139096.29
2024-10-01,C0037,R03,Enterprise,Enterprise Suite,139096.29,0,0,0,0,139096.29,139096.29
2024-11-01,C0037,R03,Enterprise,Enterprise Suite,139096.29,0,0,0,0,139096.29,139096.29
2024-12-01,C0037,R03,Enterprise,Enterprise Suite,139096.29,0,0,0,0,139096.29,139096.29
2025-01-01,C0037,R03,Enterprise,Enterprise Suite,139096.29,0,0,0,0,139096.29,139096.29
2025-02-01,C0037,R03,Enterprise,Enterprise Suite,139096.29,0,15051.25,0,0,154147.54,146621.91
2025-03-01,C0037,R03,Enterprise,Enterprise Suite,154147.54,0,0,0,0,154147.54,154147.54
2025-04-01,C0037,R03,Enterprise,Enterprise Suite,154147.54,0,0,0,0,154147.54,154147.54
2025-05-01,C0037,R03,Enterprise,Enterprise Suite,154147.54,0,0,0,0,154147.54,154147.54
2025-06-01,C0037,R03,Enterprise,Enterprise Suite,154147.54,0,0,0,0,154147.54,154147.54
2025-07-01,C0037,R03,Enterprise,Enterprise Suite,154147.54,0,0,0,0,154147.54,154147.54
2025-08-01,C0037,R03,Enterprise,Enterprise Suite,154147.54,0,0,0,0,154147.54,154147.54
2025-09-01,C0037,R03,Enterprise,Enterprise Suite,154147.54,0,0,0,0,154147.54,154147.54
2025-10-01,C0037,R03,Enterprise,Enterprise Suite,154147.54,0,0,0,0,154147.54,154147.54
2025-11-01,C0037,R03,Enterprise,Enterprise Suite,154147.54,0,0,0,0,154147.54,154147.54
2025-12-01,C0037,R03,Enterprise,Enterprise Suite,154147.54,0,0,0,0,154147.54,154147.54
2026-01-01,C0037,R03,Enterprise,Enterprise Suite,154147.54,0,0,0,0,154147.54,154147.54
2026-02-01,C0037,R03,Enterprise,Enterprise Suite,154147.54,0,4624.43,0,0,158771.96,156459.75
2026-03-01,C0037,R03,Enterprise,Enterprise Suite,158771.96,0,0,0,0,158771.96,158771.96
2026-04-01,C0037,R03,Enterprise,Enterprise Suite,158771.96,0,0,0,0,158771.96,158771.96
2026-05-01,C0037,R03,Enterprise,Enterprise Suite,158771.96,0,0,0,0,158771.96,158771.96
2026-06-01,C0037,R03,Enterprise,Enterprise Suite,158771.96,0,0,0,0,158771.96,158771.96
2023-08-01,C0038,R03,Mid-Market,Business,0,9567.45,0,0,0,9567.45,4783.73
2023-09-01,C0038,R03,Mid-Market,Business,9567.45,0,0,0,0,9567.45,9567.45
2023-10-01,C0038,R03,Mid-Market,Business,9567.45,0,0,0,0,9567.45,9567.45
2023-11-01,C0038,R03,Mid-Market,Business,9567.45,0,0,0,0,9567.45,9567.45
2023-12-01,C0038,R03,Mid-Market,Business,9567.45,0,0,0,0,9567.45,9567.45
2024-01-01,C0038,R03,Mid-Market,Business,9567.45,0,0,0,0,9567.45,9567.45
2024-02-01,C0038,R03,Mid-Market,Business,9567.45,0,0,0,0,9567.45,9567.45
2024-03-01,C0038,R03,Mid-Market,Business,9567.45,0,0,0,0,9567.45,9567.45
2024-04-01,C0038,R03,Mid-Market,Business,9567.45,0,0,0,0,9567.45,9567.45
2024-05-01,C0038,R03,Mid-Market,Business,9567.45,0,0,0,0,9567.45,9567.45
2024-06-01,C0038,R03,Mid-Market,Business,9567.45,0,0,0,0,9567.45,9567.45
2024-07-01,C0038,R03,Mid-Market,Business,9567.45,0,0,0,0,9567.45,9567.45
2024-08-01,C0038,R03,Mid-Market,Business,9567.45,0,635.72,0,0,10203.17,9885.31
2024-09-01,C0038,R03,Mid-Market,Business,10203.17,0,0,0,0,10203.17,10203.17
2024-10-01,C0038,R03,Mid-Market,Business,10203.17,0,0,0,0,10203.17,10203.17
2024-11-01,C0038,R03,Mid-Market,Business,10203.17,0,0,0,0,10203.17,10203.17
2024-12-01,C0038,R03,Mid-Market,Business,10203.17,0,0,0,0,10203.17,10203.17
2025-01-01,C0038,R03,Mid-Market,Business,10203.17,0,0,0,0,10203.17,10203.17
2025-02-01,C0038,R03,Mid-Market,Business,10203.17,0,0,0,0,10203.17,10203.17
2025-03-01,C0038,R03,Mid-Market,Business,10203.17,0,0,0,0,10203.17,10203.17
2025-04-01,C0038,R03,Mid-Market,Business,10203.17,0,0,0,0,10203.17,10203.17
2025-05-01,C0038,R03,Mid-Market,Business,10203.17,0,0,0,0,10203.17,10203.17
2025-06-01,C0038,R03,Mid-Market,Business,10203.17,0,0,0,0,10203.17,10203.17
2025-07-01,C0038,R03,Mid-Market,Business,10203.17,0,0,0,0,10203.17,10203.17
2025-08-01,C0038,R03,Mid-Market,Business,10203.17,0,306.1,0,0,10509.27,10356.22
2025-09-01,C0038,R03,Mid-Market,Business,10509.27,0,0,0,0,10509.27,10509.27
2025-10-01,C0038,R03,Mid-Market,Business,10509.27,0,0,0,0,10509.27,10509.27
2025-11-01,C0038,R03,Mid-Market,Business,10509.27,0,0,0,0,10509.27,10509.27
2025-12-01,C0038,R03,Mid-Market,Business,10509.27,0,0,0,0,10509.27,10509.27
2026-01-01,C0038,R03,Mid-Market,Business,10509.27,0,0,0,0,10509.27,10509.27
2026-02-01,C0038,R03,Mid-Market,Business,10509.27,0,0,0,0,10509.27,10509.27
2026-03-01,C0038,R03,Mid-Market,Business,10509.27,0,0,0,0,10509.27,10509.27
2026-04-01,C0038,R03,Mid-Market,Business,10509.27,0,0,0,0,10509.27,10509.27
2026-05-01,C0038,R03,Mid-Market,Business,10509.27,0,0,0,0,10509.27,10509.27
2026-06-01,C0038,R03,Mid-Market,Business,10509.27,0,0,0,0,10509.27,10509.27
2023-01-01,C0039,R01,SMB,Core,2583.88,0,0,0,0,2583.88,2583.88
2023-02-01,C0039,R01,SMB,Core,2583.88,0,0,0,0,2583.88,2583.88
2023-03-01,C0039,R01,SMB,Core,2583.88,0,0,0,0,2583.88,2583.88
2023-04-01,C0039,R01,SMB,Core,2583.88,0,0,0,0,2583.88,2583.88
2023-05-01,C0039,R01,SMB,Core,2583.88,0,0,0,0,2583.88,2583.88
2023-06-01,C0039,R01,SMB,Core,2583.88,0,77.52,0,0,2661.4,2622.64
2023-07-01,C0039,R01,SMB,Core,2661.4,0,0,0,0,2661.4,2661.4
2023-08-01,C0039,R01,SMB,Core,2661.4,0,0,0,0,2661.4,2661.4
2023-09-01,C0039,R01,SMB,Core,2661.4,0,0,0,0,2661.4,2661.4
2023-10-01,C0039,R01,SMB,Core,2661.4,0,0,0,0,2661.4,2661.4
2023-11-01,C0039,R01,SMB,Core,2661.4,0,0,0,0,2661.4,2661.4
2023-12-01,C0039,R01,SMB,Core,2661.4,0,0,0,0,2661.4,2661.4
2024-01-01,C0039,R01,SMB,Core,2661.4,0,0,0,0,2661.4,2661.4
2024-02-01,C0039,R01,SMB,Core,2661.4,0,0,0,0,2661.4,2661.4
2024-03-01,C0039,R01,SMB,Core,2661.4,0,0,0,0,2661.4,2661.4
2024-04-01,C0039,R01,SMB,Core,2661.4,0,0,0,0,2661.4,2661.4
2024-05-01,C0039,R01,SMB,Core,2661.4,0,0,0,0,2661.4,2661.4
2024-06-01,C0039,R01,SMB,Core,2661.4,0,188.89,0,0,2850.29,2755.84
2024-07-01,C0039,R01,SMB,Core,2850.29,0,0,0,0,2850.29,2850.29
2024-08-01,C0039,R01,SMB,Core,2850.29,0,0,0,0,2850.29,2850.29
2024-09-01,C0039,R01,SMB,Core,2850.29,0,0,0,0,2850.29,2850.29
2024-10-01,C0039,R01,SMB,Core,2850.29,0,0,0,0,2850.29,2850.29
2024-11-01,C0039,R01,SMB,Core,2850.29,0,0,0,0,2850.29,2850.29
2024-12-01,C0039,R01,SMB,Core,2850.29,0,0,0,0,2850.29,2850.29
2025-01-01,C0039,R01,SMB,Core,2850.29,0,0,0,0,2850.29,2850.29
2025-02-01,C0039,R01,SMB,Core,2850.29,0,0,0,0,2850.29,2850.29
2025-03-01,C0039,R01,SMB,Core,2850.29,0,0,0,0,2850.29,2850.29
2025-04-01,C0039,R01,SMB,Core,2850.29,0,0,0,0,2850.29,2850.29
2025-05-01,C0039,R01,SMB,Core,2850.29,0,0,0,0,2850.29,2850.29
2025-06-01,C0039,R01,SMB,Core,2850.29,0,85.51,0,0,2935.8,2893.04
2025-07-01,C0039,R01,SMB,Core,2935.8,0,0,0,0,2935.8,2935.8
2025-08-01,C0039,R01,SMB,Core,2935.8,0,0,0,0,2935.8,2935.8
2025-09-01,C0039,R01,SMB,Core,2935.8,0,0,0,0,2935.8,2935.8
2025-10-01,C0039,R01,SMB,Core,2935.8,0,0,0,0,2935.8,2935.8
2025-11-01,C0039,R01,SMB,Core,2935.8,0,0,0,0,2935.8,2935.8
2025-12-01,C0039,R01,SMB,Core,2935.8,0,0,0,0,2935.8,2935.8
2026-01-01,C0039,R01,SMB,Core,2935.8,0,0,0,0,2935.8,2935.8
2026-02-01,C0039,R01,SMB,Core,2935.8,0,0,0,0,2935.8,2935.8
2026-03-01,C0039,R01,SMB,Core,2935.8,0,0,0,0,2935.8,2935.8
2026-04-01,C0039,R01,SMB,Core,2935.8,0,0,0,0,2935.8,2935.8
2026-05-01,C0039,R01,SMB,Core,2935.8,0,0,0,0,2935.8,2935.8
2026-06-01,C0039,R01,SMB,Core,2935.8,0,188.3,0,0,3124.09,3029.95
2024-08-01,C0040,R01,Mid-Market,Business,0,17891.59,0,0,0,17891.59,8945.8
2024-09-01,C0040,R01,Mid-Market,Business,17891.59,0,0,0,0,17891.59,17891.59
2024-10-01,C0040,R01,Mid-Market,Business,17891.59,0,0,0,0,17891.59,17891.59
2024-11-01,C0040,R01,Mid-Market,Business,17891.59,0,0,0,0,17891.59,17891.59
2024-12-01,C0040,R01,Mid-Market,Business,17891.59,0,0,0,0,17891.59,17891.59
2025-01-01,C0040,R01,Mid-Market,Business,17891.59,0,0,0,0,17891.59,17891.59
2025-02-01,C0040,R01,Mid-Market,Business,17891.59,0,0,0,0,17891.59,17891.59
2025-03-01,C0040,R01,Mid-Market,Business,17891.59,0,0,0,0,17891.59,17891.59
2025-04-01,C0040,R01,Mid-Market,Business,17891.59,0,0,0,0,17891.59,17891.59
2025-05-01,C0040,R01,Mid-Market,Business,17891.59,0,0,0,0,17891.59,17891.59
2025-06-01,C0040,R01,Mid-Market,Business,17891.59,0,0,0,0,17891.59,17891.59
2025-07-01,C0040,R01,Mid-Market,Business,17891.59,0,0,0,0,17891.59,17891.59
2025-08-01,C0040,R01,Mid-Market,Business,17891.59,0,2152.97,0,0,20044.56,18968.08
2025-09-01,C0040,R01,Mid-Market,Business,20044.56,0,0,0,0,20044.56,20044.56
2025-10-01,C0040,R01,Mid-Market,Business,20044.56,0,0,0,0,20044.56,20044.56
2025-11-01,C0040,R01,Mid-Market,Business,20044.56,0,0,0,0,20044.56,20044.56
2025-12-01,C0040,R01,Mid-Market,Business,20044.56,0,0,0,0,20044.56,20044.56
2026-01-01,C0040,R01,Mid-Market,Business,20044.56,0,0,0,0,20044.56,20044.56
2026-02-01,C0040,R01,Mid-Market,Business,20044.56,0,0,0,0,20044.56,20044.56
2026-03-01,C0040,R01,Mid-Market,Business,20044.56,0,0,0,0,20044.56,20044.56
2026-04-01,C0040,R01,Mid-Market,Business,20044.56,0,0,0,0,20044.56,20044.56
2026-05-01,C0040,R01,Mid-Market,Business,20044.56,0,0,0,0,20044.56,20044.56
2026-06-01,C0040,R01,Mid-Market,Business,20044.56,0,0,0,0,20044.56,20044.56
2023-01-01,C0041,R01,Mid-Market,Business,37774.88,0,0,0,0,37774.88,37774.88
2023-02-01,C0041,R01,Mid-Market,Business,37774.88,0,0,0,0,37774.88,37774.88
2023-03-01,C0041,R01,Mid-Market,Business,37774.88,0,0,0,0,37774.88,37774.88
2023-04-01,C0041,R01,Mid-Market,Business,37774.88,0,0,0,0,37774.88,37774.88
2023-05-01,C0041,R01,Mid-Market,Business,37774.88,0,0,0,0,37774.88,37774.88
2023-06-01,C0041,R01,Mid-Market,Business,37774.88,0,0,0,0,37774.88,37774.88
2023-07-01,C0041,R01,Mid-Market,Business,37774.88,0,0,0,0,37774.88,37774.88
2023-08-01,C0041,R01,Mid-Market,Business,37774.88,0,0,0,0,37774.88,37774.88
2023-09-01,C0041,R01,Mid-Market,Business,37774.88,0,0,0,0,37774.88,37774.88
2023-10-01,C0041,R01,Mid-Market,Business,37774.88,0,3911.66,0,0,41686.53,39730.71
2023-11-01,C0041,R01,Mid-Market,Business,41686.53,0,0,0,0,41686.53,41686.53
2023-12-01,C0041,R01,Mid-Market,Business,41686.53,0,0,0,0,41686.53,41686.53
2024-01-01,C0041,R01,Mid-Market,Business,41686.53,0,0,0,0,41686.53,41686.53
2024-02-01,C0041,R01,Mid-Market,Business,41686.53,0,0,0,0,41686.53,41686.53
2024-03-01,C0041,R01,Mid-Market,Business,41686.53,0,0,0,0,41686.53,41686.53
2024-04-01,C0041,R01,Mid-Market,Business,41686.53,0,0,0,0,41686.53,41686.53
2024-05-01,C0041,R01,Mid-Market,Business,41686.53,0,0,0,0,41686.53,41686.53
2024-06-01,C0041,R01,Mid-Market,Business,41686.53,0,0,0,0,41686.53,41686.53
2024-07-01,C0041,R01,Mid-Market,Business,41686.53,0,0,0,0,41686.53,41686.53
2024-08-01,C0041,R01,Mid-Market,Business,41686.53,0,0,0,0,41686.53,41686.53
2024-09-01,C0041,R01,Mid-Market,Business,41686.53,0,0,0,0,41686.53,41686.53
2024-10-01,C0041,R01,Mid-Market,Business,41686.53,0,4584.84,0,0,46271.38,43978.96
2024-11-01,C0041,R01,Mid-Market,Business,46271.38,0,0,0,0,46271.38,46271.38
2024-12-01,C0041,R01,Mid-Market,Business,46271.38,0,0,0,0,46271.38,46271.38
2025-01-01,C0041,R01,Mid-Market,Business,46271.38,0,0,0,0,46271.38,46271.38
2025-02-01,C0041,R01,Mid-Market,Business,46271.38,0,0,0,0,46271.38,46271.38
2025-03-01,C0041,R01,Mid-Market,Business,46271.38,0,0,0,0,46271.38,46271.38
2025-04-01,C0041,R01,Mid-Market,Business,46271.38,0,0,0,0,46271.38,46271.38
2025-05-01,C0041,R01,Mid-Market,Business,46271.38,0,0,0,0,46271.38,46271.38
2025-06-01,C0041,R01,Mid-Market,Business,46271.38,0,0,0,0,46271.38,46271.38
2025-07-01,C0041,R01,Mid-Market,Business,46271.38,0,0,0,0,46271.38,46271.38
2025-08-01,C0041,R01,Mid-Market,Business,46271.38,0,0,0,0,46271.38,46271.38
2025-09-01,C0041,R01,Mid-Market,Business,46271.38,0,0,0,0,46271.38,46271.38
2025-10-01,C0041,R01,Mid-Market,Business,46271.38,0,2082.21,0,0,48353.59,47312.48
2025-11-01,C0041,R01,Mid-Market,Business,48353.59,0,0,0,0,48353.59,48353.59
2025-12-01,C0041,R01,Mid-Market,Business,48353.59,0,0,0,0,48353.59,48353.59
2026-01-01,C0041,R01,Mid-Market,Business,48353.59,0,0,0,0,48353.59,48353.59
2026-02-01,C0041,R01,Mid-Market,Business,48353.59,0,0,0,0,48353.59,48353.59
2026-03-01,C0041,R01,Mid-Market,Business,48353.59,0,0,0,0,48353.59,48353.59
2026-04-01,C0041,R01,Mid-Market,Business,48353.59,0,0,0,0,48353.59,48353.59
2026-05-01,C0041,R01,Mid-Market,Business,48353.59,0,0,0,0,48353.59,48353.59
2026-06-01,C0041,R01,Mid-Market,Business,48353.59,0,0,0,0,48353.59,48353.59
2023-01-01,C0042,R04,SMB,Core,6688.26,0,0,0,0,6688.26,6688.26
2023-02-01,C0042,R04,SMB,Core,6688.26,0,0,0,0,6688.26,6688.26
2023-03-01,C0042,R04,SMB,Core,6688.26,0,0,0,0,6688.26,6688.26
2023-04-01,C0042,R04,SMB,Core,6688.26,0,0,0,0,6688.26,6688.26
2023-05-01,C0042,R04,SMB,Core,6688.26,0,0,0,0,6688.26,6688.26
2023-06-01,C0042,R04,SMB,Core,6688.26,0,0,0,0,6688.26,6688.26
2023-07-01,C0042,R04,SMB,Core,6688.26,0,200.65,0,6888.91,0,3344.13
2026-01-01,C0043,R03,Mid-Market,Business,0,17893.81,0,0,0,17893.81,8946.91
2026-02-01,C0043,R03,Mid-Market,Business,17893.81,0,0,0,0,17893.81,17893.81
2026-03-01,C0043,R03,Mid-Market,Business,17893.81,0,0,0,0,17893.81,17893.81
2026-04-01,C0043,R03,Mid-Market,Business,17893.81,0,0,0,0,17893.81,17893.81
2026-05-01,C0043,R03,Mid-Market,Business,17893.81,0,0,0,0,17893.81,17893.81
2026-06-01,C0043,R03,Mid-Market,Business,17893.81,0,0,0,0,17893.81,17893.81
2023-01-01,C0044,R01,SMB,Core,3628.69,0,0,0,0,3628.69,3628.69
2023-02-01,C0044,R01,SMB,Core,3628.69,0,0,0,0,3628.69,3628.69
2023-03-01,C0044,R01,SMB,Core,3628.69,0,0,0,0,3628.69,3628.69
2023-04-01,C0044,R01,SMB,Core,3628.69,0,0,0,0,3628.69,3628.69
2023-05-01,C0044,R01,SMB,Core,3628.69,0,0,0,0,3628.69,3628.69
2023-06-01,C0044,R01,SMB,Core,3628.69,0,0,0,0,3628.69,3628.69
2023-07-01,C0044,R01,SMB,Core,3628.69,0,279.96,0,0,3908.64,3768.67
2023-08-01,C0044,R01,SMB,Core,3908.64,0,0,0,0,3908.64,3908.64
2023-09-01,C0044,R01,SMB,Core,3908.64,0,0,0,0,3908.64,3908.64
2023-10-01,C0044,R01,SMB,Core,3908.64,0,0,0,0,3908.64,3908.64
2023-11-01,C0044,R01,SMB,Core,3908.64,0,0,0,0,3908.64,3908.64
2023-12-01,C0044,R01,SMB,Core,3908.64,0,0,0,0,3908.64,3908.64
2024-01-01,C0044,R01,SMB,Core,3908.64,0,0,0,0,3908.64,3908.64
2024-02-01,C0044,R01,SMB,Core,3908.64,0,0,0,0,3908.64,3908.64
2024-03-01,C0044,R01,SMB,Core,3908.64,0,0,0,0,3908.64,3908.64
2024-04-01,C0044,R01,SMB,Core,3908.64,0,0,0,0,3908.64,3908.64
2024-05-01,C0044,R01,SMB,Core,3908.64,0,0,0,0,3908.64,3908.64
2024-06-01,C0044,R01,SMB,Core,3908.64,0,0,0,0,3908.64,3908.64
2024-07-01,C0044,R01,SMB,Core,3908.64,0,117.26,0,0,4025.9,3967.27
2024-08-01,C0044,R01,SMB,Core,4025.9,0,0,0,0,4025.9,4025.9
2024-09-01,C0044,R01,SMB,Core,4025.9,0,0,0,0,4025.9,4025.9
2024-10-01,C0044,R01,SMB,Core,4025.9,0,0,0,0,4025.9,4025.9
2024-11-01,C0044,R01,SMB,Core,4025.9,0,0,0,0,4025.9,4025.9
2024-12-01,C0044,R01,SMB,Core,4025.9,0,0,0,0,4025.9,4025.9
2025-01-01,C0044,R01,SMB,Core,4025.9,0,0,0,0,4025.9,4025.9
2025-02-01,C0044,R01,SMB,Core,4025.9,0,0,0,0,4025.9,4025.9
2025-03-01,C0044,R01,SMB,Core,4025.9,0,0,0,0,4025.9,4025.9
2025-04-01,C0044,R01,SMB,Core,4025.9,0,0,0,0,4025.9,4025.9
2025-05-01,C0044,R01,SMB,Core,4025.9,0,0,0,0,4025.9,4025.9
2025-06-01,C0044,R01,SMB,Core,4025.9,0,0,0,0,4025.9,4025.9
2025-07-01,C0044,R01,SMB,Core,4025.9,0,429.47,0,0,4455.37,4240.64
2025-08-01,C0044,R01,SMB,Core,4455.37,0,0,0,0,4455.37,4455.37
2025-09-01,C0044,R01,SMB,Core,4455.37,0,0,0,0,4455.37,4455.37
2025-10-01,C0044,R01,SMB,Core,4455.37,0,0,0,0,4455.37,4455.37
2025-11-01,C0044,R01,SMB,Core,4455.37,0,0,0,0,4455.37,4455.37
2025-12-01,C0044,R01,SMB,Core,4455.37,0,0,0,0,4455.37,4455.37
2026-01-01,C0044,R01,SMB,Core,4455.37,0,0,0,0,4455.37,4455.37
2026-02-01,C0044,R01,SMB,Core,4455.37,0,0,0,0,4455.37,4455.37
2026-03-01,C0044,R01,SMB,Core,4455.37,0,0,0,0,4455.37,4455.37
2026-04-01,C0044,R01,SMB,Core,4455.37,0,0,0,0,4455.37,4455.37
2026-05-01,C0044,R01,SMB,Core,4455.37,0,0,0,0,4455.37,4455.37
2026-06-01,C0044,R01,SMB,Core,4455.37,0,0,0,0,4455.37,4455.37
2024-09-01,C0045,R01,Mid-Market,Business,0,16975.13,0,0,0,16975.13,8487.57
2024-10-01,C0045,R01,Mid-Market,Business,16975.13,0,0,0,0,16975.13,16975.13
2024-11-01,C0045,R01,Mid-Market,Business,16975.13,0,0,0,0,16975.13,16975.13
2024-12-01,C0045,R01,Mid-Market,Business,16975.13,0,0,0,0,16975.13,16975.13
2025-01-01,C0045,R01,Mid-Market,Business,16975.13,0,0,0,0,16975.13,16975.13
2025-02-01,C0045,R01,Mid-Market,Business,16975.13,0,0,0,0,16975.13,16975.13
2025-03-01,C0045,R01,Mid-Market,Business,16975.13,0,0,0,0,16975.13,16975.13
2025-04-01,C0045,R01,Mid-Market,Business,16975.13,0,0,0,0,16975.13,16975.13
2025-05-01,C0045,R01,Mid-Market,Business,16975.13,0,0,0,0,16975.13,16975.13
2025-06-01,C0045,R01,Mid-Market,Business,16975.13,0,0,0,0,16975.13,16975.13
2025-07-01,C0045,R01,Mid-Market,Business,16975.13,0,0,0,0,16975.13,16975.13
2025-08-01,C0045,R01,Mid-Market,Business,16975.13,0,0,0,0,16975.13,16975.13
2025-09-01,C0045,R01,Mid-Market,Business,16975.13,0,1873.52,0,0,18848.65,17911.89
2025-10-01,C0045,R01,Mid-Market,Business,18848.65,0,0,0,0,18848.65,18848.65
2025-11-01,C0045,R01,Mid-Market,Business,18848.65,0,0,0,0,18848.65,18848.65
2025-12-01,C0045,R01,Mid-Market,Business,18848.65,0,0,0,0,18848.65,18848.65
2026-01-01,C0045,R01,Mid-Market,Business,18848.65,0,0,0,0,18848.65,18848.65
2026-02-01,C0045,R01,Mid-Market,Business,18848.65,0,0,0,0,18848.65,18848.65
2026-03-01,C0045,R01,Mid-Market,Business,18848.65,0,0,0,0,18848.65,18848.65
2026-04-01,C0045,R01,Mid-Market,Business,18848.65,0,0,0,0,18848.65,18848.65
2026-05-01,C0045,R01,Mid-Market,Business,18848.65,0,0,0,0,18848.65,18848.65
2026-06-01,C0045,R01,Mid-Market,Business,18848.65,0,0,0,0,18848.65,18848.65
2025-05-01,C0046,R02,Enterprise,Enterprise Suite,0,105351.32,0,0,0,105351.32,52675.66
2025-06-01,C0046,R02,Enterprise,Enterprise Suite,105351.32,0,0,0,0,105351.32,105351.32
2025-07-01,C0046,R02,Enterprise,Enterprise Suite,105351.32,0,0,0,0,105351.32,105351.32
2025-08-01,C0046,R02,Enterprise,Enterprise Suite,105351.32,0,0,0,0,105351.32,105351.32
2025-09-01,C0046,R02,Enterprise,Enterprise Suite,105351.32,0,0,0,0,105351.32,105351.32
2025-10-01,C0046,R02,Enterprise,Enterprise Suite,105351.32,0,0,0,0,105351.32,105351.32
2025-11-01,C0046,R02,Enterprise,Enterprise Suite,105351.32,0,0,0,0,105351.32,105351.32
2025-12-01,C0046,R02,Enterprise,Enterprise Suite,105351.32,0,0,0,0,105351.32,105351.32
2026-01-01,C0046,R02,Enterprise,Enterprise Suite,105351.32,0,0,0,0,105351.32,105351.32
2026-02-01,C0046,R02,Enterprise,Enterprise Suite,105351.32,0,0,0,0,105351.32,105351.32
2026-03-01,C0046,R02,Enterprise,Enterprise Suite,105351.32,0,0,0,0,105351.32,105351.32
2026-04-01,C0046,R02,Enterprise,Enterprise Suite,105351.32,0,0,0,0,105351.32,105351.32
2026-05-01,C0046,R02,Enterprise,Enterprise Suite,105351.32,0,11595.63,0,0,116946.95,111149.14
2026-06-01,C0046,R02,Enterprise,Enterprise Suite,116946.95,0,0,0,0,116946.95,116946.95
2023-01-01,C0047,R02,Mid-Market,Business,14847.33,0,0,0,0,14847.33,14847.33
2023-02-01,C0047,R02,Mid-Market,Business,14847.33,0,0,0,0,14847.33,14847.33
2023-03-01,C0047,R02,Mid-Market,Business,14847.33,0,0,0,0,14847.33,14847.33
2023-04-01,C0047,R02,Mid-Market,Business,14847.33,0,0,0,0,14847.33,14847.33
2023-05-01,C0047,R02,Mid-Market,Business,14847.33,0,0,0,0,14847.33,14847.33
2023-06-01,C0047,R02,Mid-Market,Business,14847.33,0,0,0,0,14847.33,14847.33
2023-07-01,C0047,R02,Mid-Market,Business,14847.33,0,0,0,0,14847.33,14847.33
2023-08-01,C0047,R02,Mid-Market,Business,14847.33,0,0,0,0,14847.33,14847.33
2023-09-01,C0047,R02,Mid-Market,Business,14847.33,0,0,0,0,14847.33,14847.33
2023-10-01,C0047,R02,Mid-Market,Business,14847.33,0,0,0,0,14847.33,14847.33
2023-11-01,C0047,R02,Mid-Market,Business,14847.33,0,0,0,0,14847.33,14847.33
2023-12-01,C0047,R02,Mid-Market,Business,14847.33,0,1606.48,0,0,16453.82,15650.57
2024-01-01,C0047,R02,Mid-Market,Business,16453.82,0,0,0,0,16453.82,16453.82
2024-02-01,C0047,R02,Mid-Market,Business,16453.82,0,0,0,0,16453.82,16453.82
2024-03-01,C0047,R02,Mid-Market,Business,16453.82,0,0,0,0,16453.82,16453.82
2024-04-01,C0047,R02,Mid-Market,Business,16453.82,0,0,0,0,16453.82,16453.82
2024-05-01,C0047,R02,Mid-Market,Business,16453.82,0,0,0,0,16453.82,16453.82
2024-06-01,C0047,R02,Mid-Market,Business,16453.82,0,0,0,0,16453.82,16453.82
2024-07-01,C0047,R02,Mid-Market,Business,16453.82,0,0,0,0,16453.82,16453.82
2024-08-01,C0047,R02,Mid-Market,Business,16453.82,0,0,0,0,16453.82,16453.82
2024-09-01,C0047,R02,Mid-Market,Business,16453.82,0,0,0,0,16453.82,16453.82
2024-10-01,C0047,R02,Mid-Market,Business,16453.82,0,0,0,0,16453.82,16453.82
2024-11-01,C0047,R02,Mid-Market,Business,16453.82,0,0,0,0,16453.82,16453.82
2024-12-01,C0047,R02,Mid-Market,Business,16453.82,0,2238.52,0,0,18692.34,17573.08
2025-01-01,C0047,R02,Mid-Market,Business,18692.34,0,0,0,0,18692.34,18692.34
2025-02-01,C0047,R02,Mid-Market,Business,18692.34,0,0,0,0,18692.34,18692.34
2025-03-01,C0047,R02,Mid-Market,Business,18692.34,0,0,0,0,18692.34,18692.34
2025-04-01,C0047,R02,Mid-Market,Business,18692.34,0,0,0,0,18692.34,18692.34
2025-05-01,C0047,R02,Mid-Market,Business,18692.34,0,0,0,0,18692.34,18692.34
2025-06-01,C0047,R02,Mid-Market,Business,18692.34,0,0,0,0,18692.34,18692.34
2025-07-01,C0047,R02,Mid-Market,Business,18692.34,0,0,0,0,18692.34,18692.34
2025-08-01,C0047,R02,Mid-Market,Business,18692.34,0,0,0,0,18692.34,18692.34
2025-09-01,C0047,R02,Mid-Market,Business,18692.34,0,0,0,0,18692.34,18692.34
2025-10-01,C0047,R02,Mid-Market,Business,18692.34,0,0,0,0,18692.34,18692.34
2025-11-01,C0047,R02,Mid-Market,Business,18692.34,0,0,0,0,18692.34,18692.34
2025-12-01,C0047,R02,Mid-Market,Business,18692.34,0,1231.07,1184.24,0,18739.16,18715.75
2026-01-01,C0047,R02,Mid-Market,Business,18739.16,0,0,0,0,18739.16,18739.16
2026-02-01,C0047,R02,Mid-Market,Business,18739.16,0,0,0,0,18739.16,18739.16
2026-03-01,C0047,R02,Mid-Market,Business,18739.16,0,0,0,0,18739.16,18739.16
2026-04-01,C0047,R02,Mid-Market,Business,18739.16,0,0,0,0,18739.16,18739.16
2026-05-01,C0047,R02,Mid-Market,Business,18739.16,0,0,0,0,18739.16,18739.16
2026-06-01,C0047,R02,Mid-Market,Business,18739.16,0,0,0,0,18739.16,18739.16
2023-09-01,C0048,R01,Mid-Market,Business,0,14672.75,0,0,0,14672.75,7336.38
2023-10-01,C0048,R01,Mid-Market,Business,14672.75,0,0,0,0,14672.75,14672.75
2023-11-01,C0048,R01,Mid-Market,Business,14672.75,0,0,0,0,14672.75,14672.75
2023-12-01,C0048,R01,Mid-Market,Business,14672.75,0,0,0,0,14672.75,14672.75
2024-01-01,C0048,R01,Mid-Market,Business,14672.75,0,0,0,0,14672.75,14672.75
2024-02-01,C0048,R01,Mid-Market,Business,14672.75,0,0,0,0,14672.75,14672.75
2024-03-01,C0048,R01,Mid-Market,Business,14672.75,0,0,0,0,14672.75,14672.75
2024-04-01,C0048,R01,Mid-Market,Business,14672.75,0,0,0,0,14672.75,14672.75
2024-05-01,C0048,R01,Mid-Market,Business,14672.75,0,0,0,0,14672.75,14672.75
2024-06-01,C0048,R01,Mid-Market,Business,14672.75,0,0,0,0,14672.75,14672.75
2024-07-01,C0048,R01,Mid-Market,Business,14672.75,0,0,0,0,14672.75,14672.75
2024-08-01,C0048,R01,Mid-Market,Business,14672.75,0,0,0,0,14672.75,14672.75
2024-09-01,C0048,R01,Mid-Market,Business,14672.75,0,440.18,408.7,0,14704.23,14688.49
2024-10-01,C0048,R01,Mid-Market,Business,14704.23,0,0,0,0,14704.23,14704.23
2024-11-01,C0048,R01,Mid-Market,Business,14704.23,0,0,0,0,14704.23,14704.23
2024-12-01,C0048,R01,Mid-Market,Business,14704.23,0,0,0,0,14704.23,14704.23
2025-01-01,C0048,R01,Mid-Market,Business,14704.23,0,0,0,0,14704.23,14704.23
2025-02-01,C0048,R01,Mid-Market,Business,14704.23,0,0,0,0,14704.23,14704.23
2025-03-01,C0048,R01,Mid-Market,Business,14704.23,0,0,0,0,14704.23,14704.23
2025-04-01,C0048,R01,Mid-Market,Business,14704.23,0,0,0,0,14704.23,14704.23
2025-05-01,C0048,R01,Mid-Market,Business,14704.23,0,0,0,0,14704.23,14704.23
2025-06-01,C0048,R01,Mid-Market,Business,14704.23,0,0,0,0,14704.23,14704.23
2025-07-01,C0048,R01,Mid-Market,Business,14704.23,0,0,0,0,14704.23,14704.23
2025-08-01,C0048,R01,Mid-Market,Business,14704.23,0,0,0,0,14704.23,14704.23
2025-09-01,C0048,R01,Mid-Market,Business,14704.23,0,716.41,791.22,0,14629.43,14666.83
2025-10-01,C0048,R01,Mid-Market,Business,14629.43,0,0,0,0,14629.43,14629.43
2025-11-01,C0048,R01,Mid-Market,Business,14629.43,0,0,0,0,14629.43,14629.43
2025-12-01,C0048,R01,Mid-Market,Business,14629.43,0,0,0,0,14629.43,14629.43
2026-01-01,C0048,R01,Mid-Market,Business,14629.43,0,0,0,0,14629.43,14629.43
2026-02-01,C0048,R01,Mid-Market,Business,14629.43,0,0,0,0,14629.43,14629.43
2026-03-01,C0048,R01,Mid-Market,Business,14629.43,0,0,0,0,14629.43,14629.43
2026-04-01,C0048,R01,Mid-Market,Business,14629.43,0,0,0,0,14629.43,14629.43
2026-05-01,C0048,R01,Mid-Market,Business,14629.43,0,0,0,0,14629.43,14629.43
2026-06-01,C0048,R01,Mid-Market,Business,14629.43,0,0,0,0,14629.43,14629.43
2023-01-01,C0049,R04,Mid-Market,Business,7990.73,0,0,0,0,7990.73,7990.73
2023-02-01,C0049,R04,Mid-Market,Business,7990.73,0,0,0,0,7990.73,7990.73
2023-03-01,C0049,R04,Mid-Market,Business,7990.73,0,0,0,0,7990.73,7990.73
2023-04-01,C0049,R04,Mid-Market,Business,7990.73,0,407.9,0,0,8398.63,8194.68
2023-05-01,C0049,R04,Mid-Market,Business,8398.63,0,0,0,0,8398.63,8398.63
2023-06-01,C0049,R04,Mid-Market,Business,8398.63,0,0,0,0,8398.63,8398.63
2023-07-01,C0049,R04,Mid-Market,Business,8398.63,0,0,0,0,8398.63,8398.63
2023-08-01,C0049,R04,Mid-Market,Business,8398.63,0,0,0,0,8398.63,8398.63
2023-09-01,C0049,R04,Mid-Market,Business,8398.63,0,0,0,0,8398.63,8398.63
2023-10-01,C0049,R04,Mid-Market,Business,8398.63,0,0,0,0,8398.63,8398.63
2023-11-01,C0049,R04,Mid-Market,Business,8398.63,0,0,0,0,8398.63,8398.63
2023-12-01,C0049,R04,Mid-Market,Business,8398.63,0,0,0,0,8398.63,8398.63
2024-01-01,C0049,R04,Mid-Market,Business,8398.63,0,0,0,0,8398.63,8398.63
2024-02-01,C0049,R04,Mid-Market,Business,8398.63,0,0,0,0,8398.63,8398.63
2024-03-01,C0049,R04,Mid-Market,Business,8398.63,0,0,0,0,8398.63,8398.63
2024-04-01,C0049,R04,Mid-Market,Business,8398.63,0,771.95,0,0,9170.57,8784.6
2024-05-01,C0049,R04,Mid-Market,Business,9170.57,0,0,0,0,9170.57,9170.57
2024-06-01,C0049,R04,Mid-Market,Business,9170.57,0,0,0,0,9170.57,9170.57
2024-07-01,C0049,R04,Mid-Market,Business,9170.57,0,0,0,0,9170.57,9170.57
2024-08-01,C0049,R04,Mid-Market,Business,9170.57,0,0,0,0,9170.57,9170.57
2024-09-01,C0049,R04,Mid-Market,Business,9170.57,0,0,0,0,9170.57,9170.57
2024-10-01,C0049,R04,Mid-Market,Business,9170.57,0,0,0,0,9170.57,9170.57
2024-11-01,C0049,R04,Mid-Market,Business,9170.57,0,0,0,0,9170.57,9170.57
2024-12-01,C0049,R04,Mid-Market,Business,9170.57,0,0,0,0,9170.57,9170.57
2025-01-01,C0049,R04,Mid-Market,Business,9170.57,0,0,0,0,9170.57,9170.57
2025-02-01,C0049,R04,Mid-Market,Business,9170.57,0,0,0,0,9170.57,9170.57
2025-03-01,C0049,R04,Mid-Market,Business,9170.57,0,0,0,0,9170.57,9170.57
2025-04-01,C0049,R04,Mid-Market,Business,9170.57,0,710.95,0,0,9881.53,9526.05
2025-05-01,C0049,R04,Mid-Market,Business,9881.53,0,0,0,0,9881.53,9881.53
2025-06-01,C0049,R04,Mid-Market,Business,9881.53,0,0,0,0,9881.53,9881.53
2025-07-01,C0049,R04,Mid-Market,Business,9881.53,0,0,0,0,9881.53,9881.53
2025-08-01,C0049,R04,Mid-Market,Business,9881.53,0,0,0,0,9881.53,9881.53
2025-09-01,C0049,R04,Mid-Market,Business,9881.53,0,0,0,0,9881.53,9881.53
2025-10-01,C0049,R04,Mid-Market,Business,9881.53,0,0,0,0,9881.53,9881.53
2025-11-01,C0049,R04,Mid-Market,Business,9881.53,0,0,0,0,9881.53,9881.53
2025-12-01,C0049,R04,Mid-Market,Business,9881.53,0,0,0,0,9881.53,9881.53
2026-01-01,C0049,R04,Mid-Market,Business,9881.53,0,0,0,0,9881.53,9881.53
2026-02-01,C0049,R04,Mid-Market,Business,9881.53,0,0,0,0,9881.53,9881.53
2026-03-01,C0049,R04,Mid-Market,Business,9881.53,0,0,0,0,9881.53,9881.53
2026-04-01,C0049,R04,Mid-Market,Business,9881.53,0,296.45,0,0,10177.97,10029.75
2026-05-01,C0049,R04,Mid-Market,Business,10177.97,0,0,0,0,10177.97,10177.97
2026-06-01,C0049,R04,Mid-Market,Business,10177.97,0,0,0,0,10177.97,10177.97
2023-01-01,C0050,R04,SMB,Core,3849.32,0,0,0,0,3849.32,3849.32
2023-02-01,C0050,R04,SMB,Core,3849.32,0,0,0,0,3849.32,3849.32
2023-03-01,C0050,R04,SMB,Core,3849.32,0,0,0,0,3849.32,3849.32
2023-04-01,C0050,R04,SMB,Core,3849.32,0,0,0,0,3849.32,3849.32
2023-05-01,C0050,R04,SMB,Core,3849.32,0,0,0,0,3849.32,3849.32
2023-06-01,C0050,R04,SMB,Core,3849.32,0,0,0,0,3849.32,3849.32
2023-07-01,C0050,R04,SMB,Core,3849.32,0,0,0,0,3849.32,3849.32
2023-08-01,C0050,R04,SMB,Core,3849.32,0,0,0,0,3849.32,3849.32
2023-09-01,C0050,R04,SMB,Core,3849.32,0,0,0,0,3849.32,3849.32
2023-10-01,C0050,R04,SMB,Core,3849.32,0,0,0,0,3849.32,3849.32
2023-11-01,C0050,R04,SMB,Core,3849.32,0,218.64,0,0,4067.95,3958.64
2023-12-01,C0050,R04,SMB,Core,4067.95,0,0,0,0,4067.95,4067.95
2024-01-01,C0050,R04,SMB,Core,4067.95,0,0,0,0,4067.95,4067.95
2024-02-01,C0050,R04,SMB,Core,4067.95,0,0,0,0,4067.95,4067.95
2024-03-01,C0050,R04,SMB,Core,4067.95,0,0,0,0,4067.95,4067.95
2024-04-01,C0050,R04,SMB,Core,4067.95,0,0,0,0,4067.95,4067.95
2024-05-01,C0050,R04,SMB,Core,4067.95,0,0,0,0,4067.95,4067.95
2024-06-01,C0050,R04,SMB,Core,4067.95,0,0,0,0,4067.95,4067.95
2024-07-01,C0050,R04,SMB,Core,4067.95,0,0,0,0,4067.95,4067.95
2024-08-01,C0050,R04,SMB,Core,4067.95,0,0,0,0,4067.95,4067.95
2024-09-01,C0050,R04,SMB,Core,4067.95,0,0,0,0,4067.95,4067.95
2024-10-01,C0050,R04,SMB,Core,4067.95,0,0,0,0,4067.95,4067.95
2024-11-01,C0050,R04,SMB,Core,4067.95,0,122.04,0,0,4189.99,4128.97
2024-12-01,C0050,R04,SMB,Core,4189.99,0,0,0,0,4189.99,4189.99
2025-01-01,C0050,R04,SMB,Core,4189.99,0,0,0,0,4189.99,4189.99
2025-02-01,C0050,R04,SMB,Core,4189.99,0,0,0,0,4189.99,4189.99
2025-03-01,C0050,R04,SMB,Core,4189.99,0,0,0,0,4189.99,4189.99
2025-04-01,C0050,R04,SMB,Core,4189.99,0,0,0,0,4189.99,4189.99
2025-05-01,C0050,R04,SMB,Core,4189.99,0,0,0,0,4189.99,4189.99
2025-06-01,C0050,R04,SMB,Core,4189.99,0,0,0,0,4189.99,4189.99
2025-07-01,C0050,R04,SMB,Core,4189.99,0,0,0,0,4189.99,4189.99
2025-08-01,C0050,R04,SMB,Core,4189.99,0,0,0,0,4189.99,4189.99
2025-09-01,C0050,R04,SMB,Core,4189.99,0,0,0,0,4189.99,4189.99
2025-10-01,C0050,R04,SMB,Core,4189.99,0,0,0,0,4189.99,4189.99
2025-11-01,C0050,R04,SMB,Core,4189.99,0,125.7,0,0,4315.69,4252.84
2025-12-01,C0050,R04,SMB,Core,4315.69,0,0,0,0,4315.69,4315.69
2026-01-01,C0050,R04,SMB,Core,4315.69,0,0,0,0,4315.69,4315.69
2026-02-01,C0050,R04,SMB,Core,4315.69,0,0,0,0,4315.69,4315.69
2026-03-01,C0050,R04,SMB,Core,4315.69,0,0,0,0,4315.69,4315.69
2026-04-01,C0050,R04,SMB,Core,4315.69,0,0,0,0,4315.69,4315.69
2026-05-01,C0050,R04,SMB,Core,4315.69,0,0,0,0,4315.69,4315.69
2026-06-01,C0050,R04,SMB,Core,4315.69,0,0,0,0,4315.69,4315.69
2023-01-01,C0051,R01,SMB,Core,3174.9,0,0,0,0,3174.9,3174.9
2023-02-01,C0051,R01,SMB,Core,3174.9,0,0,0,0,3174.9,3174.9
2023-03-01,C0051,R01,SMB,Core,3174.9,0,142.87,0,0,3317.77,3246.34
2023-04-01,C0051,R01,SMB,Core,3317.77,0,0,0,0,3317.77,3317.77
2023-05-01,C0051,R01,SMB,Core,3317.77,0,0,0,0,3317.77,3317.77
2023-06-01,C0051,R01,SMB,Core,3317.77,0,0,0,0,3317.77,3317.77
2023-07-01,C0051,R01,SMB,Core,3317.77,0,0,0,0,3317.77,3317.77
2023-08-01,C0051,R01,SMB,Core,3317.77,0,0,0,0,3317.77,3317.77
2023-09-01,C0051,R01,SMB,Core,3317.77,0,0,0,0,3317.77,3317.77
2023-10-01,C0051,R01,SMB,Core,3317.77,0,0,0,0,3317.77,3317.77
2023-11-01,C0051,R01,SMB,Core,3317.77,0,0,0,0,3317.77,3317.77
2023-12-01,C0051,R01,SMB,Core,3317.77,0,0,0,0,3317.77,3317.77
2024-01-01,C0051,R01,SMB,Core,3317.77,0,0,0,0,3317.77,3317.77
2024-02-01,C0051,R01,SMB,Core,3317.77,0,0,0,0,3317.77,3317.77
2024-03-01,C0051,R01,SMB,Core,3317.77,0,99.53,0,0,3417.31,3367.54
2024-04-01,C0051,R01,SMB,Core,3417.31,0,0,0,0,3417.31,3417.31
2024-05-01,C0051,R01,SMB,Core,3417.31,0,0,0,0,3417.31,3417.31
2024-06-01,C0051,R01,SMB,Core,3417.31,0,0,0,0,3417.31,3417.31
2024-07-01,C0051,R01,SMB,Core,3417.31,0,0,0,0,3417.31,3417.31
2024-08-01,C0051,R01,SMB,Core,3417.31,0,0,0,0,3417.31,3417.31
2024-09-01,C0051,R01,SMB,Core,3417.31,0,0,0,0,3417.31,3417.31
2024-10-01,C0051,R01,SMB,Core,3417.31,0,0,0,0,3417.31,3417.31
2024-11-01,C0051,R01,SMB,Core,3417.31,0,0,0,0,3417.31,3417.31
2024-12-01,C0051,R01,SMB,Core,3417.31,0,0,0,0,3417.31,3417.31
2025-01-01,C0051,R01,SMB,Core,3417.31,0,0,0,0,3417.31,3417.31
2025-02-01,C0051,R01,SMB,Core,3417.31,0,0,0,0,3417.31,3417.31
2025-03-01,C0051,R01,SMB,Core,3417.31,0,251.45,0,3668.76,0,1708.65
2023-01-01,C0052,R04,Mid-Market,Business,10547.91,0,0,0,0,10547.91,10547.91
2023-02-01,C0052,R04,Mid-Market,Business,10547.91,0,0,0,0,10547.91,10547.91
2023-03-01,C0052,R04,Mid-Market,Business,10547.91,0,0,0,0,10547.91,10547.91
2023-04-01,C0052,R04,Mid-Market,Business,10547.91,0,0,0,0,10547.91,10547.91
2023-05-01,C0052,R04,Mid-Market,Business,10547.91,0,0,0,0,10547.91,10547.91
2023-06-01,C0052,R04,Mid-Market,Business,10547.91,0,0,0,0,10547.91,10547.91
2023-07-01,C0052,R04,Mid-Market,Business,10547.91,0,0,0,0,10547.91,10547.91
2023-08-01,C0052,R04,Mid-Market,Business,10547.91,0,0,0,0,10547.91,10547.91
2023-09-01,C0052,R04,Mid-Market,Business,10547.91,0,0,0,0,10547.91,10547.91
2023-10-01,C0052,R04,Mid-Market,Business,10547.91,0,0,0,0,10547.91,10547.91
2023-11-01,C0052,R04,Mid-Market,Business,10547.91,0,316.44,0,0,10864.35,10706.13
2023-12-01,C0052,R04,Mid-Market,Business,10864.35,0,0,0,0,10864.35,10864.35
2024-01-01,C0052,R04,Mid-Market,Business,10864.35,0,0,0,0,10864.35,10864.35
2024-02-01,C0052,R04,Mid-Market,Business,10864.35,0,0,0,0,10864.35,10864.35
2024-03-01,C0052,R04,Mid-Market,Business,10864.35,0,0,0,0,10864.35,10864.35
2024-04-01,C0052,R04,Mid-Market,Business,10864.35,0,0,0,0,10864.35,10864.35
2024-05-01,C0052,R04,Mid-Market,Business,10864.35,0,0,0,0,10864.35,10864.35
2024-06-01,C0052,R04,Mid-Market,Business,10864.35,0,0,0,0,10864.35,10864.35
2024-07-01,C0052,R04,Mid-Market,Business,10864.35,0,0,0,0,10864.35,10864.35
2024-08-01,C0052,R04,Mid-Market,Business,10864.35,0,0,0,0,10864.35,10864.35
2024-09-01,C0052,R04,Mid-Market,Business,10864.35,0,0,0,0,10864.35,10864.35
2024-10-01,C0052,R04,Mid-Market,Business,10864.35,0,0,0,0,10864.35,10864.35
2024-11-01,C0052,R04,Mid-Market,Business,10864.35,0,1361.21,0,0,12225.56,11544.95
2024-12-01,C0052,R04,Mid-Market,Business,12225.56,0,0,0,0,12225.56,12225.56
2025-01-01,C0052,R04,Mid-Market,Business,12225.56,0,0,0,0,12225.56,12225.56
2025-02-01,C0052,R04,Mid-Market,Business,12225.56,0,0,0,0,12225.56,12225.56
2025-03-01,C0052,R04,Mid-Market,Business,12225.56,0,0,0,0,12225.56,12225.56
2025-04-01,C0052,R04,Mid-Market,Business,12225.56,0,0,0,0,12225.56,12225.56
2025-05-01,C0052,R04,Mid-Market,Business,12225.56,0,0,0,0,12225.56,12225.56
2025-06-01,C0052,R04,Mid-Market,Business,12225.56,0,0,0,0,12225.56,12225.56
2025-07-01,C0052,R04,Mid-Market,Business,12225.56,0,0,0,0,12225.56,12225.56
2025-08-01,C0052,R04,Mid-Market,Business,12225.56,0,0,0,0,12225.56,12225.56
2025-09-01,C0052,R04,Mid-Market,Business,12225.56,0,0,0,0,12225.56,12225.56
2025-10-01,C0052,R04,Mid-Market,Business,12225.56,0,0,0,0,12225.56,12225.56
2025-11-01,C0052,R04,Mid-Market,Business,12225.56,0,366.77,0,0,12592.32,12408.94
2025-12-01,C0052,R04,Mid-Market,Business,12592.32,0,0,0,0,12592.32,12592.32
2026-01-01,C0052,R04,Mid-Market,Business,12592.32,0,0,0,0,12592.32,12592.32
2026-02-01,C0052,R04,Mid-Market,Business,12592.32,0,0,0,0,12592.32,12592.32
2026-03-01,C0052,R04,Mid-Market,Business,12592.32,0,0,0,0,12592.32,12592.32
2026-04-01,C0052,R04,Mid-Market,Business,12592.32,0,0,0,0,12592.32,12592.32
2026-05-01,C0052,R04,Mid-Market,Business,12592.32,0,0,0,0,12592.32,12592.32
2026-06-01,C0052,R04,Mid-Market,Business,12592.32,0,0,0,0,12592.32,12592.32
2023-01-01,C0053,R01,Mid-Market,Business,15143.05,0,0,0,0,15143.05,15143.05
2023-02-01,C0053,R01,Mid-Market,Business,15143.05,0,0,0,0,15143.05,15143.05
2023-03-01,C0053,R01,Mid-Market,Business,15143.05,0,1458.65,0,0,16601.7,15872.38
2023-04-01,C0053,R01,Mid-Market,Business,16601.7,0,0,0,0,16601.7,16601.7
2023-05-01,C0053,R01,Mid-Market,Business,16601.7,0,0,0,0,16601.7,16601.7
2023-06-01,C0053,R01,Mid-Market,Business,16601.7,0,0,0,0,16601.7,16601.7
2023-07-01,C0053,R01,Mid-Market,Business,16601.7,0,0,0,0,16601.7,16601.7
2023-08-01,C0053,R01,Mid-Market,Business,16601.7,0,0,0,0,16601.7,16601.7
2023-09-01,C0053,R01,Mid-Market,Business,16601.7,0,0,0,0,16601.7,16601.7
2023-10-01,C0053,R01,Mid-Market,Business,16601.7,0,0,0,0,16601.7,16601.7
2023-11-01,C0053,R01,Mid-Market,Business,16601.7,0,0,0,0,16601.7,16601.7
2023-12-01,C0053,R01,Mid-Market,Business,16601.7,0,0,0,0,16601.7,16601.7
2024-01-01,C0053,R01,Mid-Market,Business,16601.7,0,0,0,0,16601.7,16601.7
2024-02-01,C0053,R01,Mid-Market,Business,16601.7,0,0,0,0,16601.7,16601.7
2024-03-01,C0053,R01,Mid-Market,Business,16601.7,0,1814.32,0,0,18416.02,17508.86
2024-04-01,C0053,R01,Mid-Market,Business,18416.02,0,0,0,0,18416.02,18416.02
2024-05-01,C0053,R01,Mid-Market,Business,18416.02,0,0,0,0,18416.02,18416.02
2024-06-01,C0053,R01,Mid-Market,Business,18416.02,0,0,0,0,18416.02,18416.02
2024-07-01,C0053,R01,Mid-Market,Business,18416.02,0,0,0,0,18416.02,18416.02
2024-08-01,C0053,R01,Mid-Market,Business,18416.02,0,0,0,0,18416.02,18416.02
2024-09-01,C0053,R01,Mid-Market,Business,18416.02,0,0,0,0,18416.02,18416.02
2024-10-01,C0053,R01,Mid-Market,Business,18416.02,0,0,0,0,18416.02,18416.02
2024-11-01,C0053,R01,Mid-Market,Business,18416.02,0,0,0,0,18416.02,18416.02
2024-12-01,C0053,R01,Mid-Market,Business,18416.02,0,0,0,0,18416.02,18416.02
2025-01-01,C0053,R01,Mid-Market,Business,18416.02,0,0,0,0,18416.02,18416.02
2025-02-01,C0053,R01,Mid-Market,Business,18416.02,0,0,0,0,18416.02,18416.02
2025-03-01,C0053,R01,Mid-Market,Business,18416.02,0,2018.05,0,0,20434.07,19425.04
2025-04-01,C0053,R01,Mid-Market,Business,20434.07,0,0,0,0,20434.07,20434.07
2025-05-01,C0053,R01,Mid-Market,Business,20434.07,0,0,0,0,20434.07,20434.07
2025-06-01,C0053,R01,Mid-Market,Business,20434.07,0,0,0,0,20434.07,20434.07
2025-07-01,C0053,R01,Mid-Market,Business,20434.07,0,0,0,0,20434.07,20434.07
2025-08-01,C0053,R01,Mid-Market,Business,20434.07,0,0,0,0,20434.07,20434.07
2025-09-01,C0053,R01,Mid-Market,Business,20434.07,0,0,0,0,20434.07,20434.07
2025-10-01,C0053,R01,Mid-Market,Business,20434.07,0,0,0,0,20434.07,20434.07
2025-11-01,C0053,R01,Mid-Market,Business,20434.07,0,0,0,0,20434.07,20434.07
2025-12-01,C0053,R01,Mid-Market,Business,20434.07,0,0,0,0,20434.07,20434.07
2026-01-01,C0053,R01,Mid-Market,Business,20434.07,0,0,0,0,20434.07,20434.07
2026-02-01,C0053,R01,Mid-Market,Business,20434.07,0,0,0,0,20434.07,20434.07
2026-03-01,C0053,R01,Mid-Market,Business,20434.07,0,1640.69,0,0,22074.76,21254.41
2026-04-01,C0053,R01,Mid-Market,Business,22074.76,0,0,0,0,22074.76,22074.76
2026-05-01,C0053,R01,Mid-Market,Business,22074.76,0,0,0,0,22074.76,22074.76
2026-06-01,C0053,R01,Mid-Market,Business,22074.76,0,0,0,0,22074.76,22074.76
2023-02-01,C0054,R03,Mid-Market,Business,0,5673.88,0,0,0,5673.88,2836.94
2023-03-01,C0054,R03,Mid-Market,Business,5673.88,0,0,0,0,5673.88,5673.88
2023-04-01,C0054,R03,Mid-Market,Business,5673.88,0,0,0,0,5673.88,5673.88
2023-05-01,C0054,R03,Mid-Market,Business,5673.88,0,0,0,0,5673.88,5673.88
2023-06-01,C0054,R03,Mid-Market,Business,5673.88,0,0,0,0,5673.88,5673.88
2023-07-01,C0054,R03,Mid-Market,Business,5673.88,0,0,0,0,5673.88,5673.88
2023-08-01,C0054,R03,Mid-Market,Business,5673.88,0,0,0,0,5673.88,5673.88
2023-09-01,C0054,R03,Mid-Market,Business,5673.88,0,0,0,0,5673.88,5673.88
2023-10-01,C0054,R03,Mid-Market,Business,5673.88,0,0,0,0,5673.88,5673.88
2023-11-01,C0054,R03,Mid-Market,Business,5673.88,0,0,0,0,5673.88,5673.88
2023-12-01,C0054,R03,Mid-Market,Business,5673.88,0,0,0,0,5673.88,5673.88
2024-01-01,C0054,R03,Mid-Market,Business,5673.88,0,0,0,0,5673.88,5673.88
2024-02-01,C0054,R03,Mid-Market,Business,5673.88,0,557.16,0,0,6231.04,5952.46
2024-03-01,C0054,R03,Mid-Market,Business,6231.04,0,0,0,0,6231.04,6231.04
2024-04-01,C0054,R03,Mid-Market,Business,6231.04,0,0,0,0,6231.04,6231.04
2024-05-01,C0054,R03,Mid-Market,Business,6231.04,0,0,0,0,6231.04,6231.04
2024-06-01,C0054,R03,Mid-Market,Business,6231.04,0,0,0,0,6231.04,6231.04
2024-07-01,C0054,R03,Mid-Market,Business,6231.04,0,0,0,0,6231.04,6231.04
2024-08-01,C0054,R03,Mid-Market,Business,6231.04,0,0,0,0,6231.04,6231.04
2024-09-01,C0054,R03,Mid-Market,Business,6231.04,0,0,0,0,6231.04,6231.04
2024-10-01,C0054,R03,Mid-Market,Business,6231.04,0,0,0,0,6231.04,6231.04
2024-11-01,C0054,R03,Mid-Market,Business,6231.04,0,0,0,0,6231.04,6231.04
2024-12-01,C0054,R03,Mid-Market,Business,6231.04,0,0,0,0,6231.04,6231.04
2025-01-01,C0054,R03,Mid-Market,Business,6231.04,0,0,0,0,6231.04,6231.04
2025-02-01,C0054,R03,Mid-Market,Business,6231.04,0,615.39,0,0,6846.43,6538.74
2025-03-01,C0054,R03,Mid-Market,Business,6846.43,0,0,0,0,6846.43,6846.43
2025-04-01,C0054,R03,Mid-Market,Business,6846.43,0,0,0,0,6846.43,6846.43
2025-05-01,C0054,R03,Mid-Market,Business,6846.43,0,0,0,0,6846.43,6846.43
2025-06-01,C0054,R03,Mid-Market,Business,6846.43,0,0,0,0,6846.43,6846.43
2025-07-01,C0054,R03,Mid-Market,Business,6846.43,0,0,0,0,6846.43,6846.43
2025-08-01,C0054,R03,Mid-Market,Business,6846.43,0,0,0,0,6846.43,6846.43
2025-09-01,C0054,R03,Mid-Market,Business,6846.43,0,0,0,0,6846.43,6846.43
2025-10-01,C0054,R03,Mid-Market,Business,6846.43,0,0,0,0,6846.43,6846.43
2025-11-01,C0054,R03,Mid-Market,Business,6846.43,0,0,0,0,6846.43,6846.43
2025-12-01,C0054,R03,Mid-Market,Business,6846.43,0,0,0,0,6846.43,6846.43
2026-01-01,C0054,R03,Mid-Market,Business,6846.43,0,0,0,0,6846.43,6846.43
2026-02-01,C0054,R03,Mid-Market,Business,6846.43,0,736.35,0,0,7582.78,7214.61
2026-03-01,C0054,R03,Mid-Market,Business,7582.78,0,0,0,0,7582.78,7582.78
2026-04-01,C0054,R03,Mid-Market,Business,7582.78,0,0,0,0,7582.78,7582.78
2026-05-01,C0054,R03,Mid-Market,Business,7582.78,0,0,0,0,7582.78,7582.78
2026-06-01,C0054,R03,Mid-Market,Business,7582.78,0,0,0,0,7582.78,7582.78
2023-01-01,C0055,R01,SMB,Core,2768.31,0,0,0,0,2768.31,2768.31
2023-02-01,C0055,R01,SMB,Core,2768.31,0,83.05,0,0,2851.36,2809.84
2023-03-01,C0055,R01,SMB,Core,2851.36,0,0,0,0,2851.36,2851.36
2023-04-01,C0055,R01,SMB,Core,2851.36,0,0,0,0,2851.36,2851.36
2023-05-01,C0055,R01,SMB,Core,2851.36,0,0,0,0,2851.36,2851.36
2023-06-01,C0055,R01,SMB,Core,2851.36,0,0,0,0,2851.36,2851.36
2023-07-01,C0055,R01,SMB,Core,2851.36,0,0,0,0,2851.36,2851.36
2023-08-01,C0055,R01,SMB,Core,2851.36,0,0,0,0,2851.36,2851.36
2023-09-01,C0055,R01,SMB,Core,2851.36,0,0,0,0,2851.36,2851.36
2023-10-01,C0055,R01,SMB,Core,2851.36,0,0,0,0,2851.36,2851.36
2023-11-01,C0055,R01,SMB,Core,2851.36,0,0,0,0,2851.36,2851.36
2023-12-01,C0055,R01,SMB,Core,2851.36,0,0,0,0,2851.36,2851.36
2024-01-01,C0055,R01,SMB,Core,2851.36,0,0,0,0,2851.36,2851.36
2024-02-01,C0055,R01,SMB,Core,2851.36,0,85.54,0,0,2936.9,2894.13
2024-03-01,C0055,R01,SMB,Core,2936.9,0,0,0,0,2936.9,2936.9
2024-04-01,C0055,R01,SMB,Core,2936.9,0,0,0,0,2936.9,2936.9
2024-05-01,C0055,R01,SMB,Core,2936.9,0,0,0,0,2936.9,2936.9
2024-06-01,C0055,R01,SMB,Core,2936.9,0,0,0,0,2936.9,2936.9
2024-07-01,C0055,R01,SMB,Core,2936.9,0,0,0,0,2936.9,2936.9
2024-08-01,C0055,R01,SMB,Core,2936.9,0,0,0,0,2936.9,2936.9
2024-09-01,C0055,R01,SMB,Core,2936.9,0,0,0,0,2936.9,2936.9
2024-10-01,C0055,R01,SMB,Core,2936.9,0,0,0,0,2936.9,2936.9
2024-11-01,C0055,R01,SMB,Core,2936.9,0,0,0,0,2936.9,2936.9
2024-12-01,C0055,R01,SMB,Core,2936.9,0,0,0,0,2936.9,2936.9
2025-01-01,C0055,R01,SMB,Core,2936.9,0,0,0,0,2936.9,2936.9
2025-02-01,C0055,R01,SMB,Core,2936.9,0,248.65,0,0,3185.55,3061.23
2025-03-01,C0055,R01,SMB,Core,3185.55,0,0,0,0,3185.55,3185.55
2025-04-01,C0055,R01,SMB,Core,3185.55,0,0,0,0,3185.55,3185.55
2025-05-01,C0055,R01,SMB,Core,3185.55,0,0,0,0,3185.55,3185.55
2025-06-01,C0055,R01,SMB,Core,3185.55,0,0,0,0,3185.55,3185.55
2025-07-01,C0055,R01,SMB,Core,3185.55,0,0,0,0,3185.55,3185.55
2025-08-01,C0055,R01,SMB,Core,3185.55,0,0,0,0,3185.55,3185.55
2025-09-01,C0055,R01,SMB,Core,3185.55,0,0,0,0,3185.55,3185.55
2025-10-01,C0055,R01,SMB,Core,3185.55,0,0,0,0,3185.55,3185.55
2025-11-01,C0055,R01,SMB,Core,3185.55,0,0,0,0,3185.55,3185.55
2025-12-01,C0055,R01,SMB,Core,3185.55,0,0,0,0,3185.55,3185.55
2026-01-01,C0055,R01,SMB,Core,3185.55,0,0,0,0,3185.55,3185.55
2026-02-01,C0055,R01,SMB,Core,3185.55,0,199.46,0,0,3385.01,3285.28
2026-03-01,C0055,R01,SMB,Core,3385.01,0,0,0,0,3385.01,3385.01
2026-04-01,C0055,R01,SMB,Core,3385.01,0,0,0,0,3385.01,3385.01
2026-05-01,C0055,R01,SMB,Core,3385.01,0,0,0,0,3385.01,3385.01
2026-06-01,C0055,R01,SMB,Core,3385.01,0,0,0,0,3385.01,3385.01
2023-01-01,C0056,R04,Mid-Market,Business,10561.92,0,0,0,0,10561.92,10561.92
2023-02-01,C0056,R04,Mid-Market,Business,10561.92,0,0,0,0,10561.92,10561.92
2023-03-01,C0056,R04,Mid-Market,Business,10561.92,0,0,0,0,10561.92,10561.92
2023-04-01,C0056,R04,Mid-Market,Business,10561.92,0,0,0,0,10561.92,10561.92
2023-05-01,C0056,R04,Mid-Market,Business,10561.92,0,0,0,0,10561.92,10561.92
2023-06-01,C0056,R04,Mid-Market,Business,10561.92,0,0,0,0,10561.92,10561.92
2023-07-01,C0056,R04,Mid-Market,Business,10561.92,0,823.93,0,0,11385.85,10973.89
2023-08-01,C0056,R04,Mid-Market,Business,11385.85,0,0,0,0,11385.85,11385.85
2023-09-01,C0056,R04,Mid-Market,Business,11385.85,0,0,0,0,11385.85,11385.85
2023-10-01,C0056,R04,Mid-Market,Business,11385.85,0,0,0,0,11385.85,11385.85
2023-11-01,C0056,R04,Mid-Market,Business,11385.85,0,0,0,0,11385.85,11385.85
2023-12-01,C0056,R04,Mid-Market,Business,11385.85,0,0,0,0,11385.85,11385.85
2024-01-01,C0056,R04,Mid-Market,Business,11385.85,0,0,0,0,11385.85,11385.85
2024-02-01,C0056,R04,Mid-Market,Business,11385.85,0,0,0,0,11385.85,11385.85
2024-03-01,C0056,R04,Mid-Market,Business,11385.85,0,0,0,0,11385.85,11385.85
2024-04-01,C0056,R04,Mid-Market,Business,11385.85,0,0,0,0,11385.85,11385.85
2024-05-01,C0056,R04,Mid-Market,Business,11385.85,0,0,0,0,11385.85,11385.85
2024-06-01,C0056,R04,Mid-Market,Business,11385.85,0,0,0,0,11385.85,11385.85
2024-07-01,C0056,R04,Mid-Market,Business,11385.85,0,908.42,0,0,12294.27,11840.06
2024-08-01,C0056,R04,Mid-Market,Business,12294.27,0,0,0,0,12294.27,12294.27
2024-09-01,C0056,R04,Mid-Market,Business,12294.27,0,0,0,0,12294.27,12294.27
2024-10-01,C0056,R04,Mid-Market,Business,12294.27,0,0,0,0,12294.27,12294.27
2024-11-01,C0056,R04,Mid-Market,Business,12294.27,0,0,0,0,12294.27,12294.27
2024-12-01,C0056,R04,Mid-Market,Business,12294.27,0,0,0,0,12294.27,12294.27
2025-01-01,C0056,R04,Mid-Market,Business,12294.27,0,0,0,0,12294.27,12294.27
2025-02-01,C0056,R04,Mid-Market,Business,12294.27,0,0,0,0,12294.27,12294.27
2025-03-01,C0056,R04,Mid-Market,Business,12294.27,0,0,0,0,12294.27,12294.27
2025-04-01,C0056,R04,Mid-Market,Business,12294.27,0,0,0,0,12294.27,12294.27
2025-05-01,C0056,R04,Mid-Market,Business,12294.27,0,0,0,0,12294.27,12294.27
2025-06-01,C0056,R04,Mid-Market,Business,12294.27,0,0,0,0,12294.27,12294.27
2025-07-01,C0056,R04,Mid-Market,Business,12294.27,0,368.83,290.62,0,12372.48,12333.38
2025-08-01,C0056,R04,Mid-Market,Business,12372.48,0,0,0,0,12372.48,12372.48
2025-09-01,C0056,R04,Mid-Market,Business,12372.48,0,0,0,0,12372.48,12372.48
2025-10-01,C0056,R04,Mid-Market,Business,12372.48,0,0,0,0,12372.48,12372.48
2025-11-01,C0056,R04,Mid-Market,Business,12372.48,0,0,0,0,12372.48,12372.48
2025-12-01,C0056,R04,Mid-Market,Business,12372.48,0,0,0,0,12372.48,12372.48
2026-01-01,C0056,R04,Mid-Market,Business,12372.48,0,0,0,0,12372.48,12372.48
2026-02-01,C0056,R04,Mid-Market,Business,12372.48,0,0,0,0,12372.48,12372.48
2026-03-01,C0056,R04,Mid-Market,Business,12372.48,0,0,0,0,12372.48,12372.48
2026-04-01,C0056,R04,Mid-Market,Business,12372.48,0,0,0,0,12372.48,12372.48
2026-05-01,C0056,R04,Mid-Market,Business,12372.48,0,0,0,0,12372.48,12372.48
2026-06-01,C0056,R04,Mid-Market,Business,12372.48,0,0,0,0,12372.48,12372.48
2023-01-01,C0057,R01,Mid-Market,Business,9648.85,0,0,0,0,9648.85,9648.85
2023-02-01,C0057,R01,Mid-Market,Business,9648.85,0,289.47,0,0,9938.31,9793.58
2023-03-01,C0057,R01,Mid-Market,Business,9938.31,0,0,0,0,9938.31,9938.31
2023-04-01,C0057,R01,Mid-Market,Business,9938.31,0,0,0,0,9938.31,9938.31
2023-05-01,C0057,R01,Mid-Market,Business,9938.31,0,0,0,0,9938.31,9938.31
2023-06-01,C0057,R01,Mid-Market,Business,9938.31,0,0,0,0,9938.31,9938.31
2023-07-01,C0057,R01,Mid-Market,Business,9938.31,0,0,0,0,9938.31,9938.31
2023-08-01,C0057,R01,Mid-Market,Business,9938.31,0,0,0,0,9938.31,9938.31
2023-09-01,C0057,R01,Mid-Market,Business,9938.31,0,0,0,0,9938.31,9938.31
2023-10-01,C0057,R01,Mid-Market,Business,9938.31,0,0,0,0,9938.31,9938.31
2023-11-01,C0057,R01,Mid-Market,Business,9938.31,0,0,0,0,9938.31,9938.31
2023-12-01,C0057,R01,Mid-Market,Business,9938.31,0,0,0,0,9938.31,9938.31
2024-01-01,C0057,R01,Mid-Market,Business,9938.31,0,0,0,0,9938.31,9938.31
2024-02-01,C0057,R01,Mid-Market,Business,9938.31,0,298.15,0,0,10236.46,10087.39
2024-03-01,C0057,R01,Mid-Market,Business,10236.46,0,0,0,0,10236.46,10236.46
2024-04-01,C0057,R01,Mid-Market,Business,10236.46,0,0,0,0,10236.46,10236.46
2024-05-01,C0057,R01,Mid-Market,Business,10236.46,0,0,0,0,10236.46,10236.46
2024-06-01,C0057,R01,Mid-Market,Business,10236.46,0,0,0,0,10236.46,10236.46
2024-07-01,C0057,R01,Mid-Market,Business,10236.46,0,0,0,0,10236.46,10236.46
2024-08-01,C0057,R01,Mid-Market,Business,10236.46,0,0,0,0,10236.46,10236.46
2024-09-01,C0057,R01,Mid-Market,Business,10236.46,0,0,0,0,10236.46,10236.46
2024-10-01,C0057,R01,Mid-Market,Business,10236.46,0,0,0,0,10236.46,10236.46
2024-11-01,C0057,R01,Mid-Market,Business,10236.46,0,0,0,0,10236.46,10236.46
2024-12-01,C0057,R01,Mid-Market,Business,10236.46,0,0,0,0,10236.46,10236.46
2025-01-01,C0057,R01,Mid-Market,Business,10236.46,0,0,0,0,10236.46,10236.46
2025-02-01,C0057,R01,Mid-Market,Business,10236.46,0,1078.92,0,0,11315.38,10775.92
2025-03-01,C0057,R01,Mid-Market,Business,11315.38,0,0,0,0,11315.38,11315.38
2025-04-01,C0057,R01,Mid-Market,Business,11315.38,0,0,0,0,11315.38,11315.38
2025-05-01,C0057,R01,Mid-Market,Business,11315.38,0,0,0,0,11315.38,11315.38
2025-06-01,C0057,R01,Mid-Market,Business,11315.38,0,0,0,0,11315.38,11315.38
2025-07-01,C0057,R01,Mid-Market,Business,11315.38,0,0,0,0,11315.38,11315.38
2025-08-01,C0057,R01,Mid-Market,Business,11315.38,0,0,0,0,11315.38,11315.38
2025-09-01,C0057,R01,Mid-Market,Business,11315.38,0,0,0,0,11315.38,11315.38
2025-10-01,C0057,R01,Mid-Market,Business,11315.38,0,0,0,0,11315.38,11315.38
2025-11-01,C0057,R01,Mid-Market,Business,11315.38,0,0,0,0,11315.38,11315.38
2025-12-01,C0057,R01,Mid-Market,Business,11315.38,0,0,0,0,11315.38,11315.38
2026-01-01,C0057,R01,Mid-Market,Business,11315.38,0,0,0,0,11315.38,11315.38
2026-02-01,C0057,R01,Mid-Market,Business,11315.38,0,339.46,0,0,11654.85,11485.11
2026-03-01,C0057,R01,Mid-Market,Business,11654.85,0,0,0,0,11654.85,11654.85
2026-04-01,C0057,R01,Mid-Market,Business,11654.85,0,0,0,0,11654.85,11654.85
2026-05-01,C0057,R01,Mid-Market,Business,11654.85,0,0,0,0,11654.85,11654.85
2026-06-01,C0057,R01,Mid-Market,Business,11654.85,0,0,0,0,11654.85,11654.85
2025-05-01,C0058,R03,Enterprise,Enterprise Suite,0,42385.06,0,0,0,42385.06,21192.53
2025-06-01,C0058,R03,Enterprise,Enterprise Suite,42385.06,0,0,0,0,42385.06,42385.06
2025-07-01,C0058,R03,Enterprise,Enterprise Suite,42385.06,0,0,0,0,42385.06,42385.06
2025-08-01,C0058,R03,Enterprise,Enterprise Suite,42385.06,0,0,0,0,42385.06,42385.06
2025-09-01,C0058,R03,Enterprise,Enterprise Suite,42385.06,0,0,0,0,42385.06,42385.06
2025-10-01,C0058,R03,Enterprise,Enterprise Suite,42385.06,0,0,0,0,42385.06,42385.06
2025-11-01,C0058,R03,Enterprise,Enterprise Suite,42385.06,0,0,0,0,42385.06,42385.06
2025-12-01,C0058,R03,Enterprise,Enterprise Suite,42385.06,0,0,0,0,42385.06,42385.06
2026-01-01,C0058,R03,Enterprise,Enterprise Suite,42385.06,0,0,0,0,42385.06,42385.06
2026-02-01,C0058,R03,Enterprise,Enterprise Suite,42385.06,0,0,0,0,42385.06,42385.06
2026-03-01,C0058,R03,Enterprise,Enterprise Suite,42385.06,0,0,0,0,42385.06,42385.06
2026-04-01,C0058,R03,Enterprise,Enterprise Suite,42385.06,0,0,0,0,42385.06,42385.06
2026-05-01,C0058,R03,Enterprise,Enterprise Suite,42385.06,0,4219.71,0,0,46604.76,44494.91
2026-06-01,C0058,R03,Enterprise,Enterprise Suite,46604.76,0,0,0,0,46604.76,46604.76
2024-01-01,C0059,R01,Mid-Market,Business,0,10484.24,0,0,0,10484.24,5242.12
2024-02-01,C0059,R01,Mid-Market,Business,10484.24,0,0,0,0,10484.24,10484.24
2024-03-01,C0059,R01,Mid-Market,Business,10484.24,0,0,0,0,10484.24,10484.24
2024-04-01,C0059,R01,Mid-Market,Business,10484.24,0,0,0,0,10484.24,10484.24
2024-05-01,C0059,R01,Mid-Market,Business,10484.24,0,0,0,0,10484.24,10484.24
2024-06-01,C0059,R01,Mid-Market,Business,10484.24,0,0,0,0,10484.24,10484.24
2024-07-01,C0059,R01,Mid-Market,Business,10484.24,0,0,0,0,10484.24,10484.24
2024-08-01,C0059,R01,Mid-Market,Business,10484.24,0,0,0,0,10484.24,10484.24
2024-09-01,C0059,R01,Mid-Market,Business,10484.24,0,0,0,0,10484.24,10484.24
2024-10-01,C0059,R01,Mid-Market,Business,10484.24,0,0,0,0,10484.24,10484.24
2024-11-01,C0059,R01,Mid-Market,Business,10484.24,0,0,0,0,10484.24,10484.24
2024-12-01,C0059,R01,Mid-Market,Business,10484.24,0,0,0,0,10484.24,10484.24
2025-01-01,C0059,R01,Mid-Market,Business,10484.24,0,314.53,0,0,10798.76,10641.5
2025-02-01,C0059,R01,Mid-Market,Business,10798.76,0,0,0,0,10798.76,10798.76
2025-03-01,C0059,R01,Mid-Market,Business,10798.76,0,0,0,0,10798.76,10798.76
2025-04-01,C0059,R01,Mid-Market,Business,10798.76,0,0,0,0,10798.76,10798.76
2025-05-01,C0059,R01,Mid-Market,Business,10798.76,0,0,0,0,10798.76,10798.76
2025-06-01,C0059,R01,Mid-Market,Business,10798.76,0,0,0,0,10798.76,10798.76
2025-07-01,C0059,R01,Mid-Market,Business,10798.76,0,0,0,0,10798.76,10798.76
2025-08-01,C0059,R01,Mid-Market,Business,10798.76,0,0,0,0,10798.76,10798.76
2025-09-01,C0059,R01,Mid-Market,Business,10798.76,0,0,0,0,10798.76,10798.76
2025-10-01,C0059,R01,Mid-Market,Business,10798.76,0,0,0,0,10798.76,10798.76
2025-11-01,C0059,R01,Mid-Market,Business,10798.76,0,0,0,0,10798.76,10798.76
2025-12-01,C0059,R01,Mid-Market,Business,10798.76,0,0,0,0,10798.76,10798.76
2026-01-01,C0059,R01,Mid-Market,Business,10798.76,0,323.96,0,0,11122.73,10960.75
2026-02-01,C0059,R01,Mid-Market,Business,11122.73,0,0,0,0,11122.73,11122.73
2026-03-01,C0059,R01,Mid-Market,Business,11122.73,0,0,0,0,11122.73,11122.73
2026-04-01,C0059,R01,Mid-Market,Business,11122.73,0,0,0,0,11122.73,11122.73
2026-05-01,C0059,R01,Mid-Market,Business,11122.73,0,0,0,0,11122.73,11122.73
2026-06-01,C0059,R01,Mid-Market,Business,11122.73,0,0,0,0,11122.73,11122.73
2023-01-01,C0060,R01,Mid-Market,Business,15406.03,0,0,0,0,15406.03,15406.03
2023-02-01,C0060,R01,Mid-Market,Business,15406.03,0,0,0,0,15406.03,15406.03
2023-03-01,C0060,R01,Mid-Market,Business,15406.03,0,0,0,0,15406.03,15406.03
2023-04-01,C0060,R01,Mid-Market,Business,15406.03,0,0,0,0,15406.03,15406.03
2023-05-01,C0060,R01,Mid-Market,Business,15406.03,0,0,0,0,15406.03,15406.03
2023-06-01,C0060,R01,Mid-Market,Business,15406.03,0,0,0,0,15406.03,15406.03
2023-07-01,C0060,R01,Mid-Market,Business,15406.03,0,0,0,0,15406.03,15406.03
2023-08-01,C0060,R01,Mid-Market,Business,15406.03,0,0,0,0,15406.03,15406.03
2023-09-01,C0060,R01,Mid-Market,Business,15406.03,0,869.18,0,0,16275.21,15840.62
2023-10-01,C0060,R01,Mid-Market,Business,16275.21,0,0,0,0,16275.21,16275.21
2023-11-01,C0060,R01,Mid-Market,Business,16275.21,0,0,0,0,16275.21,16275.21
2023-12-01,C0060,R01,Mid-Market,Business,16275.21,0,0,0,0,16275.21,16275.21
2024-01-01,C0060,R01,Mid-Market,Business,16275.21,0,0,0,0,16275.21,16275.21
2024-02-01,C0060,R01,Mid-Market,Business,16275.21,0,0,0,0,16275.21,16275.21
2024-03-01,C0060,R01,Mid-Market,Business,16275.21,0,0,0,0,16275.21,16275.21
2024-04-01,C0060,R01,Mid-Market,Business,16275.21,0,0,0,0,16275.21,16275.21
2024-05-01,C0060,R01,Mid-Market,Business,16275.21,0,0,0,0,16275.21,16275.21
2024-06-01,C0060,R01,Mid-Market,Business,16275.21,0,0,0,0,16275.21,16275.21
2024-07-01,C0060,R01,Mid-Market,Business,16275.21,0,0,0,0,16275.21,16275.21
2024-08-01,C0060,R01,Mid-Market,Business,16275.21,0,0,0,0,16275.21,16275.21
2024-09-01,C0060,R01,Mid-Market,Business,16275.21,0,488.26,0,0,16763.46,16519.33
2024-10-01,C0060,R01,Mid-Market,Business,16763.46,0,0,0,0,16763.46,16763.46
2024-11-01,C0060,R01,Mid-Market,Business,16763.46,0,0,0,0,16763.46,16763.46
2024-12-01,C0060,R01,Mid-Market,Business,16763.46,0,0,0,0,16763.46,16763.46
2025-01-01,C0060,R01,Mid-Market,Business,16763.46,0,0,0,0,16763.46,16763.46
2025-02-01,C0060,R01,Mid-Market,Business,16763.46,0,0,0,0,16763.46,16763.46
2025-03-01,C0060,R01,Mid-Market,Business,16763.46,0,0,0,0,16763.46,16763.46
2025-04-01,C0060,R01,Mid-Market,Business,16763.46,0,0,0,0,16763.46,16763.46
2025-05-01,C0060,R01,Mid-Market,Business,16763.46,0,0,0,0,16763.46,16763.46
2025-06-01,C0060,R01,Mid-Market,Business,16763.46,0,0,0,0,16763.46,16763.46
2025-07-01,C0060,R01,Mid-Market,Business,16763.46,0,0,0,0,16763.46,16763.46
2025-08-01,C0060,R01,Mid-Market,Business,16763.46,0,0,0,0,16763.46,16763.46
2025-09-01,C0060,R01,Mid-Market,Business,16763.46,0,1331.42,0,0,18094.88,17429.17
2025-10-01,C0060,R01,Mid-Market,Business,18094.88,0,0,0,0,18094.88,18094.88
2025-11-01,C0060,R01,Mid-Market,Business,18094.88,0,0,0,0,18094.88,18094.88
2025-12-01,C0060,R01,Mid-Market,Business,18094.88,0,0,0,0,18094.88,18094.88
2026-01-01,C0060,R01,Mid-Market,Business,18094.88,0,0,0,0,18094.88,18094.88
2026-02-01,C0060,R01,Mid-Market,Business,18094.88,0,0,0,0,18094.88,18094.88
2026-03-01,C0060,R01,Mid-Market,Business,18094.88,0,0,0,0,18094.88,18094.88
2026-04-01,C0060,R01,Mid-Market,Business,18094.88,0,0,0,0,18094.88,18094.88
2026-05-01,C0060,R01,Mid-Market,Business,18094.88,0,0,0,0,18094.88,18094.88
2026-06-01,C0060,R01,Mid-Market,Business,18094.88,0,0,0,0,18094.88,18094.88
2024-04-01,C0061,R01,Mid-Market,Business,0,13111.71,0,0,0,13111.71,6555.85
2024-05-01,C0061,R01,Mid-Market,Business,13111.71,0,0,0,0,13111.71,13111.71
2024-06-01,C0061,R01,Mid-Market,Business,13111.71,0,0,0,0,13111.71,13111.71
2024-07-01,C0061,R01,Mid-Market,Business,13111.71,0,0,0,0,13111.71,13111.71
2024-08-01,C0061,R01,Mid-Market,Business,13111.71,0,0,0,0,13111.71,13111.71
2024-09-01,C0061,R01,Mid-Market,Business,13111.71,0,0,0,0,13111.71,13111.71
2024-10-01,C0061,R01,Mid-Market,Business,13111.71,0,0,0,0,13111.71,13111.71
2024-11-01,C0061,R01,Mid-Market,Business,13111.71,0,0,0,0,13111.71,13111.71
2024-12-01,C0061,R01,Mid-Market,Business,13111.71,0,0,0,0,13111.71,13111.71
2025-01-01,C0061,R01,Mid-Market,Business,13111.71,0,0,0,0,13111.71,13111.71
2025-02-01,C0061,R01,Mid-Market,Business,13111.71,0,0,0,0,13111.71,13111.71
2025-03-01,C0061,R01,Mid-Market,Business,13111.71,0,0,0,0,13111.71,13111.71
2025-04-01,C0061,R01,Mid-Market,Business,13111.71,0,1410.57,0,0,14522.28,13816.99
2025-05-01,C0061,R01,Mid-Market,Business,14522.28,0,0,0,0,14522.28,14522.28
2025-06-01,C0061,R01,Mid-Market,Business,14522.28,0,0,0,0,14522.28,14522.28
2025-07-01,C0061,R01,Mid-Market,Business,14522.28,0,0,0,0,14522.28,14522.28
2025-08-01,C0061,R01,Mid-Market,Business,14522.28,0,0,0,0,14522.28,14522.28
2025-09-01,C0061,R01,Mid-Market,Business,14522.28,0,0,0,0,14522.28,14522.28
2025-10-01,C0061,R01,Mid-Market,Business,14522.28,0,0,0,0,14522.28,14522.28
2025-11-01,C0061,R01,Mid-Market,Business,14522.28,0,0,0,0,14522.28,14522.28
2025-12-01,C0061,R01,Mid-Market,Business,14522.28,0,0,0,0,14522.28,14522.28
2026-01-01,C0061,R01,Mid-Market,Business,14522.28,0,0,0,0,14522.28,14522.28
2026-02-01,C0061,R01,Mid-Market,Business,14522.28,0,0,0,0,14522.28,14522.28
2026-03-01,C0061,R01,Mid-Market,Business,14522.28,0,0,0,0,14522.28,14522.28
2026-04-01,C0061,R01,Mid-Market,Business,14522.28,0,435.67,0,0,14957.95,14740.11
2026-05-01,C0061,R01,Mid-Market,Business,14957.95,0,0,0,0,14957.95,14957.95
2026-06-01,C0061,R01,Mid-Market,Business,14957.95,0,0,0,0,14957.95,14957.95
2023-01-01,C0062,R03,SMB,Core,4274.51,0,0,0,0,4274.51,4274.51
2023-02-01,C0062,R03,SMB,Core,4274.51,0,0,0,0,4274.51,4274.51
2023-03-01,C0062,R03,SMB,Core,4274.51,0,0,0,0,4274.51,4274.51
2023-04-01,C0062,R03,SMB,Core,4274.51,0,0,0,0,4274.51,4274.51
2023-05-01,C0062,R03,SMB,Core,4274.51,0,0,0,0,4274.51,4274.51
2023-06-01,C0062,R03,SMB,Core,4274.51,0,0,0,0,4274.51,4274.51
2023-07-01,C0062,R03,SMB,Core,4274.51,0,0,0,0,4274.51,4274.51
2023-08-01,C0062,R03,SMB,Core,4274.51,0,0,0,0,4274.51,4274.51
2023-09-01,C0062,R03,SMB,Core,4274.51,0,0,0,0,4274.51,4274.51
2023-10-01,C0062,R03,SMB,Core,4274.51,0,0,0,0,4274.51,4274.51
2023-11-01,C0062,R03,SMB,Core,4274.51,0,256.64,0,0,4531.15,4402.83
2023-12-01,C0062,R03,SMB,Core,4531.15,0,0,0,0,4531.15,4531.15
2024-01-01,C0062,R03,SMB,Core,4531.15,0,0,0,0,4531.15,4531.15
2024-02-01,C0062,R03,SMB,Core,4531.15,0,0,0,0,4531.15,4531.15
2024-03-01,C0062,R03,SMB,Core,4531.15,0,0,0,0,4531.15,4531.15
2024-04-01,C0062,R03,SMB,Core,4531.15,0,0,0,0,4531.15,4531.15
2024-05-01,C0062,R03,SMB,Core,4531.15,0,0,0,0,4531.15,4531.15
2024-06-01,C0062,R03,SMB,Core,4531.15,0,0,0,0,4531.15,4531.15
2024-07-01,C0062,R03,SMB,Core,4531.15,0,0,0,0,4531.15,4531.15
2024-08-01,C0062,R03,SMB,Core,4531.15,0,0,0,0,4531.15,4531.15
2024-09-01,C0062,R03,SMB,Core,4531.15,0,0,0,0,4531.15,4531.15
2024-10-01,C0062,R03,SMB,Core,4531.15,0,0,0,0,4531.15,4531.15
2024-11-01,C0062,R03,SMB,Core,4531.15,0,135.93,0,0,4667.09,4599.12
2024-12-01,C0062,R03,SMB,Core,4667.09,0,0,0,0,4667.09,4667.09
2025-01-01,C0062,R03,SMB,Core,4667.09,0,0,0,0,4667.09,4667.09
2025-02-01,C0062,R03,SMB,Core,4667.09,0,0,0,0,4667.09,4667.09
2025-03-01,C0062,R03,SMB,Core,4667.09,0,0,0,0,4667.09,4667.09
2025-04-01,C0062,R03,SMB,Core,4667.09,0,0,0,0,4667.09,4667.09
2025-05-01,C0062,R03,SMB,Core,4667.09,0,0,0,0,4667.09,4667.09
2025-06-01,C0062,R03,SMB,Core,4667.09,0,0,0,0,4667.09,4667.09
2025-07-01,C0062,R03,SMB,Core,4667.09,0,0,0,0,4667.09,4667.09
2025-08-01,C0062,R03,SMB,Core,4667.09,0,0,0,0,4667.09,4667.09
2025-09-01,C0062,R03,SMB,Core,4667.09,0,0,0,0,4667.09,4667.09
2025-10-01,C0062,R03,SMB,Core,4667.09,0,0,0,0,4667.09,4667.09
2025-11-01,C0062,R03,SMB,Core,4667.09,0,140.01,0,0,4807.1,4737.09
2025-12-01,C0062,R03,SMB,Core,4807.1,0,0,0,0,4807.1,4807.1
2026-01-01,C0062,R03,SMB,Core,4807.1,0,0,0,0,4807.1,4807.1
2026-02-01,C0062,R03,SMB,Core,4807.1,0,0,0,0,4807.1,4807.1
2026-03-01,C0062,R03,SMB,Core,4807.1,0,0,0,0,4807.1,4807.1
2026-04-01,C0062,R03,SMB,Core,4807.1,0,0,0,0,4807.1,4807.1
2026-05-01,C0062,R03,SMB,Core,4807.1,0,0,0,0,4807.1,4807.1
2026-06-01,C0062,R03,SMB,Core,4807.1,0,0,0,0,4807.1,4807.1
2023-01-01,C0063,R02,Mid-Market,Business,18662.48,0,0,0,0,18662.48,18662.48
2023-02-01,C0063,R02,Mid-Market,Business,18662.48,0,0,0,0,18662.48,18662.48
2023-03-01,C0063,R02,Mid-Market,Business,18662.48,0,0,0,0,18662.48,18662.48
2023-04-01,C0063,R02,Mid-Market,Business,18662.48,0,0,0,0,18662.48,18662.48
2023-05-01,C0063,R02,Mid-Market,Business,18662.48,0,0,0,0,18662.48,18662.48
2023-06-01,C0063,R02,Mid-Market,Business,18662.48,0,0,0,0,18662.48,18662.48
2023-07-01,C0063,R02,Mid-Market,Business,18662.48,0,0,0,0,18662.48,18662.48
2023-08-01,C0063,R02,Mid-Market,Business,18662.48,0,2055.76,0,0,20718.24,19690.36
2023-09-01,C0063,R02,Mid-Market,Business,20718.24,0,0,0,0,20718.24,20718.24
2023-10-01,C0063,R02,Mid-Market,Business,20718.24,0,0,0,0,20718.24,20718.24
2023-11-01,C0063,R02,Mid-Market,Business,20718.24,0,0,0,0,20718.24,20718.24
2023-12-01,C0063,R02,Mid-Market,Business,20718.24,0,0,0,0,20718.24,20718.24
2024-01-01,C0063,R02,Mid-Market,Business,20718.24,0,0,0,0,20718.24,20718.24
2024-02-01,C0063,R02,Mid-Market,Business,20718.24,0,0,0,0,20718.24,20718.24
2024-03-01,C0063,R02,Mid-Market,Business,20718.24,0,0,0,0,20718.24,20718.24
2024-04-01,C0063,R02,Mid-Market,Business,20718.24,0,0,0,0,20718.24,20718.24
2024-05-01,C0063,R02,Mid-Market,Business,20718.24,0,0,0,0,20718.24,20718.24
2024-06-01,C0063,R02,Mid-Market,Business,20718.24,0,0,0,0,20718.24,20718.24
2024-07-01,C0063,R02,Mid-Market,Business,20718.24,0,0,0,0,20718.24,20718.24
2024-08-01,C0063,R02,Mid-Market,Business,20718.24,0,1885.01,0,0,22603.25,21660.74
2024-09-01,C0063,R02,Mid-Market,Business,22603.25,0,0,0,0,22603.25,22603.25
2024-10-01,C0063,R02,Mid-Market,Business,22603.25,0,0,0,0,22603.25,22603.25
2024-11-01,C0063,R02,Mid-Market,Business,22603.25,0,0,0,0,22603.25,22603.25
2024-12-01,C0063,R02,Mid-Market,Business,22603.25,0,0,0,0,22603.25,22603.25
2025-01-01,C0063,R02,Mid-Market,Business,22603.25,0,0,0,0,22603.25,22603.25
2025-02-01,C0063,R02,Mid-Market,Business,22603.25,0,0,0,0,22603.25,22603.25
2025-03-01,C0063,R02,Mid-Market,Business,22603.25,0,0,0,0,22603.25,22603.25
2025-04-01,C0063,R02,Mid-Market,Business,22603.25,0,0,0,0,22603.25,22603.25
2025-05-01,C0063,R02,Mid-Market,Business,22603.25,0,0,0,0,22603.25,22603.25
2025-06-01,C0063,R02,Mid-Market,Business,22603.25,0,0,0,0,22603.25,22603.25
2025-07-01,C0063,R02,Mid-Market,Business,22603.25,0,0,0,0,22603.25,22603.25
2025-08-01,C0063,R02,Mid-Market,Business,22603.25,0,678.1,0,0,23281.34,22942.3
2025-09-01,C0063,R02,Mid-Market,Business,23281.34,0,0,0,0,23281.34,23281.34
2025-10-01,C0063,R02,Mid-Market,Business,23281.34,0,0,0,0,23281.34,23281.34
2025-11-01,C0063,R02,Mid-Market,Business,23281.34,0,0,0,0,23281.34,23281.34
2025-12-01,C0063,R02,Mid-Market,Business,23281.34,0,0,0,0,23281.34,23281.34
2026-01-01,C0063,R02,Mid-Market,Business,23281.34,0,0,0,0,23281.34,23281.34
2026-02-01,C0063,R02,Mid-Market,Business,23281.34,0,0,0,0,23281.34,23281.34
2026-03-01,C0063,R02,Mid-Market,Business,23281.34,0,0,0,0,23281.34,23281.34
2026-04-01,C0063,R02,Mid-Market,Business,23281.34,0,0,0,0,23281.34,23281.34
2026-05-01,C0063,R02,Mid-Market,Business,23281.34,0,0,0,0,23281.34,23281.34
2026-06-01,C0063,R02,Mid-Market,Business,23281.34,0,0,0,0,23281.34,23281.34
2023-01-01,C0064,R01,Enterprise,Enterprise Suite,55247.11,0,0,0,0,55247.11,55247.11
2023-02-01,C0064,R01,Enterprise,Enterprise Suite,55247.11,0,0,0,0,55247.11,55247.11
2023-03-01,C0064,R01,Enterprise,Enterprise Suite,55247.11,0,0,0,0,55247.11,55247.11
2023-04-01,C0064,R01,Enterprise,Enterprise Suite,55247.11,0,0,0,0,55247.11,55247.11
2023-05-01,C0064,R01,Enterprise,Enterprise Suite,55247.11,0,0,0,0,55247.11,55247.11
2023-06-01,C0064,R01,Enterprise,Enterprise Suite,55247.11,0,0,0,0,55247.11,55247.11
2023-07-01,C0064,R01,Enterprise,Enterprise Suite,55247.11,0,0,0,0,55247.11,55247.11
2023-08-01,C0064,R01,Enterprise,Enterprise Suite,55247.11,0,0,0,0,55247.11,55247.11
2023-09-01,C0064,R01,Enterprise,Enterprise Suite,55247.11,0,1657.41,0,0,56904.52,56075.82
2023-10-01,C0064,R01,Enterprise,Enterprise Suite,56904.52,0,0,0,0,56904.52,56904.52
2023-11-01,C0064,R01,Enterprise,Enterprise Suite,56904.52,0,0,0,0,56904.52,56904.52
2023-12-01,C0064,R01,Enterprise,Enterprise Suite,56904.52,0,0,0,0,56904.52,56904.52
2024-01-01,C0064,R01,Enterprise,Enterprise Suite,56904.52,0,0,0,0,56904.52,56904.52
2024-02-01,C0064,R01,Enterprise,Enterprise Suite,56904.52,0,0,0,0,56904.52,56904.52
2024-03-01,C0064,R01,Enterprise,Enterprise Suite,56904.52,0,0,0,0,56904.52,56904.52
2024-04-01,C0064,R01,Enterprise,Enterprise Suite,56904.52,0,0,0,0,56904.52,56904.52
2024-05-01,C0064,R01,Enterprise,Enterprise Suite,56904.52,0,0,0,0,56904.52,56904.52
2024-06-01,C0064,R01,Enterprise,Enterprise Suite,56904.52,0,0,0,0,56904.52,56904.52
2024-07-01,C0064,R01,Enterprise,Enterprise Suite,56904.52,0,0,0,0,56904.52,56904.52
2024-08-01,C0064,R01,Enterprise,Enterprise Suite,56904.52,0,0,0,0,56904.52,56904.52
2024-09-01,C0064,R01,Enterprise,Enterprise Suite,56904.52,0,1707.14,0,0,58611.66,57758.09
2024-10-01,C0064,R01,Enterprise,Enterprise Suite,58611.66,0,0,0,0,58611.66,58611.66
2024-11-01,C0064,R01,Enterprise,Enterprise Suite,58611.66,0,0,0,0,58611.66,58611.66
2024-12-01,C0064,R01,Enterprise,Enterprise Suite,58611.66,0,0,0,0,58611.66,58611.66
2025-01-01,C0064,R01,Enterprise,Enterprise Suite,58611.66,0,0,0,0,58611.66,58611.66
2025-02-01,C0064,R01,Enterprise,Enterprise Suite,58611.66,0,0,0,0,58611.66,58611.66
2025-03-01,C0064,R01,Enterprise,Enterprise Suite,58611.66,0,0,0,0,58611.66,58611.66
2025-04-01,C0064,R01,Enterprise,Enterprise Suite,58611.66,0,0,0,0,58611.66,58611.66
2025-05-01,C0064,R01,Enterprise,Enterprise Suite,58611.66,0,0,0,0,58611.66,58611.66
2025-06-01,C0064,R01,Enterprise,Enterprise Suite,58611.66,0,0,0,0,58611.66,58611.66
2025-07-01,C0064,R01,Enterprise,Enterprise Suite,58611.66,0,0,0,0,58611.66,58611.66
2025-08-01,C0064,R01,Enterprise,Enterprise Suite,58611.66,0,0,0,0,58611.66,58611.66
2025-09-01,C0064,R01,Enterprise,Enterprise Suite,58611.66,0,7042.52,0,0,65654.18,62132.92
2025-10-01,C0064,R01,Enterprise,Enterprise Suite,65654.18,0,0,0,0,65654.18,65654.18
2025-11-01,C0064,R01,Enterprise,Enterprise Suite,65654.18,0,0,0,0,65654.18,65654.18
2025-12-01,C0064,R01,Enterprise,Enterprise Suite,65654.18,0,0,0,0,65654.18,65654.18
2026-01-01,C0064,R01,Enterprise,Enterprise Suite,65654.18,0,0,0,0,65654.18,65654.18
2026-02-01,C0064,R01,Enterprise,Enterprise Suite,65654.18,0,0,0,0,65654.18,65654.18
2026-03-01,C0064,R01,Enterprise,Enterprise Suite,65654.18,0,0,0,0,65654.18,65654.18
2026-04-01,C0064,R01,Enterprise,Enterprise Suite,65654.18,0,0,0,0,65654.18,65654.18
2026-05-01,C0064,R01,Enterprise,Enterprise Suite,65654.18,0,0,0,0,65654.18,65654.18
2026-06-01,C0064,R01,Enterprise,Enterprise Suite,65654.18,0,0,0,0,65654.18,65654.18
2023-01-01,C0065,R01,SMB,Core,2786.77,0,0,0,0,2786.77,2786.77
2023-02-01,C0065,R01,SMB,Core,2786.77,0,0,0,0,2786.77,2786.77
2023-03-01,C0065,R01,SMB,Core,2786.77,0,0,0,0,2786.77,2786.77
2023-04-01,C0065,R01,SMB,Core,2786.77,0,0,0,0,2786.77,2786.77
2023-05-01,C0065,R01,SMB,Core,2786.77,0,0,0,0,2786.77,2786.77
2023-06-01,C0065,R01,SMB,Core,2786.77,0,0,0,0,2786.77,2786.77
2023-07-01,C0065,R01,SMB,Core,2786.77,0,83.6,0,0,2870.38,2828.58
2023-08-01,C0065,R01,SMB,Core,2870.38,0,0,0,0,2870.38,2870.38
2023-09-01,C0065,R01,SMB,Core,2870.38,0,0,0,0,2870.38,2870.38
2023-10-01,C0065,R01,SMB,Core,2870.38,0,0,0,0,2870.38,2870.38
2023-11-01,C0065,R01,SMB,Core,2870.38,0,0,0,0,2870.38,2870.38
2023-12-01,C0065,R01,SMB,Core,2870.38,0,0,0,0,2870.38,2870.38
2024-01-01,C0065,R01,SMB,Core,2870.38,0,0,0,0,2870.38,2870.38
2024-02-01,C0065,R01,SMB,Core,2870.38,0,0,0,0,2870.38,2870.38
2024-03-01,C0065,R01,SMB,Core,2870.38,0,0,0,0,2870.38,2870.38
2024-04-01,C0065,R01,SMB,Core,2870.38,0,0,0,0,2870.38,2870.38
2024-05-01,C0065,R01,SMB,Core,2870.38,0,0,0,0,2870.38,2870.38
2024-06-01,C0065,R01,SMB,Core,2870.38,0,0,0,0,2870.38,2870.38
2024-07-01,C0065,R01,SMB,Core,2870.38,0,86.11,0,0,2956.49,2913.43
2024-08-01,C0065,R01,SMB,Core,2956.49,0,0,0,0,2956.49,2956.49
2024-09-01,C0065,R01,SMB,Core,2956.49,0,0,0,0,2956.49,2956.49
2024-10-01,C0065,R01,SMB,Core,2956.49,0,0,0,0,2956.49,2956.49
2024-11-01,C0065,R01,SMB,Core,2956.49,0,0,0,0,2956.49,2956.49
2024-12-01,C0065,R01,SMB,Core,2956.49,0,0,0,0,2956.49,2956.49
2025-01-01,C0065,R01,SMB,Core,2956.49,0,0,0,0,2956.49,2956.49
2025-02-01,C0065,R01,SMB,Core,2956.49,0,0,0,0,2956.49,2956.49
2025-03-01,C0065,R01,SMB,Core,2956.49,0,0,0,0,2956.49,2956.49
2025-04-01,C0065,R01,SMB,Core,2956.49,0,0,0,0,2956.49,2956.49
2025-05-01,C0065,R01,SMB,Core,2956.49,0,0,0,0,2956.49,2956.49
2025-06-01,C0065,R01,SMB,Core,2956.49,0,0,0,0,2956.49,2956.49
2025-07-01,C0065,R01,SMB,Core,2956.49,0,361.81,0,0,3318.3,3137.39
2025-08-01,C0065,R01,SMB,Core,3318.3,0,0,0,0,3318.3,3318.3
2025-09-01,C0065,R01,SMB,Core,3318.3,0,0,0,0,3318.3,3318.3
2025-10-01,C0065,R01,SMB,Core,3318.3,0,0,0,0,3318.3,3318.3
2025-11-01,C0065,R01,SMB,Core,3318.3,0,0,0,0,3318.3,3318.3
2025-12-01,C0065,R01,SMB,Core,3318.3,0,0,0,0,3318.3,3318.3
2026-01-01,C0065,R01,SMB,Core,3318.3,0,0,0,0,3318.3,3318.3
2026-02-01,C0065,R01,SMB,Core,3318.3,0,0,0,0,3318.3,3318.3
2026-03-01,C0065,R01,SMB,Core,3318.3,0,0,0,0,3318.3,3318.3
2026-04-01,C0065,R01,SMB,Core,3318.3,0,0,0,0,3318.3,3318.3
2026-05-01,C0065,R01,SMB,Core,3318.3,0,0,0,0,3318.3,3318.3
2026-06-01,C0065,R01,SMB,Core,3318.3,0,0,0,0,3318.3,3318.3
2024-11-01,C0066,R04,SMB,Core,0,3981.17,0,0,0,3981.17,1990.59
2024-12-01,C0066,R04,SMB,Core,3981.17,0,0,0,0,3981.17,3981.17
2025-01-01,C0066,R04,SMB,Core,3981.17,0,0,0,0,3981.17,3981.17
2025-02-01,C0066,R04,SMB,Core,3981.17,0,0,0,0,3981.17,3981.17
2025-03-01,C0066,R04,SMB,Core,3981.17,0,0,0,0,3981.17,3981.17
2025-04-01,C0066,R04,SMB,Core,3981.17,0,0,0,0,3981.17,3981.17
2025-05-01,C0066,R04,SMB,Core,3981.17,0,0,0,0,3981.17,3981.17
2025-06-01,C0066,R04,SMB,Core,3981.17,0,0,0,0,3981.17,3981.17
2025-07-01,C0066,R04,SMB,Core,3981.17,0,0,0,0,3981.17,3981.17
2025-08-01,C0066,R04,SMB,Core,3981.17,0,0,0,0,3981.17,3981.17
2025-09-01,C0066,R04,SMB,Core,3981.17,0,0,0,0,3981.17,3981.17
2025-10-01,C0066,R04,SMB,Core,3981.17,0,0,0,0,3981.17,3981.17
2025-11-01,C0066,R04,SMB,Core,3981.17,0,119.44,0,0,4100.61,4040.89
2025-12-01,C0066,R04,SMB,Core,4100.61,0,0,0,0,4100.61,4100.61
2026-01-01,C0066,R04,SMB,Core,4100.61,0,0,0,0,4100.61,4100.61
2026-02-01,C0066,R04,SMB,Core,4100.61,0,0,0,0,4100.61,4100.61
2026-03-01,C0066,R04,SMB,Core,4100.61,0,0,0,0,4100.61,4100.61
2026-04-01,C0066,R04,SMB,Core,4100.61,0,0,0,0,4100.61,4100.61
2026-05-01,C0066,R04,SMB,Core,4100.61,0,0,0,0,4100.61,4100.61
2026-06-01,C0066,R04,SMB,Core,4100.61,0,0,0,0,4100.61,4100.61
2025-07-01,C0067,R03,SMB,Core,0,6131.97,0,0,0,6131.97,3065.99
2025-08-01,C0067,R03,SMB,Core,6131.97,0,0,0,0,6131.97,6131.97
2025-09-01,C0067,R03,SMB,Core,6131.97,0,0,0,0,6131.97,6131.97
2025-10-01,C0067,R03,SMB,Core,6131.97,0,0,0,0,6131.97,6131.97
2025-11-01,C0067,R03,SMB,Core,6131.97,0,0,0,0,6131.97,6131.97
2025-12-01,C0067,R03,SMB,Core,6131.97,0,0,0,0,6131.97,6131.97
2026-01-01,C0067,R03,SMB,Core,6131.97,0,0,0,0,6131.97,6131.97
2026-02-01,C0067,R03,SMB,Core,6131.97,0,0,0,0,6131.97,6131.97
2026-03-01,C0067,R03,SMB,Core,6131.97,0,0,0,0,6131.97,6131.97
2026-04-01,C0067,R03,SMB,Core,6131.97,0,0,0,0,6131.97,6131.97
2026-05-01,C0067,R03,SMB,Core,6131.97,0,0,0,0,6131.97,6131.97
2026-06-01,C0067,R03,SMB,Core,6131.97,0,0,0,0,6131.97,6131.97
2025-03-01,C0068,R03,Mid-Market,Business,0,18380.05,0,0,0,18380.05,9190.03
2025-04-01,C0068,R03,Mid-Market,Business,18380.05,0,0,0,0,18380.05,18380.05
2025-05-01,C0068,R03,Mid-Market,Business,18380.05,0,0,0,0,18380.05,18380.05
2025-06-01,C0068,R03,Mid-Market,Business,18380.05,0,0,0,0,18380.05,18380.05
2025-07-01,C0068,R03,Mid-Market,Business,18380.05,0,0,0,0,18380.05,18380.05
2025-08-01,C0068,R03,Mid-Market,Business,18380.05,0,0,0,0,18380.05,18380.05
2025-09-01,C0068,R03,Mid-Market,Business,18380.05,0,0,0,0,18380.05,18380.05
2025-10-01,C0068,R03,Mid-Market,Business,18380.05,0,0,0,0,18380.05,18380.05
2025-11-01,C0068,R03,Mid-Market,Business,18380.05,0,0,0,0,18380.05,18380.05
2025-12-01,C0068,R03,Mid-Market,Business,18380.05,0,0,0,0,18380.05,18380.05
2026-01-01,C0068,R03,Mid-Market,Business,18380.05,0,0,0,0,18380.05,18380.05
2026-02-01,C0068,R03,Mid-Market,Business,18380.05,0,0,0,0,18380.05,18380.05
2026-03-01,C0068,R03,Mid-Market,Business,18380.05,0,551.4,0,0,18931.45,18655.75
2026-04-01,C0068,R03,Mid-Market,Business,18931.45,0,0,0,0,18931.45,18931.45
2026-05-01,C0068,R03,Mid-Market,Business,18931.45,0,0,0,0,18931.45,18931.45
2026-06-01,C0068,R03,Mid-Market,Business,18931.45,0,0,0,0,18931.45,18931.45
2024-02-01,C0069,R01,SMB,Core,0,2175.74,0,0,0,2175.74,1087.87
2024-03-01,C0069,R01,SMB,Core,2175.74,0,0,0,0,2175.74,2175.74
2024-04-01,C0069,R01,SMB,Core,2175.74,0,0,0,0,2175.74,2175.74
2024-05-01,C0069,R01,SMB,Core,2175.74,0,0,0,0,2175.74,2175.74
2024-06-01,C0069,R01,SMB,Core,2175.74,0,0,0,0,2175.74,2175.74
2024-07-01,C0069,R01,SMB,Core,2175.74,0,0,0,0,2175.74,2175.74
2024-08-01,C0069,R01,SMB,Core,2175.74,0,0,0,0,2175.74,2175.74
2024-09-01,C0069,R01,SMB,Core,2175.74,0,0,0,0,2175.74,2175.74
2024-10-01,C0069,R01,SMB,Core,2175.74,0,0,0,0,2175.74,2175.74
2024-11-01,C0069,R01,SMB,Core,2175.74,0,0,0,0,2175.74,2175.74
2024-12-01,C0069,R01,SMB,Core,2175.74,0,0,0,0,2175.74,2175.74
2025-01-01,C0069,R01,SMB,Core,2175.74,0,0,0,0,2175.74,2175.74
2025-02-01,C0069,R01,SMB,Core,2175.74,0,194.29,0,0,2370.04,2272.89
2025-03-01,C0069,R01,SMB,Core,2370.04,0,0,0,0,2370.04,2370.04
2025-04-01,C0069,R01,SMB,Core,2370.04,0,0,0,0,2370.04,2370.04
2025-05-01,C0069,R01,SMB,Core,2370.04,0,0,0,0,2370.04,2370.04
2025-06-01,C0069,R01,SMB,Core,2370.04,0,0,0,0,2370.04,2370.04
2025-07-01,C0069,R01,SMB,Core,2370.04,0,0,0,0,2370.04,2370.04
2025-08-01,C0069,R01,SMB,Core,2370.04,0,0,0,0,2370.04,2370.04
2025-09-01,C0069,R01,SMB,Core,2370.04,0,0,0,0,2370.04,2370.04
2025-10-01,C0069,R01,SMB,Core,2370.04,0,0,0,0,2370.04,2370.04
2025-11-01,C0069,R01,SMB,Core,2370.04,0,0,0,0,2370.04,2370.04
2025-12-01,C0069,R01,SMB,Core,2370.04,0,0,0,0,2370.04,2370.04
2026-01-01,C0069,R01,SMB,Core,2370.04,0,0,0,0,2370.04,2370.04
2026-02-01,C0069,R01,SMB,Core,2370.04,0,247.22,0,0,2617.25,2493.64
2026-03-01,C0069,R01,SMB,Core,2617.25,0,0,0,0,2617.25,2617.25
2026-04-01,C0069,R01,SMB,Core,2617.25,0,0,0,0,2617.25,2617.25
2026-05-01,C0069,R01,SMB,Core,2617.25,0,0,0,0,2617.25,2617.25
2026-06-01,C0069,R01,SMB,Core,2617.25,0,0,0,0,2617.25,2617.25
2023-07-01,C0070,R01,SMB,Core,0,2556.43,0,0,0,2556.43,1278.22
2023-08-01,C0070,R01,SMB,Core,2556.43,0,0,0,0,2556.43,2556.43
2023-09-01,C0070,R01,SMB,Core,2556.43,0,0,0,0,2556.43,2556.43
2023-10-01,C0070,R01,SMB,Core,2556.43,0,0,0,0,2556.43,2556.43
2023-11-01,C0070,R01,SMB,Core,2556.43,0,0,0,0,2556.43,2556.43
2023-12-01,C0070,R01,SMB,Core,2556.43,0,0,0,0,2556.43,2556.43
2024-01-01,C0070,R01,SMB,Core,2556.43,0,0,0,0,2556.43,2556.43
2024-02-01,C0070,R01,SMB,Core,2556.43,0,0,0,0,2556.43,2556.43
2024-03-01,C0070,R01,SMB,Core,2556.43,0,0,0,0,2556.43,2556.43
2024-04-01,C0070,R01,SMB,Core,2556.43,0,0,0,0,2556.43,2556.43
2024-05-01,C0070,R01,SMB,Core,2556.43,0,0,0,0,2556.43,2556.43
2024-06-01,C0070,R01,SMB,Core,2556.43,0,0,0,0,2556.43,2556.43
2024-07-01,C0070,R01,SMB,Core,2556.43,0,76.69,0,0,2633.12,2594.78
2024-08-01,C0070,R01,SMB,Core,2633.12,0,0,0,0,2633.12,2633.12
2024-09-01,C0070,R01,SMB,Core,2633.12,0,0,0,0,2633.12,2633.12
2024-10-01,C0070,R01,SMB,Core,2633.12,0,0,0,0,2633.12,2633.12
2024-11-01,C0070,R01,SMB,Core,2633.12,0,0,0,0,2633.12,2633.12
2024-12-01,C0070,R01,SMB,Core,2633.12,0,0,0,0,2633.12,2633.12
2025-01-01,C0070,R01,SMB,Core,2633.12,0,0,0,0,2633.12,2633.12
2025-02-01,C0070,R01,SMB,Core,2633.12,0,0,0,0,2633.12,2633.12
2025-03-01,C0070,R01,SMB,Core,2633.12,0,0,0,0,2633.12,2633.12
2025-04-01,C0070,R01,SMB,Core,2633.12,0,0,0,0,2633.12,2633.12
2025-05-01,C0070,R01,SMB,Core,2633.12,0,0,0,0,2633.12,2633.12
2025-06-01,C0070,R01,SMB,Core,2633.12,0,0,0,0,2633.12,2633.12
2025-07-01,C0070,R01,SMB,Core,2633.12,0,118.49,0,0,2751.61,2692.37
2025-08-01,C0070,R01,SMB,Core,2751.61,0,0,0,0,2751.61,2751.61
2025-09-01,C0070,R01,SMB,Core,2751.61,0,0,0,0,2751.61,2751.61
2025-10-01,C0070,R01,SMB,Core,2751.61,0,0,0,0,2751.61,2751.61
2025-11-01,C0070,R01,SMB,Core,2751.61,0,0,0,0,2751.61,2751.61
2025-12-01,C0070,R01,SMB,Core,2751.61,0,0,0,0,2751.61,2751.61
2026-01-01,C0070,R01,SMB,Core,2751.61,0,0,0,0,2751.61,2751.61
2026-02-01,C0070,R01,SMB,Core,2751.61,0,0,0,0,2751.61,2751.61
2026-03-01,C0070,R01,SMB,Core,2751.61,0,0,0,0,2751.61,2751.61
2026-04-01,C0070,R01,SMB,Core,2751.61,0,0,0,0,2751.61,2751.61
2026-05-01,C0070,R01,SMB,Core,2751.61,0,0,0,0,2751.61,2751.61
2026-06-01,C0070,R01,SMB,Core,2751.61,0,0,0,0,2751.61,2751.61
2023-01-01,C0071,R01,Enterprise,Enterprise Suite,52697.7,0,0,0,0,52697.7,52697.7
2023-02-01,C0071,R01,Enterprise,Enterprise Suite,52697.7,0,0,0,0,52697.7,52697.7
2023-03-01,C0071,R01,Enterprise,Enterprise Suite,52697.7,0,6535.09,0,0,59232.79,55965.25
2023-04-01,C0071,R01,Enterprise,Enterprise Suite,59232.79,0,0,0,0,59232.79,59232.79
2023-05-01,C0071,R01,Enterprise,Enterprise Suite,59232.79,0,0,0,0,59232.79,59232.79
2023-06-01,C0071,R01,Enterprise,Enterprise Suite,59232.79,0,0,0,0,59232.79,59232.79
2023-07-01,C0071,R01,Enterprise,Enterprise Suite,59232.79,0,0,0,0,59232.79,59232.79
2023-08-01,C0071,R01,Enterprise,Enterprise Suite,59232.79,0,0,0,0,59232.79,59232.79
2023-09-01,C0071,R01,Enterprise,Enterprise Suite,59232.79,0,0,0,0,59232.79,59232.79
2023-10-01,C0071,R01,Enterprise,Enterprise Suite,59232.79,0,0,0,0,59232.79,59232.79
2023-11-01,C0071,R01,Enterprise,Enterprise Suite,59232.79,0,0,0,0,59232.79,59232.79
2023-12-01,C0071,R01,Enterprise,Enterprise Suite,59232.79,0,0,0,0,59232.79,59232.79
2024-01-01,C0071,R01,Enterprise,Enterprise Suite,59232.79,0,0,0,0,59232.79,59232.79
2024-02-01,C0071,R01,Enterprise,Enterprise Suite,59232.79,0,0,0,0,59232.79,59232.79
2024-03-01,C0071,R01,Enterprise,Enterprise Suite,59232.79,0,7092.55,0,0,66325.34,62779.07
2024-04-01,C0071,R01,Enterprise,Enterprise Suite,66325.34,0,0,0,0,66325.34,66325.34
2024-05-01,C0071,R01,Enterprise,Enterprise Suite,66325.34,0,0,0,0,66325.34,66325.34
2024-06-01,C0071,R01,Enterprise,Enterprise Suite,66325.34,0,0,0,0,66325.34,66325.34
2024-07-01,C0071,R01,Enterprise,Enterprise Suite,66325.34,0,0,0,0,66325.34,66325.34
2024-08-01,C0071,R01,Enterprise,Enterprise Suite,66325.34,0,0,0,0,66325.34,66325.34
2024-09-01,C0071,R01,Enterprise,Enterprise Suite,66325.34,0,0,0,0,66325.34,66325.34
2024-10-01,C0071,R01,Enterprise,Enterprise Suite,66325.34,0,0,0,0,66325.34,66325.34
2024-11-01,C0071,R01,Enterprise,Enterprise Suite,66325.34,0,0,0,0,66325.34,66325.34
2024-12-01,C0071,R01,Enterprise,Enterprise Suite,66325.34,0,0,0,0,66325.34,66325.34
2025-01-01,C0071,R01,Enterprise,Enterprise Suite,66325.34,0,0,0,0,66325.34,66325.34
2025-02-01,C0071,R01,Enterprise,Enterprise Suite,66325.34,0,0,0,0,66325.34,66325.34
2025-03-01,C0071,R01,Enterprise,Enterprise Suite,66325.34,0,6947.2,0,0,73272.54,69798.94
2025-04-01,C0071,R01,Enterprise,Enterprise Suite,73272.54,0,0,0,0,73272.54,73272.54
2025-05-01,C0071,R01,Enterprise,Enterprise Suite,73272.54,0,0,0,0,73272.54,73272.54
2025-06-01,C0071,R01,Enterprise,Enterprise Suite,73272.54,0,0,0,0,73272.54,73272.54
2025-07-01,C0071,R01,Enterprise,Enterprise Suite,73272.54,0,0,0,0,73272.54,73272.54
2025-08-01,C0071,R01,Enterprise,Enterprise Suite,73272.54,0,0,0,0,73272.54,73272.54
2025-09-01,C0071,R01,Enterprise,Enterprise Suite,73272.54,0,0,0,0,73272.54,73272.54
2025-10-01,C0071,R01,Enterprise,Enterprise Suite,73272.54,0,0,0,0,73272.54,73272.54
2025-11-01,C0071,R01,Enterprise,Enterprise Suite,73272.54,0,0,0,0,73272.54,73272.54
2025-12-01,C0071,R01,Enterprise,Enterprise Suite,73272.54,0,0,0,0,73272.54,73272.54
2026-01-01,C0071,R01,Enterprise,Enterprise Suite,73272.54,0,0,0,0,73272.54,73272.54
2026-02-01,C0071,R01,Enterprise,Enterprise Suite,73272.54,0,0,0,0,73272.54,73272.54
2026-03-01,C0071,R01,Enterprise,Enterprise Suite,73272.54,0,7608.35,1727.65,0,79153.24,76212.89
2026-04-01,C0071,R01,Enterprise,Enterprise Suite,79153.24,0,0,0,0,79153.24,79153.24
2026-05-01,C0071,R01,Enterprise,Enterprise Suite,79153.24,0,0,0,0,79153.24,79153.24
2026-06-01,C0071,R01,Enterprise,Enterprise Suite,79153.24,0,0,0,0,79153.24,79153.24
2023-05-01,C0072,R04,Enterprise,Enterprise Suite,0,58192.33,0,0,0,58192.33,29096.17
2023-06-01,C0072,R04,Enterprise,Enterprise Suite,58192.33,0,0,0,0,58192.33,58192.33
2023-07-01,C0072,R04,Enterprise,Enterprise Suite,58192.33,0,0,0,0,58192.33,58192.33
2023-08-01,C0072,R04,Enterprise,Enterprise Suite,58192.33,0,0,0,0,58192.33,58192.33
2023-09-01,C0072,R04,Enterprise,Enterprise Suite,58192.33,0,0,0,0,58192.33,58192.33
2023-10-01,C0072,R04,Enterprise,Enterprise Suite,58192.33,0,0,0,0,58192.33,58192.33
2023-11-01,C0072,R04,Enterprise,Enterprise Suite,58192.33,0,0,0,0,58192.33,58192.33
2023-12-01,C0072,R04,Enterprise,Enterprise Suite,58192.33,0,0,0,0,58192.33,58192.33
2024-01-01,C0072,R04,Enterprise,Enterprise Suite,58192.33,0,0,0,0,58192.33,58192.33
2024-02-01,C0072,R04,Enterprise,Enterprise Suite,58192.33,0,0,0,0,58192.33,58192.33
2024-03-01,C0072,R04,Enterprise,Enterprise Suite,58192.33,0,0,0,0,58192.33,58192.33
2024-04-01,C0072,R04,Enterprise,Enterprise Suite,58192.33,0,0,0,0,58192.33,58192.33
2024-05-01,C0072,R04,Enterprise,Enterprise Suite,58192.33,0,8692.57,0,0,66884.9,62538.61
2024-06-01,C0072,R04,Enterprise,Enterprise Suite,66884.9,0,0,0,0,66884.9,66884.9
2024-07-01,C0072,R04,Enterprise,Enterprise Suite,66884.9,0,0,0,0,66884.9,66884.9
2024-08-01,C0072,R04,Enterprise,Enterprise Suite,66884.9,0,0,0,0,66884.9,66884.9
2024-09-01,C0072,R04,Enterprise,Enterprise Suite,66884.9,0,0,0,0,66884.9,66884.9
2024-10-01,C0072,R04,Enterprise,Enterprise Suite,66884.9,0,0,0,0,66884.9,66884.9
2024-11-01,C0072,R04,Enterprise,Enterprise Suite,66884.9,0,0,0,0,66884.9,66884.9
2024-12-01,C0072,R04,Enterprise,Enterprise Suite,66884.9,0,0,0,0,66884.9,66884.9
2025-01-01,C0072,R04,Enterprise,Enterprise Suite,66884.9,0,0,0,0,66884.9,66884.9
2025-02-01,C0072,R04,Enterprise,Enterprise Suite,66884.9,0,0,0,0,66884.9,66884.9
2025-03-01,C0072,R04,Enterprise,Enterprise Suite,66884.9,0,0,0,0,66884.9,66884.9
2025-04-01,C0072,R04,Enterprise,Enterprise Suite,66884.9,0,0,0,0,66884.9,66884.9
2025-05-01,C0072,R04,Enterprise,Enterprise Suite,66884.9,0,6920.39,0,0,73805.29,70345.09
2025-06-01,C0072,R04,Enterprise,Enterprise Suite,73805.29,0,0,0,0,73805.29,73805.29
2025-07-01,C0072,R04,Enterprise,Enterprise Suite,73805.29,0,0,0,0,73805.29,73805.29
2025-08-01,C0072,R04,Enterprise,Enterprise Suite,73805.29,0,0,0,0,73805.29,73805.29
2025-09-01,C0072,R04,Enterprise,Enterprise Suite,73805.29,0,0,0,0,73805.29,73805.29
2025-10-01,C0072,R04,Enterprise,Enterprise Suite,73805.29,0,0,0,0,73805.29,73805.29
2025-11-01,C0072,R04,Enterprise,Enterprise Suite,73805.29,0,0,0,0,73805.29,73805.29
2025-12-01,C0072,R04,Enterprise,Enterprise Suite,73805.29,0,0,0,0,73805.29,73805.29
2026-01-01,C0072,R04,Enterprise,Enterprise Suite,73805.29,0,0,0,0,73805.29,73805.29
2026-02-01,C0072,R04,Enterprise,Enterprise Suite,73805.29,0,0,0,0,73805.29,73805.29
2026-03-01,C0072,R04,Enterprise,Enterprise Suite,73805.29,0,0,0,0,73805.29,73805.29
2026-04-01,C0072,R04,Enterprise,Enterprise Suite,73805.29,0,0,0,0,73805.29,73805.29
2026-05-01,C0072,R04,Enterprise,Enterprise Suite,73805.29,0,9577.28,0,0,83382.57,78593.93
2026-06-01,C0072,R04,Enterprise,Enterprise Suite,83382.57,0,0,0,0,83382.57,83382.57
2023-04-01,C0073,R01,Enterprise,Enterprise Suite,0,50098.32,0,0,0,50098.32,25049.16
2023-05-01,C0073,R01,Enterprise,Enterprise Suite,50098.32,0,0,0,0,50098.32,50098.32
2023-06-01,C0073,R01,Enterprise,Enterprise Suite,50098.32,0,0,0,0,50098.32,50098.32
2023-07-01,C0073,R01,Enterprise,Enterprise Suite,50098.32,0,0,0,0,50098.32,50098.32
2023-08-01,C0073,R01,Enterprise,Enterprise Suite,50098.32,0,0,0,0,50098.32,50098.32
2023-09-01,C0073,R01,Enterprise,Enterprise Suite,50098.32,0,0,0,0,50098.32,50098.32
2023-10-01,C0073,R01,Enterprise,Enterprise Suite,50098.32,0,0,0,0,50098.32,50098.32
2023-11-01,C0073,R01,Enterprise,Enterprise Suite,50098.32,0,0,0,0,50098.32,50098.32
2023-12-01,C0073,R01,Enterprise,Enterprise Suite,50098.32,0,0,0,0,50098.32,50098.32
2024-01-01,C0073,R01,Enterprise,Enterprise Suite,50098.32,0,0,0,0,50098.32,50098.32
2024-02-01,C0073,R01,Enterprise,Enterprise Suite,50098.32,0,0,0,0,50098.32,50098.32
2024-03-01,C0073,R01,Enterprise,Enterprise Suite,50098.32,0,0,0,0,50098.32,50098.32
2024-04-01,C0073,R01,Enterprise,Enterprise Suite,50098.32,0,7294.88,0,0,57393.19,53745.75
2024-05-01,C0073,R01,Enterprise,Enterprise Suite,57393.19,0,0,0,0,57393.19,57393.19
2024-06-01,C0073,R01,Enterprise,Enterprise Suite,57393.19,0,0,0,0,57393.19,57393.19
2024-07-01,C0073,R01,Enterprise,Enterprise Suite,57393.19,0,0,0,0,57393.19,57393.19
2024-08-01,C0073,R01,Enterprise,Enterprise Suite,57393.19,0,0,0,0,57393.19,57393.19
2024-09-01,C0073,R01,Enterprise,Enterprise Suite,57393.19,0,0,0,0,57393.19,57393.19
2024-10-01,C0073,R01,Enterprise,Enterprise Suite,57393.19,0,0,0,0,57393.19,57393.19
2024-11-01,C0073,R01,Enterprise,Enterprise Suite,57393.19,0,0,0,0,57393.19,57393.19
2024-12-01,C0073,R01,Enterprise,Enterprise Suite,57393.19,0,0,0,0,57393.19,57393.19
2025-01-01,C0073,R01,Enterprise,Enterprise Suite,57393.19,0,0,0,0,57393.19,57393.19
2025-02-01,C0073,R01,Enterprise,Enterprise Suite,57393.19,0,0,0,0,57393.19,57393.19
2025-03-01,C0073,R01,Enterprise,Enterprise Suite,57393.19,0,0,0,0,57393.19,57393.19
2025-04-01,C0073,R01,Enterprise,Enterprise Suite,57393.19,0,1721.8,0,0,59114.99,58254.09
2025-05-01,C0073,R01,Enterprise,Enterprise Suite,59114.99,0,0,0,0,59114.99,59114.99
2025-06-01,C0073,R01,Enterprise,Enterprise Suite,59114.99,0,0,0,0,59114.99,59114.99
2025-07-01,C0073,R01,Enterprise,Enterprise Suite,59114.99,0,0,0,0,59114.99,59114.99
2025-08-01,C0073,R01,Enterprise,Enterprise Suite,59114.99,0,0,0,0,59114.99,59114.99
2025-09-01,C0073,R01,Enterprise,Enterprise Suite,59114.99,0,0,0,0,59114.99,59114.99
2025-10-01,C0073,R01,Enterprise,Enterprise Suite,59114.99,0,0,0,0,59114.99,59114.99
2025-11-01,C0073,R01,Enterprise,Enterprise Suite,59114.99,0,0,0,0,59114.99,59114.99
2025-12-01,C0073,R01,Enterprise,Enterprise Suite,59114.99,0,0,0,0,59114.99,59114.99
2026-01-01,C0073,R01,Enterprise,Enterprise Suite,59114.99,0,0,0,0,59114.99,59114.99
2026-02-01,C0073,R01,Enterprise,Enterprise Suite,59114.99,0,0,0,0,59114.99,59114.99
2026-03-01,C0073,R01,Enterprise,Enterprise Suite,59114.99,0,0,0,0,59114.99,59114.99
2026-04-01,C0073,R01,Enterprise,Enterprise Suite,59114.99,0,5184.14,0,0,64299.13,61707.06
2026-05-01,C0073,R01,Enterprise,Enterprise Suite,64299.13,0,0,0,0,64299.13,64299.13
2026-06-01,C0073,R01,Enterprise,Enterprise Suite,64299.13,0,0,0,0,64299.13,64299.13
2023-01-01,C0074,R04,Mid-Market,Business,10481.02,0,0,0,0,10481.02,10481.02
2023-02-01,C0074,R04,Mid-Market,Business,10481.02,0,0,0,0,10481.02,10481.02
2023-03-01,C0074,R04,Mid-Market,Business,10481.02,0,0,0,0,10481.02,10481.02
2023-04-01,C0074,R04,Mid-Market,Business,10481.02,0,880.2,0,0,11361.22,10921.12
2023-05-01,C0074,R04,Mid-Market,Business,11361.22,0,0,0,0,11361.22,11361.22
2023-06-01,C0074,R04,Mid-Market,Business,11361.22,0,0,0,0,11361.22,11361.22
2023-07-01,C0074,R04,Mid-Market,Business,11361.22,0,0,0,0,11361.22,11361.22
2023-08-01,C0074,R04,Mid-Market,Business,11361.22,0,0,0,0,11361.22,11361.22
2023-09-01,C0074,R04,Mid-Market,Business,11361.22,0,0,0,0,11361.22,11361.22
2023-10-01,C0074,R04,Mid-Market,Business,11361.22,0,0,0,0,11361.22,11361.22
2023-11-01,C0074,R04,Mid-Market,Business,11361.22,0,0,0,0,11361.22,11361.22
2023-12-01,C0074,R04,Mid-Market,Business,11361.22,0,0,0,0,11361.22,11361.22
2024-01-01,C0074,R04,Mid-Market,Business,11361.22,0,0,0,0,11361.22,11361.22
2024-02-01,C0074,R04,Mid-Market,Business,11361.22,0,0,0,0,11361.22,11361.22
2024-03-01,C0074,R04,Mid-Market,Business,11361.22,0,0,0,0,11361.22,11361.22
2024-04-01,C0074,R04,Mid-Market,Business,11361.22,0,1075.08,684.23,0,11752.07,11556.64
2024-05-01,C0074,R04,Mid-Market,Business,11752.07,0,0,0,0,11752.07,11752.07
2024-06-01,C0074,R04,Mid-Market,Business,11752.07,0,0,0,0,11752.07,11752.07
2024-07-01,C0074,R04,Mid-Market,Business,11752.07,0,0,0,0,11752.07,11752.07
2024-08-01,C0074,R04,Mid-Market,Business,11752.07,0,0,0,0,11752.07,11752.07
2024-09-01,C0074,R04,Mid-Market,Business,11752.07,0,0,0,0,11752.07,11752.07
2024-10-01,C0074,R04,Mid-Market,Business,11752.07,0,0,0,0,11752.07,11752.07
2024-11-01,C0074,R04,Mid-Market,Business,11752.07,0,0,0,0,11752.07,11752.07
2024-12-01,C0074,R04,Mid-Market,Business,11752.07,0,0,0,0,11752.07,11752.07
2025-01-01,C0074,R04,Mid-Market,Business,11752.07,0,0,0,0,11752.07,11752.07
2025-02-01,C0074,R04,Mid-Market,Business,11752.07,0,0,0,0,11752.07,11752.07
2025-03-01,C0074,R04,Mid-Market,Business,11752.07,0,0,0,0,11752.07,11752.07
2025-04-01,C0074,R04,Mid-Market,Business,11752.07,0,1157.5,0,12909.57,0,5876.04
2023-01-01,C0075,R02,Enterprise,Enterprise Suite,142787.62,0,4283.63,6315.68,0,140755.57,141771.6
2023-02-01,C0075,R02,Enterprise,Enterprise Suite,140755.57,0,0,0,0,140755.57,140755.57
2023-03-01,C0075,R02,Enterprise,Enterprise Suite,140755.57,0,0,0,0,140755.57,140755.57
2023-04-01,C0075,R02,Enterprise,Enterprise Suite,140755.57,0,0,0,0,140755.57,140755.57
2023-05-01,C0075,R02,Enterprise,Enterprise Suite,140755.57,0,0,0,0,140755.57,140755.57
2023-06-01,C0075,R02,Enterprise,Enterprise Suite,140755.57,0,0,0,0,140755.57,140755.57
2023-07-01,C0075,R02,Enterprise,Enterprise Suite,140755.57,0,0,0,0,140755.57,140755.57
2023-08-01,C0075,R02,Enterprise,Enterprise Suite,140755.57,0,0,0,0,140755.57,140755.57
2023-09-01,C0075,R02,Enterprise,Enterprise Suite,140755.57,0,0,0,0,140755.57,140755.57
2023-10-01,C0075,R02,Enterprise,Enterprise Suite,140755.57,0,0,0,0,140755.57,140755.57
2023-11-01,C0075,R02,Enterprise,Enterprise Suite,140755.57,0,0,0,0,140755.57,140755.57
2023-12-01,C0075,R02,Enterprise,Enterprise Suite,140755.57,0,0,0,0,140755.57,140755.57
2024-01-01,C0075,R02,Enterprise,Enterprise Suite,140755.57,0,15749.15,0,0,156504.73,148630.15
2024-02-01,C0075,R02,Enterprise,Enterprise Suite,156504.73,0,0,0,0,156504.73,156504.73
2024-03-01,C0075,R02,Enterprise,Enterprise Suite,156504.73,0,0,0,0,156504.73,156504.73
2024-04-01,C0075,R02,Enterprise,Enterprise Suite,156504.73,0,0,0,0,156504.73,156504.73
2024-05-01,C0075,R02,Enterprise,Enterprise Suite,156504.73,0,0,0,0,156504.73,156504.73
2024-06-01,C0075,R02,Enterprise,Enterprise Suite,156504.73,0,0,0,0,156504.73,156504.73
2024-07-01,C0075,R02,Enterprise,Enterprise Suite,156504.73,0,0,0,0,156504.73,156504.73
2024-08-01,C0075,R02,Enterprise,Enterprise Suite,156504.73,0,0,0,0,156504.73,156504.73
2024-09-01,C0075,R02,Enterprise,Enterprise Suite,156504.73,0,0,0,0,156504.73,156504.73
2024-10-01,C0075,R02,Enterprise,Enterprise Suite,156504.73,0,0,0,0,156504.73,156504.73
2024-11-01,C0075,R02,Enterprise,Enterprise Suite,156504.73,0,0,0,0,156504.73,156504.73
2024-12-01,C0075,R02,Enterprise,Enterprise Suite,156504.73,0,0,0,0,156504.73,156504.73
2025-01-01,C0075,R02,Enterprise,Enterprise Suite,156504.73,0,4695.14,0,0,161199.87,158852.3
2025-02-01,C0075,R02,Enterprise,Enterprise Suite,161199.87,0,0,0,0,161199.87,161199.87
2025-03-01,C0075,R02,Enterprise,Enterprise Suite,161199.87,0,0,0,0,161199.87,161199.87
2025-04-01,C0075,R02,Enterprise,Enterprise Suite,161199.87,0,0,0,0,161199.87,161199.87
2025-05-01,C0075,R02,Enterprise,Enterprise Suite,161199.87,0,0,0,0,161199.87,161199.87
2025-06-01,C0075,R02,Enterprise,Enterprise Suite,161199.87,0,0,0,0,161199.87,161199.87
2025-07-01,C0075,R02,Enterprise,Enterprise Suite,161199.87,0,0,0,0,161199.87,161199.87
2025-08-01,C0075,R02,Enterprise,Enterprise Suite,161199.87,0,0,0,0,161199.87,161199.87
2025-09-01,C0075,R02,Enterprise,Enterprise Suite,161199.87,0,0,0,0,161199.87,161199.87
2025-10-01,C0075,R02,Enterprise,Enterprise Suite,161199.87,0,0,0,0,161199.87,161199.87
2025-11-01,C0075,R02,Enterprise,Enterprise Suite,161199.87,0,0,0,0,161199.87,161199.87
2025-12-01,C0075,R02,Enterprise,Enterprise Suite,161199.87,0,0,0,0,161199.87,161199.87
2026-01-01,C0075,R02,Enterprise,Enterprise Suite,161199.87,0,13982.34,0,0,175182.2,168191.04
2026-02-01,C0075,R02,Enterprise,Enterprise Suite,175182.2,0,0,0,0,175182.2,175182.2
2026-03-01,C0075,R02,Enterprise,Enterprise Suite,175182.2,0,0,0,0,175182.2,175182.2
2026-04-01,C0075,R02,Enterprise,Enterprise Suite,175182.2,0,0,0,0,175182.2,175182.2
2026-05-01,C0075,R02,Enterprise,Enterprise Suite,175182.2,0,0,0,0,175182.2,175182.2
2026-06-01,C0075,R02,Enterprise,Enterprise Suite,175182.2,0,0,0,175182.2,0,87591.1
2026-01-01,C0076,R02,Mid-Market,Business,0,16739.92,0,0,0,16739.92,8369.96
2026-02-01,C0076,R02,Mid-Market,Business,16739.92,0,0,0,0,16739.92,16739.92
2026-03-01,C0076,R02,Mid-Market,Business,16739.92,0,0,0,0,16739.92,16739.92
2026-04-01,C0076,R02,Mid-Market,Business,16739.92,0,0,0,0,16739.92,16739.92
2026-05-01,C0076,R02,Mid-Market,Business,16739.92,0,0,0,0,16739.92,16739.92
2026-06-01,C0076,R02,Mid-Market,Business,16739.92,0,0,0,0,16739.92,16739.92
2025-05-01,C0077,R04,Mid-Market,Business,0,15491.38,0,0,0,15491.38,7745.69
2025-06-01,C0077,R04,Mid-Market,Business,15491.38,0,0,0,0,15491.38,15491.38
2025-07-01,C0077,R04,Mid-Market,Business,15491.38,0,0,0,0,15491.38,15491.38
2025-08-01,C0077,R04,Mid-Market,Business,15491.38,0,0,0,0,15491.38,15491.38
2025-09-01,C0077,R04,Mid-Market,Business,15491.38,0,0,0,0,15491.38,15491.38
2025-10-01,C0077,R04,Mid-Market,Business,15491.38,0,0,0,0,15491.38,15491.38
2025-11-01,C0077,R04,Mid-Market,Business,15491.38,0,0,0,0,15491.38,15491.38
2025-12-01,C0077,R04,Mid-Market,Business,15491.38,0,0,0,0,15491.38,15491.38
2026-01-01,C0077,R04,Mid-Market,Business,15491.38,0,0,0,0,15491.38,15491.38
2026-02-01,C0077,R04,Mid-Market,Business,15491.38,0,0,0,0,15491.38,15491.38
2026-03-01,C0077,R04,Mid-Market,Business,15491.38,0,0,0,0,15491.38,15491.38
2026-04-01,C0077,R04,Mid-Market,Business,15491.38,0,0,0,0,15491.38,15491.38
2026-05-01,C0077,R04,Mid-Market,Business,15491.38,0,464.74,440.27,0,15515.85,15503.62
2026-06-01,C0077,R04,Mid-Market,Business,15515.85,0,0,0,0,15515.85,15515.85
2025-08-01,C0078,R01,Mid-Market,Business,0,10184.27,0,0,0,10184.27,5092.14
2025-09-01,C0078,R01,Mid-Market,Business,10184.27,0,0,0,0,10184.27,10184.27
2025-10-01,C0078,R01,Mid-Market,Business,10184.27,0,0,0,0,10184.27,10184.27
2025-11-01,C0078,R01,Mid-Market,Business,10184.27,0,0,0,0,10184.27,10184.27
2025-12-01,C0078,R01,Mid-Market,Business,10184.27,0,0,0,0,10184.27,10184.27
2026-01-01,C0078,R01,Mid-Market,Business,10184.27,0,0,0,0,10184.27,10184.27
2026-02-01,C0078,R01,Mid-Market,Business,10184.27,0,0,0,0,10184.27,10184.27
2026-03-01,C0078,R01,Mid-Market,Business,10184.27,0,0,0,0,10184.27,10184.27
2026-04-01,C0078,R01,Mid-Market,Business,10184.27,0,0,0,0,10184.27,10184.27
2026-05-01,C0078,R01,Mid-Market,Business,10184.27,0,0,0,0,10184.27,10184.27
2026-06-01,C0078,R01,Mid-Market,Business,10184.27,0,0,0,0,10184.27,10184.27
2023-01-01,C0079,R02,SMB,Core,2307.13,0,0,0,0,2307.13,2307.13
2023-02-01,C0079,R02,SMB,Core,2307.13,0,0,0,0,2307.13,2307.13
2023-03-01,C0079,R02,SMB,Core,2307.13,0,0,0,0,2307.13,2307.13
2023-04-01,C0079,R02,SMB,Core,2307.13,0,0,0,0,2307.13,2307.13
2023-05-01,C0079,R02,SMB,Core,2307.13,0,103.82,0,2410.95,0,1153.57
2023-01-01,C0080,R03,Enterprise,Enterprise Suite,74514.49,0,0,0,0,74514.49,74514.49
2023-02-01,C0080,R03,Enterprise,Enterprise Suite,74514.49,0,0,0,0,74514.49,74514.49
2023-03-01,C0080,R03,Enterprise,Enterprise Suite,74514.49,0,0,0,0,74514.49,74514.49
2023-04-01,C0080,R03,Enterprise,Enterprise Suite,74514.49,0,0,0,0,74514.49,74514.49
2023-05-01,C0080,R03,Enterprise,Enterprise Suite,74514.49,0,0,0,0,74514.49,74514.49
2023-06-01,C0080,R03,Enterprise,Enterprise Suite,74514.49,0,0,0,0,74514.49,74514.49
2023-07-01,C0080,R03,Enterprise,Enterprise Suite,74514.49,0,6473.43,0,0,80987.92,77751.2
2023-08-01,C0080,R03,Enterprise,Enterprise Suite,80987.92,0,0,0,0,80987.92,80987.92
2023-09-01,C0080,R03,Enterprise,Enterprise Suite,80987.92,0,0,0,0,80987.92,80987.92
2023-10-01,C0080,R03,Enterprise,Enterprise Suite,80987.92,0,0,0,0,80987.92,80987.92
2023-11-01,C0080,R03,Enterprise,Enterprise Suite,80987.92,0,0,0,0,80987.92,80987.92
2023-12-01,C0080,R03,Enterprise,Enterprise Suite,80987.92,0,0,0,0,80987.92,80987.92
2024-01-01,C0080,R03,Enterprise,Enterprise Suite,80987.92,0,0,0,0,80987.92,80987.92
2024-02-01,C0080,R03,Enterprise,Enterprise Suite,80987.92,0,0,0,0,80987.92,80987.92
2024-03-01,C0080,R03,Enterprise,Enterprise Suite,80987.92,0,0,0,0,80987.92,80987.92
2024-04-01,C0080,R03,Enterprise,Enterprise Suite,80987.92,0,0,0,0,80987.92,80987.92
2024-05-01,C0080,R03,Enterprise,Enterprise Suite,80987.92,0,0,0,0,80987.92,80987.92
2024-06-01,C0080,R03,Enterprise,Enterprise Suite,80987.92,0,0,0,0,80987.92,80987.92
2024-07-01,C0080,R03,Enterprise,Enterprise Suite,80987.92,0,6881.79,0,0,87869.7,84428.81
2024-08-01,C0080,R03,Enterprise,Enterprise Suite,87869.7,0,0,0,0,87869.7,87869.7
2024-09-01,C0080,R03,Enterprise,Enterprise Suite,87869.7,0,0,0,0,87869.7,87869.7
2024-10-01,C0080,R03,Enterprise,Enterprise Suite,87869.7,0,0,0,0,87869.7,87869.7
2024-11-01,C0080,R03,Enterprise,Enterprise Suite,87869.7,0,0,0,0,87869.7,87869.7
2024-12-01,C0080,R03,Enterprise,Enterprise Suite,87869.7,0,0,0,0,87869.7,87869.7
2025-01-01,C0080,R03,Enterprise,Enterprise Suite,87869.7,0,0,0,0,87869.7,87869.7
2025-02-01,C0080,R03,Enterprise,Enterprise Suite,87869.7,0,0,0,0,87869.7,87869.7
2025-03-01,C0080,R03,Enterprise,Enterprise Suite,87869.7,0,0,0,0,87869.7,87869.7
2025-04-01,C0080,R03,Enterprise,Enterprise Suite,87869.7,0,0,0,0,87869.7,87869.7
2025-05-01,C0080,R03,Enterprise,Enterprise Suite,87869.7,0,0,0,0,87869.7,87869.7
2025-06-01,C0080,R03,Enterprise,Enterprise Suite,87869.7,0,0,0,0,87869.7,87869.7
2025-07-01,C0080,R03,Enterprise,Enterprise Suite,87869.7,0,11335.68,0,0,99205.38,93537.54
2025-08-01,C0080,R03,Enterprise,Enterprise Suite,99205.38,0,0,0,0,99205.38,99205.38
2025-09-01,C0080,R03,Enterprise,Enterprise Suite,99205.38,0,0,0,0,99205.38,99205.38
2025-10-01,C0080,R03,Enterprise,Enterprise Suite,99205.38,0,0,0,0,99205.38,99205.38
2025-11-01,C0080,R03,Enterprise,Enterprise Suite,99205.38,0,0,0,0,99205.38,99205.38
2025-12-01,C0080,R03,Enterprise,Enterprise Suite,99205.38,0,0,0,0,99205.38,99205.38
2026-01-01,C0080,R03,Enterprise,Enterprise Suite,99205.38,0,0,0,0,99205.38,99205.38
2026-02-01,C0080,R03,Enterprise,Enterprise Suite,99205.38,0,0,0,0,99205.38,99205.38
2026-03-01,C0080,R03,Enterprise,Enterprise Suite,99205.38,0,0,0,0,99205.38,99205.38
2026-04-01,C0080,R03,Enterprise,Enterprise Suite,99205.38,0,0,0,0,99205.38,99205.38
2026-05-01,C0080,R03,Enterprise,Enterprise Suite,99205.38,0,0,0,0,99205.38,99205.38
2026-06-01,C0080,R03,Enterprise,Enterprise Suite,99205.38,0,0,0,0,99205.38,99205.38
2023-07-01,C0081,R01,SMB,Core,0,4692.86,0,0,0,4692.86,2346.43
2023-08-01,C0081,R01,SMB,Core,4692.86,0,0,0,0,4692.86,4692.86
2023-09-01,C0081,R01,SMB,Core,4692.86,0,0,0,0,4692.86,4692.86
2023-10-01,C0081,R01,SMB,Core,4692.86,0,0,0,0,4692.86,4692.86
2023-11-01,C0081,R01,SMB,Core,4692.86,0,0,0,0,4692.86,4692.86
2023-12-01,C0081,R01,SMB,Core,4692.86,0,0,0,0,4692.86,4692.86
2024-01-01,C0081,R01,SMB,Core,4692.86,0,0,0,0,4692.86,4692.86
2024-02-01,C0081,R01,SMB,Core,4692.86,0,0,0,0,4692.86,4692.86
2024-03-01,C0081,R01,SMB,Core,4692.86,0,0,0,0,4692.86,4692.86
2024-04-01,C0081,R01,SMB,Core,4692.86,0,0,0,0,4692.86,4692.86
2024-05-01,C0081,R01,SMB,Core,4692.86,0,0,0,0,4692.86,4692.86
2024-06-01,C0081,R01,SMB,Core,4692.86,0,0,0,0,4692.86,4692.86
2024-07-01,C0081,R01,SMB,Core,4692.86,0,140.79,0,4833.65,0,2346.43
2023-01-01,C0082,R01,SMB,Core,4454.09,0,0,0,0,4454.09,4454.09
2023-02-01,C0082,R01,SMB,Core,4454.09,0,0,0,0,4454.09,4454.09
2023-03-01,C0082,R01,SMB,Core,4454.09,0,133.62,0,0,4587.71,4520.9
2023-04-01,C0082,R01,SMB,Core,4587.71,0,0,0,0,4587.71,4587.71
2023-05-01,C0082,R01,SMB,Core,4587.71,0,0,0,0,4587.71,4587.71
2023-06-01,C0082,R01,SMB,Core,4587.71,0,0,0,0,4587.71,4587.71
2023-07-01,C0082,R01,SMB,Core,4587.71,0,0,0,0,4587.71,4587.71
2023-08-01,C0082,R01,SMB,Core,4587.71,0,0,0,0,4587.71,4587.71
2023-09-01,C0082,R01,SMB,Core,4587.71,0,0,0,0,4587.71,4587.71
2023-10-01,C0082,R01,SMB,Core,4587.71,0,0,0,0,4587.71,4587.71
2023-11-01,C0082,R01,SMB,Core,4587.71,0,0,0,0,4587.71,4587.71
2023-12-01,C0082,R01,SMB,Core,4587.71,0,0,0,0,4587.71,4587.71
2024-01-01,C0082,R01,SMB,Core,4587.71,0,0,0,0,4587.71,4587.71
2024-02-01,C0082,R01,SMB,Core,4587.71,0,0,0,0,4587.71,4587.71
2024-03-01,C0082,R01,SMB,Core,4587.71,0,511.36,0,0,5099.07,4843.39
2024-04-01,C0082,R01,SMB,Core,5099.07,0,0,0,0,5099.07,5099.07
2024-05-01,C0082,R01,SMB,Core,5099.07,0,0,0,0,5099.07,5099.07
2024-06-01,C0082,R01,SMB,Core,5099.07,0,0,0,0,5099.07,5099.07
2024-07-01,C0082,R01,SMB,Core,5099.07,0,0,0,0,5099.07,5099.07
2024-08-01,C0082,R01,SMB,Core,5099.07,0,0,0,0,5099.07,5099.07
2024-09-01,C0082,R01,SMB,Core,5099.07,0,0,0,0,5099.07,5099.07
2024-10-01,C0082,R01,SMB,Core,5099.07,0,0,0,0,5099.07,5099.07
2024-11-01,C0082,R01,SMB,Core,5099.07,0,0,0,0,5099.07,5099.07
2024-12-01,C0082,R01,SMB,Core,5099.07,0,0,0,0,5099.07,5099.07
2025-01-01,C0082,R01,SMB,Core,5099.07,0,0,0,0,5099.07,5099.07
2025-02-01,C0082,R01,SMB,Core,5099.07,0,0,0,0,5099.07,5099.07
2025-03-01,C0082,R01,SMB,Core,5099.07,0,152.97,0,0,5252.04,5175.55
2025-04-01,C0082,R01,SMB,Core,5252.04,0,0,0,0,5252.04,5252.04
2025-05-01,C0082,R01,SMB,Core,5252.04,0,0,0,0,5252.04,5252.04
2025-06-01,C0082,R01,SMB,Core,5252.04,0,0,0,0,5252.04,5252.04
2025-07-01,C0082,R01,SMB,Core,5252.04,0,0,0,0,5252.04,5252.04
2025-08-01,C0082,R01,SMB,Core,5252.04,0,0,0,0,5252.04,5252.04
2025-09-01,C0082,R01,SMB,Core,5252.04,0,0,0,0,5252.04,5252.04
2025-10-01,C0082,R01,SMB,Core,5252.04,0,0,0,0,5252.04,5252.04
2025-11-01,C0082,R01,SMB,Core,5252.04,0,0,0,0,5252.04,5252.04
2025-12-01,C0082,R01,SMB,Core,5252.04,0,0,0,0,5252.04,5252.04
2026-01-01,C0082,R01,SMB,Core,5252.04,0,0,0,0,5252.04,5252.04
2026-02-01,C0082,R01,SMB,Core,5252.04,0,0,0,0,5252.04,5252.04
2026-03-01,C0082,R01,SMB,Core,5252.04,0,157.56,0,0,5409.6,5330.82
2026-04-01,C0082,R01,SMB,Core,5409.6,0,0,0,0,5409.6,5409.6
2026-05-01,C0082,R01,SMB,Core,5409.6,0,0,0,0,5409.6,5409.6
2026-06-01,C0082,R01,SMB,Core,5409.6,0,0,0,0,5409.6,5409.6
2023-01-01,C0083,R03,SMB,Core,3830.27,0,0,0,0,3830.27,3830.27
2023-02-01,C0083,R03,SMB,Core,3830.27,0,0,0,0,3830.27,3830.27
2023-03-01,C0083,R03,SMB,Core,3830.27,0,0,0,0,3830.27,3830.27
2023-04-01,C0083,R03,SMB,Core,3830.27,0,0,0,0,3830.27,3830.27
2023-05-01,C0083,R03,SMB,Core,3830.27,0,0,0,0,3830.27,3830.27
2023-06-01,C0083,R03,SMB,Core,3830.27,0,0,0,0,3830.27,3830.27
2023-07-01,C0083,R03,SMB,Core,3830.27,0,0,0,0,3830.27,3830.27
2023-08-01,C0083,R03,SMB,Core,3830.27,0,0,0,0,3830.27,3830.27
2023-09-01,C0083,R03,SMB,Core,3830.27,0,0,0,0,3830.27,3830.27
2023-10-01,C0083,R03,SMB,Core,3830.27,0,114.91,0,0,3945.18,3887.73
2023-11-01,C0083,R03,SMB,Core,3945.18,0,0,0,0,3945.18,3945.18
2023-12-01,C0083,R03,SMB,Core,3945.18,0,0,0,0,3945.18,3945.18
2024-01-01,C0083,R03,SMB,Core,3945.18,0,0,0,0,3945.18,3945.18
2024-02-01,C0083,R03,SMB,Core,3945.18,0,0,0,0,3945.18,3945.18
2024-03-01,C0083,R03,SMB,Core,3945.18,0,0,0,0,3945.18,3945.18
2024-04-01,C0083,R03,SMB,Core,3945.18,0,0,0,0,3945.18,3945.18
2024-05-01,C0083,R03,SMB,Core,3945.18,0,0,0,0,3945.18,3945.18
2024-06-01,C0083,R03,SMB,Core,3945.18,0,0,0,0,3945.18,3945.18
2024-07-01,C0083,R03,SMB,Core,3945.18,0,0,0,0,3945.18,3945.18
2024-08-01,C0083,R03,SMB,Core,3945.18,0,0,0,0,3945.18,3945.18
2024-09-01,C0083,R03,SMB,Core,3945.18,0,0,0,0,3945.18,3945.18
2024-10-01,C0083,R03,SMB,Core,3945.18,0,118.36,0,0,4063.54,4004.36
2024-11-01,C0083,R03,SMB,Core,4063.54,0,0,0,0,4063.54,4063.54
2024-12-01,C0083,R03,SMB,Core,4063.54,0,0,0,0,4063.54,4063.54
2025-01-01,C0083,R03,SMB,Core,4063.54,0,0,0,0,4063.54,4063.54
2025-02-01,C0083,R03,SMB,Core,4063.54,0,0,0,0,4063.54,4063.54
2025-03-01,C0083,R03,SMB,Core,4063.54,0,0,0,0,4063.54,4063.54
2025-04-01,C0083,R03,SMB,Core,4063.54,0,0,0,0,4063.54,4063.54
2025-05-01,C0083,R03,SMB,Core,4063.54,0,0,0,0,4063.54,4063.54
2025-06-01,C0083,R03,SMB,Core,4063.54,0,0,0,0,4063.54,4063.54
2025-07-01,C0083,R03,SMB,Core,4063.54,0,0,0,0,4063.54,4063.54
2025-08-01,C0083,R03,SMB,Core,4063.54,0,0,0,0,4063.54,4063.54
2025-09-01,C0083,R03,SMB,Core,4063.54,0,0,0,0,4063.54,4063.54
2025-10-01,C0083,R03,SMB,Core,4063.54,0,273.22,0,0,4336.75,4200.15
2025-11-01,C0083,R03,SMB,Core,4336.75,0,0,0,0,4336.75,4336.75
2025-12-01,C0083,R03,SMB,Core,4336.75,0,0,0,0,4336.75,4336.75
2026-01-01,C0083,R03,SMB,Core,4336.75,0,0,0,0,4336.75,4336.75
2026-02-01,C0083,R03,SMB,Core,4336.75,0,0,0,0,4336.75,4336.75
2026-03-01,C0083,R03,SMB,Core,4336.75,0,0,0,0,4336.75,4336.75
2026-04-01,C0083,R03,SMB,Core,4336.75,0,0,0,0,4336.75,4336.75
2026-05-01,C0083,R03,SMB,Core,4336.75,0,0,0,0,4336.75,4336.75
2026-06-01,C0083,R03,SMB,Core,4336.75,0,0,0,0,4336.75,4336.75
2023-01-01,C0084,R02,SMB,Core,3037.73,0,0,0,0,3037.73,3037.73
2023-02-01,C0084,R02,SMB,Core,3037.73,0,0,0,0,3037.73,3037.73
2023-03-01,C0084,R02,SMB,Core,3037.73,0,0,0,0,3037.73,3037.73
2023-04-01,C0084,R02,SMB,Core,3037.73,0,0,0,0,3037.73,3037.73
2023-05-01,C0084,R02,SMB,Core,3037.73,0,0,0,0,3037.73,3037.73
2023-06-01,C0084,R02,SMB,Core,3037.73,0,0,0,0,3037.73,3037.73
2023-07-01,C0084,R02,SMB,Core,3037.73,0,136.7,0,0,3174.43,3106.08
2023-08-01,C0084,R02,SMB,Core,3174.43,0,0,0,0,3174.43,3174.43
2023-09-01,C0084,R02,SMB,Core,3174.43,0,0,0,0,3174.43,3174.43
2023-10-01,C0084,R02,SMB,Core,3174.43,0,0,0,0,3174.43,3174.43
2023-11-01,C0084,R02,SMB,Core,3174.43,0,0,0,0,3174.43,3174.43
2023-12-01,C0084,R02,SMB,Core,3174.43,0,0,0,0,3174.43,3174.43
2024-01-01,C0084,R02,SMB,Core,3174.43,0,0,0,0,3174.43,3174.43
2024-02-01,C0084,R02,SMB,Core,3174.43,0,0,0,0,3174.43,3174.43
2024-03-01,C0084,R02,SMB,Core,3174.43,0,0,0,0,3174.43,3174.43
2024-04-01,C0084,R02,SMB,Core,3174.43,0,0,0,0,3174.43,3174.43
2024-05-01,C0084,R02,SMB,Core,3174.43,0,0,0,0,3174.43,3174.43
2024-06-01,C0084,R02,SMB,Core,3174.43,0,0,0,0,3174.43,3174.43
2024-07-01,C0084,R02,SMB,Core,3174.43,0,95.23,174.34,0,3095.33,3134.88
2024-08-01,C0084,R02,SMB,Core,3095.33,0,0,0,0,3095.33,3095.33
2024-09-01,C0084,R02,SMB,Core,3095.33,0,0,0,0,3095.33,3095.33
2024-10-01,C0084,R02,SMB,Core,3095.33,0,0,0,0,3095.33,3095.33
2024-11-01,C0084,R02,SMB,Core,3095.33,0,0,0,0,3095.33,3095.33
2024-12-01,C0084,R02,SMB,Core,3095.33,0,0,0,0,3095.33,3095.33
2025-01-01,C0084,R02,SMB,Core,3095.33,0,0,0,0,3095.33,3095.33
2025-02-01,C0084,R02,SMB,Core,3095.33,0,0,0,0,3095.33,3095.33
2025-03-01,C0084,R02,SMB,Core,3095.33,0,0,0,0,3095.33,3095.33
2025-04-01,C0084,R02,SMB,Core,3095.33,0,0,0,0,3095.33,3095.33
2025-05-01,C0084,R02,SMB,Core,3095.33,0,0,0,0,3095.33,3095.33
2025-06-01,C0084,R02,SMB,Core,3095.33,0,0,0,0,3095.33,3095.33
2025-07-01,C0084,R02,SMB,Core,3095.33,0,92.86,0,0,3188.19,3141.76
2025-08-01,C0084,R02,SMB,Core,3188.19,0,0,0,0,3188.19,3188.19
2025-09-01,C0084,R02,SMB,Core,3188.19,0,0,0,0,3188.19,3188.19
2025-10-01,C0084,R02,SMB,Core,3188.19,0,0,0,0,3188.19,3188.19
2025-11-01,C0084,R02,SMB,Core,3188.19,0,0,0,0,3188.19,3188.19
2025-12-01,C0084,R02,SMB,Core,3188.19,0,0,0,0,3188.19,3188.19
2026-01-01,C0084,R02,SMB,Core,3188.19,0,0,0,0,3188.19,3188.19
2026-02-01,C0084,R02,SMB,Core,3188.19,0,0,0,0,3188.19,3188.19
2026-03-01,C0084,R02,SMB,Core,3188.19,0,0,0,0,3188.19,3188.19
2026-04-01,C0084,R02,SMB,Core,3188.19,0,0,0,0,3188.19,3188.19
2026-05-01,C0084,R02,SMB,Core,3188.19,0,0,0,0,3188.19,3188.19
2026-06-01,C0084,R02,SMB,Core,3188.19,0,0,0,0,3188.19,3188.19
2025-09-01,C0085,R02,Mid-Market,Business,0,36032.43,0,0,0,36032.43,18016.21
2025-10-01,C0085,R02,Mid-Market,Business,36032.43,0,0,0,0,36032.43,36032.43
2025-11-01,C0085,R02,Mid-Market,Business,36032.43,0,0,0,0,36032.43,36032.43
2025-12-01,C0085,R02,Mid-Market,Business,36032.43,0,0,0,0,36032.43,36032.43
2026-01-01,C0085,R02,Mid-Market,Business,36032.43,0,0,0,0,36032.43,36032.43
2026-02-01,C0085,R02,Mid-Market,Business,36032.43,0,0,0,0,36032.43,36032.43
2026-03-01,C0085,R02,Mid-Market,Business,36032.43,0,0,0,0,36032.43,36032.43
2026-04-01,C0085,R02,Mid-Market,Business,36032.43,0,0,0,0,36032.43,36032.43
2026-05-01,C0085,R02,Mid-Market,Business,36032.43,0,0,0,0,36032.43,36032.43
2026-06-01,C0085,R02,Mid-Market,Business,36032.43,0,0,0,0,36032.43,36032.43
2023-01-01,C0086,R03,Mid-Market,Business,14659.18,0,439.78,0,0,15098.96,14879.07
2023-02-01,C0086,R03,Mid-Market,Business,15098.96,0,0,0,0,15098.96,15098.96
2023-03-01,C0086,R03,Mid-Market,Business,15098.96,0,0,0,0,15098.96,15098.96
2023-04-01,C0086,R03,Mid-Market,Business,15098.96,0,0,0,0,15098.96,15098.96
2023-05-01,C0086,R03,Mid-Market,Business,15098.96,0,0,0,0,15098.96,15098.96
2023-06-01,C0086,R03,Mid-Market,Business,15098.96,0,0,0,0,15098.96,15098.96
2023-07-01,C0086,R03,Mid-Market,Business,15098.96,0,0,0,0,15098.96,15098.96
2023-08-01,C0086,R03,Mid-Market,Business,15098.96,0,0,0,0,15098.96,15098.96
2023-09-01,C0086,R03,Mid-Market,Business,15098.96,0,0,0,0,15098.96,15098.96
2023-10-01,C0086,R03,Mid-Market,Business,15098.96,0,0,0,0,15098.96,15098.96
2023-11-01,C0086,R03,Mid-Market,Business,15098.96,0,0,0,0,15098.96,15098.96
2023-12-01,C0086,R03,Mid-Market,Business,15098.96,0,0,0,0,15098.96,15098.96
2024-01-01,C0086,R03,Mid-Market,Business,15098.96,0,452.97,0,0,15551.93,15325.44
2024-02-01,C0086,R03,Mid-Market,Business,15551.93,0,0,0,0,15551.93,15551.93
2024-03-01,C0086,R03,Mid-Market,Business,15551.93,0,0,0,0,15551.93,15551.93
2024-04-01,C0086,R03,Mid-Market,Business,15551.93,0,0,0,0,15551.93,15551.93
2024-05-01,C0086,R03,Mid-Market,Business,15551.93,0,0,0,0,15551.93,15551.93
2024-06-01,C0086,R03,Mid-Market,Business,15551.93,0,0,0,0,15551.93,15551.93
2024-07-01,C0086,R03,Mid-Market,Business,15551.93,0,0,0,0,15551.93,15551.93
2024-08-01,C0086,R03,Mid-Market,Business,15551.93,0,0,0,0,15551.93,15551.93
2024-09-01,C0086,R03,Mid-Market,Business,15551.93,0,0,0,0,15551.93,15551.93
2024-10-01,C0086,R03,Mid-Market,Business,15551.93,0,0,0,0,15551.93,15551.93
2024-11-01,C0086,R03,Mid-Market,Business,15551.93,0,0,0,0,15551.93,15551.93
2024-12-01,C0086,R03,Mid-Market,Business,15551.93,0,0,0,0,15551.93,15551.93
2025-01-01,C0086,R03,Mid-Market,Business,15551.93,0,864.92,0,0,16416.85,15984.39
2025-02-01,C0086,R03,Mid-Market,Business,16416.85,0,0,0,0,16416.85,16416.85
2025-03-01,C0086,R03,Mid-Market,Business,16416.85,0,0,0,0,16416.85,16416.85
2025-04-01,C0086,R03,Mid-Market,Business,16416.85,0,0,0,0,16416.85,16416.85
2025-05-01,C0086,R03,Mid-Market,Business,16416.85,0,0,0,0,16416.85,16416.85
2025-06-01,C0086,R03,Mid-Market,Business,16416.85,0,0,0,0,16416.85,16416.85
2025-07-01,C0086,R03,Mid-Market,Business,16416.85,0,0,0,0,16416.85,16416.85
2025-08-01,C0086,R03,Mid-Market,Business,16416.85,0,0,0,0,16416.85,16416.85
2025-09-01,C0086,R03,Mid-Market,Business,16416.85,0,0,0,0,16416.85,16416.85
2025-10-01,C0086,R03,Mid-Market,Business,16416.85,0,0,0,0,16416.85,16416.85
2025-11-01,C0086,R03,Mid-Market,Business,16416.85,0,0,0,0,16416.85,16416.85
2025-12-01,C0086,R03,Mid-Market,Business,16416.85,0,0,0,0,16416.85,16416.85
2026-01-01,C0086,R03,Mid-Market,Business,16416.85,0,492.51,0,0,16909.36,16663.1
2026-02-01,C0086,R03,Mid-Market,Business,16909.36,0,0,0,0,16909.36,16909.36
2026-03-01,C0086,R03,Mid-Market,Business,16909.36,0,0,0,0,16909.36,16909.36
2026-04-01,C0086,R03,Mid-Market,Business,16909.36,0,0,0,0,16909.36,16909.36
2026-05-01,C0086,R03,Mid-Market,Business,16909.36,0,0,0,0,16909.36,16909.36
2026-06-01,C0086,R03,Mid-Market,Business,16909.36,0,0,0,0,16909.36,16909.36
2023-01-01,C0087,R02,Mid-Market,Business,12387.75,0,0,0,0,12387.75,12387.75
2023-02-01,C0087,R02,Mid-Market,Business,12387.75,0,0,0,0,12387.75,12387.75
2023-03-01,C0087,R02,Mid-Market,Business,12387.75,0,0,0,0,12387.75,12387.75
2023-04-01,C0087,R02,Mid-Market,Business,12387.75,0,0,0,0,12387.75,12387.75
2023-05-01,C0087,R02,Mid-Market,Business,12387.75,0,0,0,0,12387.75,12387.75
2023-06-01,C0087,R02,Mid-Market,Business,12387.75,0,0,0,0,12387.75,12387.75
2023-07-01,C0087,R02,Mid-Market,Business,12387.75,0,371.63,0,0,12759.38,12573.56
2023-08-01,C0087,R02,Mid-Market,Business,12759.38,0,0,0,0,12759.38,12759.38
2023-09-01,C0087,R02,Mid-Market,Business,12759.38,0,0,0,0,12759.38,12759.38
2023-10-01,C0087,R02,Mid-Market,Business,12759.38,0,0,0,0,12759.38,12759.38
2023-11-01,C0087,R02,Mid-Market,Business,12759.38,0,0,0,0,12759.38,12759.38
2023-12-01,C0087,R02,Mid-Market,Business,12759.38,0,0,0,0,12759.38,12759.38
2024-01-01,C0087,R02,Mid-Market,Business,12759.38,0,0,0,0,12759.38,12759.38
2024-02-01,C0087,R02,Mid-Market,Business,12759.38,0,0,0,0,12759.38,12759.38
2024-03-01,C0087,R02,Mid-Market,Business,12759.38,0,0,0,0,12759.38,12759.38
2024-04-01,C0087,R02,Mid-Market,Business,12759.38,0,0,0,0,12759.38,12759.38
2024-05-01,C0087,R02,Mid-Market,Business,12759.38,0,0,0,0,12759.38,12759.38
2024-06-01,C0087,R02,Mid-Market,Business,12759.38,0,0,0,0,12759.38,12759.38
2024-07-01,C0087,R02,Mid-Market,Business,12759.38,0,1006.31,0,0,13765.69,13262.53
2024-08-01,C0087,R02,Mid-Market,Business,13765.69,0,0,0,0,13765.69,13765.69
2024-09-01,C0087,R02,Mid-Market,Business,13765.69,0,0,0,0,13765.69,13765.69
2024-10-01,C0087,R02,Mid-Market,Business,13765.69,0,0,0,0,13765.69,13765.69
2024-11-01,C0087,R02,Mid-Market,Business,13765.69,0,0,0,0,13765.69,13765.69
2024-12-01,C0087,R02,Mid-Market,Business,13765.69,0,0,0,0,13765.69,13765.69
2025-01-01,C0087,R02,Mid-Market,Business,13765.69,0,0,0,0,13765.69,13765.69
2025-02-01,C0087,R02,Mid-Market,Business,13765.69,0,0,0,0,13765.69,13765.69
2025-03-01,C0087,R02,Mid-Market,Business,13765.69,0,0,0,0,13765.69,13765.69
2025-04-01,C0087,R02,Mid-Market,Business,13765.69,0,0,0,0,13765.69,13765.69
2025-05-01,C0087,R02,Mid-Market,Business,13765.69,0,0,0,0,13765.69,13765.69
2025-06-01,C0087,R02,Mid-Market,Business,13765.69,0,0,0,0,13765.69,13765.69
2025-07-01,C0087,R02,Mid-Market,Business,13765.69,0,1623.04,451.54,0,14937.18,14351.43
2025-08-01,C0087,R02,Mid-Market,Business,14937.18,0,0,0,0,14937.18,14937.18
2025-09-01,C0087,R02,Mid-Market,Business,14937.18,0,0,0,0,14937.18,14937.18
2025-10-01,C0087,R02,Mid-Market,Business,14937.18,0,0,0,0,14937.18,14937.18
2025-11-01,C0087,R02,Mid-Market,Business,14937.18,0,0,0,0,14937.18,14937.18
2025-12-01,C0087,R02,Mid-Market,Business,14937.18,0,0,0,0,14937.18,14937.18
2026-01-01,C0087,R02,Mid-Market,Business,14937.18,0,0,0,0,14937.18,14937.18
2026-02-01,C0087,R02,Mid-Market,Business,14937.18,0,0,0,0,14937.18,14937.18
2026-03-01,C0087,R02,Mid-Market,Business,14937.18,0,0,0,0,14937.18,14937.18
2026-04-01,C0087,R02,Mid-Market,Business,14937.18,0,0,0,0,14937.18,14937.18
2026-05-01,C0087,R02,Mid-Market,Business,14937.18,0,0,0,0,14937.18,14937.18
2026-06-01,C0087,R02,Mid-Market,Business,14937.18,0,0,0,0,14937.18,14937.18
2023-01-01,C0088,R02,Enterprise,Enterprise Suite,103495.99,0,0,0,0,103495.99,103495.99
2023-02-01,C0088,R02,Enterprise,Enterprise Suite,103495.99,0,0,0,0,103495.99,103495.99
2023-03-01,C0088,R02,Enterprise,Enterprise Suite,103495.99,0,0,0,0,103495.99,103495.99
2023-04-01,C0088,R02,Enterprise,Enterprise Suite,103495.99,0,0,0,0,103495.99,103495.99
2023-05-01,C0088,R02,Enterprise,Enterprise Suite,103495.99,0,0,0,0,103495.99,103495.99
2023-06-01,C0088,R02,Enterprise,Enterprise Suite,103495.99,0,0,0,0,103495.99,103495.99
2023-07-01,C0088,R02,Enterprise,Enterprise Suite,103495.99,0,0,0,0,103495.99,103495.99
2023-08-01,C0088,R02,Enterprise,Enterprise Suite,103495.99,0,7364.27,0,0,110860.26,107178.13
2023-09-01,C0088,R02,Enterprise,Enterprise Suite,110860.26,0,0,0,0,110860.26,110860.26
2023-10-01,C0088,R02,Enterprise,Enterprise Suite,110860.26,0,0,0,0,110860.26,110860.26
2023-11-01,C0088,R02,Enterprise,Enterprise Suite,110860.26,0,0,0,0,110860.26,110860.26
2023-12-01,C0088,R02,Enterprise,Enterprise Suite,110860.26,0,0,0,0,110860.26,110860.26
2024-01-01,C0088,R02,Enterprise,Enterprise Suite,110860.26,0,0,0,0,110860.26,110860.26
2024-02-01,C0088,R02,Enterprise,Enterprise Suite,110860.26,0,0,0,0,110860.26,110860.26
2024-03-01,C0088,R02,Enterprise,Enterprise Suite,110860.26,0,0,0,0,110860.26,110860.26
2024-04-01,C0088,R02,Enterprise,Enterprise Suite,110860.26,0,0,0,0,110860.26,110860.26
2024-05-01,C0088,R02,Enterprise,Enterprise Suite,110860.26,0,0,0,0,110860.26,110860.26
2024-06-01,C0088,R02,Enterprise,Enterprise Suite,110860.26,0,0,0,0,110860.26,110860.26
2024-07-01,C0088,R02,Enterprise,Enterprise Suite,110860.26,0,0,0,0,110860.26,110860.26
2024-08-01,C0088,R02,Enterprise,Enterprise Suite,110860.26,0,11610.77,0,0,122471.03,116665.65
2024-09-01,C0088,R02,Enterprise,Enterprise Suite,122471.03,0,0,0,0,122471.03,122471.03
2024-10-01,C0088,R02,Enterprise,Enterprise Suite,122471.03,0,0,0,0,122471.03,122471.03
2024-11-01,C0088,R02,Enterprise,Enterprise Suite,122471.03,0,0,0,0,122471.03,122471.03
2024-12-01,C0088,R02,Enterprise,Enterprise Suite,122471.03,0,0,0,0,122471.03,122471.03
2025-01-01,C0088,R02,Enterprise,Enterprise Suite,122471.03,0,0,0,0,122471.03,122471.03
2025-02-01,C0088,R02,Enterprise,Enterprise Suite,122471.03,0,0,0,0,122471.03,122471.03
2025-03-01,C0088,R02,Enterprise,Enterprise Suite,122471.03,0,0,0,0,122471.03,122471.03
2025-04-01,C0088,R02,Enterprise,Enterprise Suite,122471.03,0,0,0,0,122471.03,122471.03
2025-05-01,C0088,R02,Enterprise,Enterprise Suite,122471.03,0,0,0,0,122471.03,122471.03
2025-06-01,C0088,R02,Enterprise,Enterprise Suite,122471.03,0,0,0,0,122471.03,122471.03
2025-07-01,C0088,R02,Enterprise,Enterprise Suite,122471.03,0,0,0,0,122471.03,122471.03
2025-08-01,C0088,R02,Enterprise,Enterprise Suite,122471.03,0,17657.13,0,0,140128.16,131299.6
2025-09-01,C0088,R02,Enterprise,Enterprise Suite,140128.16,0,0,0,0,140128.16,140128.16
2025-10-01,C0088,R02,Enterprise,Enterprise Suite,140128.16,0,0,0,0,140128.16,140128.16
2025-11-01,C0088,R02,Enterprise,Enterprise Suite,140128.16,0,0,0,0,140128.16,140128.16
2025-12-01,C0088,R02,Enterprise,Enterprise Suite,140128.16,0,0,0,0,140128.16,140128.16
2026-01-01,C0088,R02,Enterprise,Enterprise Suite,140128.16,0,0,0,0,140128.16,140128.16
2026-02-01,C0088,R02,Enterprise,Enterprise Suite,140128.16,0,0,0,0,140128.16,140128.16
2026-03-01,C0088,R02,Enterprise,Enterprise Suite,140128.16,0,0,0,0,140128.16,140128.16
2026-04-01,C0088,R02,Enterprise,Enterprise Suite,140128.16,0,0,0,0,140128.16,140128.16
2026-05-01,C0088,R02,Enterprise,Enterprise Suite,140128.16,0,0,0,0,140128.16,140128.16
2026-06-01,C0088,R02,Enterprise,Enterprise Suite,140128.16,0,0,0,0,140128.16,140128.16
2024-12-01,C0089,R01,Mid-Market,Business,0,9588.66,0,0,0,9588.66,4794.33
2025-01-01,C0089,R01,Mid-Market,Business,9588.66,0,0,0,0,9588.66,9588.66
2025-02-01,C0089,R01,Mid-Market,Business,9588.66,0,0,0,0,9588.66,9588.66
2025-03-01,C0089,R01,Mid-Market,Business,9588.66,0,0,0,0,9588.66,9588.66
2025-04-01,C0089,R01,Mid-Market,Business,9588.66,0,0,0,0,9588.66,9588.66
2025-05-01,C0089,R01,Mid-Market,Business,9588.66,0,0,0,0,9588.66,9588.66
2025-06-01,C0089,R01,Mid-Market,Business,9588.66,0,0,0,0,9588.66,9588.66
2025-07-01,C0089,R01,Mid-Market,Business,9588.66,0,0,0,0,9588.66,9588.66
2025-08-01,C0089,R01,Mid-Market,Business,9588.66,0,0,0,0,9588.66,9588.66
2025-09-01,C0089,R01,Mid-Market,Business,9588.66,0,0,0,0,9588.66,9588.66
2025-10-01,C0089,R01,Mid-Market,Business,9588.66,0,0,0,0,9588.66,9588.66
2025-11-01,C0089,R01,Mid-Market,Business,9588.66,0,0,0,0,9588.66,9588.66
2025-12-01,C0089,R01,Mid-Market,Business,9588.66,0,287.66,0,0,9876.32,9732.49
2026-01-01,C0089,R01,Mid-Market,Business,9876.32,0,0,0,0,9876.32,9876.32
2026-02-01,C0089,R01,Mid-Market,Business,9876.32,0,0,0,0,9876.32,9876.32
2026-03-01,C0089,R01,Mid-Market,Business,9876.32,0,0,0,0,9876.32,9876.32
2026-04-01,C0089,R01,Mid-Market,Business,9876.32,0,0,0,0,9876.32,9876.32
2026-05-01,C0089,R01,Mid-Market,Business,9876.32,0,0,0,0,9876.32,9876.32
2026-06-01,C0089,R01,Mid-Market,Business,9876.32,0,0,0,0,9876.32,9876.32
2026-05-01,C0090,R03,Mid-Market,Business,0,16752.71,0,0,0,16752.71,8376.35
2026-06-01,C0090,R03,Mid-Market,Business,16752.71,0,0,0,0,16752.71,16752.71
2026-05-01,C0091,R02,Enterprise,Enterprise Suite,0,57040.15,0,0,0,57040.15,28520.08
2026-06-01,C0091,R02,Enterprise,Enterprise Suite,57040.15,0,0,0,0,57040.15,57040.15
2026-04-01,C0092,R04,Mid-Market,Business,0,13298.07,0,0,0,13298.07,6649.03
2026-05-01,C0092,R04,Mid-Market,Business,13298.07,0,0,0,0,13298.07,13298.07
2026-06-01,C0092,R04,Mid-Market,Business,13298.07,0,0,0,0,13298.07,13298.07
2025-06-01,C0093,R04,Enterprise,Enterprise Suite,0,33257.3,0,0,0,33257.3,16628.65
2025-07-01,C0093,R04,Enterprise,Enterprise Suite,33257.3,0,0,0,0,33257.3,33257.3
2025-08-01,C0093,R04,Enterprise,Enterprise Suite,33257.3,0,0,0,0,33257.3,33257.3
2025-09-01,C0093,R04,Enterprise,Enterprise Suite,33257.3,0,0,0,0,33257.3,33257.3
2025-10-01,C0093,R04,Enterprise,Enterprise Suite,33257.3,0,0,0,0,33257.3,33257.3
2025-11-01,C0093,R04,Enterprise,Enterprise Suite,33257.3,0,0,0,0,33257.3,33257.3
2025-12-01,C0093,R04,Enterprise,Enterprise Suite,33257.3,0,0,0,0,33257.3,33257.3
2026-01-01,C0093,R04,Enterprise,Enterprise Suite,33257.3,0,0,0,0,33257.3,33257.3
2026-02-01,C0093,R04,Enterprise,Enterprise Suite,33257.3,0,0,0,0,33257.3,33257.3
2026-03-01,C0093,R04,Enterprise,Enterprise Suite,33257.3,0,0,0,0,33257.3,33257.3
2026-04-01,C0093,R04,Enterprise,Enterprise Suite,33257.3,0,0,0,0,33257.3,33257.3
2026-05-01,C0093,R04,Enterprise,Enterprise Suite,33257.3,0,0,0,0,33257.3,33257.3
2026-06-01,C0093,R04,Enterprise,Enterprise Suite,33257.3,0,3717.35,0,0,36974.64,35115.97
2024-11-01,C0094,R01,Enterprise,Enterprise Suite,0,40087.13,0,0,0,40087.13,20043.56
2024-12-01,C0094,R01,Enterprise,Enterprise Suite,40087.13,0,0,0,0,40087.13,40087.13
2025-01-01,C0094,R01,Enterprise,Enterprise Suite,40087.13,0,0,0,0,40087.13,40087.13
2025-02-01,C0094,R01,Enterprise,Enterprise Suite,40087.13,0,0,0,0,40087.13,40087.13
2025-03-01,C0094,R01,Enterprise,Enterprise Suite,40087.13,0,0,0,0,40087.13,40087.13
2025-04-01,C0094,R01,Enterprise,Enterprise Suite,40087.13,0,0,0,0,40087.13,40087.13
2025-05-01,C0094,R01,Enterprise,Enterprise Suite,40087.13,0,0,0,0,40087.13,40087.13
2025-06-01,C0094,R01,Enterprise,Enterprise Suite,40087.13,0,0,0,0,40087.13,40087.13
2025-07-01,C0094,R01,Enterprise,Enterprise Suite,40087.13,0,0,0,0,40087.13,40087.13
2025-08-01,C0094,R01,Enterprise,Enterprise Suite,40087.13,0,0,0,0,40087.13,40087.13
2025-09-01,C0094,R01,Enterprise,Enterprise Suite,40087.13,0,0,0,0,40087.13,40087.13
2025-10-01,C0094,R01,Enterprise,Enterprise Suite,40087.13,0,0,0,0,40087.13,40087.13
2025-11-01,C0094,R01,Enterprise,Enterprise Suite,40087.13,0,3732.73,0,0,43819.86,41953.49
2025-12-01,C0094,R01,Enterprise,Enterprise Suite,43819.86,0,0,0,0,43819.86,43819.86
2026-01-01,C0094,R01,Enterprise,Enterprise Suite,43819.86,0,0,0,0,43819.86,43819.86
2026-02-01,C0094,R01,Enterprise,Enterprise Suite,43819.86,0,0,0,0,43819.86,43819.86
2026-03-01,C0094,R01,Enterprise,Enterprise Suite,43819.86,0,0,0,0,43819.86,43819.86
2026-04-01,C0094,R01,Enterprise,Enterprise Suite,43819.86,0,0,0,0,43819.86,43819.86
2026-05-01,C0094,R01,Enterprise,Enterprise Suite,43819.86,0,0,0,0,43819.86,43819.86
2026-06-01,C0094,R01,Enterprise,Enterprise Suite,43819.86,0,0,0,0,43819.86,43819.86
2025-08-01,C0095,R03,Mid-Market,Business,0,19533.38,0,0,0,19533.38,9766.69
2025-09-01,C0095,R03,Mid-Market,Business,19533.38,0,0,0,0,19533.38,19533.38
2025-10-01,C0095,R03,Mid-Market,Business,19533.38,0,0,0,0,19533.38,19533.38
2025-11-01,C0095,R03,Mid-Market,Business,19533.38,0,0,0,0,19533.38,19533.38
2025-12-01,C0095,R03,Mid-Market,Business,19533.38,0,0,0,0,19533.38,19533.38
2026-01-01,C0095,R03,Mid-Market,Business,19533.38,0,0,0,0,19533.38,19533.38
2026-02-01,C0095,R03,Mid-Market,Business,19533.38,0,0,0,0,19533.38,19533.38
2026-03-01,C0095,R03,Mid-Market,Business,19533.38,0,0,0,0,19533.38,19533.38
2026-04-01,C0095,R03,Mid-Market,Business,19533.38,0,0,0,0,19533.38,19533.38
2026-05-01,C0095,R03,Mid-Market,Business,19533.38,0,0,0,0,19533.38,19533.38
2026-06-01,C0095,R03,Mid-Market,Business,19533.38,0,0,0,0,19533.38,19533.38
2023-01-01,C0096,R01,SMB,Core,3640.96,0,0,0,0,3640.96,3640.96
2023-02-01,C0096,R01,SMB,Core,3640.96,0,0,0,0,3640.96,3640.96
2023-03-01,C0096,R01,SMB,Core,3640.96,0,0,0,0,3640.96,3640.96
2023-04-01,C0096,R01,SMB,Core,3640.96,0,0,0,0,3640.96,3640.96
2023-05-01,C0096,R01,SMB,Core,3640.96,0,0,0,0,3640.96,3640.96
2023-06-01,C0096,R01,SMB,Core,3640.96,0,0,0,0,3640.96,3640.96
2023-07-01,C0096,R01,SMB,Core,3640.96,0,0,0,0,3640.96,3640.96
2023-08-01,C0096,R01,SMB,Core,3640.96,0,0,0,0,3640.96,3640.96
2023-09-01,C0096,R01,SMB,Core,3640.96,0,0,0,0,3640.96,3640.96
2023-10-01,C0096,R01,SMB,Core,3640.96,0,0,0,0,3640.96,3640.96
2023-11-01,C0096,R01,SMB,Core,3640.96,0,285.21,0,0,3926.17,3783.57
2023-12-01,C0096,R01,SMB,Core,3926.17,0,0,0,0,3926.17,3926.17
2024-01-01,C0096,R01,SMB,Core,3926.17,0,0,0,0,3926.17,3926.17
2024-02-01,C0096,R01,SMB,Core,3926.17,0,0,0,0,3926.17,3926.17
2024-03-01,C0096,R01,SMB,Core,3926.17,0,0,0,0,3926.17,3926.17
2024-04-01,C0096,R01,SMB,Core,3926.17,0,0,0,0,3926.17,3926.17
2024-05-01,C0096,R01,SMB,Core,3926.17,0,0,0,0,3926.17,3926.17
2024-06-01,C0096,R01,SMB,Core,3926.17,0,0,0,0,3926.17,3926.17
2024-07-01,C0096,R01,SMB,Core,3926.17,0,0,0,0,3926.17,3926.17
2024-08-01,C0096,R01,SMB,Core,3926.17,0,0,0,0,3926.17,3926.17
2024-09-01,C0096,R01,SMB,Core,3926.17,0,0,0,0,3926.17,3926.17
2024-10-01,C0096,R01,SMB,Core,3926.17,0,0,0,0,3926.17,3926.17
2024-11-01,C0096,R01,SMB,Core,3926.17,0,117.79,0,0,4043.96,3985.07
2024-12-01,C0096,R01,SMB,Core,4043.96,0,0,0,0,4043.96,4043.96
2025-01-01,C0096,R01,SMB,Core,4043.96,0,0,0,0,4043.96,4043.96
2025-02-01,C0096,R01,SMB,Core,4043.96,0,0,0,0,4043.96,4043.96
2025-03-01,C0096,R01,SMB,Core,4043.96,0,0,0,0,4043.96,4043.96
2025-04-01,C0096,R01,SMB,Core,4043.96,0,0,0,0,4043.96,4043.96
2025-05-01,C0096,R01,SMB,Core,4043.96,0,0,0,0,4043.96,4043.96
2025-06-01,C0096,R01,SMB,Core,4043.96,0,0,0,0,4043.96,4043.96
2025-07-01,C0096,R01,SMB,Core,4043.96,0,0,0,0,4043.96,4043.96
2025-08-01,C0096,R01,SMB,Core,4043.96,0,0,0,0,4043.96,4043.96
2025-09-01,C0096,R01,SMB,Core,4043.96,0,0,0,0,4043.96,4043.96
2025-10-01,C0096,R01,SMB,Core,4043.96,0,0,0,0,4043.96,4043.96
2025-11-01,C0096,R01,SMB,Core,4043.96,0,121.32,0,0,4165.28,4104.62
2025-12-01,C0096,R01,SMB,Core,4165.28,0,0,0,0,4165.28,4165.28
2026-01-01,C0096,R01,SMB,Core,4165.28,0,0,0,0,4165.28,4165.28
2026-02-01,C0096,R01,SMB,Core,4165.28,0,0,0,0,4165.28,4165.28
2026-03-01,C0096,R01,SMB,Core,4165.28,0,0,0,0,4165.28,4165.28
2026-04-01,C0096,R01,SMB,Core,4165.28,0,0,0,0,4165.28,4165.28
2026-05-01,C0096,R01,SMB,Core,4165.28,0,0,0,0,4165.28,4165.28
2026-06-01,C0096,R01,SMB,Core,4165.28,0,0,0,0,4165.28,4165.28
2023-01-01,C0097,R03,Mid-Market,Business,16552.92,0,0,0,0,16552.92,16552.92
2023-02-01,C0097,R03,Mid-Market,Business,16552.92,0,0,0,0,16552.92,16552.92
2023-03-01,C0097,R03,Mid-Market,Business,16552.92,0,0,0,0,16552.92,16552.92
2023-04-01,C0097,R03,Mid-Market,Business,16552.92,0,0,0,0,16552.92,16552.92
2023-05-01,C0097,R03,Mid-Market,Business,16552.92,0,0,0,0,16552.92,16552.92
2023-06-01,C0097,R03,Mid-Market,Business,16552.92,0,496.59,0,0,17049.5,16801.21
2023-07-01,C0097,R03,Mid-Market,Business,17049.5,0,0,0,0,17049.5,17049.5
2023-08-01,C0097,R03,Mid-Market,Business,17049.5,0,0,0,0,17049.5,17049.5
2023-09-01,C0097,R03,Mid-Market,Business,17049.5,0,0,0,0,17049.5,17049.5
2023-10-01,C0097,R03,Mid-Market,Business,17049.5,0,0,0,0,17049.5,17049.5
2023-11-01,C0097,R03,Mid-Market,Business,17049.5,0,0,0,0,17049.5,17049.5
2023-12-01,C0097,R03,Mid-Market,Business,17049.5,0,0,0,0,17049.5,17049.5
2024-01-01,C0097,R03,Mid-Market,Business,17049.5,0,0,0,0,17049.5,17049.5
2024-02-01,C0097,R03,Mid-Market,Business,17049.5,0,0,0,0,17049.5,17049.5
2024-03-01,C0097,R03,Mid-Market,Business,17049.5,0,0,0,0,17049.5,17049.5
2024-04-01,C0097,R03,Mid-Market,Business,17049.5,0,0,0,0,17049.5,17049.5
2024-05-01,C0097,R03,Mid-Market,Business,17049.5,0,0,0,0,17049.5,17049.5
2024-06-01,C0097,R03,Mid-Market,Business,17049.5,0,1344.68,0,0,18394.19,17721.85
2024-07-01,C0097,R03,Mid-Market,Business,18394.19,0,0,0,0,18394.19,18394.19
2024-08-01,C0097,R03,Mid-Market,Business,18394.19,0,0,0,0,18394.19,18394.19
2024-09-01,C0097,R03,Mid-Market,Business,18394.19,0,0,0,0,18394.19,18394.19
2024-10-01,C0097,R03,Mid-Market,Business,18394.19,0,0,0,0,18394.19,18394.19
2024-11-01,C0097,R03,Mid-Market,Business,18394.19,0,0,0,0,18394.19,18394.19
2024-12-01,C0097,R03,Mid-Market,Business,18394.19,0,0,0,0,18394.19,18394.19
2025-01-01,C0097,R03,Mid-Market,Business,18394.19,0,0,0,0,18394.19,18394.19
2025-02-01,C0097,R03,Mid-Market,Business,18394.19,0,0,0,0,18394.19,18394.19
2025-03-01,C0097,R03,Mid-Market,Business,18394.19,0,0,0,0,18394.19,18394.19
2025-04-01,C0097,R03,Mid-Market,Business,18394.19,0,0,0,0,18394.19,18394.19
2025-05-01,C0097,R03,Mid-Market,Business,18394.19,0,0,0,0,18394.19,18394.19
2025-06-01,C0097,R03,Mid-Market,Business,18394.19,0,1625.21,397.27,0,19622.13,19008.16
2025-07-01,C0097,R03,Mid-Market,Business,19622.13,0,0,0,0,19622.13,19622.13
2025-08-01,C0097,R03,Mid-Market,Business,19622.13,0,0,0,0,19622.13,19622.13
2025-09-01,C0097,R03,Mid-Market,Business,19622.13,0,0,0,0,19622.13,19622.13
2025-10-01,C0097,R03,Mid-Market,Business,19622.13,0,0,0,0,19622.13,19622.13
2025-11-01,C0097,R03,Mid-Market,Business,19622.13,0,0,0,0,19622.13,19622.13
2025-12-01,C0097,R03,Mid-Market,Business,19622.13,0,0,0,0,19622.13,19622.13
2026-01-01,C0097,R03,Mid-Market,Business,19622.13,0,0,0,0,19622.13,19622.13
2026-02-01,C0097,R03,Mid-Market,Business,19622.13,0,0,0,0,19622.13,19622.13
2026-03-01,C0097,R03,Mid-Market,Business,19622.13,0,0,0,0,19622.13,19622.13
2026-04-01,C0097,R03,Mid-Market,Business,19622.13,0,0,0,0,19622.13,19622.13
2026-05-01,C0097,R03,Mid-Market,Business,19622.13,0,0,0,0,19622.13,19622.13
2026-06-01,C0097,R03,Mid-Market,Business,19622.13,0,588.66,380.82,0,19829.98,19726.06
2025-06-01,C0098,R03,Enterprise,Enterprise Suite,0,92931.93,0,0,0,92931.93,46465.96
2025-07-01,C0098,R03,Enterprise,Enterprise Suite,92931.93,0,0,0,0,92931.93,92931.93
2025-08-01,C0098,R03,Enterprise,Enterprise Suite,92931.93,0,0,0,0,92931.93,92931.93
2025-09-01,C0098,R03,Enterprise,Enterprise Suite,92931.93,0,0,0,0,92931.93,92931.93
2025-10-01,C0098,R03,Enterprise,Enterprise Suite,92931.93,0,0,0,0,92931.93,92931.93
2025-11-01,C0098,R03,Enterprise,Enterprise Suite,92931.93,0,0,0,0,92931.93,92931.93
2025-12-01,C0098,R03,Enterprise,Enterprise Suite,92931.93,0,0,0,0,92931.93,92931.93
2026-01-01,C0098,R03,Enterprise,Enterprise Suite,92931.93,0,0,0,0,92931.93,92931.93
2026-02-01,C0098,R03,Enterprise,Enterprise Suite,92931.93,0,0,0,0,92931.93,92931.93
2026-03-01,C0098,R03,Enterprise,Enterprise Suite,92931.93,0,0,0,0,92931.93,92931.93
2026-04-01,C0098,R03,Enterprise,Enterprise Suite,92931.93,0,0,0,0,92931.93,92931.93
2026-05-01,C0098,R03,Enterprise,Enterprise Suite,92931.93,0,0,0,0,92931.93,92931.93
2026-06-01,C0098,R03,Enterprise,Enterprise Suite,92931.93,0,13068.49,0,0,106000.42,99466.17
2023-01-01,C0099,R01,SMB,Core,3974.03,0,0,0,0,3974.03,3974.03
2023-02-01,C0099,R01,SMB,Core,3974.03,0,0,0,0,3974.03,3974.03
2023-03-01,C0099,R01,SMB,Core,3974.03,0,119.22,0,0,4093.25,4033.64
2023-04-01,C0099,R01,SMB,Core,4093.25,0,0,0,0,4093.25,4093.25
2023-05-01,C0099,R01,SMB,Core,4093.25,0,0,0,0,4093.25,4093.25
2023-06-01,C0099,R01,SMB,Core,4093.25,0,0,0,0,4093.25,4093.25
2023-07-01,C0099,R01,SMB,Core,4093.25,0,0,0,0,4093.25,4093.25
2023-08-01,C0099,R01,SMB,Core,4093.25,0,0,0,0,4093.25,4093.25
2023-09-01,C0099,R01,SMB,Core,4093.25,0,0,0,0,4093.25,4093.25
2023-10-01,C0099,R01,SMB,Core,4093.25,0,0,0,0,4093.25,4093.25
2023-11-01,C0099,R01,SMB,Core,4093.25,0,0,0,0,4093.25,4093.25
2023-12-01,C0099,R01,SMB,Core,4093.25,0,0,0,0,4093.25,4093.25
2024-01-01,C0099,R01,SMB,Core,4093.25,0,0,0,0,4093.25,4093.25
2024-02-01,C0099,R01,SMB,Core,4093.25,0,0,0,0,4093.25,4093.25
2024-03-01,C0099,R01,SMB,Core,4093.25,0,122.8,0,0,4216.04,4154.65
2024-04-01,C0099,R01,SMB,Core,4216.04,0,0,0,0,4216.04,4216.04
2024-05-01,C0099,R01,SMB,Core,4216.04,0,0,0,0,4216.04,4216.04
2024-06-01,C0099,R01,SMB,Core,4216.04,0,0,0,0,4216.04,4216.04
2024-07-01,C0099,R01,SMB,Core,4216.04,0,0,0,0,4216.04,4216.04
2024-08-01,C0099,R01,SMB,Core,4216.04,0,0,0,0,4216.04,4216.04
2024-09-01,C0099,R01,SMB,Core,4216.04,0,0,0,0,4216.04,4216.04
2024-10-01,C0099,R01,SMB,Core,4216.04,0,0,0,0,4216.04,4216.04
2024-11-01,C0099,R01,SMB,Core,4216.04,0,0,0,0,4216.04,4216.04
2024-12-01,C0099,R01,SMB,Core,4216.04,0,0,0,0,4216.04,4216.04
2025-01-01,C0099,R01,SMB,Core,4216.04,0,0,0,0,4216.04,4216.04
2025-02-01,C0099,R01,SMB,Core,4216.04,0,0,0,0,4216.04,4216.04
2025-03-01,C0099,R01,SMB,Core,4216.04,0,126.48,0,0,4342.53,4279.28
2025-04-01,C0099,R01,SMB,Core,4342.53,0,0,0,0,4342.53,4342.53
2025-05-01,C0099,R01,SMB,Core,4342.53,0,0,0,0,4342.53,4342.53
2025-06-01,C0099,R01,SMB,Core,4342.53,0,0,0,0,4342.53,4342.53
2025-07-01,C0099,R01,SMB,Core,4342.53,0,0,0,0,4342.53,4342.53
2025-08-01,C0099,R01,SMB,Core,4342.53,0,0,0,0,4342.53,4342.53
2025-09-01,C0099,R01,SMB,Core,4342.53,0,0,0,0,4342.53,4342.53
2025-10-01,C0099,R01,SMB,Core,4342.53,0,0,0,0,4342.53,4342.53
2025-11-01,C0099,R01,SMB,Core,4342.53,0,0,0,0,4342.53,4342.53
2025-12-01,C0099,R01,SMB,Core,4342.53,0,0,0,0,4342.53,4342.53
2026-01-01,C0099,R01,SMB,Core,4342.53,0,0,0,0,4342.53,4342.53
2026-02-01,C0099,R01,SMB,Core,4342.53,0,0,0,0,4342.53,4342.53
2026-03-01,C0099,R01,SMB,Core,4342.53,0,407.28,0,0,4749.81,4546.17
2026-04-01,C0099,R01,SMB,Core,4749.81,0,0,0,0,4749.81,4749.81
2026-05-01,C0099,R01,SMB,Core,4749.81,0,0,0,0,4749.81,4749.81
2026-06-01,C0099,R01,SMB,Core,4749.81,0,0,0,0,4749.81,4749.81
2023-01-01,C0100,R01,SMB,Core,4696.35,0,0,0,0,4696.35,4696.35
2023-02-01,C0100,R01,SMB,Core,4696.35,0,0,0,0,4696.35,4696.35
2023-03-01,C0100,R01,SMB,Core,4696.35,0,0,0,0,4696.35,4696.35
2023-04-01,C0100,R01,SMB,Core,4696.35,0,0,0,0,4696.35,4696.35
2023-05-01,C0100,R01,SMB,Core,4696.35,0,0,0,0,4696.35,4696.35
2023-06-01,C0100,R01,SMB,Core,4696.35,0,0,0,0,4696.35,4696.35
2023-07-01,C0100,R01,SMB,Core,4696.35,0,0,0,0,4696.35,4696.35
2023-08-01,C0100,R01,SMB,Core,4696.35,0,0,0,0,4696.35,4696.35
2023-09-01,C0100,R01,SMB,Core,4696.35,0,0,0,0,4696.35,4696.35
2023-10-01,C0100,R01,SMB,Core,4696.35,0,0,0,0,4696.35,4696.35
2023-11-01,C0100,R01,SMB,Core,4696.35,0,140.89,0,0,4837.24,4766.79
2023-12-01,C0100,R01,SMB,Core,4837.24,0,0,0,0,4837.24,4837.24
2024-01-01,C0100,R01,SMB,Core,4837.24,0,0,0,0,4837.24,4837.24
2024-02-01,C0100,R01,SMB,Core,4837.24,0,0,0,0,4837.24,4837.24
2024-03-01,C0100,R01,SMB,Core,4837.24,0,0,0,0,4837.24,4837.24
2024-04-01,C0100,R01,SMB,Core,4837.24,0,0,0,0,4837.24,4837.24
2024-05-01,C0100,R01,SMB,Core,4837.24,0,0,0,0,4837.24,4837.24
2024-06-01,C0100,R01,SMB,Core,4837.24,0,0,0,0,4837.24,4837.24
2024-07-01,C0100,R01,SMB,Core,4837.24,0,0,0,0,4837.24,4837.24
2024-08-01,C0100,R01,SMB,Core,4837.24,0,0,0,0,4837.24,4837.24
2024-09-01,C0100,R01,SMB,Core,4837.24,0,0,0,0,4837.24,4837.24
2024-10-01,C0100,R01,SMB,Core,4837.24,0,0,0,0,4837.24,4837.24
2024-11-01,C0100,R01,SMB,Core,4837.24,0,145.12,0,0,4982.36,4909.8
2024-12-01,C0100,R01,SMB,Core,4982.36,0,0,0,0,4982.36,4982.36
2025-01-01,C0100,R01,SMB,Core,4982.36,0,0,0,0,4982.36,4982.36
2025-02-01,C0100,R01,SMB,Core,4982.36,0,0,0,0,4982.36,4982.36
2025-03-01,C0100,R01,SMB,Core,4982.36,0,0,0,0,4982.36,4982.36
2025-04-01,C0100,R01,SMB,Core,4982.36,0,0,0,0,4982.36,4982.36
2025-05-01,C0100,R01,SMB,Core,4982.36,0,0,0,0,4982.36,4982.36
2025-06-01,C0100,R01,SMB,Core,4982.36,0,0,0,0,4982.36,4982.36
2025-07-01,C0100,R01,SMB,Core,4982.36,0,0,0,0,4982.36,4982.36
2025-08-01,C0100,R01,SMB,Core,4982.36,0,0,0,0,4982.36,4982.36
2025-09-01,C0100,R01,SMB,Core,4982.36,0,0,0,0,4982.36,4982.36
2025-10-01,C0100,R01,SMB,Core,4982.36,0,0,0,0,4982.36,4982.36
2025-11-01,C0100,R01,SMB,Core,4982.36,0,149.47,0,0,5131.83,5057.09
2025-12-01,C0100,R01,SMB,Core,5131.83,0,0,0,0,5131.83,5131.83
2026-01-01,C0100,R01,SMB,Core,5131.83,0,0,0,0,5131.83,5131.83
2026-02-01,C0100,R01,SMB,Core,5131.83,0,0,0,0,5131.83,5131.83
2026-03-01,C0100,R01,SMB,Core,5131.83,0,0,0,0,5131.83,5131.83
2026-04-01,C0100,R01,SMB,Core,5131.83,0,0,0,0,5131.83,5131.83
2026-05-01,C0100,R01,SMB,Core,5131.83,0,0,0,0,5131.83,5131.83
2026-06-01,C0100,R01,SMB,Core,5131.83,0,0,0,0,5131.83,5131.83
2023-01-01,C0101,R01,Enterprise,Enterprise Suite,68884.65,0,0,0,0,68884.65,68884.65
2023-02-01,C0101,R01,Enterprise,Enterprise Suite,68884.65,0,0,0,0,68884.65,68884.65
2023-03-01,C0101,R01,Enterprise,Enterprise Suite,68884.65,0,0,0,0,68884.65,68884.65
2023-04-01,C0101,R01,Enterprise,Enterprise Suite,68884.65,0,0,0,0,68884.65,68884.65
2023-05-01,C0101,R01,Enterprise,Enterprise Suite,68884.65,0,0,0,0,68884.65,68884.65
2023-06-01,C0101,R01,Enterprise,Enterprise Suite,68884.65,0,0,0,0,68884.65,68884.65
2023-07-01,C0101,R01,Enterprise,Enterprise Suite,68884.65,0,0,0,0,68884.65,68884.65
2023-08-01,C0101,R01,Enterprise,Enterprise Suite,68884.65,0,0,0,0,68884.65,68884.65
2023-09-01,C0101,R01,Enterprise,Enterprise Suite,68884.65,0,7851.2,0,0,76735.86,72810.26
2023-10-01,C0101,R01,Enterprise,Enterprise Suite,76735.86,0,0,0,0,76735.86,76735.86
2023-11-01,C0101,R01,Enterprise,Enterprise Suite,76735.86,0,0,0,0,76735.86,76735.86
2023-12-01,C0101,R01,Enterprise,Enterprise Suite,76735.86,0,0,0,0,76735.86,76735.86
2024-01-01,C0101,R01,Enterprise,Enterprise Suite,76735.86,0,0,0,0,76735.86,76735.86
2024-02-01,C0101,R01,Enterprise,Enterprise Suite,76735.86,0,0,0,0,76735.86,76735.86
2024-03-01,C0101,R01,Enterprise,Enterprise Suite,76735.86,0,0,0,0,76735.86,76735.86
2024-04-01,C0101,R01,Enterprise,Enterprise Suite,76735.86,0,0,0,0,76735.86,76735.86
2024-05-01,C0101,R01,Enterprise,Enterprise Suite,76735.86,0,0,0,0,76735.86,76735.86
2024-06-01,C0101,R01,Enterprise,Enterprise Suite,76735.86,0,0,0,0,76735.86,76735.86
2024-07-01,C0101,R01,Enterprise,Enterprise Suite,76735.86,0,0,0,0,76735.86,76735.86
2024-08-01,C0101,R01,Enterprise,Enterprise Suite,76735.86,0,0,0,0,76735.86,76735.86
2024-09-01,C0101,R01,Enterprise,Enterprise Suite,76735.86,0,7868.33,0,0,84604.19,80670.02
2024-10-01,C0101,R01,Enterprise,Enterprise Suite,84604.19,0,0,0,0,84604.19,84604.19
2024-11-01,C0101,R01,Enterprise,Enterprise Suite,84604.19,0,0,0,0,84604.19,84604.19
2024-12-01,C0101,R01,Enterprise,Enterprise Suite,84604.19,0,0,0,0,84604.19,84604.19
2025-01-01,C0101,R01,Enterprise,Enterprise Suite,84604.19,0,0,0,0,84604.19,84604.19
2025-02-01,C0101,R01,Enterprise,Enterprise Suite,84604.19,0,0,0,0,84604.19,84604.19
2025-03-01,C0101,R01,Enterprise,Enterprise Suite,84604.19,0,0,0,0,84604.19,84604.19
2025-04-01,C0101,R01,Enterprise,Enterprise Suite,84604.19,0,0,0,0,84604.19,84604.19
2025-05-01,C0101,R01,Enterprise,Enterprise Suite,84604.19,0,0,0,0,84604.19,84604.19
2025-06-01,C0101,R01,Enterprise,Enterprise Suite,84604.19,0,0,0,0,84604.19,84604.19
2025-07-01,C0101,R01,Enterprise,Enterprise Suite,84604.19,0,0,0,0,84604.19,84604.19
2025-08-01,C0101,R01,Enterprise,Enterprise Suite,84604.19,0,0,0,0,84604.19,84604.19
2025-09-01,C0101,R01,Enterprise,Enterprise Suite,84604.19,0,8284.43,0,0,92888.62,88746.4
2025-10-01,C0101,R01,Enterprise,Enterprise Suite,92888.62,0,0,0,0,92888.62,92888.62
2025-11-01,C0101,R01,Enterprise,Enterprise Suite,92888.62,0,0,0,0,92888.62,92888.62
2025-12-01,C0101,R01,Enterprise,Enterprise Suite,92888.62,0,0,0,0,92888.62,92888.62
2026-01-01,C0101,R01,Enterprise,Enterprise Suite,92888.62,0,0,0,0,92888.62,92888.62
2026-02-01,C0101,R01,Enterprise,Enterprise Suite,92888.62,0,0,0,0,92888.62,92888.62
2026-03-01,C0101,R01,Enterprise,Enterprise Suite,92888.62,0,0,0,0,92888.62,92888.62
2026-04-01,C0101,R01,Enterprise,Enterprise Suite,92888.62,0,0,0,0,92888.62,92888.62
2026-05-01,C0101,R01,Enterprise,Enterprise Suite,92888.62,0,0,0,0,92888.62,92888.62
2026-06-01,C0101,R01,Enterprise,Enterprise Suite,92888.62,0,0,0,0,92888.62,92888.62
2023-12-01,C0102,R02,Enterprise,Enterprise Suite,0,99748.13,0,0,0,99748.13,49874.07
2024-01-01,C0102,R02,Enterprise,Enterprise Suite,99748.13,0,0,0,0,99748.13,99748.13
2024-02-01,C0102,R02,Enterprise,Enterprise Suite,99748.13,0,0,0,0,99748.13,99748.13
2024-03-01,C0102,R02,Enterprise,Enterprise Suite,99748.13,0,0,0,0,99748.13,99748.13
2024-04-01,C0102,R02,Enterprise,Enterprise Suite,99748.13,0,0,0,0,99748.13,99748.13
2024-05-01,C0102,R02,Enterprise,Enterprise Suite,99748.13,0,0,0,0,99748.13,99748.13
2024-06-01,C0102,R02,Enterprise,Enterprise Suite,99748.13,0,0,0,0,99748.13,99748.13
2024-07-01,C0102,R02,Enterprise,Enterprise Suite,99748.13,0,0,0,0,99748.13,99748.13
2024-08-01,C0102,R02,Enterprise,Enterprise Suite,99748.13,0,0,0,0,99748.13,99748.13
2024-09-01,C0102,R02,Enterprise,Enterprise Suite,99748.13,0,0,0,0,99748.13,99748.13
2024-10-01,C0102,R02,Enterprise,Enterprise Suite,99748.13,0,0,0,0,99748.13,99748.13
2024-11-01,C0102,R02,Enterprise,Enterprise Suite,99748.13,0,0,0,0,99748.13,99748.13
2024-12-01,C0102,R02,Enterprise,Enterprise Suite,99748.13,0,8484.08,0,0,108232.22,103990.18
2025-01-01,C0102,R02,Enterprise,Enterprise Suite,108232.22,0,0,0,0,108232.22,108232.22
2025-02-01,C0102,R02,Enterprise,Enterprise Suite,108232.22,0,0,0,0,108232.22,108232.22
2025-03-01,C0102,R02,Enterprise,Enterprise Suite,108232.22,0,0,0,0,108232.22,108232.22
2025-04-01,C0102,R02,Enterprise,Enterprise Suite,108232.22,0,0,0,0,108232.22,108232.22
2025-05-01,C0102,R02,Enterprise,Enterprise Suite,108232.22,0,0,0,0,108232.22,108232.22
2025-06-01,C0102,R02,Enterprise,Enterprise Suite,108232.22,0,0,0,0,108232.22,108232.22
2025-07-01,C0102,R02,Enterprise,Enterprise Suite,108232.22,0,0,0,0,108232.22,108232.22
2025-08-01,C0102,R02,Enterprise,Enterprise Suite,108232.22,0,0,0,0,108232.22,108232.22
2025-09-01,C0102,R02,Enterprise,Enterprise Suite,108232.22,0,0,0,0,108232.22,108232.22
2025-10-01,C0102,R02,Enterprise,Enterprise Suite,108232.22,0,0,0,0,108232.22,108232.22
2025-11-01,C0102,R02,Enterprise,Enterprise Suite,108232.22,0,0,0,0,108232.22,108232.22
2025-12-01,C0102,R02,Enterprise,Enterprise Suite,108232.22,0,13270.8,0,0,121503.02,114867.62
2026-01-01,C0102,R02,Enterprise,Enterprise Suite,121503.02,0,0,0,0,121503.02,121503.02
2026-02-01,C0102,R02,Enterprise,Enterprise Suite,121503.02,0,0,0,0,121503.02,121503.02
2026-03-01,C0102,R02,Enterprise,Enterprise Suite,121503.02,0,0,0,0,121503.02,121503.02
2026-04-01,C0102,R02,Enterprise,Enterprise Suite,121503.02,0,0,0,0,121503.02,121503.02
2026-05-01,C0102,R02,Enterprise,Enterprise Suite,121503.02,0,0,0,0,121503.02,121503.02
2026-06-01,C0102,R02,Enterprise,Enterprise Suite,121503.02,0,0,0,0,121503.02,121503.02
2023-01-01,C0103,R02,Enterprise,Enterprise Suite,34513.43,0,0,0,0,34513.43,34513.43
2023-02-01,C0103,R02,Enterprise,Enterprise Suite,34513.43,0,0,0,0,34513.43,34513.43
2023-03-01,C0103,R02,Enterprise,Enterprise Suite,34513.43,0,0,0,0,34513.43,34513.43
2023-04-01,C0103,R02,Enterprise,Enterprise Suite,34513.43,0,0,0,0,34513.43,34513.43
2023-05-01,C0103,R02,Enterprise,Enterprise Suite,34513.43,0,3103.74,0,0,37617.17,36065.3
2023-06-01,C0103,R02,Enterprise,Enterprise Suite,37617.17,0,0,0,0,37617.17,37617.17
2023-07-01,C0103,R02,Enterprise,Enterprise Suite,37617.17,0,0,0,0,37617.17,37617.17
2023-08-01,C0103,R02,Enterprise,Enterprise Suite,37617.17,0,0,0,0,37617.17,37617.17
2023-09-01,C0103,R02,Enterprise,Enterprise Suite,37617.17,0,0,0,0,37617.17,37617.17
2023-10-01,C0103,R02,Enterprise,Enterprise Suite,37617.17,0,0,0,0,37617.17,37617.17
2023-11-01,C0103,R02,Enterprise,Enterprise Suite,37617.17,0,0,0,0,37617.17,37617.17
2023-12-01,C0103,R02,Enterprise,Enterprise Suite,37617.17,0,0,0,0,37617.17,37617.17
2024-01-01,C0103,R02,Enterprise,Enterprise Suite,37617.17,0,0,0,0,37617.17,37617.17
2024-02-01,C0103,R02,Enterprise,Enterprise Suite,37617.17,0,0,0,0,37617.17,37617.17
2024-03-01,C0103,R02,Enterprise,Enterprise Suite,37617.17,0,0,0,0,37617.17,37617.17
2024-04-01,C0103,R02,Enterprise,Enterprise Suite,37617.17,0,0,0,0,37617.17,37617.17
2024-05-01,C0103,R02,Enterprise,Enterprise Suite,37617.17,0,4143.17,0,0,41760.34,39688.75
2024-06-01,C0103,R02,Enterprise,Enterprise Suite,41760.34,0,0,0,0,41760.34,41760.34
2024-07-01,C0103,R02,Enterprise,Enterprise Suite,41760.34,0,0,0,0,41760.34,41760.34
2024-08-01,C0103,R02,Enterprise,Enterprise Suite,41760.34,0,0,0,0,41760.34,41760.34
2024-09-01,C0103,R02,Enterprise,Enterprise Suite,41760.34,0,0,0,0,41760.34,41760.34
2024-10-01,C0103,R02,Enterprise,Enterprise Suite,41760.34,0,0,0,0,41760.34,41760.34
2024-11-01,C0103,R02,Enterprise,Enterprise Suite,41760.34,0,0,0,0,41760.34,41760.34
2024-12-01,C0103,R02,Enterprise,Enterprise Suite,41760.34,0,0,0,0,41760.34,41760.34
2025-01-01,C0103,R02,Enterprise,Enterprise Suite,41760.34,0,0,0,0,41760.34,41760.34
2025-02-01,C0103,R02,Enterprise,Enterprise Suite,41760.34,0,0,0,0,41760.34,41760.34
2025-03-01,C0103,R02,Enterprise,Enterprise Suite,41760.34,0,0,0,0,41760.34,41760.34
2025-04-01,C0103,R02,Enterprise,Enterprise Suite,41760.34,0,0,0,0,41760.34,41760.34
2025-05-01,C0103,R02,Enterprise,Enterprise Suite,41760.34,0,4586.98,0,0,46347.32,44053.83
2025-06-01,C0103,R02,Enterprise,Enterprise Suite,46347.32,0,0,0,0,46347.32,46347.32
2025-07-01,C0103,R02,Enterprise,Enterprise Suite,46347.32,0,0,0,0,46347.32,46347.32
2025-08-01,C0103,R02,Enterprise,Enterprise Suite,46347.32,0,0,0,0,46347.32,46347.32
2025-09-01,C0103,R02,Enterprise,Enterprise Suite,46347.32,0,0,0,0,46347.32,46347.32
2025-10-01,C0103,R02,Enterprise,Enterprise Suite,46347.32,0,0,0,0,46347.32,46347.32
2025-11-01,C0103,R02,Enterprise,Enterprise Suite,46347.32,0,0,0,0,46347.32,46347.32
2025-12-01,C0103,R02,Enterprise,Enterprise Suite,46347.32,0,0,0,0,46347.32,46347.32
2026-01-01,C0103,R02,Enterprise,Enterprise Suite,46347.32,0,0,0,0,46347.32,46347.32
2026-02-01,C0103,R02,Enterprise,Enterprise Suite,46347.32,0,0,0,0,46347.32,46347.32
2026-03-01,C0103,R02,Enterprise,Enterprise Suite,46347.32,0,0,0,0,46347.32,46347.32
2026-04-01,C0103,R02,Enterprise,Enterprise Suite,46347.32,0,0,0,0,46347.32,46347.32
2026-05-01,C0103,R02,Enterprise,Enterprise Suite,46347.32,0,1390.42,0,0,47737.74,47042.53
2026-06-01,C0103,R02,Enterprise,Enterprise Suite,47737.74,0,0,0,0,47737.74,47737.74
2023-01-01,C0104,R03,SMB,Core,3675,0,0,0,0,3675,3675
2023-02-01,C0104,R03,SMB,Core,3675,0,0,0,0,3675,3675
2023-03-01,C0104,R03,SMB,Core,3675,0,110.25,0,0,3785.25,3730.12
2023-04-01,C0104,R03,SMB,Core,3785.25,0,0,0,0,3785.25,3785.25
2023-05-01,C0104,R03,SMB,Core,3785.25,0,0,0,0,3785.25,3785.25
2023-06-01,C0104,R03,SMB,Core,3785.25,0,0,0,0,3785.25,3785.25
2023-07-01,C0104,R03,SMB,Core,3785.25,0,0,0,0,3785.25,3785.25
2023-08-01,C0104,R03,SMB,Core,3785.25,0,0,0,0,3785.25,3785.25
2023-09-01,C0104,R03,SMB,Core,3785.25,0,0,0,0,3785.25,3785.25
2023-10-01,C0104,R03,SMB,Core,3785.25,0,0,0,0,3785.25,3785.25
2023-11-01,C0104,R03,SMB,Core,3785.25,0,0,0,0,3785.25,3785.25
2023-12-01,C0104,R03,SMB,Core,3785.25,0,0,0,0,3785.25,3785.25
2024-01-01,C0104,R03,SMB,Core,3785.25,0,0,0,0,3785.25,3785.25
2024-02-01,C0104,R03,SMB,Core,3785.25,0,0,0,0,3785.25,3785.25
2024-03-01,C0104,R03,SMB,Core,3785.25,0,263.95,0,4049.19,0,1892.62
2023-09-01,C0105,R03,Enterprise,Enterprise Suite,0,114420.52,0,0,0,114420.52,57210.26
2023-10-01,C0105,R03,Enterprise,Enterprise Suite,114420.52,0,0,0,0,114420.52,114420.52
2023-11-01,C0105,R03,Enterprise,Enterprise Suite,114420.52,0,0,0,0,114420.52,114420.52
2023-12-01,C0105,R03,Enterprise,Enterprise Suite,114420.52,0,0,0,0,114420.52,114420.52
2024-01-01,C0105,R03,Enterprise,Enterprise Suite,114420.52,0,0,0,0,114420.52,114420.52
2024-02-01,C0105,R03,Enterprise,Enterprise Suite,114420.52,0,0,0,0,114420.52,114420.52
2024-03-01,C0105,R03,Enterprise,Enterprise Suite,114420.52,0,0,0,0,114420.52,114420.52
2024-04-01,C0105,R03,Enterprise,Enterprise Suite,114420.52,0,0,0,0,114420.52,114420.52
2024-05-01,C0105,R03,Enterprise,Enterprise Suite,114420.52,0,0,0,0,114420.52,114420.52
2024-06-01,C0105,R03,Enterprise,Enterprise Suite,114420.52,0,0,0,0,114420.52,114420.52
2024-07-01,C0105,R03,Enterprise,Enterprise Suite,114420.52,0,0,0,0,114420.52,114420.52
2024-08-01,C0105,R03,Enterprise,Enterprise Suite,114420.52,0,0,0,0,114420.52,114420.52
2024-09-01,C0105,R03,Enterprise,Enterprise Suite,114420.52,0,11181.89,0,0,125602.42,120011.47
2024-10-01,C0105,R03,Enterprise,Enterprise Suite,125602.42,0,0,0,0,125602.42,125602.42
2024-11-01,C0105,R03,Enterprise,Enterprise Suite,125602.42,0,0,0,0,125602.42,125602.42
2024-12-01,C0105,R03,Enterprise,Enterprise Suite,125602.42,0,0,0,0,125602.42,125602.42
2025-01-01,C0105,R03,Enterprise,Enterprise Suite,125602.42,0,0,0,0,125602.42,125602.42
2025-02-01,C0105,R03,Enterprise,Enterprise Suite,125602.42,0,0,0,0,125602.42,125602.42
2025-03-01,C0105,R03,Enterprise,Enterprise Suite,125602.42,0,0,0,0,125602.42,125602.42
2025-04-01,C0105,R03,Enterprise,Enterprise Suite,125602.42,0,0,0,0,125602.42,125602.42
2025-05-01,C0105,R03,Enterprise,Enterprise Suite,125602.42,0,0,0,0,125602.42,125602.42
2025-06-01,C0105,R03,Enterprise,Enterprise Suite,125602.42,0,0,0,0,125602.42,125602.42
2025-07-01,C0105,R03,Enterprise,Enterprise Suite,125602.42,0,0,0,0,125602.42,125602.42
2025-08-01,C0105,R03,Enterprise,Enterprise Suite,125602.42,0,0,0,0,125602.42,125602.42
2025-09-01,C0105,R03,Enterprise,Enterprise Suite,125602.42,0,3768.07,0,0,129370.49,127486.45
2025-10-01,C0105,R03,Enterprise,Enterprise Suite,129370.49,0,0,0,0,129370.49,129370.49
2025-11-01,C0105,R03,Enterprise,Enterprise Suite,129370.49,0,0,0,0,129370.49,129370.49
2025-12-01,C0105,R03,Enterprise,Enterprise Suite,129370.49,0,0,0,0,129370.49,129370.49
2026-01-01,C0105,R03,Enterprise,Enterprise Suite,129370.49,0,0,0,0,129370.49,129370.49
2026-02-01,C0105,R03,Enterprise,Enterprise Suite,129370.49,0,0,0,0,129370.49,129370.49
2026-03-01,C0105,R03,Enterprise,Enterprise Suite,129370.49,0,0,0,0,129370.49,129370.49
2026-04-01,C0105,R03,Enterprise,Enterprise Suite,129370.49,0,0,0,0,129370.49,129370.49
2026-05-01,C0105,R03,Enterprise,Enterprise Suite,129370.49,0,0,0,0,129370.49,129370.49
2026-06-01,C0105,R03,Enterprise,Enterprise Suite,129370.49,0,0,0,0,129370.49,129370.49
2023-01-01,C0106,R03,Enterprise,Enterprise Suite,81843.66,0,0,0,0,81843.66,81843.66
2023-02-01,C0106,R03,Enterprise,Enterprise Suite,81843.66,0,0,0,0,81843.66,81843.66
2023-03-01,C0106,R03,Enterprise,Enterprise Suite,81843.66,0,0,0,0,81843.66,81843.66
2023-04-01,C0106,R03,Enterprise,Enterprise Suite,81843.66,0,0,0,0,81843.66,81843.66
2023-05-01,C0106,R03,Enterprise,Enterprise Suite,81843.66,0,0,0,0,81843.66,81843.66
2023-06-01,C0106,R03,Enterprise,Enterprise Suite,81843.66,0,0,0,0,81843.66,81843.66
2023-07-01,C0106,R03,Enterprise,Enterprise Suite,81843.66,0,0,0,0,81843.66,81843.66
2023-08-01,C0106,R03,Enterprise,Enterprise Suite,81843.66,0,0,0,0,81843.66,81843.66
2023-09-01,C0106,R03,Enterprise,Enterprise Suite,81843.66,0,0,0,0,81843.66,81843.66
2023-10-01,C0106,R03,Enterprise,Enterprise Suite,81843.66,0,6139.85,0,0,87983.5,84913.58
2023-11-01,C0106,R03,Enterprise,Enterprise Suite,87983.5,0,0,0,0,87983.5,87983.5
2023-12-01,C0106,R03,Enterprise,Enterprise Suite,87983.5,0,0,0,0,87983.5,87983.5
2024-01-01,C0106,R03,Enterprise,Enterprise Suite,87983.5,0,0,0,0,87983.5,87983.5
2024-02-01,C0106,R03,Enterprise,Enterprise Suite,87983.5,0,0,0,0,87983.5,87983.5
2024-03-01,C0106,R03,Enterprise,Enterprise Suite,87983.5,0,0,0,0,87983.5,87983.5
2024-04-01,C0106,R03,Enterprise,Enterprise Suite,87983.5,0,0,0,0,87983.5,87983.5
2024-05-01,C0106,R03,Enterprise,Enterprise Suite,87983.5,0,0,0,0,87983.5,87983.5
2024-06-01,C0106,R03,Enterprise,Enterprise Suite,87983.5,0,0,0,0,87983.5,87983.5
2024-07-01,C0106,R03,Enterprise,Enterprise Suite,87983.5,0,0,0,0,87983.5,87983.5
2024-08-01,C0106,R03,Enterprise,Enterprise Suite,87983.5,0,0,0,0,87983.5,87983.5
2024-09-01,C0106,R03,Enterprise,Enterprise Suite,87983.5,0,0,0,0,87983.5,87983.5
2024-10-01,C0106,R03,Enterprise,Enterprise Suite,87983.5,0,2639.51,0,0,90623.01,89303.26
2024-11-01,C0106,R03,Enterprise,Enterprise Suite,90623.01,0,0,0,0,90623.01,90623.01
2024-12-01,C0106,R03,Enterprise,Enterprise Suite,90623.01,0,0,0,0,90623.01,90623.01
2025-01-01,C0106,R03,Enterprise,Enterprise Suite,90623.01,0,0,0,0,90623.01,90623.01
2025-02-01,C0106,R03,Enterprise,Enterprise Suite,90623.01,0,0,0,0,90623.01,90623.01
2025-03-01,C0106,R03,Enterprise,Enterprise Suite,90623.01,0,0,0,0,90623.01,90623.01
2025-04-01,C0106,R03,Enterprise,Enterprise Suite,90623.01,0,0,0,0,90623.01,90623.01
2025-05-01,C0106,R03,Enterprise,Enterprise Suite,90623.01,0,0,0,0,90623.01,90623.01
2025-06-01,C0106,R03,Enterprise,Enterprise Suite,90623.01,0,0,0,0,90623.01,90623.01
2025-07-01,C0106,R03,Enterprise,Enterprise Suite,90623.01,0,0,0,0,90623.01,90623.01
2025-08-01,C0106,R03,Enterprise,Enterprise Suite,90623.01,0,0,0,0,90623.01,90623.01
2025-09-01,C0106,R03,Enterprise,Enterprise Suite,90623.01,0,0,0,0,90623.01,90623.01
2025-10-01,C0106,R03,Enterprise,Enterprise Suite,90623.01,0,12181.61,0,0,102804.62,96713.81
2025-11-01,C0106,R03,Enterprise,Enterprise Suite,102804.62,0,0,0,0,102804.62,102804.62
2025-12-01,C0106,R03,Enterprise,Enterprise Suite,102804.62,0,0,0,0,102804.62,102804.62
2026-01-01,C0106,R03,Enterprise,Enterprise Suite,102804.62,0,0,0,0,102804.62,102804.62
2026-02-01,C0106,R03,Enterprise,Enterprise Suite,102804.62,0,0,0,0,102804.62,102804.62
2026-03-01,C0106,R03,Enterprise,Enterprise Suite,102804.62,0,0,0,0,102804.62,102804.62
2026-04-01,C0106,R03,Enterprise,Enterprise Suite,102804.62,0,0,0,0,102804.62,102804.62
2026-05-01,C0106,R03,Enterprise,Enterprise Suite,102804.62,0,0,0,0,102804.62,102804.62
2026-06-01,C0106,R03,Enterprise,Enterprise Suite,102804.62,0,0,0,0,102804.62,102804.62
2023-01-01,C0107,R02,SMB,Core,1446.28,0,0,0,0,1446.28,1446.28
2023-02-01,C0107,R02,SMB,Core,1446.28,0,174.65,0,0,1620.93,1533.61
2023-03-01,C0107,R02,SMB,Core,1620.93,0,0,0,0,1620.93,1620.93
2023-04-01,C0107,R02,SMB,Core,1620.93,0,0,0,0,1620.93,1620.93
2023-05-01,C0107,R02,SMB,Core,1620.93,0,0,0,0,1620.93,1620.93
2023-06-01,C0107,R02,SMB,Core,1620.93,0,0,0,0,1620.93,1620.93
2023-07-01,C0107,R02,SMB,Core,1620.93,0,0,0,0,1620.93,1620.93
2023-08-01,C0107,R02,SMB,Core,1620.93,0,0,0,0,1620.93,1620.93
2023-09-01,C0107,R02,SMB,Core,1620.93,0,0,0,0,1620.93,1620.93
2023-10-01,C0107,R02,SMB,Core,1620.93,0,0,0,0,1620.93,1620.93
2023-11-01,C0107,R02,SMB,Core,1620.93,0,0,0,0,1620.93,1620.93
2023-12-01,C0107,R02,SMB,Core,1620.93,0,0,0,0,1620.93,1620.93
2024-01-01,C0107,R02,SMB,Core,1620.93,0,0,0,0,1620.93,1620.93
2024-02-01,C0107,R02,SMB,Core,1620.93,0,48.63,0,0,1669.56,1645.25
2024-03-01,C0107,R02,SMB,Core,1669.56,0,0,0,0,1669.56,1669.56
2024-04-01,C0107,R02,SMB,Core,1669.56,0,0,0,0,1669.56,1669.56
2024-05-01,C0107,R02,SMB,Core,1669.56,0,0,0,0,1669.56,1669.56
2024-06-01,C0107,R02,SMB,Core,1669.56,0,0,0,0,1669.56,1669.56
2024-07-01,C0107,R02,SMB,Core,1669.56,0,0,0,0,1669.56,1669.56
2024-08-01,C0107,R02,SMB,Core,1669.56,0,0,0,0,1669.56,1669.56
2024-09-01,C0107,R02,SMB,Core,1669.56,0,0,0,0,1669.56,1669.56
2024-10-01,C0107,R02,SMB,Core,1669.56,0,0,0,0,1669.56,1669.56
2024-11-01,C0107,R02,SMB,Core,1669.56,0,0,0,0,1669.56,1669.56
2024-12-01,C0107,R02,SMB,Core,1669.56,0,0,0,0,1669.56,1669.56
2025-01-01,C0107,R02,SMB,Core,1669.56,0,0,0,0,1669.56,1669.56
2025-02-01,C0107,R02,SMB,Core,1669.56,0,164.13,0,0,1833.69,1751.63
2025-03-01,C0107,R02,SMB,Core,1833.69,0,0,0,0,1833.69,1833.69
2025-04-01,C0107,R02,SMB,Core,1833.69,0,0,0,0,1833.69,1833.69
2025-05-01,C0107,R02,SMB,Core,1833.69,0,0,0,0,1833.69,1833.69
2025-06-01,C0107,R02,SMB,Core,1833.69,0,0,0,0,1833.69,1833.69
2025-07-01,C0107,R02,SMB,Core,1833.69,0,0,0,0,1833.69,1833.69
2025-08-01,C0107,R02,SMB,Core,1833.69,0,0,0,0,1833.69,1833.69
2025-09-01,C0107,R02,SMB,Core,1833.69,0,0,0,0,1833.69,1833.69
2025-10-01,C0107,R02,SMB,Core,1833.69,0,0,0,0,1833.69,1833.69
2025-11-01,C0107,R02,SMB,Core,1833.69,0,0,0,0,1833.69,1833.69
2025-12-01,C0107,R02,SMB,Core,1833.69,0,0,0,0,1833.69,1833.69
2026-01-01,C0107,R02,SMB,Core,1833.69,0,0,0,0,1833.69,1833.69
2026-02-01,C0107,R02,SMB,Core,1833.69,0,55.01,0,0,1888.71,1861.2
2026-03-01,C0107,R02,SMB,Core,1888.71,0,0,0,0,1888.71,1888.71
2026-04-01,C0107,R02,SMB,Core,1888.71,0,0,0,0,1888.71,1888.71
2026-05-01,C0107,R02,SMB,Core,1888.71,0,0,0,0,1888.71,1888.71
2026-06-01,C0107,R02,SMB,Core,1888.71,0,0,0,0,1888.71,1888.71
2023-01-01,C0108,R01,SMB,Core,4156.99,0,0,0,0,4156.99,4156.99
2023-02-01,C0108,R01,SMB,Core,4156.99,0,0,0,0,4156.99,4156.99
2023-03-01,C0108,R01,SMB,Core,4156.99,0,0,0,0,4156.99,4156.99
2023-04-01,C0108,R01,SMB,Core,4156.99,0,0,0,0,4156.99,4156.99
2023-05-01,C0108,R01,SMB,Core,4156.99,0,0,0,0,4156.99,4156.99
2023-06-01,C0108,R01,SMB,Core,4156.99,0,0,0,0,4156.99,4156.99
2023-07-01,C0108,R01,SMB,Core,4156.99,0,0,0,0,4156.99,4156.99
2023-08-01,C0108,R01,SMB,Core,4156.99,0,0,0,0,4156.99,4156.99
2023-09-01,C0108,R01,SMB,Core,4156.99,0,0,0,0,4156.99,4156.99
2023-10-01,C0108,R01,SMB,Core,4156.99,0,0,0,0,4156.99,4156.99
2023-11-01,C0108,R01,SMB,Core,4156.99,0,0,0,0,4156.99,4156.99
2023-12-01,C0108,R01,SMB,Core,4156.99,0,588.31,0,4745.3,0,2078.49
2023-11-01,C0109,R01,Enterprise,Enterprise Suite,0,64924.55,0,0,0,64924.55,32462.27
2023-12-01,C0109,R01,Enterprise,Enterprise Suite,64924.55,0,0,0,0,64924.55,64924.55
2024-01-01,C0109,R01,Enterprise,Enterprise Suite,64924.55,0,0,0,0,64924.55,64924.55
2024-02-01,C0109,R01,Enterprise,Enterprise Suite,64924.55,0,0,0,0,64924.55,64924.55
2024-03-01,C0109,R01,Enterprise,Enterprise Suite,64924.55,0,0,0,0,64924.55,64924.55
2024-04-01,C0109,R01,Enterprise,Enterprise Suite,64924.55,0,0,0,0,64924.55,64924.55
2024-05-01,C0109,R01,Enterprise,Enterprise Suite,64924.55,0,0,0,0,64924.55,64924.55
2024-06-01,C0109,R01,Enterprise,Enterprise Suite,64924.55,0,0,0,0,64924.55,64924.55
2024-07-01,C0109,R01,Enterprise,Enterprise Suite,64924.55,0,0,0,0,64924.55,64924.55
2024-08-01,C0109,R01,Enterprise,Enterprise Suite,64924.55,0,0,0,0,64924.55,64924.55
2024-09-01,C0109,R01,Enterprise,Enterprise Suite,64924.55,0,0,0,0,64924.55,64924.55
2024-10-01,C0109,R01,Enterprise,Enterprise Suite,64924.55,0,0,0,0,64924.55,64924.55
2024-11-01,C0109,R01,Enterprise,Enterprise Suite,64924.55,0,7195.85,0,0,72120.4,68522.47
2024-12-01,C0109,R01,Enterprise,Enterprise Suite,72120.4,0,0,0,0,72120.4,72120.4
2025-01-01,C0109,R01,Enterprise,Enterprise Suite,72120.4,0,0,0,0,72120.4,72120.4
2025-02-01,C0109,R01,Enterprise,Enterprise Suite,72120.4,0,0,0,0,72120.4,72120.4
2025-03-01,C0109,R01,Enterprise,Enterprise Suite,72120.4,0,0,0,0,72120.4,72120.4
2025-04-01,C0109,R01,Enterprise,Enterprise Suite,72120.4,0,0,0,0,72120.4,72120.4
2025-05-01,C0109,R01,Enterprise,Enterprise Suite,72120.4,0,0,0,0,72120.4,72120.4
2025-06-01,C0109,R01,Enterprise,Enterprise Suite,72120.4,0,0,0,0,72120.4,72120.4
2025-07-01,C0109,R01,Enterprise,Enterprise Suite,72120.4,0,0,0,0,72120.4,72120.4
2025-08-01,C0109,R01,Enterprise,Enterprise Suite,72120.4,0,0,0,0,72120.4,72120.4
2025-09-01,C0109,R01,Enterprise,Enterprise Suite,72120.4,0,0,0,0,72120.4,72120.4
2025-10-01,C0109,R01,Enterprise,Enterprise Suite,72120.4,0,0,0,0,72120.4,72120.4
2025-11-01,C0109,R01,Enterprise,Enterprise Suite,72120.4,0,2163.61,0,0,74284.01,73202.2
2025-12-01,C0109,R01,Enterprise,Enterprise Suite,74284.01,0,0,0,0,74284.01,74284.01
2026-01-01,C0109,R01,Enterprise,Enterprise Suite,74284.01,0,0,0,0,74284.01,74284.01
2026-02-01,C0109,R01,Enterprise,Enterprise Suite,74284.01,0,0,0,0,74284.01,74284.01
2026-03-01,C0109,R01,Enterprise,Enterprise Suite,74284.01,0,0,0,0,74284.01,74284.01
2026-04-01,C0109,R01,Enterprise,Enterprise Suite,74284.01,0,0,0,0,74284.01,74284.01
2026-05-01,C0109,R01,Enterprise,Enterprise Suite,74284.01,0,0,0,0,74284.01,74284.01
2026-06-01,C0109,R01,Enterprise,Enterprise Suite,74284.01,0,0,0,0,74284.01,74284.01
2023-01-01,C0110,R01,Enterprise,Enterprise Suite,77485.13,0,0,0,0,77485.13,77485.13
2023-02-01,C0110,R01,Enterprise,Enterprise Suite,77485.13,0,0,0,0,77485.13,77485.13
2023-03-01,C0110,R01,Enterprise,Enterprise Suite,77485.13,0,0,0,0,77485.13,77485.13
2023-04-01,C0110,R01,Enterprise,Enterprise Suite,77485.13,0,2324.55,0,0,79809.68,78647.41
2023-05-01,C0110,R01,Enterprise,Enterprise Suite,79809.68,0,0,0,0,79809.68,79809.68
2023-06-01,C0110,R01,Enterprise,Enterprise Suite,79809.68,0,0,0,0,79809.68,79809.68
2023-07-01,C0110,R01,Enterprise,Enterprise Suite,79809.68,0,0,0,0,79809.68,79809.68
2023-08-01,C0110,R01,Enterprise,Enterprise Suite,79809.68,0,0,0,0,79809.68,79809.68
2023-09-01,C0110,R01,Enterprise,Enterprise Suite,79809.68,0,0,0,0,79809.68,79809.68
2023-10-01,C0110,R01,Enterprise,Enterprise Suite,79809.68,0,0,0,0,79809.68,79809.68
2023-11-01,C0110,R01,Enterprise,Enterprise Suite,79809.68,0,0,0,0,79809.68,79809.68
2023-12-01,C0110,R01,Enterprise,Enterprise Suite,79809.68,0,0,0,0,79809.68,79809.68
2024-01-01,C0110,R01,Enterprise,Enterprise Suite,79809.68,0,0,0,0,79809.68,79809.68
2024-02-01,C0110,R01,Enterprise,Enterprise Suite,79809.68,0,0,0,0,79809.68,79809.68
2024-03-01,C0110,R01,Enterprise,Enterprise Suite,79809.68,0,0,0,0,79809.68,79809.68
2024-04-01,C0110,R01,Enterprise,Enterprise Suite,79809.68,0,10874.72,0,0,90684.41,85247.04
2024-05-01,C0110,R01,Enterprise,Enterprise Suite,90684.41,0,0,0,0,90684.41,90684.41
2024-06-01,C0110,R01,Enterprise,Enterprise Suite,90684.41,0,0,0,0,90684.41,90684.41
2024-07-01,C0110,R01,Enterprise,Enterprise Suite,90684.41,0,0,0,0,90684.41,90684.41
2024-08-01,C0110,R01,Enterprise,Enterprise Suite,90684.41,0,0,0,0,90684.41,90684.41
2024-09-01,C0110,R01,Enterprise,Enterprise Suite,90684.41,0,0,0,0,90684.41,90684.41
2024-10-01,C0110,R01,Enterprise,Enterprise Suite,90684.41,0,0,0,0,90684.41,90684.41
2024-11-01,C0110,R01,Enterprise,Enterprise Suite,90684.41,0,0,0,0,90684.41,90684.41
2024-12-01,C0110,R01,Enterprise,Enterprise Suite,90684.41,0,0,0,0,90684.41,90684.41
2025-01-01,C0110,R01,Enterprise,Enterprise Suite,90684.41,0,0,0,0,90684.41,90684.41
2025-02-01,C0110,R01,Enterprise,Enterprise Suite,90684.41,0,0,0,0,90684.41,90684.41
2025-03-01,C0110,R01,Enterprise,Enterprise Suite,90684.41,0,0,0,0,90684.41,90684.41
2025-04-01,C0110,R01,Enterprise,Enterprise Suite,90684.41,0,11635.6,0,0,102320.01,96502.21
2025-05-01,C0110,R01,Enterprise,Enterprise Suite,102320.01,0,0,0,0,102320.01,102320.01
2025-06-01,C0110,R01,Enterprise,Enterprise Suite,102320.01,0,0,0,0,102320.01,102320.01
2025-07-01,C0110,R01,Enterprise,Enterprise Suite,102320.01,0,0,0,0,102320.01,102320.01
2025-08-01,C0110,R01,Enterprise,Enterprise Suite,102320.01,0,0,0,0,102320.01,102320.01
2025-09-01,C0110,R01,Enterprise,Enterprise Suite,102320.01,0,0,0,0,102320.01,102320.01
2025-10-01,C0110,R01,Enterprise,Enterprise Suite,102320.01,0,0,0,0,102320.01,102320.01
2025-11-01,C0110,R01,Enterprise,Enterprise Suite,102320.01,0,0,0,0,102320.01,102320.01
2025-12-01,C0110,R01,Enterprise,Enterprise Suite,102320.01,0,0,0,0,102320.01,102320.01
2026-01-01,C0110,R01,Enterprise,Enterprise Suite,102320.01,0,0,0,0,102320.01,102320.01
2026-02-01,C0110,R01,Enterprise,Enterprise Suite,102320.01,0,0,0,0,102320.01,102320.01
2026-03-01,C0110,R01,Enterprise,Enterprise Suite,102320.01,0,0,0,0,102320.01,102320.01
2026-04-01,C0110,R01,Enterprise,Enterprise Suite,102320.01,0,8756.49,0,0,111076.49,106698.25
2026-05-01,C0110,R01,Enterprise,Enterprise Suite,111076.49,0,0,0,0,111076.49,111076.49
2026-06-01,C0110,R01,Enterprise,Enterprise Suite,111076.49,0,0,0,0,111076.49,111076.49
2023-01-01,C0111,R03,SMB,Core,1506.09,0,0,0,0,1506.09,1506.09
2023-02-01,C0111,R03,SMB,Core,1506.09,0,0,0,0,1506.09,1506.09
2023-03-01,C0111,R03,SMB,Core,1506.09,0,0,0,0,1506.09,1506.09
2023-04-01,C0111,R03,SMB,Core,1506.09,0,0,0,0,1506.09,1506.09
2023-05-01,C0111,R03,SMB,Core,1506.09,0,0,0,0,1506.09,1506.09
2023-06-01,C0111,R03,SMB,Core,1506.09,0,0,0,0,1506.09,1506.09
2023-07-01,C0111,R03,SMB,Core,1506.09,0,0,0,0,1506.09,1506.09
2023-08-01,C0111,R03,SMB,Core,1506.09,0,209.93,0,1716.02,0,753.04
2023-01-01,C0112,R03,Mid-Market,Business,38567.49,0,0,0,0,38567.49,38567.49
2023-02-01,C0112,R03,Mid-Market,Business,38567.49,0,0,0,0,38567.49,38567.49
2023-03-01,C0112,R03,Mid-Market,Business,38567.49,0,0,0,0,38567.49,38567.49
2023-04-01,C0112,R03,Mid-Market,Business,38567.49,0,0,0,0,38567.49,38567.49
2023-05-01,C0112,R03,Mid-Market,Business,38567.49,0,0,0,0,38567.49,38567.49
2023-06-01,C0112,R03,Mid-Market,Business,38567.49,0,0,0,0,38567.49,38567.49
2023-07-01,C0112,R03,Mid-Market,Business,38567.49,0,0,0,0,38567.49,38567.49
2023-08-01,C0112,R03,Mid-Market,Business,38567.49,0,2598.41,0,0,41165.9,39866.7
2023-09-01,C0112,R03,Mid-Market,Business,41165.9,0,0,0,0,41165.9,41165.9
2023-10-01,C0112,R03,Mid-Market,Business,41165.9,0,0,0,0,41165.9,41165.9
2023-11-01,C0112,R03,Mid-Market,Business,41165.9,0,0,0,0,41165.9,41165.9
2023-12-01,C0112,R03,Mid-Market,Business,41165.9,0,0,0,0,41165.9,41165.9
2024-01-01,C0112,R03,Mid-Market,Business,41165.9,0,0,0,0,41165.9,41165.9
2024-02-01,C0112,R03,Mid-Market,Business,41165.9,0,0,0,0,41165.9,41165.9
2024-03-01,C0112,R03,Mid-Market,Business,41165.9,0,0,0,0,41165.9,41165.9
2024-04-01,C0112,R03,Mid-Market,Business,41165.9,0,0,0,0,41165.9,41165.9
2024-05-01,C0112,R03,Mid-Market,Business,41165.9,0,0,0,0,41165.9,41165.9
2024-06-01,C0112,R03,Mid-Market,Business,41165.9,0,0,0,0,41165.9,41165.9
2024-07-01,C0112,R03,Mid-Market,Business,41165.9,0,0,0,0,41165.9,41165.9
2024-08-01,C0112,R03,Mid-Market,Business,41165.9,0,2659.63,914.96,0,42910.57,42038.23
2024-09-01,C0112,R03,Mid-Market,Business,42910.57,0,0,0,0,42910.57,42910.57
2024-10-01,C0112,R03,Mid-Market,Business,42910.57,0,0,0,0,42910.57,42910.57
2024-11-01,C0112,R03,Mid-Market,Business,42910.57,0,0,0,0,42910.57,42910.57
2024-12-01,C0112,R03,Mid-Market,Business,42910.57,0,0,0,0,42910.57,42910.57
2025-01-01,C0112,R03,Mid-Market,Business,42910.57,0,0,0,0,42910.57,42910.57
2025-02-01,C0112,R03,Mid-Market,Business,42910.57,0,0,0,0,42910.57,42910.57
2025-03-01,C0112,R03,Mid-Market,Business,42910.57,0,0,0,0,42910.57,42910.57
2025-04-01,C0112,R03,Mid-Market,Business,42910.57,0,0,0,0,42910.57,42910.57
2025-05-01,C0112,R03,Mid-Market,Business,42910.57,0,0,0,0,42910.57,42910.57
2025-06-01,C0112,R03,Mid-Market,Business,42910.57,0,0,0,0,42910.57,42910.57
2025-07-01,C0112,R03,Mid-Market,Business,42910.57,0,0,0,0,42910.57,42910.57
2025-08-01,C0112,R03,Mid-Market,Business,42910.57,0,2499.88,0,0,45410.45,44160.51
2025-09-01,C0112,R03,Mid-Market,Business,45410.45,0,0,0,0,45410.45,45410.45
2025-10-01,C0112,R03,Mid-Market,Business,45410.45,0,0,0,0,45410.45,45410.45
2025-11-01,C0112,R03,Mid-Market,Business,45410.45,0,0,0,0,45410.45,45410.45
2025-12-01,C0112,R03,Mid-Market,Business,45410.45,0,0,0,0,45410.45,45410.45
2026-01-01,C0112,R03,Mid-Market,Business,45410.45,0,0,0,0,45410.45,45410.45
2026-02-01,C0112,R03,Mid-Market,Business,45410.45,0,0,0,0,45410.45,45410.45
2026-03-01,C0112,R03,Mid-Market,Business,45410.45,0,0,0,0,45410.45,45410.45
2026-04-01,C0112,R03,Mid-Market,Business,45410.45,0,0,0,0,45410.45,45410.45
2026-05-01,C0112,R03,Mid-Market,Business,45410.45,0,0,0,0,45410.45,45410.45
2026-06-01,C0112,R03,Mid-Market,Business,45410.45,0,0,0,0,45410.45,45410.45
2023-01-01,C0113,R03,SMB,Core,1569.67,0,0,0,0,1569.67,1569.67
2023-02-01,C0113,R03,SMB,Core,1569.67,0,0,0,0,1569.67,1569.67
2023-03-01,C0113,R03,SMB,Core,1569.67,0,0,0,0,1569.67,1569.67
2023-04-01,C0113,R03,SMB,Core,1569.67,0,0,0,0,1569.67,1569.67
2023-05-01,C0113,R03,SMB,Core,1569.67,0,0,0,0,1569.67,1569.67
2023-06-01,C0113,R03,SMB,Core,1569.67,0,0,0,0,1569.67,1569.67
2023-07-01,C0113,R03,SMB,Core,1569.67,0,0,0,0,1569.67,1569.67
2023-08-01,C0113,R03,SMB,Core,1569.67,0,0,0,0,1569.67,1569.67
2023-09-01,C0113,R03,SMB,Core,1569.67,0,106.18,0,0,1675.85,1622.76
2023-10-01,C0113,R03,SMB,Core,1675.85,0,0,0,0,1675.85,1675.85
2023-11-01,C0113,R03,SMB,Core,1675.85,0,0,0,0,1675.85,1675.85
2023-12-01,C0113,R03,SMB,Core,1675.85,0,0,0,0,1675.85,1675.85
2024-01-01,C0113,R03,SMB,Core,1675.85,0,0,0,0,1675.85,1675.85
2024-02-01,C0113,R03,SMB,Core,1675.85,0,0,0,0,1675.85,1675.85
2024-03-01,C0113,R03,SMB,Core,1675.85,0,0,0,0,1675.85,1675.85
2024-04-01,C0113,R03,SMB,Core,1675.85,0,0,0,0,1675.85,1675.85
2024-05-01,C0113,R03,SMB,Core,1675.85,0,0,0,0,1675.85,1675.85
2024-06-01,C0113,R03,SMB,Core,1675.85,0,0,0,0,1675.85,1675.85
2024-07-01,C0113,R03,SMB,Core,1675.85,0,0,0,0,1675.85,1675.85
2024-08-01,C0113,R03,SMB,Core,1675.85,0,0,0,0,1675.85,1675.85
2024-09-01,C0113,R03,SMB,Core,1675.85,0,129.58,0,0,1805.42,1740.64
2024-10-01,C0113,R03,SMB,Core,1805.42,0,0,0,0,1805.42,1805.42
2024-11-01,C0113,R03,SMB,Core,1805.42,0,0,0,0,1805.42,1805.42
2024-12-01,C0113,R03,SMB,Core,1805.42,0,0,0,0,1805.42,1805.42
2025-01-01,C0113,R03,SMB,Core,1805.42,0,0,0,0,1805.42,1805.42
2025-02-01,C0113,R03,SMB,Core,1805.42,0,0,0,0,1805.42,1805.42
2025-03-01,C0113,R03,SMB,Core,1805.42,0,0,0,0,1805.42,1805.42
2025-04-01,C0113,R03,SMB,Core,1805.42,0,0,0,0,1805.42,1805.42
2025-05-01,C0113,R03,SMB,Core,1805.42,0,0,0,0,1805.42,1805.42
2025-06-01,C0113,R03,SMB,Core,1805.42,0,0,0,0,1805.42,1805.42
2025-07-01,C0113,R03,SMB,Core,1805.42,0,0,0,0,1805.42,1805.42
2025-08-01,C0113,R03,SMB,Core,1805.42,0,0,0,0,1805.42,1805.42
2025-09-01,C0113,R03,SMB,Core,1805.42,0,135.77,0,0,1941.19,1873.31
2025-10-01,C0113,R03,SMB,Core,1941.19,0,0,0,0,1941.19,1941.19
2025-11-01,C0113,R03,SMB,Core,1941.19,0,0,0,0,1941.19,1941.19
2025-12-01,C0113,R03,SMB,Core,1941.19,0,0,0,0,1941.19,1941.19
2026-01-01,C0113,R03,SMB,Core,1941.19,0,0,0,0,1941.19,1941.19
2026-02-01,C0113,R03,SMB,Core,1941.19,0,0,0,0,1941.19,1941.19
2026-03-01,C0113,R03,SMB,Core,1941.19,0,0,0,0,1941.19,1941.19
2026-04-01,C0113,R03,SMB,Core,1941.19,0,0,0,0,1941.19,1941.19
2026-05-01,C0113,R03,SMB,Core,1941.19,0,0,0,0,1941.19,1941.19
2026-06-01,C0113,R03,SMB,Core,1941.19,0,0,0,0,1941.19,1941.19
2023-01-01,C0114,R04,Enterprise,Enterprise Suite,109820.36,0,0,0,0,109820.36,109820.36
2023-02-01,C0114,R04,Enterprise,Enterprise Suite,109820.36,0,3294.61,0,0,113114.98,111467.67
2023-03-01,C0114,R04,Enterprise,Enterprise Suite,113114.98,0,0,0,0,113114.98,113114.98
2023-04-01,C0114,R04,Enterprise,Enterprise Suite,113114.98,0,0,0,0,113114.98,113114.98
2023-05-01,C0114,R04,Enterprise,Enterprise Suite,113114.98,0,0,0,0,113114.98,113114.98
2023-06-01,C0114,R04,Enterprise,Enterprise Suite,113114.98,0,0,0,0,113114.98,113114.98
2023-07-01,C0114,R04,Enterprise,Enterprise Suite,113114.98,0,0,0,0,113114.98,113114.98
2023-08-01,C0114,R04,Enterprise,Enterprise Suite,113114.98,0,0,0,0,113114.98,113114.98
2023-09-01,C0114,R04,Enterprise,Enterprise Suite,113114.98,0,0,0,0,113114.98,113114.98
2023-10-01,C0114,R04,Enterprise,Enterprise Suite,113114.98,0,0,0,0,113114.98,113114.98
2023-11-01,C0114,R04,Enterprise,Enterprise Suite,113114.98,0,0,0,0,113114.98,113114.98
2023-12-01,C0114,R04,Enterprise,Enterprise Suite,113114.98,0,0,0,0,113114.98,113114.98
2024-01-01,C0114,R04,Enterprise,Enterprise Suite,113114.98,0,0,0,0,113114.98,113114.98
2024-02-01,C0114,R04,Enterprise,Enterprise Suite,113114.98,0,10079.79,0,0,123194.77,118154.87
2024-03-01,C0114,R04,Enterprise,Enterprise Suite,123194.77,0,0,0,0,123194.77,123194.77
2024-04-01,C0114,R04,Enterprise,Enterprise Suite,123194.77,0,0,0,0,123194.77,123194.77
2024-05-01,C0114,R04,Enterprise,Enterprise Suite,123194.77,0,0,0,0,123194.77,123194.77
2024-06-01,C0114,R04,Enterprise,Enterprise Suite,123194.77,0,0,0,0,123194.77,123194.77
2024-07-01,C0114,R04,Enterprise,Enterprise Suite,123194.77,0,0,0,0,123194.77,123194.77
2024-08-01,C0114,R04,Enterprise,Enterprise Suite,123194.77,0,0,0,0,123194.77,123194.77
2024-09-01,C0114,R04,Enterprise,Enterprise Suite,123194.77,0,0,0,0,123194.77,123194.77
2024-10-01,C0114,R04,Enterprise,Enterprise Suite,123194.77,0,0,0,0,123194.77,123194.77
2024-11-01,C0114,R04,Enterprise,Enterprise Suite,123194.77,0,0,0,0,123194.77,123194.77
2024-12-01,C0114,R04,Enterprise,Enterprise Suite,123194.77,0,0,0,0,123194.77,123194.77
2025-01-01,C0114,R04,Enterprise,Enterprise Suite,123194.77,0,0,0,0,123194.77,123194.77
2025-02-01,C0114,R04,Enterprise,Enterprise Suite,123194.77,0,6765.57,0,0,129960.34,126577.55
2025-03-01,C0114,R04,Enterprise,Enterprise Suite,129960.34,0,0,0,0,129960.34,129960.34
2025-04-01,C0114,R04,Enterprise,Enterprise Suite,129960.34,0,0,0,0,129960.34,129960.34
2025-05-01,C0114,R04,Enterprise,Enterprise Suite,129960.34,0,0,0,0,129960.34,129960.34
2025-06-01,C0114,R04,Enterprise,Enterprise Suite,129960.34,0,0,0,0,129960.34,129960.34
2025-07-01,C0114,R04,Enterprise,Enterprise Suite,129960.34,0,0,0,0,129960.34,129960.34
2025-08-01,C0114,R04,Enterprise,Enterprise Suite,129960.34,0,0,0,0,129960.34,129960.34
2025-09-01,C0114,R04,Enterprise,Enterprise Suite,129960.34,0,0,0,0,129960.34,129960.34
2025-10-01,C0114,R04,Enterprise,Enterprise Suite,129960.34,0,0,0,0,129960.34,129960.34
2025-11-01,C0114,R04,Enterprise,Enterprise Suite,129960.34,0,0,0,0,129960.34,129960.34
2025-12-01,C0114,R04,Enterprise,Enterprise Suite,129960.34,0,0,0,0,129960.34,129960.34
2026-01-01,C0114,R04,Enterprise,Enterprise Suite,129960.34,0,0,0,0,129960.34,129960.34
2026-02-01,C0114,R04,Enterprise,Enterprise Suite,129960.34,0,11960.19,0,0,141920.53,135940.43
2026-03-01,C0114,R04,Enterprise,Enterprise Suite,141920.53,0,0,0,0,141920.53,141920.53
2026-04-01,C0114,R04,Enterprise,Enterprise Suite,141920.53,0,0,0,0,141920.53,141920.53
2026-05-01,C0114,R04,Enterprise,Enterprise Suite,141920.53,0,0,0,0,141920.53,141920.53
2026-06-01,C0114,R04,Enterprise,Enterprise Suite,141920.53,0,0,0,0,141920.53,141920.53
2023-01-01,C0115,R04,Enterprise,Enterprise Suite,104897.51,0,0,0,0,104897.51,104897.51
2023-02-01,C0115,R04,Enterprise,Enterprise Suite,104897.51,0,0,0,0,104897.51,104897.51
2023-03-01,C0115,R04,Enterprise,Enterprise Suite,104897.51,0,0,0,0,104897.51,104897.51
2023-04-01,C0115,R04,Enterprise,Enterprise Suite,104897.51,0,0,0,0,104897.51,104897.51
2023-05-01,C0115,R04,Enterprise,Enterprise Suite,104897.51,0,9378.4,0,0,114275.91,109586.71
2023-06-01,C0115,R04,Enterprise,Enterprise Suite,114275.91,0,0,0,0,114275.91,114275.91
2023-07-01,C0115,R04,Enterprise,Enterprise Suite,114275.91,0,0,0,0,114275.91,114275.91
2023-08-01,C0115,R04,Enterprise,Enterprise Suite,114275.91,0,0,0,0,114275.91,114275.91
2023-09-01,C0115,R04,Enterprise,Enterprise Suite,114275.91,0,0,0,0,114275.91,114275.91
2023-10-01,C0115,R04,Enterprise,Enterprise Suite,114275.91,0,0,0,0,114275.91,114275.91
2023-11-01,C0115,R04,Enterprise,Enterprise Suite,114275.91,0,0,0,0,114275.91,114275.91
2023-12-01,C0115,R04,Enterprise,Enterprise Suite,114275.91,0,0,0,0,114275.91,114275.91
2024-01-01,C0115,R04,Enterprise,Enterprise Suite,114275.91,0,0,0,0,114275.91,114275.91
2024-02-01,C0115,R04,Enterprise,Enterprise Suite,114275.91,0,0,0,0,114275.91,114275.91
2024-03-01,C0115,R04,Enterprise,Enterprise Suite,114275.91,0,0,0,0,114275.91,114275.91
2024-04-01,C0115,R04,Enterprise,Enterprise Suite,114275.91,0,0,0,0,114275.91,114275.91
2024-05-01,C0115,R04,Enterprise,Enterprise Suite,114275.91,0,3428.28,0,0,117704.18,115990.05
2024-06-01,C0115,R04,Enterprise,Enterprise Suite,117704.18,0,0,0,0,117704.18,117704.18
2024-07-01,C0115,R04,Enterprise,Enterprise Suite,117704.18,0,0,0,0,117704.18,117704.18
2024-08-01,C0115,R04,Enterprise,Enterprise Suite,117704.18,0,0,0,0,117704.18,117704.18
2024-09-01,C0115,R04,Enterprise,Enterprise Suite,117704.18,0,0,0,0,117704.18,117704.18
2024-10-01,C0115,R04,Enterprise,Enterprise Suite,117704.18,0,0,0,0,117704.18,117704.18
2024-11-01,C0115,R04,Enterprise,Enterprise Suite,117704.18,0,0,0,0,117704.18,117704.18
2024-12-01,C0115,R04,Enterprise,Enterprise Suite,117704.18,0,0,0,0,117704.18,117704.18
2025-01-01,C0115,R04,Enterprise,Enterprise Suite,117704.18,0,0,0,0,117704.18,117704.18
2025-02-01,C0115,R04,Enterprise,Enterprise Suite,117704.18,0,0,0,0,117704.18,117704.18
2025-03-01,C0115,R04,Enterprise,Enterprise Suite,117704.18,0,0,0,0,117704.18,117704.18
2025-04-01,C0115,R04,Enterprise,Enterprise Suite,117704.18,0,0,0,0,117704.18,117704.18
2025-05-01,C0115,R04,Enterprise,Enterprise Suite,117704.18,0,13497.64,0,0,131201.82,124453
2025-06-01,C0115,R04,Enterprise,Enterprise Suite,131201.82,0,0,0,0,131201.82,131201.82
2025-07-01,C0115,R04,Enterprise,Enterprise Suite,131201.82,0,0,0,0,131201.82,131201.82
2025-08-01,C0115,R04,Enterprise,Enterprise Suite,131201.82,0,0,0,0,131201.82,131201.82
2025-09-01,C0115,R04,Enterprise,Enterprise Suite,131201.82,0,0,0,0,131201.82,131201.82
2025-10-01,C0115,R04,Enterprise,Enterprise Suite,131201.82,0,0,0,0,131201.82,131201.82
2025-11-01,C0115,R04,Enterprise,Enterprise Suite,131201.82,0,0,0,0,131201.82,131201.82
2025-12-01,C0115,R04,Enterprise,Enterprise Suite,131201.82,0,0,0,0,131201.82,131201.82
2026-01-01,C0115,R04,Enterprise,Enterprise Suite,131201.82,0,0,0,0,131201.82,131201.82
2026-02-01,C0115,R04,Enterprise,Enterprise Suite,131201.82,0,0,0,0,131201.82,131201.82
2026-03-01,C0115,R04,Enterprise,Enterprise Suite,131201.82,0,0,0,0,131201.82,131201.82
2026-04-01,C0115,R04,Enterprise,Enterprise Suite,131201.82,0,0,0,0,131201.82,131201.82
2026-05-01,C0115,R04,Enterprise,Enterprise Suite,131201.82,0,11381.09,0,0,142582.91,136892.37
2026-06-01,C0115,R04,Enterprise,Enterprise Suite,142582.91,0,0,0,0,142582.91,142582.91
2023-02-01,C0116,R02,Mid-Market,Business,0,12996.6,0,0,0,12996.6,6498.3
2023-03-01,C0116,R02,Mid-Market,Business,12996.6,0,0,0,0,12996.6,12996.6
2023-04-01,C0116,R02,Mid-Market,Business,12996.6,0,0,0,0,12996.6,12996.6
2023-05-01,C0116,R02,Mid-Market,Business,12996.6,0,0,0,0,12996.6,12996.6
2023-06-01,C0116,R02,Mid-Market,Business,12996.6,0,0,0,0,12996.6,12996.6
2023-07-01,C0116,R02,Mid-Market,Business,12996.6,0,0,0,0,12996.6,12996.6
2023-08-01,C0116,R02,Mid-Market,Business,12996.6,0,0,0,0,12996.6,12996.6
2023-09-01,C0116,R02,Mid-Market,Business,12996.6,0,0,0,0,12996.6,12996.6
2023-10-01,C0116,R02,Mid-Market,Business,12996.6,0,0,0,0,12996.6,12996.6
2023-11-01,C0116,R02,Mid-Market,Business,12996.6,0,0,0,0,12996.6,12996.6
2023-12-01,C0116,R02,Mid-Market,Business,12996.6,0,0,0,0,12996.6,12996.6
2024-01-01,C0116,R02,Mid-Market,Business,12996.6,0,0,0,0,12996.6,12996.6
2024-02-01,C0116,R02,Mid-Market,Business,12996.6,0,1045.56,133.89,0,13908.27,13452.43
2024-03-01,C0116,R02,Mid-Market,Business,13908.27,0,0,0,0,13908.27,13908.27
2024-04-01,C0116,R02,Mid-Market,Business,13908.27,0,0,0,0,13908.27,13908.27
2024-05-01,C0116,R02,Mid-Market,Business,13908.27,0,0,0,0,13908.27,13908.27
2024-06-01,C0116,R02,Mid-Market,Business,13908.27,0,0,0,0,13908.27,13908.27
2024-07-01,C0116,R02,Mid-Market,Business,13908.27,0,0,0,0,13908.27,13908.27
2024-08-01,C0116,R02,Mid-Market,Business,13908.27,0,0,0,0,13908.27,13908.27
2024-09-01,C0116,R02,Mid-Market,Business,13908.27,0,0,0,0,13908.27,13908.27
2024-10-01,C0116,R02,Mid-Market,Business,13908.27,0,0,0,0,13908.27,13908.27
2024-11-01,C0116,R02,Mid-Market,Business,13908.27,0,0,0,0,13908.27,13908.27
2024-12-01,C0116,R02,Mid-Market,Business,13908.27,0,0,0,0,13908.27,13908.27
2025-01-01,C0116,R02,Mid-Market,Business,13908.27,0,0,0,0,13908.27,13908.27
2025-02-01,C0116,R02,Mid-Market,Business,13908.27,0,961.22,0,0,14869.49,14388.88
2025-03-01,C0116,R02,Mid-Market,Business,14869.49,0,0,0,0,14869.49,14869.49
2025-04-01,C0116,R02,Mid-Market,Business,14869.49,0,0,0,0,14869.49,14869.49
2025-05-01,C0116,R02,Mid-Market,Business,14869.49,0,0,0,0,14869.49,14869.49
2025-06-01,C0116,R02,Mid-Market,Business,14869.49,0,0,0,0,14869.49,14869.49
2025-07-01,C0116,R02,Mid-Market,Business,14869.49,0,0,0,0,14869.49,14869.49
2025-08-01,C0116,R02,Mid-Market,Business,14869.49,0,0,0,0,14869.49,14869.49
2025-09-01,C0116,R02,Mid-Market,Business,14869.49,0,0,0,0,14869.49,14869.49
2025-10-01,C0116,R02,Mid-Market,Business,14869.49,0,0,0,0,14869.49,14869.49
2025-11-01,C0116,R02,Mid-Market,Business,14869.49,0,0,0,0,14869.49,14869.49
2025-12-01,C0116,R02,Mid-Market,Business,14869.49,0,0,0,0,14869.49,14869.49
2026-01-01,C0116,R02,Mid-Market,Business,14869.49,0,0,0,0,14869.49,14869.49
2026-02-01,C0116,R02,Mid-Market,Business,14869.49,0,1104.53,930.92,0,15043.09,14956.29
2026-03-01,C0116,R02,Mid-Market,Business,15043.09,0,0,0,0,15043.09,15043.09
2026-04-01,C0116,R02,Mid-Market,Business,15043.09,0,0,0,0,15043.09,15043.09
2026-05-01,C0116,R02,Mid-Market,Business,15043.09,0,0,0,0,15043.09,15043.09
2026-06-01,C0116,R02,Mid-Market,Business,15043.09,0,0,0,0,15043.09,15043.09
2023-01-01,C0117,R01,Mid-Market,Business,14791.56,0,0,0,0,14791.56,14791.56
2023-02-01,C0117,R01,Mid-Market,Business,14791.56,0,0,0,0,14791.56,14791.56
2023-03-01,C0117,R01,Mid-Market,Business,14791.56,0,0,0,0,14791.56,14791.56
2023-04-01,C0117,R01,Mid-Market,Business,14791.56,0,0,0,0,14791.56,14791.56
2023-05-01,C0117,R01,Mid-Market,Business,14791.56,0,0,0,0,14791.56,14791.56
2023-06-01,C0117,R01,Mid-Market,Business,14791.56,0,0,0,0,14791.56,14791.56
2023-07-01,C0117,R01,Mid-Market,Business,14791.56,0,0,0,0,14791.56,14791.56
2023-08-01,C0117,R01,Mid-Market,Business,14791.56,0,0,0,0,14791.56,14791.56
2023-09-01,C0117,R01,Mid-Market,Business,14791.56,0,0,0,0,14791.56,14791.56
2023-10-01,C0117,R01,Mid-Market,Business,14791.56,0,0,0,0,14791.56,14791.56
2023-11-01,C0117,R01,Mid-Market,Business,14791.56,0,0,0,0,14791.56,14791.56
2023-12-01,C0117,R01,Mid-Market,Business,14791.56,0,1287.32,0,0,16078.88,15435.22
2024-01-01,C0117,R01,Mid-Market,Business,16078.88,0,0,0,0,16078.88,16078.88
2024-02-01,C0117,R01,Mid-Market,Business,16078.88,0,0,0,0,16078.88,16078.88
2024-03-01,C0117,R01,Mid-Market,Business,16078.88,0,0,0,0,16078.88,16078.88
2024-04-01,C0117,R01,Mid-Market,Business,16078.88,0,0,0,0,16078.88,16078.88
2024-05-01,C0117,R01,Mid-Market,Business,16078.88,0,0,0,0,16078.88,16078.88
2024-06-01,C0117,R01,Mid-Market,Business,16078.88,0,0,0,0,16078.88,16078.88
2024-07-01,C0117,R01,Mid-Market,Business,16078.88,0,0,0,0,16078.88,16078.88
2024-08-01,C0117,R01,Mid-Market,Business,16078.88,0,0,0,0,16078.88,16078.88
2024-09-01,C0117,R01,Mid-Market,Business,16078.88,0,0,0,0,16078.88,16078.88
2024-10-01,C0117,R01,Mid-Market,Business,16078.88,0,0,0,0,16078.88,16078.88
2024-11-01,C0117,R01,Mid-Market,Business,16078.88,0,0,0,0,16078.88,16078.88
2024-12-01,C0117,R01,Mid-Market,Business,16078.88,0,482.37,0,0,16561.25,16320.06
2025-01-01,C0117,R01,Mid-Market,Business,16561.25,0,0,0,0,16561.25,16561.25
2025-02-01,C0117,R01,Mid-Market,Business,16561.25,0,0,0,0,16561.25,16561.25
2025-03-01,C0117,R01,Mid-Market,Business,16561.25,0,0,0,0,16561.25,16561.25
2025-04-01,C0117,R01,Mid-Market,Business,16561.25,0,0,0,0,16561.25,16561.25
2025-05-01,C0117,R01,Mid-Market,Business,16561.25,0,0,0,0,16561.25,16561.25
2025-06-01,C0117,R01,Mid-Market,Business,16561.25,0,0,0,0,16561.25,16561.25
2025-07-01,C0117,R01,Mid-Market,Business,16561.25,0,0,0,0,16561.25,16561.25
2025-08-01,C0117,R01,Mid-Market,Business,16561.25,0,0,0,0,16561.25,16561.25
2025-09-01,C0117,R01,Mid-Market,Business,16561.25,0,0,0,0,16561.25,16561.25
2025-10-01,C0117,R01,Mid-Market,Business,16561.25,0,0,0,0,16561.25,16561.25
2025-11-01,C0117,R01,Mid-Market,Business,16561.25,0,0,0,0,16561.25,16561.25
2025-12-01,C0117,R01,Mid-Market,Business,16561.25,0,852.04,0,0,17413.29,16987.27
2026-01-01,C0117,R01,Mid-Market,Business,17413.29,0,0,0,0,17413.29,17413.29
2026-02-01,C0117,R01,Mid-Market,Business,17413.29,0,0,0,0,17413.29,17413.29
2026-03-01,C0117,R01,Mid-Market,Business,17413.29,0,0,0,0,17413.29,17413.29
2026-04-01,C0117,R01,Mid-Market,Business,17413.29,0,0,0,0,17413.29,17413.29
2026-05-01,C0117,R01,Mid-Market,Business,17413.29,0,0,0,0,17413.29,17413.29
2026-06-01,C0117,R01,Mid-Market,Business,17413.29,0,0,0,0,17413.29,17413.29
2023-01-01,C0118,R01,Enterprise,Enterprise Suite,61512.86,0,0,0,0,61512.86,61512.86
2023-02-01,C0118,R01,Enterprise,Enterprise Suite,61512.86,0,0,0,0,61512.86,61512.86
2023-03-01,C0118,R01,Enterprise,Enterprise Suite,61512.86,0,0,0,0,61512.86,61512.86
2023-04-01,C0118,R01,Enterprise,Enterprise Suite,61512.86,0,0,0,0,61512.86,61512.86
2023-05-01,C0118,R01,Enterprise,Enterprise Suite,61512.86,0,0,0,0,61512.86,61512.86
2023-06-01,C0118,R01,Enterprise,Enterprise Suite,61512.86,0,1845.39,0,0,63358.25,62435.56
2023-07-01,C0118,R01,Enterprise,Enterprise Suite,63358.25,0,0,0,0,63358.25,63358.25
2023-08-01,C0118,R01,Enterprise,Enterprise Suite,63358.25,0,0,0,0,63358.25,63358.25
2023-09-01,C0118,R01,Enterprise,Enterprise Suite,63358.25,0,0,0,0,63358.25,63358.25
2023-10-01,C0118,R01,Enterprise,Enterprise Suite,63358.25,0,0,0,0,63358.25,63358.25
2023-11-01,C0118,R01,Enterprise,Enterprise Suite,63358.25,0,0,0,0,63358.25,63358.25
2023-12-01,C0118,R01,Enterprise,Enterprise Suite,63358.25,0,0,0,0,63358.25,63358.25
2024-01-01,C0118,R01,Enterprise,Enterprise Suite,63358.25,0,0,0,0,63358.25,63358.25
2024-02-01,C0118,R01,Enterprise,Enterprise Suite,63358.25,0,0,0,0,63358.25,63358.25
2024-03-01,C0118,R01,Enterprise,Enterprise Suite,63358.25,0,0,0,0,63358.25,63358.25
2024-04-01,C0118,R01,Enterprise,Enterprise Suite,63358.25,0,0,0,0,63358.25,63358.25
2024-05-01,C0118,R01,Enterprise,Enterprise Suite,63358.25,0,0,0,0,63358.25,63358.25
2024-06-01,C0118,R01,Enterprise,Enterprise Suite,63358.25,0,1900.75,0,0,65259,64308.62
2024-07-01,C0118,R01,Enterprise,Enterprise Suite,65259,0,0,0,0,65259,65259
2024-08-01,C0118,R01,Enterprise,Enterprise Suite,65259,0,0,0,0,65259,65259
2024-09-01,C0118,R01,Enterprise,Enterprise Suite,65259,0,0,0,0,65259,65259
2024-10-01,C0118,R01,Enterprise,Enterprise Suite,65259,0,0,0,0,65259,65259
2024-11-01,C0118,R01,Enterprise,Enterprise Suite,65259,0,0,0,0,65259,65259
2024-12-01,C0118,R01,Enterprise,Enterprise Suite,65259,0,0,0,0,65259,65259
2025-01-01,C0118,R01,Enterprise,Enterprise Suite,65259,0,0,0,0,65259,65259
2025-02-01,C0118,R01,Enterprise,Enterprise Suite,65259,0,0,0,0,65259,65259
2025-03-01,C0118,R01,Enterprise,Enterprise Suite,65259,0,0,0,0,65259,65259
2025-04-01,C0118,R01,Enterprise,Enterprise Suite,65259,0,0,0,0,65259,65259
2025-05-01,C0118,R01,Enterprise,Enterprise Suite,65259,0,0,0,0,65259,65259
2025-06-01,C0118,R01,Enterprise,Enterprise Suite,65259,0,1957.77,0,0,67216.77,66237.88
2025-07-01,C0118,R01,Enterprise,Enterprise Suite,67216.77,0,0,0,0,67216.77,67216.77
2025-08-01,C0118,R01,Enterprise,Enterprise Suite,67216.77,0,0,0,0,67216.77,67216.77
2025-09-01,C0118,R01,Enterprise,Enterprise Suite,67216.77,0,0,0,0,67216.77,67216.77
2025-10-01,C0118,R01,Enterprise,Enterprise Suite,67216.77,0,0,0,0,67216.77,67216.77
2025-11-01,C0118,R01,Enterprise,Enterprise Suite,67216.77,0,0,0,0,67216.77,67216.77
2025-12-01,C0118,R01,Enterprise,Enterprise Suite,67216.77,0,0,0,0,67216.77,67216.77
2026-01-01,C0118,R01,Enterprise,Enterprise Suite,67216.77,0,0,0,0,67216.77,67216.77
2026-02-01,C0118,R01,Enterprise,Enterprise Suite,67216.77,0,0,0,0,67216.77,67216.77
2026-03-01,C0118,R01,Enterprise,Enterprise Suite,67216.77,0,0,0,0,67216.77,67216.77
2026-04-01,C0118,R01,Enterprise,Enterprise Suite,67216.77,0,0,0,0,67216.77,67216.77
2026-05-01,C0118,R01,Enterprise,Enterprise Suite,67216.77,0,0,0,0,67216.77,67216.77
2026-06-01,C0118,R01,Enterprise,Enterprise Suite,67216.77,0,7464.71,0,0,74681.48,70949.12
2023-01-01,C0119,R01,Enterprise,Enterprise Suite,71795.12,0,0,0,0,71795.12,71795.12
2023-02-01,C0119,R01,Enterprise,Enterprise Suite,71795.12,0,0,0,0,71795.12,71795.12
2023-03-01,C0119,R01,Enterprise,Enterprise Suite,71795.12,0,0,0,0,71795.12,71795.12
2023-04-01,C0119,R01,Enterprise,Enterprise Suite,71795.12,0,0,0,0,71795.12,71795.12
2023-05-01,C0119,R01,Enterprise,Enterprise Suite,71795.12,0,0,0,0,71795.12,71795.12
2023-06-01,C0119,R01,Enterprise,Enterprise Suite,71795.12,0,0,0,0,71795.12,71795.12
2023-07-01,C0119,R01,Enterprise,Enterprise Suite,71795.12,0,0,0,0,71795.12,71795.12
2023-08-01,C0119,R01,Enterprise,Enterprise Suite,71795.12,0,0,0,0,71795.12,71795.12
2023-09-01,C0119,R01,Enterprise,Enterprise Suite,71795.12,0,0,0,0,71795.12,71795.12
2023-10-01,C0119,R01,Enterprise,Enterprise Suite,71795.12,0,0,0,0,71795.12,71795.12
2023-11-01,C0119,R01,Enterprise,Enterprise Suite,71795.12,0,0,0,0,71795.12,71795.12
2023-12-01,C0119,R01,Enterprise,Enterprise Suite,71795.12,0,5551.09,0,0,77346.21,74570.66
2024-01-01,C0119,R01,Enterprise,Enterprise Suite,77346.21,0,0,0,0,77346.21,77346.21
2024-02-01,C0119,R01,Enterprise,Enterprise Suite,77346.21,0,0,0,0,77346.21,77346.21
2024-03-01,C0119,R01,Enterprise,Enterprise Suite,77346.21,0,0,0,0,77346.21,77346.21
2024-04-01,C0119,R01,Enterprise,Enterprise Suite,77346.21,0,0,0,0,77346.21,77346.21
2024-05-01,C0119,R01,Enterprise,Enterprise Suite,77346.21,0,0,0,0,77346.21,77346.21
2024-06-01,C0119,R01,Enterprise,Enterprise Suite,77346.21,0,0,0,0,77346.21,77346.21
2024-07-01,C0119,R01,Enterprise,Enterprise Suite,77346.21,0,0,0,0,77346.21,77346.21
2024-08-01,C0119,R01,Enterprise,Enterprise Suite,77346.21,0,0,0,0,77346.21,77346.21
2024-09-01,C0119,R01,Enterprise,Enterprise Suite,77346.21,0,0,0,0,77346.21,77346.21
2024-10-01,C0119,R01,Enterprise,Enterprise Suite,77346.21,0,0,0,0,77346.21,77346.21
2024-11-01,C0119,R01,Enterprise,Enterprise Suite,77346.21,0,0,0,0,77346.21,77346.21
2024-12-01,C0119,R01,Enterprise,Enterprise Suite,77346.21,0,2320.39,2941.95,0,76724.65,77035.43
2025-01-01,C0119,R01,Enterprise,Enterprise Suite,76724.65,0,0,0,0,76724.65,76724.65
2025-02-01,C0119,R01,Enterprise,Enterprise Suite,76724.65,0,0,0,0,76724.65,76724.65
2025-03-01,C0119,R01,Enterprise,Enterprise Suite,76724.65,0,0,0,0,76724.65,76724.65
2025-04-01,C0119,R01,Enterprise,Enterprise Suite,76724.65,0,0,0,0,76724.65,76724.65
2025-05-01,C0119,R01,Enterprise,Enterprise Suite,76724.65,0,0,0,0,76724.65,76724.65
2025-06-01,C0119,R01,Enterprise,Enterprise Suite,76724.65,0,0,0,0,76724.65,76724.65
2025-07-01,C0119,R01,Enterprise,Enterprise Suite,76724.65,0,0,0,0,76724.65,76724.65
2025-08-01,C0119,R01,Enterprise,Enterprise Suite,76724.65,0,0,0,0,76724.65,76724.65
2025-09-01,C0119,R01,Enterprise,Enterprise Suite,76724.65,0,0,0,0,76724.65,76724.65
2025-10-01,C0119,R01,Enterprise,Enterprise Suite,76724.65,0,0,0,0,76724.65,76724.65
2025-11-01,C0119,R01,Enterprise,Enterprise Suite,76724.65,0,0,0,0,76724.65,76724.65
2025-12-01,C0119,R01,Enterprise,Enterprise Suite,76724.65,0,7577.6,0,0,84302.25,80513.45
2026-01-01,C0119,R01,Enterprise,Enterprise Suite,84302.25,0,0,0,0,84302.25,84302.25
2026-02-01,C0119,R01,Enterprise,Enterprise Suite,84302.25,0,0,0,0,84302.25,84302.25
2026-03-01,C0119,R01,Enterprise,Enterprise Suite,84302.25,0,0,0,0,84302.25,84302.25
2026-04-01,C0119,R01,Enterprise,Enterprise Suite,84302.25,0,0,0,0,84302.25,84302.25
2026-05-01,C0119,R01,Enterprise,Enterprise Suite,84302.25,0,0,0,0,84302.25,84302.25
2026-06-01,C0119,R01,Enterprise,Enterprise Suite,84302.25,0,0,0,0,84302.25,84302.25
2023-01-01,C0120,R04,Enterprise,Enterprise Suite,94693.49,0,0,0,0,94693.49,94693.49
2023-02-01,C0120,R04,Enterprise,Enterprise Suite,94693.49,0,0,0,0,94693.49,94693.49
2023-03-01,C0120,R04,Enterprise,Enterprise Suite,94693.49,0,0,0,0,94693.49,94693.49
2023-04-01,C0120,R04,Enterprise,Enterprise Suite,94693.49,0,0,0,0,94693.49,94693.49
2023-05-01,C0120,R04,Enterprise,Enterprise Suite,94693.49,0,7990.29,0,0,102683.78,98688.63
2023-06-01,C0120,R04,Enterprise,Enterprise Suite,102683.78,0,0,0,0,102683.78,102683.78
2023-07-01,C0120,R04,Enterprise,Enterprise Suite,102683.78,0,0,0,0,102683.78,102683.78
2023-08-01,C0120,R04,Enterprise,Enterprise Suite,102683.78,0,0,0,0,102683.78,102683.78
2023-09-01,C0120,R04,Enterprise,Enterprise Suite,102683.78,0,0,0,0,102683.78,102683.78
2023-10-01,C0120,R04,Enterprise,Enterprise Suite,102683.78,0,0,0,0,102683.78,102683.78
2023-11-01,C0120,R04,Enterprise,Enterprise Suite,102683.78,0,0,0,0,102683.78,102683.78
2023-12-01,C0120,R04,Enterprise,Enterprise Suite,102683.78,0,0,0,0,102683.78,102683.78
2024-01-01,C0120,R04,Enterprise,Enterprise Suite,102683.78,0,0,0,0,102683.78,102683.78
2024-02-01,C0120,R04,Enterprise,Enterprise Suite,102683.78,0,0,0,0,102683.78,102683.78
2024-03-01,C0120,R04,Enterprise,Enterprise Suite,102683.78,0,0,0,0,102683.78,102683.78
2024-04-01,C0120,R04,Enterprise,Enterprise Suite,102683.78,0,0,0,0,102683.78,102683.78
2024-05-01,C0120,R04,Enterprise,Enterprise Suite,102683.78,0,9559.77,0,0,112243.54,107463.66
2024-06-01,C0120,R04,Enterprise,Enterprise Suite,112243.54,0,0,0,0,112243.54,112243.54
2024-07-01,C0120,R04,Enterprise,Enterprise Suite,112243.54,0,0,0,0,112243.54,112243.54
2024-08-01,C0120,R04,Enterprise,Enterprise Suite,112243.54,0,0,0,0,112243.54,112243.54
2024-09-01,C0120,R04,Enterprise,Enterprise Suite,112243.54,0,0,0,0,112243.54,112243.54
2024-10-01,C0120,R04,Enterprise,Enterprise Suite,112243.54,0,0,0,0,112243.54,112243.54
2024-11-01,C0120,R04,Enterprise,Enterprise Suite,112243.54,0,0,0,0,112243.54,112243.54
2024-12-01,C0120,R04,Enterprise,Enterprise Suite,112243.54,0,0,0,0,112243.54,112243.54
2025-01-01,C0120,R04,Enterprise,Enterprise Suite,112243.54,0,0,0,0,112243.54,112243.54
2025-02-01,C0120,R04,Enterprise,Enterprise Suite,112243.54,0,0,0,0,112243.54,112243.54
2025-03-01,C0120,R04,Enterprise,Enterprise Suite,112243.54,0,0,0,0,112243.54,112243.54
2025-04-01,C0120,R04,Enterprise,Enterprise Suite,112243.54,0,0,0,0,112243.54,112243.54
2025-05-01,C0120,R04,Enterprise,Enterprise Suite,112243.54,0,6927.4,0,0,119170.94,115707.24
2025-06-01,C0120,R04,Enterprise,Enterprise Suite,119170.94,0,0,0,0,119170.94,119170.94
2025-07-01,C0120,R04,Enterprise,Enterprise Suite,119170.94,0,0,0,0,119170.94,119170.94
2025-08-01,C0120,R04,Enterprise,Enterprise Suite,119170.94,0,0,0,0,119170.94,119170.94
2025-09-01,C0120,R04,Enterprise,Enterprise Suite,119170.94,0,0,0,0,119170.94,119170.94
2025-10-01,C0120,R04,Enterprise,Enterprise Suite,119170.94,0,0,0,0,119170.94,119170.94
2025-11-01,C0120,R04,Enterprise,Enterprise Suite,119170.94,0,0,0,0,119170.94,119170.94
2025-12-01,C0120,R04,Enterprise,Enterprise Suite,119170.94,0,0,0,0,119170.94,119170.94
2026-01-01,C0120,R04,Enterprise,Enterprise Suite,119170.94,0,0,0,0,119170.94,119170.94
2026-02-01,C0120,R04,Enterprise,Enterprise Suite,119170.94,0,0,0,0,119170.94,119170.94
2026-03-01,C0120,R04,Enterprise,Enterprise Suite,119170.94,0,0,0,0,119170.94,119170.94
2026-04-01,C0120,R04,Enterprise,Enterprise Suite,119170.94,0,0,0,0,119170.94,119170.94
2026-05-01,C0120,R04,Enterprise,Enterprise Suite,119170.94,0,9176.46,0,0,128347.4,123759.17
2026-06-01,C0120,R04,Enterprise,Enterprise Suite,128347.4,0,0,0,0,128347.4,128347.4
2025-11-01,C0121,R02,Mid-Market,Business,0,7772.38,0,0,0,7772.38,3886.19
2025-12-01,C0121,R02,Mid-Market,Business,7772.38,0,0,0,0,7772.38,7772.38
2026-01-01,C0121,R02,Mid-Market,Business,7772.38,0,0,0,0,7772.38,7772.38
2026-02-01,C0121,R02,Mid-Market,Business,7772.38,0,0,0,0,7772.38,7772.38
2026-03-01,C0121,R02,Mid-Market,Business,7772.38,0,0,0,0,7772.38,7772.38
2026-04-01,C0121,R02,Mid-Market,Business,7772.38,0,0,0,0,7772.38,7772.38
2026-05-01,C0121,R02,Mid-Market,Business,7772.38,0,0,0,0,7772.38,7772.38
2026-06-01,C0121,R02,Mid-Market,Business,7772.38,0,0,0,0,7772.38,7772.38
2023-01-01,C0122,R01,Mid-Market,Business,14360.32,0,0,0,0,14360.32,14360.32
2023-02-01,C0122,R01,Mid-Market,Business,14360.32,0,0,0,0,14360.32,14360.32
2023-03-01,C0122,R01,Mid-Market,Business,14360.32,0,0,0,0,14360.32,14360.32
2023-04-01,C0122,R01,Mid-Market,Business,14360.32,0,0,0,0,14360.32,14360.32
2023-05-01,C0122,R01,Mid-Market,Business,14360.32,0,0,0,0,14360.32,14360.32
2023-06-01,C0122,R01,Mid-Market,Business,14360.32,0,0,0,0,14360.32,14360.32
2023-07-01,C0122,R01,Mid-Market,Business,14360.32,0,0,0,0,14360.32,14360.32
2023-08-01,C0122,R01,Mid-Market,Business,14360.32,0,0,0,0,14360.32,14360.32
2023-09-01,C0122,R01,Mid-Market,Business,14360.32,0,0,0,0,14360.32,14360.32
2023-10-01,C0122,R01,Mid-Market,Business,14360.32,0,0,0,0,14360.32,14360.32
2023-11-01,C0122,R01,Mid-Market,Business,14360.32,0,0,0,0,14360.32,14360.32
2023-12-01,C0122,R01,Mid-Market,Business,14360.32,0,1322.81,0,0,15683.13,15021.73
2024-01-01,C0122,R01,Mid-Market,Business,15683.13,0,0,0,0,15683.13,15683.13
2024-02-01,C0122,R01,Mid-Market,Business,15683.13,0,0,0,0,15683.13,15683.13
2024-03-01,C0122,R01,Mid-Market,Business,15683.13,0,0,0,0,15683.13,15683.13
2024-04-01,C0122,R01,Mid-Market,Business,15683.13,0,0,0,0,15683.13,15683.13
2024-05-01,C0122,R01,Mid-Market,Business,15683.13,0,0,0,0,15683.13,15683.13
2024-06-01,C0122,R01,Mid-Market,Business,15683.13,0,0,0,0,15683.13,15683.13
2024-07-01,C0122,R01,Mid-Market,Business,15683.13,0,0,0,0,15683.13,15683.13
2024-08-01,C0122,R01,Mid-Market,Business,15683.13,0,0,0,0,15683.13,15683.13
2024-09-01,C0122,R01,Mid-Market,Business,15683.13,0,0,0,0,15683.13,15683.13
2024-10-01,C0122,R01,Mid-Market,Business,15683.13,0,0,0,0,15683.13,15683.13
2024-11-01,C0122,R01,Mid-Market,Business,15683.13,0,0,0,0,15683.13,15683.13
2024-12-01,C0122,R01,Mid-Market,Business,15683.13,0,929.21,0,0,16612.35,16147.74
2025-01-01,C0122,R01,Mid-Market,Business,16612.35,0,0,0,0,16612.35,16612.35
2025-02-01,C0122,R01,Mid-Market,Business,16612.35,0,0,0,0,16612.35,16612.35
2025-03-01,C0122,R01,Mid-Market,Business,16612.35,0,0,0,0,16612.35,16612.35
2025-04-01,C0122,R01,Mid-Market,Business,16612.35,0,0,0,0,16612.35,16612.35
2025-05-01,C0122,R01,Mid-Market,Business,16612.35,0,0,0,0,16612.35,16612.35
2025-06-01,C0122,R01,Mid-Market,Business,16612.35,0,0,0,0,16612.35,16612.35
2025-07-01,C0122,R01,Mid-Market,Business,16612.35,0,0,0,0,16612.35,16612.35
2025-08-01,C0122,R01,Mid-Market,Business,16612.35,0,0,0,0,16612.35,16612.35
2025-09-01,C0122,R01,Mid-Market,Business,16612.35,0,0,0,0,16612.35,16612.35
2025-10-01,C0122,R01,Mid-Market,Business,16612.35,0,0,0,0,16612.35,16612.35
2025-11-01,C0122,R01,Mid-Market,Business,16612.35,0,0,0,0,16612.35,16612.35
2025-12-01,C0122,R01,Mid-Market,Business,16612.35,0,1028.38,0,0,17640.72,17126.54
2026-01-01,C0122,R01,Mid-Market,Business,17640.72,0,0,0,0,17640.72,17640.72
2026-02-01,C0122,R01,Mid-Market,Business,17640.72,0,0,0,0,17640.72,17640.72
2026-03-01,C0122,R01,Mid-Market,Business,17640.72,0,0,0,0,17640.72,17640.72
2026-04-01,C0122,R01,Mid-Market,Business,17640.72,0,0,0,0,17640.72,17640.72
2026-05-01,C0122,R01,Mid-Market,Business,17640.72,0,0,0,0,17640.72,17640.72
2026-06-01,C0122,R01,Mid-Market,Business,17640.72,0,0,0,0,17640.72,17640.72
2023-01-01,C0123,R01,Mid-Market,Business,23102.77,0,0,0,0,23102.77,23102.77
2023-02-01,C0123,R01,Mid-Market,Business,23102.77,0,0,0,0,23102.77,23102.77
2023-03-01,C0123,R01,Mid-Market,Business,23102.77,0,0,0,0,23102.77,23102.77
2023-04-01,C0123,R01,Mid-Market,Business,23102.77,0,0,0,0,23102.77,23102.77
2023-05-01,C0123,R01,Mid-Market,Business,23102.77,0,693.08,1100.4,0,22695.45,22899.11
2023-06-01,C0123,R01,Mid-Market,Business,22695.45,0,0,0,0,22695.45,22695.45
2023-07-01,C0123,R01,Mid-Market,Business,22695.45,0,0,0,0,22695.45,22695.45
2023-08-01,C0123,R01,Mid-Market,Business,22695.45,0,0,0,0,22695.45,22695.45
2023-09-01,C0123,R01,Mid-Market,Business,22695.45,0,0,0,0,22695.45,22695.45
2023-10-01,C0123,R01,Mid-Market,Business,22695.45,0,0,0,0,22695.45,22695.45
2023-11-01,C0123,R01,Mid-Market,Business,22695.45,0,0,0,0,22695.45,22695.45
2023-12-01,C0123,R01,Mid-Market,Business,22695.45,0,0,0,0,22695.45,22695.45
2024-01-01,C0123,R01,Mid-Market,Business,22695.45,0,0,0,0,22695.45,22695.45
2024-02-01,C0123,R01,Mid-Market,Business,22695.45,0,0,0,0,22695.45,22695.45
2024-03-01,C0123,R01,Mid-Market,Business,22695.45,0,0,0,0,22695.45,22695.45
2024-04-01,C0123,R01,Mid-Market,Business,22695.45,0,0,0,0,22695.45,22695.45
2024-05-01,C0123,R01,Mid-Market,Business,22695.45,0,1946.27,0,0,24641.73,23668.59
2024-06-01,C0123,R01,Mid-Market,Business,24641.73,0,0,0,0,24641.73,24641.73
2024-07-01,C0123,R01,Mid-Market,Business,24641.73,0,0,0,0,24641.73,24641.73
2024-08-01,C0123,R01,Mid-Market,Business,24641.73,0,0,0,0,24641.73,24641.73
2024-09-01,C0123,R01,Mid-Market,Business,24641.73,0,0,0,0,24641.73,24641.73
2024-10-01,C0123,R01,Mid-Market,Business,24641.73,0,0,0,0,24641.73,24641.73
2024-11-01,C0123,R01,Mid-Market,Business,24641.73,0,0,0,0,24641.73,24641.73
2024-12-01,C0123,R01,Mid-Market,Business,24641.73,0,0,0,0,24641.73,24641.73
2025-01-01,C0123,R01,Mid-Market,Business,24641.73,0,0,0,0,24641.73,24641.73
2025-02-01,C0123,R01,Mid-Market,Business,24641.73,0,0,0,0,24641.73,24641.73
2025-03-01,C0123,R01,Mid-Market,Business,24641.73,0,0,0,0,24641.73,24641.73
2025-04-01,C0123,R01,Mid-Market,Business,24641.73,0,0,0,0,24641.73,24641.73
2025-05-01,C0123,R01,Mid-Market,Business,24641.73,0,1141.13,0,0,25782.85,25212.29
2025-06-01,C0123,R01,Mid-Market,Business,25782.85,0,0,0,0,25782.85,25782.85
2025-07-01,C0123,R01,Mid-Market,Business,25782.85,0,0,0,0,25782.85,25782.85
2025-08-01,C0123,R01,Mid-Market,Business,25782.85,0,0,0,0,25782.85,25782.85
2025-09-01,C0123,R01,Mid-Market,Business,25782.85,0,0,0,0,25782.85,25782.85
2025-10-01,C0123,R01,Mid-Market,Business,25782.85,0,0,0,0,25782.85,25782.85
2025-11-01,C0123,R01,Mid-Market,Business,25782.85,0,0,0,0,25782.85,25782.85
2025-12-01,C0123,R01,Mid-Market,Business,25782.85,0,0,0,0,25782.85,25782.85
2026-01-01,C0123,R01,Mid-Market,Business,25782.85,0,0,0,0,25782.85,25782.85
2026-02-01,C0123,R01,Mid-Market,Business,25782.85,0,0,0,0,25782.85,25782.85
2026-03-01,C0123,R01,Mid-Market,Business,25782.85,0,0,0,0,25782.85,25782.85
2026-04-01,C0123,R01,Mid-Market,Business,25782.85,0,0,0,0,25782.85,25782.85
2026-05-01,C0123,R01,Mid-Market,Business,25782.85,0,2923.36,1023.7,0,27682.51,26732.68
2026-06-01,C0123,R01,Mid-Market,Business,27682.51,0,0,0,0,27682.51,27682.51
2023-01-01,C0124,R02,SMB,Core,3944.26,0,118.33,0,0,4062.58,4003.42
2023-02-01,C0124,R02,SMB,Core,4062.58,0,0,0,0,4062.58,4062.58
2023-03-01,C0124,R02,SMB,Core,4062.58,0,0,0,0,4062.58,4062.58
2023-04-01,C0124,R02,SMB,Core,4062.58,0,0,0,0,4062.58,4062.58
2023-05-01,C0124,R02,SMB,Core,4062.58,0,0,0,0,4062.58,4062.58
2023-06-01,C0124,R02,SMB,Core,4062.58,0,0,0,0,4062.58,4062.58
2023-07-01,C0124,R02,SMB,Core,4062.58,0,0,0,0,4062.58,4062.58
2023-08-01,C0124,R02,SMB,Core,4062.58,0,0,0,0,4062.58,4062.58
2023-09-01,C0124,R02,SMB,Core,4062.58,0,0,0,0,4062.58,4062.58
2023-10-01,C0124,R02,SMB,Core,4062.58,0,0,0,0,4062.58,4062.58
2023-11-01,C0124,R02,SMB,Core,4062.58,0,0,0,0,4062.58,4062.58
2023-12-01,C0124,R02,SMB,Core,4062.58,0,0,0,0,4062.58,4062.58
2024-01-01,C0124,R02,SMB,Core,4062.58,0,405.88,0,0,4468.46,4265.52
2024-02-01,C0124,R02,SMB,Core,4468.46,0,0,0,0,4468.46,4468.46
2024-03-01,C0124,R02,SMB,Core,4468.46,0,0,0,0,4468.46,4468.46
2024-04-01,C0124,R02,SMB,Core,4468.46,0,0,0,0,4468.46,4468.46
2024-05-01,C0124,R02,SMB,Core,4468.46,0,0,0,0,4468.46,4468.46
2024-06-01,C0124,R02,SMB,Core,4468.46,0,0,0,0,4468.46,4468.46
2024-07-01,C0124,R02,SMB,Core,4468.46,0,0,0,0,4468.46,4468.46
2024-08-01,C0124,R02,SMB,Core,4468.46,0,0,0,0,4468.46,4468.46
2024-09-01,C0124,R02,SMB,Core,4468.46,0,0,0,0,4468.46,4468.46
2024-10-01,C0124,R02,SMB,Core,4468.46,0,0,0,0,4468.46,4468.46
2024-11-01,C0124,R02,SMB,Core,4468.46,0,0,0,0,4468.46,4468.46
2024-12-01,C0124,R02,SMB,Core,4468.46,0,0,0,0,4468.46,4468.46
2025-01-01,C0124,R02,SMB,Core,4468.46,0,134.05,0,0,4602.52,4535.49
2025-02-01,C0124,R02,SMB,Core,4602.52,0,0,0,0,4602.52,4602.52
2025-03-01,C0124,R02,SMB,Core,4602.52,0,0,0,0,4602.52,4602.52
2025-04-01,C0124,R02,SMB,Core,4602.52,0,0,0,0,4602.52,4602.52
2025-05-01,C0124,R02,SMB,Core,4602.52,0,0,0,0,4602.52,4602.52
2025-06-01,C0124,R02,SMB,Core,4602.52,0,0,0,0,4602.52,4602.52
2025-07-01,C0124,R02,SMB,Core,4602.52,0,0,0,0,4602.52,4602.52
2025-08-01,C0124,R02,SMB,Core,4602.52,0,0,0,0,4602.52,4602.52
2025-09-01,C0124,R02,SMB,Core,4602.52,0,0,0,0,4602.52,4602.52
2025-10-01,C0124,R02,SMB,Core,4602.52,0,0,0,0,4602.52,4602.52
2025-11-01,C0124,R02,SMB,Core,4602.52,0,0,0,0,4602.52,4602.52
2025-12-01,C0124,R02,SMB,Core,4602.52,0,0,0,0,4602.52,4602.52
2026-01-01,C0124,R02,SMB,Core,4602.52,0,138.08,46.03,0,4694.57,4648.54
2026-02-01,C0124,R02,SMB,Core,4694.57,0,0,0,0,4694.57,4694.57
2026-03-01,C0124,R02,SMB,Core,4694.57,0,0,0,0,4694.57,4694.57
2026-04-01,C0124,R02,SMB,Core,4694.57,0,0,0,0,4694.57,4694.57
2026-05-01,C0124,R02,SMB,Core,4694.57,0,0,0,0,4694.57,4694.57
2026-06-01,C0124,R02,SMB,Core,4694.57,0,0,0,0,4694.57,4694.57
2026-03-01,C0125,R01,SMB,Core,0,1878.31,0,0,0,1878.31,939.15
2026-04-01,C0125,R01,SMB,Core,1878.31,0,0,0,0,1878.31,1878.31
2026-05-01,C0125,R01,SMB,Core,1878.31,0,0,0,0,1878.31,1878.31
2026-06-01,C0125,R01,SMB,Core,1878.31,0,0,0,0,1878.31,1878.31
2024-10-01,C0126,R03,SMB,Core,0,4200.59,0,0,0,4200.59,2100.29
2024-11-01,C0126,R03,SMB,Core,4200.59,0,0,0,0,4200.59,4200.59
2024-12-01,C0126,R03,SMB,Core,4200.59,0,0,0,0,4200.59,4200.59
2025-01-01,C0126,R03,SMB,Core,4200.59,0,0,0,0,4200.59,4200.59
2025-02-01,C0126,R03,SMB,Core,4200.59,0,0,0,0,4200.59,4200.59
2025-03-01,C0126,R03,SMB,Core,4200.59,0,0,0,0,4200.59,4200.59
2025-04-01,C0126,R03,SMB,Core,4200.59,0,0,0,0,4200.59,4200.59
2025-05-01,C0126,R03,SMB,Core,4200.59,0,0,0,0,4200.59,4200.59
2025-06-01,C0126,R03,SMB,Core,4200.59,0,0,0,0,4200.59,4200.59
2025-07-01,C0126,R03,SMB,Core,4200.59,0,0,0,0,4200.59,4200.59
2025-08-01,C0126,R03,SMB,Core,4200.59,0,0,0,0,4200.59,4200.59
2025-09-01,C0126,R03,SMB,Core,4200.59,0,0,0,0,4200.59,4200.59
2025-10-01,C0126,R03,SMB,Core,4200.59,0,521.84,0,0,4722.42,4461.51
2025-11-01,C0126,R03,SMB,Core,4722.42,0,0,0,0,4722.42,4722.42
2025-12-01,C0126,R03,SMB,Core,4722.42,0,0,0,0,4722.42,4722.42
2026-01-01,C0126,R03,SMB,Core,4722.42,0,0,0,0,4722.42,4722.42
2026-02-01,C0126,R03,SMB,Core,4722.42,0,0,0,0,4722.42,4722.42
2026-03-01,C0126,R03,SMB,Core,4722.42,0,0,0,0,4722.42,4722.42
2026-04-01,C0126,R03,SMB,Core,4722.42,0,0,0,0,4722.42,4722.42
2026-05-01,C0126,R03,SMB,Core,4722.42,0,0,0,0,4722.42,4722.42
2026-06-01,C0126,R03,SMB,Core,4722.42,0,0,0,0,4722.42,4722.42
2023-01-01,C0127,R03,Mid-Market,Business,16142.99,0,0,0,0,16142.99,16142.99
2023-02-01,C0127,R03,Mid-Market,Business,16142.99,0,0,0,0,16142.99,16142.99
2023-03-01,C0127,R03,Mid-Market,Business,16142.99,0,0,0,0,16142.99,16142.99
2023-04-01,C0127,R03,Mid-Market,Business,16142.99,0,0,0,0,16142.99,16142.99
2023-05-01,C0127,R03,Mid-Market,Business,16142.99,0,0,0,0,16142.99,16142.99
2023-06-01,C0127,R03,Mid-Market,Business,16142.99,0,0,0,0,16142.99,16142.99
2023-07-01,C0127,R03,Mid-Market,Business,16142.99,0,0,0,0,16142.99,16142.99
2023-08-01,C0127,R03,Mid-Market,Business,16142.99,0,0,0,0,16142.99,16142.99
2023-09-01,C0127,R03,Mid-Market,Business,16142.99,0,484.29,0,0,16627.27,16385.13
2023-10-01,C0127,R03,Mid-Market,Business,16627.27,0,0,0,0,16627.27,16627.27
2023-11-01,C0127,R03,Mid-Market,Business,16627.27,0,0,0,0,16627.27,16627.27
2023-12-01,C0127,R03,Mid-Market,Business,16627.27,0,0,0,0,16627.27,16627.27
2024-01-01,C0127,R03,Mid-Market,Business,16627.27,0,0,0,0,16627.27,16627.27
2024-02-01,C0127,R03,Mid-Market,Business,16627.27,0,0,0,0,16627.27,16627.27
2024-03-01,C0127,R03,Mid-Market,Business,16627.27,0,0,0,0,16627.27,16627.27
2024-04-01,C0127,R03,Mid-Market,Business,16627.27,0,0,0,0,16627.27,16627.27
2024-05-01,C0127,R03,Mid-Market,Business,16627.27,0,0,0,0,16627.27,16627.27
2024-06-01,C0127,R03,Mid-Market,Business,16627.27,0,0,0,0,16627.27,16627.27
2024-07-01,C0127,R03,Mid-Market,Business,16627.27,0,0,0,0,16627.27,16627.27
2024-08-01,C0127,R03,Mid-Market,Business,16627.27,0,0,0,0,16627.27,16627.27
2024-09-01,C0127,R03,Mid-Market,Business,16627.27,0,498.82,0,0,17126.09,16876.68
2024-10-01,C0127,R03,Mid-Market,Business,17126.09,0,0,0,0,17126.09,17126.09
2024-11-01,C0127,R03,Mid-Market,Business,17126.09,0,0,0,0,17126.09,17126.09
2024-12-01,C0127,R03,Mid-Market,Business,17126.09,0,0,0,0,17126.09,17126.09
2025-01-01,C0127,R03,Mid-Market,Business,17126.09,0,0,0,0,17126.09,17126.09
2025-02-01,C0127,R03,Mid-Market,Business,17126.09,0,0,0,0,17126.09,17126.09
2025-03-01,C0127,R03,Mid-Market,Business,17126.09,0,0,0,0,17126.09,17126.09
2025-04-01,C0127,R03,Mid-Market,Business,17126.09,0,0,0,0,17126.09,17126.09
2025-05-01,C0127,R03,Mid-Market,Business,17126.09,0,0,0,0,17126.09,17126.09
2025-06-01,C0127,R03,Mid-Market,Business,17126.09,0,0,0,0,17126.09,17126.09
2025-07-01,C0127,R03,Mid-Market,Business,17126.09,0,0,0,0,17126.09,17126.09
2025-08-01,C0127,R03,Mid-Market,Business,17126.09,0,0,0,0,17126.09,17126.09
2025-09-01,C0127,R03,Mid-Market,Business,17126.09,0,1600.05,0,0,18726.14,17926.12
2025-10-01,C0127,R03,Mid-Market,Business,18726.14,0,0,0,0,18726.14,18726.14
2025-11-01,C0127,R03,Mid-Market,Business,18726.14,0,0,0,0,18726.14,18726.14
2025-12-01,C0127,R03,Mid-Market,Business,18726.14,0,0,0,0,18726.14,18726.14
2026-01-01,C0127,R03,Mid-Market,Business,18726.14,0,0,0,0,18726.14,18726.14
2026-02-01,C0127,R03,Mid-Market,Business,18726.14,0,0,0,0,18726.14,18726.14
2026-03-01,C0127,R03,Mid-Market,Business,18726.14,0,0,0,0,18726.14,18726.14
2026-04-01,C0127,R03,Mid-Market,Business,18726.14,0,0,0,0,18726.14,18726.14
2026-05-01,C0127,R03,Mid-Market,Business,18726.14,0,0,0,0,18726.14,18726.14
2026-06-01,C0127,R03,Mid-Market,Business,18726.14,0,0,0,0,18726.14,18726.14
2023-01-01,C0128,R02,SMB,Core,3264.99,0,0,0,0,3264.99,3264.99
2023-02-01,C0128,R02,SMB,Core,3264.99,0,352.49,0,0,3617.48,3441.23
2023-03-01,C0128,R02,SMB,Core,3617.48,0,0,0,0,3617.48,3617.48
2023-04-01,C0128,R02,SMB,Core,3617.48,0,0,0,0,3617.48,3617.48
2023-05-01,C0128,R02,SMB,Core,3617.48,0,0,0,0,3617.48,3617.48
2023-06-01,C0128,R02,SMB,Core,3617.48,0,0,0,0,3617.48,3617.48
2023-07-01,C0128,R02,SMB,Core,3617.48,0,0,0,0,3617.48,3617.48
2023-08-01,C0128,R02,SMB,Core,3617.48,0,0,0,0,3617.48,3617.48
2023-09-01,C0128,R02,SMB,Core,3617.48,0,0,0,0,3617.48,3617.48
2023-10-01,C0128,R02,SMB,Core,3617.48,0,0,0,0,3617.48,3617.48
2023-11-01,C0128,R02,SMB,Core,3617.48,0,0,0,0,3617.48,3617.48
2023-12-01,C0128,R02,SMB,Core,3617.48,0,0,0,0,3617.48,3617.48
2024-01-01,C0128,R02,SMB,Core,3617.48,0,0,0,0,3617.48,3617.48
2024-02-01,C0128,R02,SMB,Core,3617.48,0,108.52,0,0,3726,3671.74
2024-03-01,C0128,R02,SMB,Core,3726,0,0,0,0,3726,3726
2024-04-01,C0128,R02,SMB,Core,3726,0,0,0,0,3726,3726
2024-05-01,C0128,R02,SMB,Core,3726,0,0,0,0,3726,3726
2024-06-01,C0128,R02,SMB,Core,3726,0,0,0,0,3726,3726
2024-07-01,C0128,R02,SMB,Core,3726,0,0,0,0,3726,3726
2024-08-01,C0128,R02,SMB,Core,3726,0,0,0,0,3726,3726
2024-09-01,C0128,R02,SMB,Core,3726,0,0,0,0,3726,3726
2024-10-01,C0128,R02,SMB,Core,3726,0,0,0,0,3726,3726
2024-11-01,C0128,R02,SMB,Core,3726,0,0,0,0,3726,3726
2024-12-01,C0128,R02,SMB,Core,3726,0,0,0,0,3726,3726
2025-01-01,C0128,R02,SMB,Core,3726,0,0,0,0,3726,3726
2025-02-01,C0128,R02,SMB,Core,3726,0,111.78,0,0,3837.78,3781.89
2025-03-01,C0128,R02,SMB,Core,3837.78,0,0,0,0,3837.78,3837.78
2025-04-01,C0128,R02,SMB,Core,3837.78,0,0,0,0,3837.78,3837.78
2025-05-01,C0128,R02,SMB,Core,3837.78,0,0,0,0,3837.78,3837.78
2025-06-01,C0128,R02,SMB,Core,3837.78,0,0,0,0,3837.78,3837.78
2025-07-01,C0128,R02,SMB,Core,3837.78,0,0,0,0,3837.78,3837.78
2025-08-01,C0128,R02,SMB,Core,3837.78,0,0,0,0,3837.78,3837.78
2025-09-01,C0128,R02,SMB,Core,3837.78,0,0,0,0,3837.78,3837.78
2025-10-01,C0128,R02,SMB,Core,3837.78,0,0,0,0,3837.78,3837.78
2025-11-01,C0128,R02,SMB,Core,3837.78,0,0,0,0,3837.78,3837.78
2025-12-01,C0128,R02,SMB,Core,3837.78,0,0,0,0,3837.78,3837.78
2026-01-01,C0128,R02,SMB,Core,3837.78,0,0,0,0,3837.78,3837.78
2026-02-01,C0128,R02,SMB,Core,3837.78,0,215.72,0,0,4053.5,3945.64
2026-03-01,C0128,R02,SMB,Core,4053.5,0,0,0,0,4053.5,4053.5
2026-04-01,C0128,R02,SMB,Core,4053.5,0,0,0,0,4053.5,4053.5
2026-05-01,C0128,R02,SMB,Core,4053.5,0,0,0,0,4053.5,4053.5
2026-06-01,C0128,R02,SMB,Core,4053.5,0,0,0,0,4053.5,4053.5
2025-09-01,C0129,R01,SMB,Core,0,2552.98,0,0,0,2552.98,1276.49
2025-10-01,C0129,R01,SMB,Core,2552.98,0,0,0,0,2552.98,2552.98
2025-11-01,C0129,R01,SMB,Core,2552.98,0,0,0,0,2552.98,2552.98
2025-12-01,C0129,R01,SMB,Core,2552.98,0,0,0,0,2552.98,2552.98
2026-01-01,C0129,R01,SMB,Core,2552.98,0,0,0,0,2552.98,2552.98
2026-02-01,C0129,R01,SMB,Core,2552.98,0,0,0,0,2552.98,2552.98
2026-03-01,C0129,R01,SMB,Core,2552.98,0,0,0,0,2552.98,2552.98
2026-04-01,C0129,R01,SMB,Core,2552.98,0,0,0,0,2552.98,2552.98
2026-05-01,C0129,R01,SMB,Core,2552.98,0,0,0,0,2552.98,2552.98
2026-06-01,C0129,R01,SMB,Core,2552.98,0,0,0,0,2552.98,2552.98
2023-01-01,C0130,R03,Enterprise,Enterprise Suite,47082.48,0,0,0,0,47082.48,47082.48
2023-02-01,C0130,R03,Enterprise,Enterprise Suite,47082.48,0,0,0,0,47082.48,47082.48
2023-03-01,C0130,R03,Enterprise,Enterprise Suite,47082.48,0,0,0,0,47082.48,47082.48
2023-04-01,C0130,R03,Enterprise,Enterprise Suite,47082.48,0,0,0,0,47082.48,47082.48
2023-05-01,C0130,R03,Enterprise,Enterprise Suite,47082.48,0,5056.9,0,0,52139.38,49610.93
2023-06-01,C0130,R03,Enterprise,Enterprise Suite,52139.38,0,0,0,0,52139.38,52139.38
2023-07-01,C0130,R03,Enterprise,Enterprise Suite,52139.38,0,0,0,0,52139.38,52139.38
2023-08-01,C0130,R03,Enterprise,Enterprise Suite,52139.38,0,0,0,0,52139.38,52139.38
2023-09-01,C0130,R03,Enterprise,Enterprise Suite,52139.38,0,0,0,0,52139.38,52139.38
2023-10-01,C0130,R03,Enterprise,Enterprise Suite,52139.38,0,0,0,0,52139.38,52139.38
2023-11-01,C0130,R03,Enterprise,Enterprise Suite,52139.38,0,0,0,0,52139.38,52139.38
2023-12-01,C0130,R03,Enterprise,Enterprise Suite,52139.38,0,0,0,0,52139.38,52139.38
2024-01-01,C0130,R03,Enterprise,Enterprise Suite,52139.38,0,0,0,0,52139.38,52139.38
2024-02-01,C0130,R03,Enterprise,Enterprise Suite,52139.38,0,0,0,0,52139.38,52139.38
2024-03-01,C0130,R03,Enterprise,Enterprise Suite,52139.38,0,0,0,0,52139.38,52139.38
2024-04-01,C0130,R03,Enterprise,Enterprise Suite,52139.38,0,0,0,0,52139.38,52139.38
2024-05-01,C0130,R03,Enterprise,Enterprise Suite,52139.38,0,5364.77,0,0,57504.15,54821.77
2024-06-01,C0130,R03,Enterprise,Enterprise Suite,57504.15,0,0,0,0,57504.15,57504.15
2024-07-01,C0130,R03,Enterprise,Enterprise Suite,57504.15,0,0,0,0,57504.15,57504.15
2024-08-01,C0130,R03,Enterprise,Enterprise Suite,57504.15,0,0,0,0,57504.15,57504.15
2024-09-01,C0130,R03,Enterprise,Enterprise Suite,57504.15,0,0,0,0,57504.15,57504.15
2024-10-01,C0130,R03,Enterprise,Enterprise Suite,57504.15,0,0,0,0,57504.15,57504.15
2024-11-01,C0130,R03,Enterprise,Enterprise Suite,57504.15,0,0,0,0,57504.15,57504.15
2024-12-01,C0130,R03,Enterprise,Enterprise Suite,57504.15,0,0,0,0,57504.15,57504.15
2025-01-01,C0130,R03,Enterprise,Enterprise Suite,57504.15,0,0,0,0,57504.15,57504.15
2025-02-01,C0130,R03,Enterprise,Enterprise Suite,57504.15,0,0,0,0,57504.15,57504.15
2025-03-01,C0130,R03,Enterprise,Enterprise Suite,57504.15,0,0,0,0,57504.15,57504.15
2025-04-01,C0130,R03,Enterprise,Enterprise Suite,57504.15,0,0,0,0,57504.15,57504.15
2025-05-01,C0130,R03,Enterprise,Enterprise Suite,57504.15,0,4406.44,0,0,61910.6,59707.37
2025-06-01,C0130,R03,Enterprise,Enterprise Suite,61910.6,0,0,0,0,61910.6,61910.6
2025-07-01,C0130,R03,Enterprise,Enterprise Suite,61910.6,0,0,0,0,61910.6,61910.6
2025-08-01,C0130,R03,Enterprise,Enterprise Suite,61910.6,0,0,0,0,61910.6,61910.6
2025-09-01,C0130,R03,Enterprise,Enterprise Suite,61910.6,0,0,0,0,61910.6,61910.6
2025-10-01,C0130,R03,Enterprise,Enterprise Suite,61910.6,0,0,0,0,61910.6,61910.6
2025-11-01,C0130,R03,Enterprise,Enterprise Suite,61910.6,0,0,0,0,61910.6,61910.6
2025-12-01,C0130,R03,Enterprise,Enterprise Suite,61910.6,0,0,0,0,61910.6,61910.6
2026-01-01,C0130,R03,Enterprise,Enterprise Suite,61910.6,0,0,0,0,61910.6,61910.6
2026-02-01,C0130,R03,Enterprise,Enterprise Suite,61910.6,0,0,0,0,61910.6,61910.6
2026-03-01,C0130,R03,Enterprise,Enterprise Suite,61910.6,0,0,0,0,61910.6,61910.6
2026-04-01,C0130,R03,Enterprise,Enterprise Suite,61910.6,0,0,0,0,61910.6,61910.6
2026-05-01,C0130,R03,Enterprise,Enterprise Suite,61910.6,0,4422.43,0,0,66333.02,64121.81
2026-06-01,C0130,R03,Enterprise,Enterprise Suite,66333.02,0,0,0,0,66333.02,66333.02
2023-04-01,C0131,R03,SMB,Core,0,2611.07,0,0,0,2611.07,1305.53
2023-05-01,C0131,R03,SMB,Core,2611.07,0,0,0,0,2611.07,2611.07
2023-06-01,C0131,R03,SMB,Core,2611.07,0,0,0,0,2611.07,2611.07
2023-07-01,C0131,R03,SMB,Core,2611.07,0,0,0,0,2611.07,2611.07
2023-08-01,C0131,R03,SMB,Core,2611.07,0,0,0,0,2611.07,2611.07
2023-09-01,C0131,R03,SMB,Core,2611.07,0,0,0,0,2611.07,2611.07
2023-10-01,C0131,R03,SMB,Core,2611.07,0,0,0,0,2611.07,2611.07
2023-11-01,C0131,R03,SMB,Core,2611.07,0,0,0,0,2611.07,2611.07
2023-12-01,C0131,R03,SMB,Core,2611.07,0,0,0,0,2611.07,2611.07
2024-01-01,C0131,R03,SMB,Core,2611.07,0,0,0,0,2611.07,2611.07
2024-02-01,C0131,R03,SMB,Core,2611.07,0,0,0,0,2611.07,2611.07
2024-03-01,C0131,R03,SMB,Core,2611.07,0,0,0,0,2611.07,2611.07
2024-04-01,C0131,R03,SMB,Core,2611.07,0,78.33,0,0,2689.4,2650.24
2024-05-01,C0131,R03,SMB,Core,2689.4,0,0,0,0,2689.4,2689.4
2024-06-01,C0131,R03,SMB,Core,2689.4,0,0,0,0,2689.4,2689.4
2024-07-01,C0131,R03,SMB,Core,2689.4,0,0,0,0,2689.4,2689.4
2024-08-01,C0131,R03,SMB,Core,2689.4,0,0,0,0,2689.4,2689.4
2024-09-01,C0131,R03,SMB,Core,2689.4,0,0,0,0,2689.4,2689.4
2024-10-01,C0131,R03,SMB,Core,2689.4,0,0,0,0,2689.4,2689.4
2024-11-01,C0131,R03,SMB,Core,2689.4,0,0,0,0,2689.4,2689.4
2024-12-01,C0131,R03,SMB,Core,2689.4,0,0,0,0,2689.4,2689.4
2025-01-01,C0131,R03,SMB,Core,2689.4,0,0,0,0,2689.4,2689.4
2025-02-01,C0131,R03,SMB,Core,2689.4,0,0,0,0,2689.4,2689.4
2025-03-01,C0131,R03,SMB,Core,2689.4,0,0,0,0,2689.4,2689.4
2025-04-01,C0131,R03,SMB,Core,2689.4,0,228.7,0,0,2918.1,2803.75
2025-05-01,C0131,R03,SMB,Core,2918.1,0,0,0,0,2918.1,2918.1
2025-06-01,C0131,R03,SMB,Core,2918.1,0,0,0,0,2918.1,2918.1
2025-07-01,C0131,R03,SMB,Core,2918.1,0,0,0,0,2918.1,2918.1
2025-08-01,C0131,R03,SMB,Core,2918.1,0,0,0,0,2918.1,2918.1
2025-09-01,C0131,R03,SMB,Core,2918.1,0,0,0,0,2918.1,2918.1
2025-10-01,C0131,R03,SMB,Core,2918.1,0,0,0,0,2918.1,2918.1
2025-11-01,C0131,R03,SMB,Core,2918.1,0,0,0,0,2918.1,2918.1
2025-12-01,C0131,R03,SMB,Core,2918.1,0,0,0,0,2918.1,2918.1
2026-01-01,C0131,R03,SMB,Core,2918.1,0,0,0,0,2918.1,2918.1
2026-02-01,C0131,R03,SMB,Core,2918.1,0,0,0,0,2918.1,2918.1
2026-03-01,C0131,R03,SMB,Core,2918.1,0,0,0,0,2918.1,2918.1
2026-04-01,C0131,R03,SMB,Core,2918.1,0,188.43,0,0,3106.53,3012.31
2026-05-01,C0131,R03,SMB,Core,3106.53,0,0,0,0,3106.53,3106.53
2026-06-01,C0131,R03,SMB,Core,3106.53,0,0,0,0,3106.53,3106.53
2023-01-01,C0132,R04,Mid-Market,Business,12357.63,0,370.73,0,0,12728.36,12542.99
2023-02-01,C0132,R04,Mid-Market,Business,12728.36,0,0,0,0,12728.36,12728.36
2023-03-01,C0132,R04,Mid-Market,Business,12728.36,0,0,0,0,12728.36,12728.36
2023-04-01,C0132,R04,Mid-Market,Business,12728.36,0,0,0,0,12728.36,12728.36
2023-05-01,C0132,R04,Mid-Market,Business,12728.36,0,0,0,0,12728.36,12728.36
2023-06-01,C0132,R04,Mid-Market,Business,12728.36,0,0,0,0,12728.36,12728.36
2023-07-01,C0132,R04,Mid-Market,Business,12728.36,0,0,0,0,12728.36,12728.36
2023-08-01,C0132,R04,Mid-Market,Business,12728.36,0,0,0,0,12728.36,12728.36
2023-09-01,C0132,R04,Mid-Market,Business,12728.36,0,0,0,0,12728.36,12728.36
2023-10-01,C0132,R04,Mid-Market,Business,12728.36,0,0,0,0,12728.36,12728.36
2023-11-01,C0132,R04,Mid-Market,Business,12728.36,0,0,0,0,12728.36,12728.36
2023-12-01,C0132,R04,Mid-Market,Business,12728.36,0,0,0,0,12728.36,12728.36
2024-01-01,C0132,R04,Mid-Market,Business,12728.36,0,381.85,0,0,13110.21,12919.28
2024-02-01,C0132,R04,Mid-Market,Business,13110.21,0,0,0,0,13110.21,13110.21
2024-03-01,C0132,R04,Mid-Market,Business,13110.21,0,0,0,0,13110.21,13110.21
2024-04-01,C0132,R04,Mid-Market,Business,13110.21,0,0,0,0,13110.21,13110.21
2024-05-01,C0132,R04,Mid-Market,Business,13110.21,0,0,0,0,13110.21,13110.21
2024-06-01,C0132,R04,Mid-Market,Business,13110.21,0,0,0,0,13110.21,13110.21
2024-07-01,C0132,R04,Mid-Market,Business,13110.21,0,0,0,0,13110.21,13110.21
2024-08-01,C0132,R04,Mid-Market,Business,13110.21,0,0,0,0,13110.21,13110.21
2024-09-01,C0132,R04,Mid-Market,Business,13110.21,0,0,0,0,13110.21,13110.21
2024-10-01,C0132,R04,Mid-Market,Business,13110.21,0,0,0,0,13110.21,13110.21
2024-11-01,C0132,R04,Mid-Market,Business,13110.21,0,0,0,0,13110.21,13110.21
2024-12-01,C0132,R04,Mid-Market,Business,13110.21,0,0,0,0,13110.21,13110.21
2025-01-01,C0132,R04,Mid-Market,Business,13110.21,0,393.31,0,0,13503.51,13306.86
2025-02-01,C0132,R04,Mid-Market,Business,13503.51,0,0,0,0,13503.51,13503.51
2025-03-01,C0132,R04,Mid-Market,Business,13503.51,0,0,0,0,13503.51,13503.51
2025-04-01,C0132,R04,Mid-Market,Business,13503.51,0,0,0,0,13503.51,13503.51
2025-05-01,C0132,R04,Mid-Market,Business,13503.51,0,0,0,0,13503.51,13503.51
2025-06-01,C0132,R04,Mid-Market,Business,13503.51,0,0,0,0,13503.51,13503.51
2025-07-01,C0132,R04,Mid-Market,Business,13503.51,0,0,0,0,13503.51,13503.51
2025-08-01,C0132,R04,Mid-Market,Business,13503.51,0,0,0,0,13503.51,13503.51
2025-09-01,C0132,R04,Mid-Market,Business,13503.51,0,0,0,0,13503.51,13503.51
2025-10-01,C0132,R04,Mid-Market,Business,13503.51,0,0,0,0,13503.51,13503.51
2025-11-01,C0132,R04,Mid-Market,Business,13503.51,0,0,0,0,13503.51,13503.51
2025-12-01,C0132,R04,Mid-Market,Business,13503.51,0,0,0,0,13503.51,13503.51
2026-01-01,C0132,R04,Mid-Market,Business,13503.51,0,969.04,0,0,14472.55,13988.03
2026-02-01,C0132,R04,Mid-Market,Business,14472.55,0,0,0,0,14472.55,14472.55
2026-03-01,C0132,R04,Mid-Market,Business,14472.55,0,0,0,0,14472.55,14472.55
2026-04-01,C0132,R04,Mid-Market,Business,14472.55,0,0,0,0,14472.55,14472.55
2026-05-01,C0132,R04,Mid-Market,Business,14472.55,0,0,0,0,14472.55,14472.55
2026-06-01,C0132,R04,Mid-Market,Business,14472.55,0,0,0,0,14472.55,14472.55
2024-06-01,C0133,R02,Mid-Market,Business,0,23633.45,0,0,0,23633.45,11816.73
2024-07-01,C0133,R02,Mid-Market,Business,23633.45,0,0,0,0,23633.45,23633.45
2024-08-01,C0133,R02,Mid-Market,Business,23633.45,0,0,0,0,23633.45,23633.45
2024-09-01,C0133,R02,Mid-Market,Business,23633.45,0,0,0,0,23633.45,23633.45
2024-10-01,C0133,R02,Mid-Market,Business,23633.45,0,0,0,0,23633.45,23633.45
2024-11-01,C0133,R02,Mid-Market,Business,23633.45,0,0,0,0,23633.45,23633.45
2024-12-01,C0133,R02,Mid-Market,Business,23633.45,0,0,0,0,23633.45,23633.45
2025-01-01,C0133,R02,Mid-Market,Business,23633.45,0,0,0,0,23633.45,23633.45
2025-02-01,C0133,R02,Mid-Market,Business,23633.45,0,0,0,0,23633.45,23633.45
2025-03-01,C0133,R02,Mid-Market,Business,23633.45,0,0,0,0,23633.45,23633.45
2025-04-01,C0133,R02,Mid-Market,Business,23633.45,0,0,0,0,23633.45,23633.45
2025-05-01,C0133,R02,Mid-Market,Business,23633.45,0,0,0,0,23633.45,23633.45
2025-06-01,C0133,R02,Mid-Market,Business,23633.45,0,2429.36,1162.02,0,24900.8,24267.13
2025-07-01,C0133,R02,Mid-Market,Business,24900.8,0,0,0,0,24900.8,24900.8
2025-08-01,C0133,R02,Mid-Market,Business,24900.8,0,0,0,0,24900.8,24900.8
2025-09-01,C0133,R02,Mid-Market,Business,24900.8,0,0,0,0,24900.8,24900.8
2025-10-01,C0133,R02,Mid-Market,Business,24900.8,0,0,0,0,24900.8,24900.8
2025-11-01,C0133,R02,Mid-Market,Business,24900.8,0,0,0,0,24900.8,24900.8
2025-12-01,C0133,R02,Mid-Market,Business,24900.8,0,0,0,0,24900.8,24900.8
2026-01-01,C0133,R02,Mid-Market,Business,24900.8,0,0,0,0,24900.8,24900.8
2026-02-01,C0133,R02,Mid-Market,Business,24900.8,0,0,0,0,24900.8,24900.8
2026-03-01,C0133,R02,Mid-Market,Business,24900.8,0,0,0,0,24900.8,24900.8
2026-04-01,C0133,R02,Mid-Market,Business,24900.8,0,0,0,0,24900.8,24900.8
2026-05-01,C0133,R02,Mid-Market,Business,24900.8,0,0,0,0,24900.8,24900.8
2026-06-01,C0133,R02,Mid-Market,Business,24900.8,0,747.02,0,0,25647.83,25274.31
2023-01-01,C0134,R02,SMB,Core,5782.5,0,0,0,0,5782.5,5782.5
2023-02-01,C0134,R02,SMB,Core,5782.5,0,0,0,0,5782.5,5782.5
2023-03-01,C0134,R02,SMB,Core,5782.5,0,0,0,0,5782.5,5782.5
2023-04-01,C0134,R02,SMB,Core,5782.5,0,0,0,0,5782.5,5782.5
2023-05-01,C0134,R02,SMB,Core,5782.5,0,0,0,0,5782.5,5782.5
2023-06-01,C0134,R02,SMB,Core,5782.5,0,723.87,0,0,6506.38,6144.44
2023-07-01,C0134,R02,SMB,Core,6506.38,0,0,0,0,6506.38,6506.38
2023-08-01,C0134,R02,SMB,Core,6506.38,0,0,0,0,6506.38,6506.38
2023-09-01,C0134,R02,SMB,Core,6506.38,0,0,0,0,6506.38,6506.38
2023-10-01,C0134,R02,SMB,Core,6506.38,0,0,0,0,6506.38,6506.38
2023-11-01,C0134,R02,SMB,Core,6506.38,0,0,0,0,6506.38,6506.38
2023-12-01,C0134,R02,SMB,Core,6506.38,0,0,0,0,6506.38,6506.38
2024-01-01,C0134,R02,SMB,Core,6506.38,0,0,0,0,6506.38,6506.38
2024-02-01,C0134,R02,SMB,Core,6506.38,0,0,0,0,6506.38,6506.38
2024-03-01,C0134,R02,SMB,Core,6506.38,0,0,0,0,6506.38,6506.38
2024-04-01,C0134,R02,SMB,Core,6506.38,0,0,0,0,6506.38,6506.38
2024-05-01,C0134,R02,SMB,Core,6506.38,0,0,0,0,6506.38,6506.38
2024-06-01,C0134,R02,SMB,Core,6506.38,0,195.19,243.34,0,6458.23,6482.3
2024-07-01,C0134,R02,SMB,Core,6458.23,0,0,0,0,6458.23,6458.23
2024-08-01,C0134,R02,SMB,Core,6458.23,0,0,0,0,6458.23,6458.23
2024-09-01,C0134,R02,SMB,Core,6458.23,0,0,0,0,6458.23,6458.23
2024-10-01,C0134,R02,SMB,Core,6458.23,0,0,0,0,6458.23,6458.23
2024-11-01,C0134,R02,SMB,Core,6458.23,0,0,0,0,6458.23,6458.23
2024-12-01,C0134,R02,SMB,Core,6458.23,0,0,0,0,6458.23,6458.23
2025-01-01,C0134,R02,SMB,Core,6458.23,0,0,0,0,6458.23,6458.23
2025-02-01,C0134,R02,SMB,Core,6458.23,0,0,0,0,6458.23,6458.23
2025-03-01,C0134,R02,SMB,Core,6458.23,0,0,0,0,6458.23,6458.23
2025-04-01,C0134,R02,SMB,Core,6458.23,0,0,0,0,6458.23,6458.23
2025-05-01,C0134,R02,SMB,Core,6458.23,0,0,0,0,6458.23,6458.23
2025-06-01,C0134,R02,SMB,Core,6458.23,0,193.75,0,0,6651.98,6555.11
2025-07-01,C0134,R02,SMB,Core,6651.98,0,0,0,0,6651.98,6651.98
2025-08-01,C0134,R02,SMB,Core,6651.98,0,0,0,0,6651.98,6651.98
2025-09-01,C0134,R02,SMB,Core,6651.98,0,0,0,0,6651.98,6651.98
2025-10-01,C0134,R02,SMB,Core,6651.98,0,0,0,0,6651.98,6651.98
2025-11-01,C0134,R02,SMB,Core,6651.98,0,0,0,0,6651.98,6651.98
2025-12-01,C0134,R02,SMB,Core,6651.98,0,0,0,0,6651.98,6651.98
2026-01-01,C0134,R02,SMB,Core,6651.98,0,0,0,0,6651.98,6651.98
2026-02-01,C0134,R02,SMB,Core,6651.98,0,0,0,0,6651.98,6651.98
2026-03-01,C0134,R02,SMB,Core,6651.98,0,0,0,0,6651.98,6651.98
2026-04-01,C0134,R02,SMB,Core,6651.98,0,0,0,0,6651.98,6651.98
2026-05-01,C0134,R02,SMB,Core,6651.98,0,0,0,0,6651.98,6651.98
2026-06-01,C0134,R02,SMB,Core,6651.98,0,199.56,0,0,6851.54,6751.76
2023-08-01,C0135,R01,Enterprise,Enterprise Suite,0,56682.99,0,0,0,56682.99,28341.49
2023-09-01,C0135,R01,Enterprise,Enterprise Suite,56682.99,0,0,0,0,56682.99,56682.99
2023-10-01,C0135,R01,Enterprise,Enterprise Suite,56682.99,0,0,0,0,56682.99,56682.99
2023-11-01,C0135,R01,Enterprise,Enterprise Suite,56682.99,0,0,0,0,56682.99,56682.99
2023-12-01,C0135,R01,Enterprise,Enterprise Suite,56682.99,0,0,0,0,56682.99,56682.99
2024-01-01,C0135,R01,Enterprise,Enterprise Suite,56682.99,0,0,0,0,56682.99,56682.99
2024-02-01,C0135,R01,Enterprise,Enterprise Suite,56682.99,0,0,0,0,56682.99,56682.99
2024-03-01,C0135,R01,Enterprise,Enterprise Suite,56682.99,0,0,0,0,56682.99,56682.99
2024-04-01,C0135,R01,Enterprise,Enterprise Suite,56682.99,0,0,0,0,56682.99,56682.99
2024-05-01,C0135,R01,Enterprise,Enterprise Suite,56682.99,0,0,0,0,56682.99,56682.99
2024-06-01,C0135,R01,Enterprise,Enterprise Suite,56682.99,0,0,0,0,56682.99,56682.99
2024-07-01,C0135,R01,Enterprise,Enterprise Suite,56682.99,0,0,0,0,56682.99,56682.99
2024-08-01,C0135,R01,Enterprise,Enterprise Suite,56682.99,0,6175.32,2678.86,0,60179.44,58431.22
2024-09-01,C0135,R01,Enterprise,Enterprise Suite,60179.44,0,0,0,0,60179.44,60179.44
2024-10-01,C0135,R01,Enterprise,Enterprise Suite,60179.44,0,0,0,0,60179.44,60179.44
2024-11-01,C0135,R01,Enterprise,Enterprise Suite,60179.44,0,0,0,0,60179.44,60179.44
2024-12-01,C0135,R01,Enterprise,Enterprise Suite,60179.44,0,0,0,0,60179.44,60179.44
2025-01-01,C0135,R01,Enterprise,Enterprise Suite,60179.44,0,0,0,0,60179.44,60179.44
2025-02-01,C0135,R01,Enterprise,Enterprise Suite,60179.44,0,0,0,0,60179.44,60179.44
2025-03-01,C0135,R01,Enterprise,Enterprise Suite,60179.44,0,0,0,0,60179.44,60179.44
2025-04-01,C0135,R01,Enterprise,Enterprise Suite,60179.44,0,0,0,0,60179.44,60179.44
2025-05-01,C0135,R01,Enterprise,Enterprise Suite,60179.44,0,0,0,0,60179.44,60179.44
2025-06-01,C0135,R01,Enterprise,Enterprise Suite,60179.44,0,0,0,0,60179.44,60179.44
2025-07-01,C0135,R01,Enterprise,Enterprise Suite,60179.44,0,0,0,0,60179.44,60179.44
2025-08-01,C0135,R01,Enterprise,Enterprise Suite,60179.44,0,7556.57,0,0,67736.02,63957.73
2025-09-01,C0135,R01,Enterprise,Enterprise Suite,67736.02,0,0,0,0,67736.02,67736.02
2025-10-01,C0135,R01,Enterprise,Enterprise Suite,67736.02,0,0,0,0,67736.02,67736.02
2025-11-01,C0135,R01,Enterprise,Enterprise Suite,67736.02,0,0,0,0,67736.02,67736.02
2025-12-01,C0135,R01,Enterprise,Enterprise Suite,67736.02,0,0,0,0,67736.02,67736.02
2026-01-01,C0135,R01,Enterprise,Enterprise Suite,67736.02,0,0,0,0,67736.02,67736.02
2026-02-01,C0135,R01,Enterprise,Enterprise Suite,67736.02,0,0,0,0,67736.02,67736.02
2026-03-01,C0135,R01,Enterprise,Enterprise Suite,67736.02,0,0,0,0,67736.02,67736.02
2026-04-01,C0135,R01,Enterprise,Enterprise Suite,67736.02,0,0,0,0,67736.02,67736.02
2026-05-01,C0135,R01,Enterprise,Enterprise Suite,67736.02,0,0,0,0,67736.02,67736.02
2026-06-01,C0135,R01,Enterprise,Enterprise Suite,67736.02,0,0,0,0,67736.02,67736.02
2025-09-01,C0136,R02,Mid-Market,Business,0,14448.72,0,0,0,14448.72,7224.36
2025-10-01,C0136,R02,Mid-Market,Business,14448.72,0,0,0,0,14448.72,14448.72
2025-11-01,C0136,R02,Mid-Market,Business,14448.72,0,0,0,0,14448.72,14448.72
2025-12-01,C0136,R02,Mid-Market,Business,14448.72,0,0,0,0,14448.72,14448.72
2026-01-01,C0136,R02,Mid-Market,Business,14448.72,0,0,0,0,14448.72,14448.72
2026-02-01,C0136,R02,Mid-Market,Business,14448.72,0,0,0,0,14448.72,14448.72
2026-03-01,C0136,R02,Mid-Market,Business,14448.72,0,0,0,0,14448.72,14448.72
2026-04-01,C0136,R02,Mid-Market,Business,14448.72,0,0,0,0,14448.72,14448.72
2026-05-01,C0136,R02,Mid-Market,Business,14448.72,0,0,0,0,14448.72,14448.72
2026-06-01,C0136,R02,Mid-Market,Business,14448.72,0,0,0,0,14448.72,14448.72
2023-10-01,C0137,R02,Enterprise,Enterprise Suite,0,46847.43,0,0,0,46847.43,23423.72
2023-11-01,C0137,R02,Enterprise,Enterprise Suite,46847.43,0,0,0,0,46847.43,46847.43
2023-12-01,C0137,R02,Enterprise,Enterprise Suite,46847.43,0,0,0,0,46847.43,46847.43
2024-01-01,C0137,R02,Enterprise,Enterprise Suite,46847.43,0,0,0,0,46847.43,46847.43
2024-02-01,C0137,R02,Enterprise,Enterprise Suite,46847.43,0,0,0,0,46847.43,46847.43
2024-03-01,C0137,R02,Enterprise,Enterprise Suite,46847.43,0,0,0,0,46847.43,46847.43
2024-04-01,C0137,R02,Enterprise,Enterprise Suite,46847.43,0,0,0,0,46847.43,46847.43
2024-05-01,C0137,R02,Enterprise,Enterprise Suite,46847.43,0,0,0,0,46847.43,46847.43
2024-06-01,C0137,R02,Enterprise,Enterprise Suite,46847.43,0,0,0,0,46847.43,46847.43
2024-07-01,C0137,R02,Enterprise,Enterprise Suite,46847.43,0,0,0,0,46847.43,46847.43
2024-08-01,C0137,R02,Enterprise,Enterprise Suite,46847.43,0,0,0,0,46847.43,46847.43
2024-09-01,C0137,R02,Enterprise,Enterprise Suite,46847.43,0,0,0,0,46847.43,46847.43
2024-10-01,C0137,R02,Enterprise,Enterprise Suite,46847.43,0,4997.27,0,0,51844.71,49346.07
2024-11-01,C0137,R02,Enterprise,Enterprise Suite,51844.71,0,0,0,0,51844.71,51844.71
2024-12-01,C0137,R02,Enterprise,Enterprise Suite,51844.71,0,0,0,0,51844.71,51844.71
2025-01-01,C0137,R02,Enterprise,Enterprise Suite,51844.71,0,0,0,0,51844.71,51844.71
2025-02-01,C0137,R02,Enterprise,Enterprise Suite,51844.71,0,0,0,0,51844.71,51844.71
2025-03-01,C0137,R02,Enterprise,Enterprise Suite,51844.71,0,0,0,0,51844.71,51844.71
2025-04-01,C0137,R02,Enterprise,Enterprise Suite,51844.71,0,0,0,0,51844.71,51844.71
2025-05-01,C0137,R02,Enterprise,Enterprise Suite,51844.71,0,0,0,0,51844.71,51844.71
2025-06-01,C0137,R02,Enterprise,Enterprise Suite,51844.71,0,0,0,0,51844.71,51844.71
2025-07-01,C0137,R02,Enterprise,Enterprise Suite,51844.71,0,0,0,0,51844.71,51844.71
2025-08-01,C0137,R02,Enterprise,Enterprise Suite,51844.71,0,0,0,0,51844.71,51844.71
2025-09-01,C0137,R02,Enterprise,Enterprise Suite,51844.71,0,0,0,0,51844.71,51844.71
2025-10-01,C0137,R02,Enterprise,Enterprise Suite,51844.71,0,7256.05,0,0,59100.75,55472.73
2025-11-01,C0137,R02,Enterprise,Enterprise Suite,59100.75,0,0,0,0,59100.75,59100.75
2025-12-01,C0137,R02,Enterprise,Enterprise Suite,59100.75,0,0,0,0,59100.75,59100.75
2026-01-01,C0137,R02,Enterprise,Enterprise Suite,59100.75,0,0,0,0,59100.75,59100.75
2026-02-01,C0137,R02,Enterprise,Enterprise Suite,59100.75,0,0,0,0,59100.75,59100.75
2026-03-01,C0137,R02,Enterprise,Enterprise Suite,59100.75,0,0,0,0,59100.75,59100.75
2026-04-01,C0137,R02,Enterprise,Enterprise Suite,59100.75,0,0,0,0,59100.75,59100.75
2026-05-01,C0137,R02,Enterprise,Enterprise Suite,59100.75,0,0,0,0,59100.75,59100.75
2026-06-01,C0137,R02,Enterprise,Enterprise Suite,59100.75,0,0,0,0,59100.75,59100.75
2024-11-01,C0138,R02,SMB,Core,0,5721.04,0,0,0,5721.04,2860.52
2024-12-01,C0138,R02,SMB,Core,5721.04,0,0,0,0,5721.04,5721.04
2025-01-01,C0138,R02,SMB,Core,5721.04,0,0,0,0,5721.04,5721.04
2025-02-01,C0138,R02,SMB,Core,5721.04,0,0,0,0,5721.04,5721.04
2025-03-01,C0138,R02,SMB,Core,5721.04,0,0,0,0,5721.04,5721.04
2025-04-01,C0138,R02,SMB,Core,5721.04,0,0,0,0,5721.04,5721.04
2025-05-01,C0138,R02,SMB,Core,5721.04,0,0,0,0,5721.04,5721.04
2025-06-01,C0138,R02,SMB,Core,5721.04,0,0,0,0,5721.04,5721.04
2025-07-01,C0138,R02,SMB,Core,5721.04,0,0,0,0,5721.04,5721.04
2025-08-01,C0138,R02,SMB,Core,5721.04,0,0,0,0,5721.04,5721.04
2025-09-01,C0138,R02,SMB,Core,5721.04,0,0,0,0,5721.04,5721.04
2025-10-01,C0138,R02,SMB,Core,5721.04,0,0,0,0,5721.04,5721.04
2025-11-01,C0138,R02,SMB,Core,5721.04,0,397.54,0,0,6118.58,5919.81
2025-12-01,C0138,R02,SMB,Core,6118.58,0,0,0,0,6118.58,6118.58
2026-01-01,C0138,R02,SMB,Core,6118.58,0,0,0,0,6118.58,6118.58
2026-02-01,C0138,R02,SMB,Core,6118.58,0,0,0,0,6118.58,6118.58
2026-03-01,C0138,R02,SMB,Core,6118.58,0,0,0,0,6118.58,6118.58
2026-04-01,C0138,R02,SMB,Core,6118.58,0,0,0,0,6118.58,6118.58
2026-05-01,C0138,R02,SMB,Core,6118.58,0,0,0,0,6118.58,6118.58
2026-06-01,C0138,R02,SMB,Core,6118.58,0,0,0,0,6118.58,6118.58
2023-01-01,C0139,R02,Mid-Market,Business,14628.17,0,0,0,0,14628.17,14628.17
2023-02-01,C0139,R02,Mid-Market,Business,14628.17,0,0,0,0,14628.17,14628.17
2023-03-01,C0139,R02,Mid-Market,Business,14628.17,0,0,0,0,14628.17,14628.17
2023-04-01,C0139,R02,Mid-Market,Business,14628.17,0,0,0,0,14628.17,14628.17
2023-05-01,C0139,R02,Mid-Market,Business,14628.17,0,0,0,0,14628.17,14628.17
2023-06-01,C0139,R02,Mid-Market,Business,14628.17,0,0,0,0,14628.17,14628.17
2023-07-01,C0139,R02,Mid-Market,Business,14628.17,0,915.4,0,0,15543.57,15085.87
2023-08-01,C0139,R02,Mid-Market,Business,15543.57,0,0,0,0,15543.57,15543.57
2023-09-01,C0139,R02,Mid-Market,Business,15543.57,0,0,0,0,15543.57,15543.57
2023-10-01,C0139,R02,Mid-Market,Business,15543.57,0,0,0,0,15543.57,15543.57
2023-11-01,C0139,R02,Mid-Market,Business,15543.57,0,0,0,0,15543.57,15543.57
2023-12-01,C0139,R02,Mid-Market,Business,15543.57,0,0,0,0,15543.57,15543.57
2024-01-01,C0139,R02,Mid-Market,Business,15543.57,0,0,0,0,15543.57,15543.57
2024-02-01,C0139,R02,Mid-Market,Business,15543.57,0,0,0,0,15543.57,15543.57
2024-03-01,C0139,R02,Mid-Market,Business,15543.57,0,0,0,0,15543.57,15543.57
2024-04-01,C0139,R02,Mid-Market,Business,15543.57,0,0,0,0,15543.57,15543.57
2024-05-01,C0139,R02,Mid-Market,Business,15543.57,0,0,0,0,15543.57,15543.57
2024-06-01,C0139,R02,Mid-Market,Business,15543.57,0,0,0,0,15543.57,15543.57
2024-07-01,C0139,R02,Mid-Market,Business,15543.57,0,466.31,0,0,16009.88,15776.72
2024-08-01,C0139,R02,Mid-Market,Business,16009.88,0,0,0,0,16009.88,16009.88
2024-09-01,C0139,R02,Mid-Market,Business,16009.88,0,0,0,0,16009.88,16009.88
2024-10-01,C0139,R02,Mid-Market,Business,16009.88,0,0,0,0,16009.88,16009.88
2024-11-01,C0139,R02,Mid-Market,Business,16009.88,0,0,0,0,16009.88,16009.88
2024-12-01,C0139,R02,Mid-Market,Business,16009.88,0,0,0,0,16009.88,16009.88
2025-01-01,C0139,R02,Mid-Market,Business,16009.88,0,0,0,0,16009.88,16009.88
2025-02-01,C0139,R02,Mid-Market,Business,16009.88,0,0,0,0,16009.88,16009.88
2025-03-01,C0139,R02,Mid-Market,Business,16009.88,0,0,0,0,16009.88,16009.88
2025-04-01,C0139,R02,Mid-Market,Business,16009.88,0,0,0,0,16009.88,16009.88
2025-05-01,C0139,R02,Mid-Market,Business,16009.88,0,0,0,0,16009.88,16009.88
2025-06-01,C0139,R02,Mid-Market,Business,16009.88,0,0,0,0,16009.88,16009.88
2025-07-01,C0139,R02,Mid-Market,Business,16009.88,0,720.44,0,0,16730.32,16370.1
2025-08-01,C0139,R02,Mid-Market,Business,16730.32,0,0,0,0,16730.32,16730.32
2025-09-01,C0139,R02,Mid-Market,Business,16730.32,0,0,0,0,16730.32,16730.32
2025-10-01,C0139,R02,Mid-Market,Business,16730.32,0,0,0,0,16730.32,16730.32
2025-11-01,C0139,R02,Mid-Market,Business,16730.32,0,0,0,0,16730.32,16730.32
2025-12-01,C0139,R02,Mid-Market,Business,16730.32,0,0,0,0,16730.32,16730.32
2026-01-01,C0139,R02,Mid-Market,Business,16730.32,0,0,0,0,16730.32,16730.32
2026-02-01,C0139,R02,Mid-Market,Business,16730.32,0,0,0,0,16730.32,16730.32
2026-03-01,C0139,R02,Mid-Market,Business,16730.32,0,0,0,0,16730.32,16730.32
2026-04-01,C0139,R02,Mid-Market,Business,16730.32,0,0,0,0,16730.32,16730.32
2026-05-01,C0139,R02,Mid-Market,Business,16730.32,0,0,0,0,16730.32,16730.32
2026-06-01,C0139,R02,Mid-Market,Business,16730.32,0,0,0,0,16730.32,16730.32
2024-12-01,C0140,R01,Mid-Market,Business,0,21672.68,0,0,0,21672.68,10836.34
2025-01-01,C0140,R01,Mid-Market,Business,21672.68,0,0,0,0,21672.68,21672.68
2025-02-01,C0140,R01,Mid-Market,Business,21672.68,0,0,0,0,21672.68,21672.68
2025-03-01,C0140,R01,Mid-Market,Business,21672.68,0,0,0,0,21672.68,21672.68
2025-04-01,C0140,R01,Mid-Market,Business,21672.68,0,0,0,0,21672.68,21672.68
2025-05-01,C0140,R01,Mid-Market,Business,21672.68,0,0,0,0,21672.68,21672.68
2025-06-01,C0140,R01,Mid-Market,Business,21672.68,0,0,0,0,21672.68,21672.68
2025-07-01,C0140,R01,Mid-Market,Business,21672.68,0,0,0,0,21672.68,21672.68
2025-08-01,C0140,R01,Mid-Market,Business,21672.68,0,0,0,0,21672.68,21672.68
2025-09-01,C0140,R01,Mid-Market,Business,21672.68,0,0,0,0,21672.68,21672.68
2025-10-01,C0140,R01,Mid-Market,Business,21672.68,0,0,0,0,21672.68,21672.68
2025-11-01,C0140,R01,Mid-Market,Business,21672.68,0,0,0,0,21672.68,21672.68
2025-12-01,C0140,R01,Mid-Market,Business,21672.68,0,2594.54,0,0,24267.22,22969.95
2026-01-01,C0140,R01,Mid-Market,Business,24267.22,0,0,0,0,24267.22,24267.22
2026-02-01,C0140,R01,Mid-Market,Business,24267.22,0,0,0,0,24267.22,24267.22
2026-03-01,C0140,R01,Mid-Market,Business,24267.22,0,0,0,0,24267.22,24267.22
2026-04-01,C0140,R01,Mid-Market,Business,24267.22,0,0,0,0,24267.22,24267.22
2026-05-01,C0140,R01,Mid-Market,Business,24267.22,0,0,0,0,24267.22,24267.22
2026-06-01,C0140,R01,Mid-Market,Business,24267.22,0,0,0,0,24267.22,24267.22
2024-04-01,C0141,R03,Mid-Market,Business,0,14167.16,0,0,0,14167.16,7083.58
2024-05-01,C0141,R03,Mid-Market,Business,14167.16,0,0,0,0,14167.16,14167.16
2024-06-01,C0141,R03,Mid-Market,Business,14167.16,0,0,0,0,14167.16,14167.16
2024-07-01,C0141,R03,Mid-Market,Business,14167.16,0,0,0,0,14167.16,14167.16
2024-08-01,C0141,R03,Mid-Market,Business,14167.16,0,0,0,0,14167.16,14167.16
2024-09-01,C0141,R03,Mid-Market,Business,14167.16,0,0,0,0,14167.16,14167.16
2024-10-01,C0141,R03,Mid-Market,Business,14167.16,0,0,0,0,14167.16,14167.16
2024-11-01,C0141,R03,Mid-Market,Business,14167.16,0,0,0,0,14167.16,14167.16
2024-12-01,C0141,R03,Mid-Market,Business,14167.16,0,0,0,0,14167.16,14167.16
2025-01-01,C0141,R03,Mid-Market,Business,14167.16,0,0,0,0,14167.16,14167.16
2025-02-01,C0141,R03,Mid-Market,Business,14167.16,0,0,0,0,14167.16,14167.16
2025-03-01,C0141,R03,Mid-Market,Business,14167.16,0,0,0,0,14167.16,14167.16
2025-04-01,C0141,R03,Mid-Market,Business,14167.16,0,425.01,0,0,14592.17,14379.66
2025-05-01,C0141,R03,Mid-Market,Business,14592.17,0,0,0,0,14592.17,14592.17
2025-06-01,C0141,R03,Mid-Market,Business,14592.17,0,0,0,0,14592.17,14592.17
2025-07-01,C0141,R03,Mid-Market,Business,14592.17,0,0,0,0,14592.17,14592.17
2025-08-01,C0141,R03,Mid-Market,Business,14592.17,0,0,0,0,14592.17,14592.17
2025-09-01,C0141,R03,Mid-Market,Business,14592.17,0,0,0,0,14592.17,14592.17
2025-10-01,C0141,R03,Mid-Market,Business,14592.17,0,0,0,0,14592.17,14592.17
2025-11-01,C0141,R03,Mid-Market,Business,14592.17,0,0,0,0,14592.17,14592.17
2025-12-01,C0141,R03,Mid-Market,Business,14592.17,0,0,0,0,14592.17,14592.17
2026-01-01,C0141,R03,Mid-Market,Business,14592.17,0,0,0,0,14592.17,14592.17
2026-02-01,C0141,R03,Mid-Market,Business,14592.17,0,0,0,0,14592.17,14592.17
2026-03-01,C0141,R03,Mid-Market,Business,14592.17,0,0,0,0,14592.17,14592.17
2026-04-01,C0141,R03,Mid-Market,Business,14592.17,0,1051.11,0,0,15643.28,15117.73
2026-05-01,C0141,R03,Mid-Market,Business,15643.28,0,0,0,0,15643.28,15643.28
2026-06-01,C0141,R03,Mid-Market,Business,15643.28,0,0,0,0,15643.28,15643.28
2023-01-01,C0142,R01,SMB,Core,6358.57,0,0,0,0,6358.57,6358.57
2023-02-01,C0142,R01,SMB,Core,6358.57,0,0,0,0,6358.57,6358.57
2023-03-01,C0142,R01,SMB,Core,6358.57,0,0,0,0,6358.57,6358.57
2023-04-01,C0142,R01,SMB,Core,6358.57,0,190.76,0,0,6549.33,6453.95
2023-05-01,C0142,R01,SMB,Core,6549.33,0,0,0,0,6549.33,6549.33
2023-06-01,C0142,R01,SMB,Core,6549.33,0,0,0,0,6549.33,6549.33
2023-07-01,C0142,R01,SMB,Core,6549.33,0,0,0,0,6549.33,6549.33
2023-08-01,C0142,R01,SMB,Core,6549.33,0,0,0,0,6549.33,6549.33
2023-09-01,C0142,R01,SMB,Core,6549.33,0,0,0,0,6549.33,6549.33
2023-10-01,C0142,R01,SMB,Core,6549.33,0,0,0,0,6549.33,6549.33
2023-11-01,C0142,R01,SMB,Core,6549.33,0,0,0,0,6549.33,6549.33
2023-12-01,C0142,R01,SMB,Core,6549.33,0,0,0,0,6549.33,6549.33
2024-01-01,C0142,R01,SMB,Core,6549.33,0,0,0,0,6549.33,6549.33
2024-02-01,C0142,R01,SMB,Core,6549.33,0,0,0,0,6549.33,6549.33
2024-03-01,C0142,R01,SMB,Core,6549.33,0,0,0,0,6549.33,6549.33
2024-04-01,C0142,R01,SMB,Core,6549.33,0,540.19,0,0,7089.51,6819.42
2024-05-01,C0142,R01,SMB,Core,7089.51,0,0,0,0,7089.51,7089.51
2024-06-01,C0142,R01,SMB,Core,7089.51,0,0,0,0,7089.51,7089.51
2024-07-01,C0142,R01,SMB,Core,7089.51,0,0,0,0,7089.51,7089.51
2024-08-01,C0142,R01,SMB,Core,7089.51,0,0,0,0,7089.51,7089.51
2024-09-01,C0142,R01,SMB,Core,7089.51,0,0,0,0,7089.51,7089.51
2024-10-01,C0142,R01,SMB,Core,7089.51,0,0,0,0,7089.51,7089.51
2024-11-01,C0142,R01,SMB,Core,7089.51,0,0,0,0,7089.51,7089.51
2024-12-01,C0142,R01,SMB,Core,7089.51,0,0,0,0,7089.51,7089.51
2025-01-01,C0142,R01,SMB,Core,7089.51,0,0,0,0,7089.51,7089.51
2025-02-01,C0142,R01,SMB,Core,7089.51,0,0,0,0,7089.51,7089.51
2025-03-01,C0142,R01,SMB,Core,7089.51,0,0,0,0,7089.51,7089.51
2025-04-01,C0142,R01,SMB,Core,7089.51,0,940.08,0,0,8029.59,7559.55
2025-05-01,C0142,R01,SMB,Core,8029.59,0,0,0,0,8029.59,8029.59
2025-06-01,C0142,R01,SMB,Core,8029.59,0,0,0,0,8029.59,8029.59
2025-07-01,C0142,R01,SMB,Core,8029.59,0,0,0,0,8029.59,8029.59
2025-08-01,C0142,R01,SMB,Core,8029.59,0,0,0,0,8029.59,8029.59
2025-09-01,C0142,R01,SMB,Core,8029.59,0,0,0,0,8029.59,8029.59
2025-10-01,C0142,R01,SMB,Core,8029.59,0,0,0,0,8029.59,8029.59
2025-11-01,C0142,R01,SMB,Core,8029.59,0,0,0,0,8029.59,8029.59
2025-12-01,C0142,R01,SMB,Core,8029.59,0,0,0,0,8029.59,8029.59
2026-01-01,C0142,R01,SMB,Core,8029.59,0,0,0,0,8029.59,8029.59
2026-02-01,C0142,R01,SMB,Core,8029.59,0,0,0,0,8029.59,8029.59
2026-03-01,C0142,R01,SMB,Core,8029.59,0,0,0,0,8029.59,8029.59
2026-04-01,C0142,R01,SMB,Core,8029.59,0,240.89,305.69,0,7964.79,7997.19
2026-05-01,C0142,R01,SMB,Core,7964.79,0,0,0,0,7964.79,7964.79
2026-06-01,C0142,R01,SMB,Core,7964.79,0,0,0,0,7964.79,7964.79
2023-01-01,C0143,R03,SMB,Core,4589.73,0,0,0,0,4589.73,4589.73
2023-02-01,C0143,R03,SMB,Core,4589.73,0,0,0,0,4589.73,4589.73
2023-03-01,C0143,R03,SMB,Core,4589.73,0,0,0,0,4589.73,4589.73
2023-04-01,C0143,R03,SMB,Core,4589.73,0,0,0,0,4589.73,4589.73
2023-05-01,C0143,R03,SMB,Core,4589.73,0,0,0,0,4589.73,4589.73
2023-06-01,C0143,R03,SMB,Core,4589.73,0,0,0,0,4589.73,4589.73
2023-07-01,C0143,R03,SMB,Core,4589.73,0,0,0,0,4589.73,4589.73
2023-08-01,C0143,R03,SMB,Core,4589.73,0,0,0,0,4589.73,4589.73
2023-09-01,C0143,R03,SMB,Core,4589.73,0,0,0,0,4589.73,4589.73
2023-10-01,C0143,R03,SMB,Core,4589.73,0,0,0,0,4589.73,4589.73
2023-11-01,C0143,R03,SMB,Core,4589.73,0,137.69,237.8,4489.62,0,2294.86
2023-01-01,C0144,R02,SMB,Core,4150.85,0,0,0,0,4150.85,4150.85
2023-02-01,C0144,R02,SMB,Core,4150.85,0,0,0,0,4150.85,4150.85
2023-03-01,C0144,R02,SMB,Core,4150.85,0,0,0,0,4150.85,4150.85
2023-04-01,C0144,R02,SMB,Core,4150.85,0,0,0,0,4150.85,4150.85
2023-05-01,C0144,R02,SMB,Core,4150.85,0,0,0,0,4150.85,4150.85
2023-06-01,C0144,R02,SMB,Core,4150.85,0,0,0,0,4150.85,4150.85
2023-07-01,C0144,R02,SMB,Core,4150.85,0,0,0,0,4150.85,4150.85
2023-08-01,C0144,R02,SMB,Core,4150.85,0,0,0,0,4150.85,4150.85
2023-09-01,C0144,R02,SMB,Core,4150.85,0,0,0,0,4150.85,4150.85
2023-10-01,C0144,R02,SMB,Core,4150.85,0,0,0,0,4150.85,4150.85
2023-11-01,C0144,R02,SMB,Core,4150.85,0,0,0,0,4150.85,4150.85
2023-12-01,C0144,R02,SMB,Core,4150.85,0,124.53,0,0,4275.38,4213.11
2024-01-01,C0144,R02,SMB,Core,4275.38,0,0,0,0,4275.38,4275.38
2024-02-01,C0144,R02,SMB,Core,4275.38,0,0,0,0,4275.38,4275.38
2024-03-01,C0144,R02,SMB,Core,4275.38,0,0,0,0,4275.38,4275.38
2024-04-01,C0144,R02,SMB,Core,4275.38,0,0,0,0,4275.38,4275.38
2024-05-01,C0144,R02,SMB,Core,4275.38,0,0,0,0,4275.38,4275.38
2024-06-01,C0144,R02,SMB,Core,4275.38,0,0,0,0,4275.38,4275.38
2024-07-01,C0144,R02,SMB,Core,4275.38,0,0,0,0,4275.38,4275.38
2024-08-01,C0144,R02,SMB,Core,4275.38,0,0,0,0,4275.38,4275.38
2024-09-01,C0144,R02,SMB,Core,4275.38,0,0,0,0,4275.38,4275.38
2024-10-01,C0144,R02,SMB,Core,4275.38,0,0,0,0,4275.38,4275.38
2024-11-01,C0144,R02,SMB,Core,4275.38,0,0,0,0,4275.38,4275.38
2024-12-01,C0144,R02,SMB,Core,4275.38,0,128.26,0,0,4403.64,4339.51
2025-01-01,C0144,R02,SMB,Core,4403.64,0,0,0,0,4403.64,4403.64
2025-02-01,C0144,R02,SMB,Core,4403.64,0,0,0,0,4403.64,4403.64
2025-03-01,C0144,R02,SMB,Core,4403.64,0,0,0,0,4403.64,4403.64
2025-04-01,C0144,R02,SMB,Core,4403.64,0,0,0,0,4403.64,4403.64
2025-05-01,C0144,R02,SMB,Core,4403.64,0,0,0,0,4403.64,4403.64
2025-06-01,C0144,R02,SMB,Core,4403.64,0,0,0,0,4403.64,4403.64
2025-07-01,C0144,R02,SMB,Core,4403.64,0,0,0,0,4403.64,4403.64
2025-08-01,C0144,R02,SMB,Core,4403.64,0,0,0,0,4403.64,4403.64
2025-09-01,C0144,R02,SMB,Core,4403.64,0,0,0,0,4403.64,4403.64
2025-10-01,C0144,R02,SMB,Core,4403.64,0,0,0,0,4403.64,4403.64
2025-11-01,C0144,R02,SMB,Core,4403.64,0,0,0,0,4403.64,4403.64
2025-12-01,C0144,R02,SMB,Core,4403.64,0,366.62,125.1,0,4645.16,4524.4
2026-01-01,C0144,R02,SMB,Core,4645.16,0,0,0,0,4645.16,4645.16
2026-02-01,C0144,R02,SMB,Core,4645.16,0,0,0,0,4645.16,4645.16
2026-03-01,C0144,R02,SMB,Core,4645.16,0,0,0,0,4645.16,4645.16
2026-04-01,C0144,R02,SMB,Core,4645.16,0,0,0,0,4645.16,4645.16
2026-05-01,C0144,R02,SMB,Core,4645.16,0,0,0,0,4645.16,4645.16
2026-06-01,C0144,R02,SMB,Core,4645.16,0,0,0,0,4645.16,4645.16
2023-01-01,C0145,R02,Mid-Market,Business,11527.79,0,0,0,0,11527.79,11527.79
2023-02-01,C0145,R02,Mid-Market,Business,11527.79,0,345.83,0,0,11873.63,11700.71
2023-03-01,C0145,R02,Mid-Market,Business,11873.63,0,0,0,0,11873.63,11873.63
2023-04-01,C0145,R02,Mid-Market,Business,11873.63,0,0,0,0,11873.63,11873.63
2023-05-01,C0145,R02,Mid-Market,Business,11873.63,0,0,0,0,11873.63,11873.63
2023-06-01,C0145,R02,Mid-Market,Business,11873.63,0,0,0,0,11873.63,11873.63
2023-07-01,C0145,R02,Mid-Market,Business,11873.63,0,0,0,0,11873.63,11873.63
2023-08-01,C0145,R02,Mid-Market,Business,11873.63,0,0,0,0,11873.63,11873.63
2023-09-01,C0145,R02,Mid-Market,Business,11873.63,0,0,0,0,11873.63,11873.63
2023-10-01,C0145,R02,Mid-Market,Business,11873.63,0,0,0,0,11873.63,11873.63
2023-11-01,C0145,R02,Mid-Market,Business,11873.63,0,0,0,0,11873.63,11873.63
2023-12-01,C0145,R02,Mid-Market,Business,11873.63,0,0,0,0,11873.63,11873.63
2024-01-01,C0145,R02,Mid-Market,Business,11873.63,0,0,0,0,11873.63,11873.63
2024-02-01,C0145,R02,Mid-Market,Business,11873.63,0,356.21,0,0,12229.83,12051.73
2024-03-01,C0145,R02,Mid-Market,Business,12229.83,0,0,0,0,12229.83,12229.83
2024-04-01,C0145,R02,Mid-Market,Business,12229.83,0,0,0,0,12229.83,12229.83
2024-05-01,C0145,R02,Mid-Market,Business,12229.83,0,0,0,0,12229.83,12229.83
2024-06-01,C0145,R02,Mid-Market,Business,12229.83,0,0,0,0,12229.83,12229.83
2024-07-01,C0145,R02,Mid-Market,Business,12229.83,0,0,0,0,12229.83,12229.83
2024-08-01,C0145,R02,Mid-Market,Business,12229.83,0,0,0,0,12229.83,12229.83
2024-09-01,C0145,R02,Mid-Market,Business,12229.83,0,0,0,0,12229.83,12229.83
2024-10-01,C0145,R02,Mid-Market,Business,12229.83,0,0,0,0,12229.83,12229.83
2024-11-01,C0145,R02,Mid-Market,Business,12229.83,0,0,0,0,12229.83,12229.83
2024-12-01,C0145,R02,Mid-Market,Business,12229.83,0,0,0,0,12229.83,12229.83
2025-01-01,C0145,R02,Mid-Market,Business,12229.83,0,0,0,0,12229.83,12229.83
2025-02-01,C0145,R02,Mid-Market,Business,12229.83,0,894.46,0,0,13124.3,12677.07
2025-03-01,C0145,R02,Mid-Market,Business,13124.3,0,0,0,0,13124.3,13124.3
2025-04-01,C0145,R02,Mid-Market,Business,13124.3,0,0,0,0,13124.3,13124.3
2025-05-01,C0145,R02,Mid-Market,Business,13124.3,0,0,0,0,13124.3,13124.3
2025-06-01,C0145,R02,Mid-Market,Business,13124.3,0,0,0,0,13124.3,13124.3
2025-07-01,C0145,R02,Mid-Market,Business,13124.3,0,0,0,0,13124.3,13124.3
2025-08-01,C0145,R02,Mid-Market,Business,13124.3,0,0,0,0,13124.3,13124.3
2025-09-01,C0145,R02,Mid-Market,Business,13124.3,0,0,0,0,13124.3,13124.3
2025-10-01,C0145,R02,Mid-Market,Business,13124.3,0,0,0,0,13124.3,13124.3
2025-11-01,C0145,R02,Mid-Market,Business,13124.3,0,0,0,0,13124.3,13124.3
2025-12-01,C0145,R02,Mid-Market,Business,13124.3,0,0,0,0,13124.3,13124.3
2026-01-01,C0145,R02,Mid-Market,Business,13124.3,0,0,0,0,13124.3,13124.3
2026-02-01,C0145,R02,Mid-Market,Business,13124.3,0,393.73,0,0,13518.03,13321.16
2026-03-01,C0145,R02,Mid-Market,Business,13518.03,0,0,0,0,13518.03,13518.03
2026-04-01,C0145,R02,Mid-Market,Business,13518.03,0,0,0,0,13518.03,13518.03
2026-05-01,C0145,R02,Mid-Market,Business,13518.03,0,0,0,0,13518.03,13518.03
2026-06-01,C0145,R02,Mid-Market,Business,13518.03,0,0,0,0,13518.03,13518.03
2023-01-01,C0146,R01,SMB,Core,3371.3,0,0,0,0,3371.3,3371.3
2023-02-01,C0146,R01,SMB,Core,3371.3,0,0,0,0,3371.3,3371.3
2023-03-01,C0146,R01,SMB,Core,3371.3,0,0,0,0,3371.3,3371.3
2023-04-01,C0146,R01,SMB,Core,3371.3,0,0,0,0,3371.3,3371.3
2023-05-01,C0146,R01,SMB,Core,3371.3,0,101.14,0,3472.43,0,1685.65
2023-01-01,C0147,R01,Mid-Market,Business,11295.69,0,0,0,0,11295.69,11295.69
2023-02-01,C0147,R01,Mid-Market,Business,11295.69,0,0,0,0,11295.69,11295.69
2023-03-01,C0147,R01,Mid-Market,Business,11295.69,0,0,0,0,11295.69,11295.69
2023-04-01,C0147,R01,Mid-Market,Business,11295.69,0,0,0,0,11295.69,11295.69
2023-05-01,C0147,R01,Mid-Market,Business,11295.69,0,0,0,0,11295.69,11295.69
2023-06-01,C0147,R01,Mid-Market,Business,11295.69,0,0,0,0,11295.69,11295.69
2023-07-01,C0147,R01,Mid-Market,Business,11295.69,0,0,0,0,11295.69,11295.69
2023-08-01,C0147,R01,Mid-Market,Business,11295.69,0,0,0,0,11295.69,11295.69
2023-09-01,C0147,R01,Mid-Market,Business,11295.69,0,0,0,0,11295.69,11295.69
2023-10-01,C0147,R01,Mid-Market,Business,11295.69,0,0,0,0,11295.69,11295.69
2023-11-01,C0147,R01,Mid-Market,Business,11295.69,0,990.88,0,0,12286.57,11791.13
2023-12-01,C0147,R01,Mid-Market,Business,12286.57,0,0,0,0,12286.57,12286.57
2024-01-01,C0147,R01,Mid-Market,Business,12286.57,0,0,0,0,12286.57,12286.57
2024-02-01,C0147,R01,Mid-Market,Business,12286.57,0,0,0,0,12286.57,12286.57
2024-03-01,C0147,R01,Mid-Market,Business,12286.57,0,0,0,0,12286.57,12286.57
2024-04-01,C0147,R01,Mid-Market,Business,12286.57,0,0,0,0,12286.57,12286.57
2024-05-01,C0147,R01,Mid-Market,Business,12286.57,0,0,0,0,12286.57,12286.57
2024-06-01,C0147,R01,Mid-Market,Business,12286.57,0,0,0,0,12286.57,12286.57
2024-07-01,C0147,R01,Mid-Market,Business,12286.57,0,0,0,0,12286.57,12286.57
2024-08-01,C0147,R01,Mid-Market,Business,12286.57,0,0,0,0,12286.57,12286.57
2024-09-01,C0147,R01,Mid-Market,Business,12286.57,0,0,0,0,12286.57,12286.57
2024-10-01,C0147,R01,Mid-Market,Business,12286.57,0,0,0,0,12286.57,12286.57
2024-11-01,C0147,R01,Mid-Market,Business,12286.57,0,1652.58,0,0,13939.15,13112.86
2024-12-01,C0147,R01,Mid-Market,Business,13939.15,0,0,0,0,13939.15,13939.15
2025-01-01,C0147,R01,Mid-Market,Business,13939.15,0,0,0,0,13939.15,13939.15
2025-02-01,C0147,R01,Mid-Market,Business,13939.15,0,0,0,0,13939.15,13939.15
2025-03-01,C0147,R01,Mid-Market,Business,13939.15,0,0,0,0,13939.15,13939.15
2025-04-01,C0147,R01,Mid-Market,Business,13939.15,0,0,0,0,13939.15,13939.15
2025-05-01,C0147,R01,Mid-Market,Business,13939.15,0,0,0,0,13939.15,13939.15
2025-06-01,C0147,R01,Mid-Market,Business,13939.15,0,0,0,0,13939.15,13939.15
2025-07-01,C0147,R01,Mid-Market,Business,13939.15,0,0,0,0,13939.15,13939.15
2025-08-01,C0147,R01,Mid-Market,Business,13939.15,0,0,0,0,13939.15,13939.15
2025-09-01,C0147,R01,Mid-Market,Business,13939.15,0,0,0,0,13939.15,13939.15
2025-10-01,C0147,R01,Mid-Market,Business,13939.15,0,0,0,0,13939.15,13939.15
2025-11-01,C0147,R01,Mid-Market,Business,13939.15,0,810.72,0,0,14749.87,14344.51
2025-12-01,C0147,R01,Mid-Market,Business,14749.87,0,0,0,0,14749.87,14749.87
2026-01-01,C0147,R01,Mid-Market,Business,14749.87,0,0,0,0,14749.87,14749.87
2026-02-01,C0147,R01,Mid-Market,Business,14749.87,0,0,0,0,14749.87,14749.87
2026-03-01,C0147,R01,Mid-Market,Business,14749.87,0,0,0,0,14749.87,14749.87
2026-04-01,C0147,R01,Mid-Market,Business,14749.87,0,0,0,0,14749.87,14749.87
2026-05-01,C0147,R01,Mid-Market,Business,14749.87,0,0,0,0,14749.87,14749.87
2026-06-01,C0147,R01,Mid-Market,Business,14749.87,0,0,0,0,14749.87,14749.87
2023-01-01,C0148,R02,Mid-Market,Business,11362.09,0,0,0,0,11362.09,11362.09
2023-02-01,C0148,R02,Mid-Market,Business,11362.09,0,0,0,0,11362.09,11362.09
2023-03-01,C0148,R02,Mid-Market,Business,11362.09,0,0,0,0,11362.09,11362.09
2023-04-01,C0148,R02,Mid-Market,Business,11362.09,0,0,0,0,11362.09,11362.09
2023-05-01,C0148,R02,Mid-Market,Business,11362.09,0,0,0,0,11362.09,11362.09
2023-06-01,C0148,R02,Mid-Market,Business,11362.09,0,0,0,0,11362.09,11362.09
2023-07-01,C0148,R02,Mid-Market,Business,11362.09,0,0,0,0,11362.09,11362.09
2023-08-01,C0148,R02,Mid-Market,Business,11362.09,0,1237.79,0,0,12599.88,11980.98
2023-09-01,C0148,R02,Mid-Market,Business,12599.88,0,0,0,0,12599.88,12599.88
2023-10-01,C0148,R02,Mid-Market,Business,12599.88,0,0,0,0,12599.88,12599.88
2023-11-01,C0148,R02,Mid-Market,Business,12599.88,0,0,0,0,12599.88,12599.88
2023-12-01,C0148,R02,Mid-Market,Business,12599.88,0,0,0,0,12599.88,12599.88
2024-01-01,C0148,R02,Mid-Market,Business,12599.88,0,0,0,0,12599.88,12599.88
2024-02-01,C0148,R02,Mid-Market,Business,12599.88,0,0,0,0,12599.88,12599.88
2024-03-01,C0148,R02,Mid-Market,Business,12599.88,0,0,0,0,12599.88,12599.88
2024-04-01,C0148,R02,Mid-Market,Business,12599.88,0,0,0,0,12599.88,12599.88
2024-05-01,C0148,R02,Mid-Market,Business,12599.88,0,0,0,0,12599.88,12599.88
2024-06-01,C0148,R02,Mid-Market,Business,12599.88,0,0,0,0,12599.88,12599.88
2024-07-01,C0148,R02,Mid-Market,Business,12599.88,0,0,0,0,12599.88,12599.88
2024-08-01,C0148,R02,Mid-Market,Business,12599.88,0,566.99,0,0,13166.88,12883.38
2024-09-01,C0148,R02,Mid-Market,Business,13166.88,0,0,0,0,13166.88,13166.88
2024-10-01,C0148,R02,Mid-Market,Business,13166.88,0,0,0,0,13166.88,13166.88
2024-11-01,C0148,R02,Mid-Market,Business,13166.88,0,0,0,0,13166.88,13166.88
2024-12-01,C0148,R02,Mid-Market,Business,13166.88,0,0,0,0,13166.88,13166.88
2025-01-01,C0148,R02,Mid-Market,Business,13166.88,0,0,0,0,13166.88,13166.88
2025-02-01,C0148,R02,Mid-Market,Business,13166.88,0,0,0,0,13166.88,13166.88
2025-03-01,C0148,R02,Mid-Market,Business,13166.88,0,0,0,0,13166.88,13166.88
2025-04-01,C0148,R02,Mid-Market,Business,13166.88,0,0,0,0,13166.88,13166.88
2025-05-01,C0148,R02,Mid-Market,Business,13166.88,0,0,0,0,13166.88,13166.88
2025-06-01,C0148,R02,Mid-Market,Business,13166.88,0,0,0,0,13166.88,13166.88
2025-07-01,C0148,R02,Mid-Market,Business,13166.88,0,0,0,0,13166.88,13166.88
2025-08-01,C0148,R02,Mid-Market,Business,13166.88,0,592.51,0,0,13759.38,13463.13
2025-09-01,C0148,R02,Mid-Market,Business,13759.38,0,0,0,0,13759.38,13759.38
2025-10-01,C0148,R02,Mid-Market,Business,13759.38,0,0,0,0,13759.38,13759.38
2025-11-01,C0148,R02,Mid-Market,Business,13759.38,0,0,0,0,13759.38,13759.38
2025-12-01,C0148,R02,Mid-Market,Business,13759.38,0,0,0,0,13759.38,13759.38
2026-01-01,C0148,R02,Mid-Market,Business,13759.38,0,0,0,0,13759.38,13759.38
2026-02-01,C0148,R02,Mid-Market,Business,13759.38,0,0,0,0,13759.38,13759.38
2026-03-01,C0148,R02,Mid-Market,Business,13759.38,0,0,0,0,13759.38,13759.38
2026-04-01,C0148,R02,Mid-Market,Business,13759.38,0,0,0,0,13759.38,13759.38
2026-05-01,C0148,R02,Mid-Market,Business,13759.38,0,0,0,0,13759.38,13759.38
2026-06-01,C0148,R02,Mid-Market,Business,13759.38,0,0,0,0,13759.38,13759.38
2023-01-01,C0149,R01,Enterprise,Enterprise Suite,89352.47,0,0,0,0,89352.47,89352.47
2023-02-01,C0149,R01,Enterprise,Enterprise Suite,89352.47,0,0,0,0,89352.47,89352.47
2023-03-01,C0149,R01,Enterprise,Enterprise Suite,89352.47,0,0,0,0,89352.47,89352.47
2023-04-01,C0149,R01,Enterprise,Enterprise Suite,89352.47,0,0,0,0,89352.47,89352.47
2023-05-01,C0149,R01,Enterprise,Enterprise Suite,89352.47,0,0,0,0,89352.47,89352.47
2023-06-01,C0149,R01,Enterprise,Enterprise Suite,89352.47,0,0,0,0,89352.47,89352.47
2023-07-01,C0149,R01,Enterprise,Enterprise Suite,89352.47,0,0,0,0,89352.47,89352.47
2023-08-01,C0149,R01,Enterprise,Enterprise Suite,89352.47,0,0,0,0,89352.47,89352.47
2023-09-01,C0149,R01,Enterprise,Enterprise Suite,89352.47,0,0,0,0,89352.47,89352.47
2023-10-01,C0149,R01,Enterprise,Enterprise Suite,89352.47,0,0,0,0,89352.47,89352.47
2023-11-01,C0149,R01,Enterprise,Enterprise Suite,89352.47,0,0,0,0,89352.47,89352.47
2023-12-01,C0149,R01,Enterprise,Enterprise Suite,89352.47,0,10648.8,0,0,100001.26,94676.86
2024-01-01,C0149,R01,Enterprise,Enterprise Suite,100001.26,0,0,0,0,100001.26,100001.26
2024-02-01,C0149,R01,Enterprise,Enterprise Suite,100001.26,0,0,0,0,100001.26,100001.26
2024-03-01,C0149,R01,Enterprise,Enterprise Suite,100001.26,0,0,0,0,100001.26,100001.26
2024-04-01,C0149,R01,Enterprise,Enterprise Suite,100001.26,0,0,0,0,100001.26,100001.26
2024-05-01,C0149,R01,Enterprise,Enterprise Suite,100001.26,0,0,0,0,100001.26,100001.26
2024-06-01,C0149,R01,Enterprise,Enterprise Suite,100001.26,0,0,0,0,100001.26,100001.26
2024-07-01,C0149,R01,Enterprise,Enterprise Suite,100001.26,0,0,0,0,100001.26,100001.26
2024-08-01,C0149,R01,Enterprise,Enterprise Suite,100001.26,0,0,0,0,100001.26,100001.26
2024-09-01,C0149,R01,Enterprise,Enterprise Suite,100001.26,0,0,0,0,100001.26,100001.26
2024-10-01,C0149,R01,Enterprise,Enterprise Suite,100001.26,0,0,0,0,100001.26,100001.26
2024-11-01,C0149,R01,Enterprise,Enterprise Suite,100001.26,0,0,0,0,100001.26,100001.26
2024-12-01,C0149,R01,Enterprise,Enterprise Suite,100001.26,0,3000.04,0,0,103001.3,101501.28
2025-01-01,C0149,R01,Enterprise,Enterprise Suite,103001.3,0,0,0,0,103001.3,103001.3
2025-02-01,C0149,R01,Enterprise,Enterprise Suite,103001.3,0,0,0,0,103001.3,103001.3
2025-03-01,C0149,R01,Enterprise,Enterprise Suite,103001.3,0,0,0,0,103001.3,103001.3
2025-04-01,C0149,R01,Enterprise,Enterprise Suite,103001.3,0,0,0,0,103001.3,103001.3
2025-05-01,C0149,R01,Enterprise,Enterprise Suite,103001.3,0,0,0,0,103001.3,103001.3
2025-06-01,C0149,R01,Enterprise,Enterprise Suite,103001.3,0,0,0,0,103001.3,103001.3
2025-07-01,C0149,R01,Enterprise,Enterprise Suite,103001.3,0,0,0,0,103001.3,103001.3
2025-08-01,C0149,R01,Enterprise,Enterprise Suite,103001.3,0,0,0,0,103001.3,103001.3
2025-09-01,C0149,R01,Enterprise,Enterprise Suite,103001.3,0,0,0,0,103001.3,103001.3
2025-10-01,C0149,R01,Enterprise,Enterprise Suite,103001.3,0,0,0,0,103001.3,103001.3
2025-11-01,C0149,R01,Enterprise,Enterprise Suite,103001.3,0,0,0,0,103001.3,103001.3
2025-12-01,C0149,R01,Enterprise,Enterprise Suite,103001.3,0,11773.74,0,0,114775.04,108888.17
2026-01-01,C0149,R01,Enterprise,Enterprise Suite,114775.04,0,0,0,0,114775.04,114775.04
2026-02-01,C0149,R01,Enterprise,Enterprise Suite,114775.04,0,0,0,0,114775.04,114775.04
2026-03-01,C0149,R01,Enterprise,Enterprise Suite,114775.04,0,0,0,0,114775.04,114775.04
2026-04-01,C0149,R01,Enterprise,Enterprise Suite,114775.04,0,0,0,0,114775.04,114775.04
2026-05-01,C0149,R01,Enterprise,Enterprise Suite,114775.04,0,0,0,0,114775.04,114775.04
2026-06-01,C0149,R01,Enterprise,Enterprise Suite,114775.04,0,0,0,0,114775.04,114775.04
2023-01-01,C0150,R02,Mid-Market,Business,21911.82,0,0,0,0,21911.82,21911.82
2023-02-01,C0150,R02,Mid-Market,Business,21911.82,0,0,0,0,21911.82,21911.82
2023-03-01,C0150,R02,Mid-Market,Business,21911.82,0,0,0,0,21911.82,21911.82
2023-04-01,C0150,R02,Mid-Market,Business,21911.82,0,0,0,0,21911.82,21911.82
2023-05-01,C0150,R02,Mid-Market,Business,21911.82,0,0,0,0,21911.82,21911.82
2023-06-01,C0150,R02,Mid-Market,Business,21911.82,0,0,0,0,21911.82,21911.82
2023-07-01,C0150,R02,Mid-Market,Business,21911.82,0,2447.27,0,0,24359.08,23135.45
2023-08-01,C0150,R02,Mid-Market,Business,24359.08,0,0,0,0,24359.08,24359.08
2023-09-01,C0150,R02,Mid-Market,Business,24359.08,0,0,0,0,24359.08,24359.08
2023-10-01,C0150,R02,Mid-Market,Business,24359.08,0,0,0,0,24359.08,24359.08
2023-11-01,C0150,R02,Mid-Market,Business,24359.08,0,0,0,0,24359.08,24359.08
2023-12-01,C0150,R02,Mid-Market,Business,24359.08,0,0,0,0,24359.08,24359.08
2024-01-01,C0150,R02,Mid-Market,Business,24359.08,0,0,0,0,24359.08,24359.08
2024-02-01,C0150,R02,Mid-Market,Business,24359.08,0,0,0,0,24359.08,24359.08
2024-03-01,C0150,R02,Mid-Market,Business,24359.08,0,0,0,0,24359.08,24359.08
2024-04-01,C0150,R02,Mid-Market,Business,24359.08,0,0,0,0,24359.08,24359.08
2024-05-01,C0150,R02,Mid-Market,Business,24359.08,0,0,0,0,24359.08,24359.08
2024-06-01,C0150,R02,Mid-Market,Business,24359.08,0,0,0,0,24359.08,24359.08
2024-07-01,C0150,R02,Mid-Market,Business,24359.08,0,730.77,0,0,25089.85,24724.47
2024-08-01,C0150,R02,Mid-Market,Business,25089.85,0,0,0,0,25089.85,25089.85
2024-09-01,C0150,R02,Mid-Market,Business,25089.85,0,0,0,0,25089.85,25089.85
2024-10-01,C0150,R02,Mid-Market,Business,25089.85,0,0,0,0,25089.85,25089.85
2024-11-01,C0150,R02,Mid-Market,Business,25089.85,0,0,0,0,25089.85,25089.85
2024-12-01,C0150,R02,Mid-Market,Business,25089.85,0,0,0,0,25089.85,25089.85
2025-01-01,C0150,R02,Mid-Market,Business,25089.85,0,0,0,0,25089.85,25089.85
2025-02-01,C0150,R02,Mid-Market,Business,25089.85,0,0,0,0,25089.85,25089.85
2025-03-01,C0150,R02,Mid-Market,Business,25089.85,0,0,0,0,25089.85,25089.85
2025-04-01,C0150,R02,Mid-Market,Business,25089.85,0,0,0,0,25089.85,25089.85
2025-05-01,C0150,R02,Mid-Market,Business,25089.85,0,0,0,0,25089.85,25089.85
2025-06-01,C0150,R02,Mid-Market,Business,25089.85,0,0,0,0,25089.85,25089.85
2025-07-01,C0150,R02,Mid-Market,Business,25089.85,0,752.7,1312.79,0,24529.75,24809.8
2025-08-01,C0150,R02,Mid-Market,Business,24529.75,0,0,0,0,24529.75,24529.75
2025-09-01,C0150,R02,Mid-Market,Business,24529.75,0,0,0,0,24529.75,24529.75
2025-10-01,C0150,R02,Mid-Market,Business,24529.75,0,0,0,0,24529.75,24529.75
2025-11-01,C0150,R02,Mid-Market,Business,24529.75,0,0,0,0,24529.75,24529.75
2025-12-01,C0150,R02,Mid-Market,Business,24529.75,0,0,0,0,24529.75,24529.75
2026-01-01,C0150,R02,Mid-Market,Business,24529.75,0,0,0,0,24529.75,24529.75
2026-02-01,C0150,R02,Mid-Market,Business,24529.75,0,0,0,0,24529.75,24529.75
2026-03-01,C0150,R02,Mid-Market,Business,24529.75,0,0,0,0,24529.75,24529.75
2026-04-01,C0150,R02,Mid-Market,Business,24529.75,0,0,0,0,24529.75,24529.75
2026-05-01,C0150,R02,Mid-Market,Business,24529.75,0,0,0,0,24529.75,24529.75
2026-06-01,C0150,R02,Mid-Market,Business,24529.75,0,0,0,0,24529.75,24529.75
2023-01-01,C0151,R02,Enterprise,Enterprise Suite,57824.77,0,6683.09,0,0,64507.86,61166.32
2023-02-01,C0151,R02,Enterprise,Enterprise Suite,64507.86,0,0,0,0,64507.86,64507.86
2023-03-01,C0151,R02,Enterprise,Enterprise Suite,64507.86,0,0,0,0,64507.86,64507.86
2023-04-01,C0151,R02,Enterprise,Enterprise Suite,64507.86,0,0,0,0,64507.86,64507.86
2023-05-01,C0151,R02,Enterprise,Enterprise Suite,64507.86,0,0,0,0,64507.86,64507.86
2023-06-01,C0151,R02,Enterprise,Enterprise Suite,64507.86,0,0,0,0,64507.86,64507.86
2023-07-01,C0151,R02,Enterprise,Enterprise Suite,64507.86,0,0,0,0,64507.86,64507.86
2023-08-01,C0151,R02,Enterprise,Enterprise Suite,64507.86,0,0,0,0,64507.86,64507.86
2023-09-01,C0151,R02,Enterprise,Enterprise Suite,64507.86,0,0,0,0,64507.86,64507.86
2023-10-01,C0151,R02,Enterprise,Enterprise Suite,64507.86,0,0,0,0,64507.86,64507.86
2023-11-01,C0151,R02,Enterprise,Enterprise Suite,64507.86,0,0,0,0,64507.86,64507.86
2023-12-01,C0151,R02,Enterprise,Enterprise Suite,64507.86,0,0,0,0,64507.86,64507.86
2024-01-01,C0151,R02,Enterprise,Enterprise Suite,64507.86,0,9263.38,0,0,73771.25,69139.55
2024-02-01,C0151,R02,Enterprise,Enterprise Suite,73771.25,0,0,0,0,73771.25,73771.25
2024-03-01,C0151,R02,Enterprise,Enterprise Suite,73771.25,0,0,0,0,73771.25,73771.25
2024-04-01,C0151,R02,Enterprise,Enterprise Suite,73771.25,0,0,0,0,73771.25,73771.25
2024-05-01,C0151,R02,Enterprise,Enterprise Suite,73771.25,0,0,0,0,73771.25,73771.25
2024-06-01,C0151,R02,Enterprise,Enterprise Suite,73771.25,0,0,0,0,73771.25,73771.25
2024-07-01,C0151,R02,Enterprise,Enterprise Suite,73771.25,0,0,0,0,73771.25,73771.25
2024-08-01,C0151,R02,Enterprise,Enterprise Suite,73771.25,0,0,0,0,73771.25,73771.25
2024-09-01,C0151,R02,Enterprise,Enterprise Suite,73771.25,0,0,0,0,73771.25,73771.25
2024-10-01,C0151,R02,Enterprise,Enterprise Suite,73771.25,0,0,0,0,73771.25,73771.25
2024-11-01,C0151,R02,Enterprise,Enterprise Suite,73771.25,0,0,0,0,73771.25,73771.25
2024-12-01,C0151,R02,Enterprise,Enterprise Suite,73771.25,0,0,0,0,73771.25,73771.25
2025-01-01,C0151,R02,Enterprise,Enterprise Suite,73771.25,0,6839.69,0,0,80610.94,77191.09
2025-02-01,C0151,R02,Enterprise,Enterprise Suite,80610.94,0,0,0,0,80610.94,80610.94
2025-03-01,C0151,R02,Enterprise,Enterprise Suite,80610.94,0,0,0,0,80610.94,80610.94
2025-04-01,C0151,R02,Enterprise,Enterprise Suite,80610.94,0,0,0,0,80610.94,80610.94
2025-05-01,C0151,R02,Enterprise,Enterprise Suite,80610.94,0,0,0,0,80610.94,80610.94
2025-06-01,C0151,R02,Enterprise,Enterprise Suite,80610.94,0,0,0,0,80610.94,80610.94
2025-07-01,C0151,R02,Enterprise,Enterprise Suite,80610.94,0,0,0,0,80610.94,80610.94
2025-08-01,C0151,R02,Enterprise,Enterprise Suite,80610.94,0,0,0,0,80610.94,80610.94
2025-09-01,C0151,R02,Enterprise,Enterprise Suite,80610.94,0,0,0,0,80610.94,80610.94
2025-10-01,C0151,R02,Enterprise,Enterprise Suite,80610.94,0,0,0,0,80610.94,80610.94
2025-11-01,C0151,R02,Enterprise,Enterprise Suite,80610.94,0,0,0,0,80610.94,80610.94
2025-12-01,C0151,R02,Enterprise,Enterprise Suite,80610.94,0,0,0,0,80610.94,80610.94
2026-01-01,C0151,R02,Enterprise,Enterprise Suite,80610.94,0,2418.33,0,0,83029.27,81820.1
2026-02-01,C0151,R02,Enterprise,Enterprise Suite,83029.27,0,0,0,0,83029.27,83029.27
2026-03-01,C0151,R02,Enterprise,Enterprise Suite,83029.27,0,0,0,0,83029.27,83029.27
2026-04-01,C0151,R02,Enterprise,Enterprise Suite,83029.27,0,0,0,0,83029.27,83029.27
2026-05-01,C0151,R02,Enterprise,Enterprise Suite,83029.27,0,0,0,0,83029.27,83029.27
2026-06-01,C0151,R02,Enterprise,Enterprise Suite,83029.27,0,0,0,0,83029.27,83029.27
2023-01-01,C0152,R01,Mid-Market,Business,11806.11,0,0,0,0,11806.11,11806.11
2023-02-01,C0152,R01,Mid-Market,Business,11806.11,0,0,0,0,11806.11,11806.11
2023-03-01,C0152,R01,Mid-Market,Business,11806.11,0,0,0,0,11806.11,11806.11
2023-04-01,C0152,R01,Mid-Market,Business,11806.11,0,0,0,0,11806.11,11806.11
2023-05-01,C0152,R01,Mid-Market,Business,11806.11,0,0,0,0,11806.11,11806.11
2023-06-01,C0152,R01,Mid-Market,Business,11806.11,0,0,0,0,11806.11,11806.11
2023-07-01,C0152,R01,Mid-Market,Business,11806.11,0,0,0,0,11806.11,11806.11
2023-08-01,C0152,R01,Mid-Market,Business,11806.11,0,0,0,0,11806.11,11806.11
2023-09-01,C0152,R01,Mid-Market,Business,11806.11,0,0,0,0,11806.11,11806.11
2023-10-01,C0152,R01,Mid-Market,Business,11806.11,0,354.18,0,0,12160.3,11983.2
2023-11-01,C0152,R01,Mid-Market,Business,12160.3,0,0,0,0,12160.3,12160.3
2023-12-01,C0152,R01,Mid-Market,Business,12160.3,0,0,0,0,12160.3,12160.3
2024-01-01,C0152,R01,Mid-Market,Business,12160.3,0,0,0,0,12160.3,12160.3
2024-02-01,C0152,R01,Mid-Market,Business,12160.3,0,0,0,0,12160.3,12160.3
2024-03-01,C0152,R01,Mid-Market,Business,12160.3,0,0,0,0,12160.3,12160.3
2024-04-01,C0152,R01,Mid-Market,Business,12160.3,0,0,0,0,12160.3,12160.3
2024-05-01,C0152,R01,Mid-Market,Business,12160.3,0,0,0,0,12160.3,12160.3
2024-06-01,C0152,R01,Mid-Market,Business,12160.3,0,0,0,0,12160.3,12160.3
2024-07-01,C0152,R01,Mid-Market,Business,12160.3,0,0,0,0,12160.3,12160.3
2024-08-01,C0152,R01,Mid-Market,Business,12160.3,0,0,0,0,12160.3,12160.3
2024-09-01,C0152,R01,Mid-Market,Business,12160.3,0,0,0,0,12160.3,12160.3
2024-10-01,C0152,R01,Mid-Market,Business,12160.3,0,364.81,0,0,12525.1,12342.7
2024-11-01,C0152,R01,Mid-Market,Business,12525.1,0,0,0,0,12525.1,12525.1
2024-12-01,C0152,R01,Mid-Market,Business,12525.1,0,0,0,0,12525.1,12525.1
2025-01-01,C0152,R01,Mid-Market,Business,12525.1,0,0,0,0,12525.1,12525.1
2025-02-01,C0152,R01,Mid-Market,Business,12525.1,0,0,0,0,12525.1,12525.1
2025-03-01,C0152,R01,Mid-Market,Business,12525.1,0,0,0,0,12525.1,12525.1
2025-04-01,C0152,R01,Mid-Market,Business,12525.1,0,0,0,0,12525.1,12525.1
2025-05-01,C0152,R01,Mid-Market,Business,12525.1,0,0,0,0,12525.1,12525.1
2025-06-01,C0152,R01,Mid-Market,Business,12525.1,0,0,0,0,12525.1,12525.1
2025-07-01,C0152,R01,Mid-Market,Business,12525.1,0,0,0,0,12525.1,12525.1
2025-08-01,C0152,R01,Mid-Market,Business,12525.1,0,0,0,0,12525.1,12525.1
2025-09-01,C0152,R01,Mid-Market,Business,12525.1,0,0,0,0,12525.1,12525.1
2025-10-01,C0152,R01,Mid-Market,Business,12525.1,0,563.63,0,0,13088.73,12806.92
2025-11-01,C0152,R01,Mid-Market,Business,13088.73,0,0,0,0,13088.73,13088.73
2025-12-01,C0152,R01,Mid-Market,Business,13088.73,0,0,0,0,13088.73,13088.73
2026-01-01,C0152,R01,Mid-Market,Business,13088.73,0,0,0,0,13088.73,13088.73
2026-02-01,C0152,R01,Mid-Market,Business,13088.73,0,0,0,0,13088.73,13088.73
2026-03-01,C0152,R01,Mid-Market,Business,13088.73,0,0,0,0,13088.73,13088.73
2026-04-01,C0152,R01,Mid-Market,Business,13088.73,0,0,0,0,13088.73,13088.73
2026-05-01,C0152,R01,Mid-Market,Business,13088.73,0,0,0,0,13088.73,13088.73
2026-06-01,C0152,R01,Mid-Market,Business,13088.73,0,0,0,0,13088.73,13088.73
2023-01-01,C0153,R03,SMB,Core,5894,0,0,0,0,5894,5894
2023-02-01,C0153,R03,SMB,Core,5894,0,0,0,0,5894,5894
2023-03-01,C0153,R03,SMB,Core,5894,0,0,0,0,5894,5894
2023-04-01,C0153,R03,SMB,Core,5894,0,176.82,0,0,6070.82,5982.41
2023-05-01,C0153,R03,SMB,Core,6070.82,0,0,0,0,6070.82,6070.82
2023-06-01,C0153,R03,SMB,Core,6070.82,0,0,0,0,6070.82,6070.82
2023-07-01,C0153,R03,SMB,Core,6070.82,0,0,0,0,6070.82,6070.82
2023-08-01,C0153,R03,SMB,Core,6070.82,0,0,0,0,6070.82,6070.82
2023-09-01,C0153,R03,SMB,Core,6070.82,0,0,0,0,6070.82,6070.82
2023-10-01,C0153,R03,SMB,Core,6070.82,0,0,0,0,6070.82,6070.82
2023-11-01,C0153,R03,SMB,Core,6070.82,0,0,0,0,6070.82,6070.82
2023-12-01,C0153,R03,SMB,Core,6070.82,0,0,0,0,6070.82,6070.82
2024-01-01,C0153,R03,SMB,Core,6070.82,0,0,0,0,6070.82,6070.82
2024-02-01,C0153,R03,SMB,Core,6070.82,0,0,0,0,6070.82,6070.82
2024-03-01,C0153,R03,SMB,Core,6070.82,0,0,0,0,6070.82,6070.82
2024-04-01,C0153,R03,SMB,Core,6070.82,0,598.93,0,0,6669.75,6370.29
2024-05-01,C0153,R03,SMB,Core,6669.75,0,0,0,0,6669.75,6669.75
2024-06-01,C0153,R03,SMB,Core,6669.75,0,0,0,0,6669.75,6669.75
2024-07-01,C0153,R03,SMB,Core,6669.75,0,0,0,0,6669.75,6669.75
2024-08-01,C0153,R03,SMB,Core,6669.75,0,0,0,0,6669.75,6669.75
2024-09-01,C0153,R03,SMB,Core,6669.75,0,0,0,0,6669.75,6669.75
2024-10-01,C0153,R03,SMB,Core,6669.75,0,0,0,0,6669.75,6669.75
2024-11-01,C0153,R03,SMB,Core,6669.75,0,0,0,0,6669.75,6669.75
2024-12-01,C0153,R03,SMB,Core,6669.75,0,0,0,0,6669.75,6669.75
2025-01-01,C0153,R03,SMB,Core,6669.75,0,0,0,0,6669.75,6669.75
2025-02-01,C0153,R03,SMB,Core,6669.75,0,0,0,0,6669.75,6669.75
2025-03-01,C0153,R03,SMB,Core,6669.75,0,0,0,0,6669.75,6669.75
2025-04-01,C0153,R03,SMB,Core,6669.75,0,200.09,0,0,6869.84,6769.8
2025-05-01,C0153,R03,SMB,Core,6869.84,0,0,0,0,6869.84,6869.84
2025-06-01,C0153,R03,SMB,Core,6869.84,0,0,0,0,6869.84,6869.84
2025-07-01,C0153,R03,SMB,Core,6869.84,0,0,0,0,6869.84,6869.84
2025-08-01,C0153,R03,SMB,Core,6869.84,0,0,0,0,6869.84,6869.84
2025-09-01,C0153,R03,SMB,Core,6869.84,0,0,0,0,6869.84,6869.84
2025-10-01,C0153,R03,SMB,Core,6869.84,0,0,0,0,6869.84,6869.84
2025-11-01,C0153,R03,SMB,Core,6869.84,0,0,0,0,6869.84,6869.84
2025-12-01,C0153,R03,SMB,Core,6869.84,0,0,0,0,6869.84,6869.84
2026-01-01,C0153,R03,SMB,Core,6869.84,0,0,0,0,6869.84,6869.84
2026-02-01,C0153,R03,SMB,Core,6869.84,0,0,0,0,6869.84,6869.84
2026-03-01,C0153,R03,SMB,Core,6869.84,0,0,0,0,6869.84,6869.84
2026-04-01,C0153,R03,SMB,Core,6869.84,0,563.72,0,0,7433.56,7151.7
2026-05-01,C0153,R03,SMB,Core,7433.56,0,0,0,0,7433.56,7433.56
2026-06-01,C0153,R03,SMB,Core,7433.56,0,0,0,0,7433.56,7433.56
2024-08-01,C0154,R04,Mid-Market,Business,0,7973.06,0,0,0,7973.06,3986.53
2024-09-01,C0154,R04,Mid-Market,Business,7973.06,0,0,0,0,7973.06,7973.06
2024-10-01,C0154,R04,Mid-Market,Business,7973.06,0,0,0,0,7973.06,7973.06
2024-11-01,C0154,R04,Mid-Market,Business,7973.06,0,0,0,0,7973.06,7973.06
2024-12-01,C0154,R04,Mid-Market,Business,7973.06,0,0,0,0,7973.06,7973.06
2025-01-01,C0154,R04,Mid-Market,Business,7973.06,0,0,0,0,7973.06,7973.06
2025-02-01,C0154,R04,Mid-Market,Business,7973.06,0,0,0,0,7973.06,7973.06
2025-03-01,C0154,R04,Mid-Market,Business,7973.06,0,0,0,0,7973.06,7973.06
2025-04-01,C0154,R04,Mid-Market,Business,7973.06,0,0,0,0,7973.06,7973.06
2025-05-01,C0154,R04,Mid-Market,Business,7973.06,0,0,0,0,7973.06,7973.06
2025-06-01,C0154,R04,Mid-Market,Business,7973.06,0,0,0,0,7973.06,7973.06
2025-07-01,C0154,R04,Mid-Market,Business,7973.06,0,0,0,0,7973.06,7973.06
2025-08-01,C0154,R04,Mid-Market,Business,7973.06,0,239.19,0,0,8212.25,8092.65
2025-09-01,C0154,R04,Mid-Market,Business,8212.25,0,0,0,0,8212.25,8212.25
2025-10-01,C0154,R04,Mid-Market,Business,8212.25,0,0,0,0,8212.25,8212.25
2025-11-01,C0154,R04,Mid-Market,Business,8212.25,0,0,0,0,8212.25,8212.25
2025-12-01,C0154,R04,Mid-Market,Business,8212.25,0,0,0,0,8212.25,8212.25
2026-01-01,C0154,R04,Mid-Market,Business,8212.25,0,0,0,0,8212.25,8212.25
2026-02-01,C0154,R04,Mid-Market,Business,8212.25,0,0,0,0,8212.25,8212.25
2026-03-01,C0154,R04,Mid-Market,Business,8212.25,0,0,0,0,8212.25,8212.25
2026-04-01,C0154,R04,Mid-Market,Business,8212.25,0,0,0,0,8212.25,8212.25
2026-05-01,C0154,R04,Mid-Market,Business,8212.25,0,0,0,0,8212.25,8212.25
2026-06-01,C0154,R04,Mid-Market,Business,8212.25,0,0,0,0,8212.25,8212.25
2023-07-01,C0155,R02,Mid-Market,Business,0,9913.33,0,0,0,9913.33,4956.67
2023-08-01,C0155,R02,Mid-Market,Business,9913.33,0,0,0,0,9913.33,9913.33
2023-09-01,C0155,R02,Mid-Market,Business,9913.33,0,0,0,0,9913.33,9913.33
2023-10-01,C0155,R02,Mid-Market,Business,9913.33,0,0,0,0,9913.33,9913.33
2023-11-01,C0155,R02,Mid-Market,Business,9913.33,0,0,0,0,9913.33,9913.33
2023-12-01,C0155,R02,Mid-Market,Business,9913.33,0,0,0,0,9913.33,9913.33
2024-01-01,C0155,R02,Mid-Market,Business,9913.33,0,0,0,0,9913.33,9913.33
2024-02-01,C0155,R02,Mid-Market,Business,9913.33,0,0,0,0,9913.33,9913.33
2024-03-01,C0155,R02,Mid-Market,Business,9913.33,0,0,0,0,9913.33,9913.33
2024-04-01,C0155,R02,Mid-Market,Business,9913.33,0,0,0,0,9913.33,9913.33
2024-05-01,C0155,R02,Mid-Market,Business,9913.33,0,0,0,0,9913.33,9913.33
2024-06-01,C0155,R02,Mid-Market,Business,9913.33,0,0,0,0,9913.33,9913.33
2024-07-01,C0155,R02,Mid-Market,Business,9913.33,0,1051.65,0,0,10964.98,10439.16
2024-08-01,C0155,R02,Mid-Market,Business,10964.98,0,0,0,0,10964.98,10964.98
2024-09-01,C0155,R02,Mid-Market,Business,10964.98,0,0,0,0,10964.98,10964.98
2024-10-01,C0155,R02,Mid-Market,Business,10964.98,0,0,0,0,10964.98,10964.98
2024-11-01,C0155,R02,Mid-Market,Business,10964.98,0,0,0,0,10964.98,10964.98
2024-12-01,C0155,R02,Mid-Market,Business,10964.98,0,0,0,0,10964.98,10964.98
2025-01-01,C0155,R02,Mid-Market,Business,10964.98,0,0,0,0,10964.98,10964.98
2025-02-01,C0155,R02,Mid-Market,Business,10964.98,0,0,0,0,10964.98,10964.98
2025-03-01,C0155,R02,Mid-Market,Business,10964.98,0,0,0,0,10964.98,10964.98
2025-04-01,C0155,R02,Mid-Market,Business,10964.98,0,0,0,0,10964.98,10964.98
2025-05-01,C0155,R02,Mid-Market,Business,10964.98,0,0,0,0,10964.98,10964.98
2025-06-01,C0155,R02,Mid-Market,Business,10964.98,0,0,0,0,10964.98,10964.98
2025-07-01,C0155,R02,Mid-Market,Business,10964.98,0,328.95,0,0,11293.93,11129.46
2025-08-01,C0155,R02,Mid-Market,Business,11293.93,0,0,0,0,11293.93,11293.93
2025-09-01,C0155,R02,Mid-Market,Business,11293.93,0,0,0,0,11293.93,11293.93
2025-10-01,C0155,R02,Mid-Market,Business,11293.93,0,0,0,0,11293.93,11293.93
2025-11-01,C0155,R02,Mid-Market,Business,11293.93,0,0,0,0,11293.93,11293.93
2025-12-01,C0155,R02,Mid-Market,Business,11293.93,0,0,0,0,11293.93,11293.93
2026-01-01,C0155,R02,Mid-Market,Business,11293.93,0,0,0,0,11293.93,11293.93
2026-02-01,C0155,R02,Mid-Market,Business,11293.93,0,0,0,0,11293.93,11293.93
2026-03-01,C0155,R02,Mid-Market,Business,11293.93,0,0,0,0,11293.93,11293.93
2026-04-01,C0155,R02,Mid-Market,Business,11293.93,0,0,0,0,11293.93,11293.93
2026-05-01,C0155,R02,Mid-Market,Business,11293.93,0,0,0,0,11293.93,11293.93
2026-06-01,C0155,R02,Mid-Market,Business,11293.93,0,0,0,0,11293.93,11293.93
2023-01-01,C0156,R03,Mid-Market,Business,38567.49,0,0,0,0,38567.49,38567.49
2023-02-01,C0156,R03,Mid-Market,Business,38567.49,0,1157.02,2233.18,0,37491.33,38029.41
2023-03-01,C0156,R03,Mid-Market,Business,37491.33,0,0,0,0,37491.33,37491.33
2023-04-01,C0156,R03,Mid-Market,Business,37491.33,0,0,0,0,37491.33,37491.33
2023-05-01,C0156,R03,Mid-Market,Business,37491.33,0,0,0,0,37491.33,37491.33
2023-06-01,C0156,R03,Mid-Market,Business,37491.33,0,0,0,0,37491.33,37491.33
2023-07-01,C0156,R03,Mid-Market,Business,37491.33,0,0,0,0,37491.33,37491.33
2023-08-01,C0156,R03,Mid-Market,Business,37491.33,0,0,0,0,37491.33,37491.33
2023-09-01,C0156,R03,Mid-Market,Business,37491.33,0,0,0,0,37491.33,37491.33
2023-10-01,C0156,R03,Mid-Market,Business,37491.33,0,0,0,0,37491.33,37491.33
2023-11-01,C0156,R03,Mid-Market,Business,37491.33,0,0,0,0,37491.33,37491.33
2023-12-01,C0156,R03,Mid-Market,Business,37491.33,0,0,0,0,37491.33,37491.33
2024-01-01,C0156,R03,Mid-Market,Business,37491.33,0,0,0,0,37491.33,37491.33
2024-02-01,C0156,R03,Mid-Market,Business,37491.33,0,2882.93,0,0,40374.26,38932.8
2024-03-01,C0156,R03,Mid-Market,Business,40374.26,0,0,0,0,40374.26,40374.26
2024-04-01,C0156,R03,Mid-Market,Business,40374.26,0,0,0,0,40374.26,40374.26
2024-05-01,C0156,R03,Mid-Market,Business,40374.26,0,0,0,0,40374.26,40374.26
2024-06-01,C0156,R03,Mid-Market,Business,40374.26,0,0,0,0,40374.26,40374.26
2024-07-01,C0156,R03,Mid-Market,Business,40374.26,0,0,0,0,40374.26,40374.26
2024-08-01,C0156,R03,Mid-Market,Business,40374.26,0,0,0,0,40374.26,40374.26
2024-09-01,C0156,R03,Mid-Market,Business,40374.26,0,0,0,0,40374.26,40374.26
2024-10-01,C0156,R03,Mid-Market,Business,40374.26,0,0,0,0,40374.26,40374.26
2024-11-01,C0156,R03,Mid-Market,Business,40374.26,0,0,0,0,40374.26,40374.26
2024-12-01,C0156,R03,Mid-Market,Business,40374.26,0,0,0,0,40374.26,40374.26
2025-01-01,C0156,R03,Mid-Market,Business,40374.26,0,0,0,0,40374.26,40374.26
2025-02-01,C0156,R03,Mid-Market,Business,40374.26,0,4824.47,0,0,45198.73,42786.5
2025-03-01,C0156,R03,Mid-Market,Business,45198.73,0,0,0,0,45198.73,45198.73
2025-04-01,C0156,R03,Mid-Market,Business,45198.73,0,0,0,0,45198.73,45198.73
2025-05-01,C0156,R03,Mid-Market,Business,45198.73,0,0,0,0,45198.73,45198.73
2025-06-01,C0156,R03,Mid-Market,Business,45198.73,0,0,0,0,45198.73,45198.73
2025-07-01,C0156,R03,Mid-Market,Business,45198.73,0,0,0,0,45198.73,45198.73
2025-08-01,C0156,R03,Mid-Market,Business,45198.73,0,0,0,0,45198.73,45198.73
2025-09-01,C0156,R03,Mid-Market,Business,45198.73,0,0,0,0,45198.73,45198.73
2025-10-01,C0156,R03,Mid-Market,Business,45198.73,0,0,0,0,45198.73,45198.73
2025-11-01,C0156,R03,Mid-Market,Business,45198.73,0,0,0,0,45198.73,45198.73
2025-12-01,C0156,R03,Mid-Market,Business,45198.73,0,0,0,0,45198.73,45198.73
2026-01-01,C0156,R03,Mid-Market,Business,45198.73,0,0,0,0,45198.73,45198.73
2026-02-01,C0156,R03,Mid-Market,Business,45198.73,0,1355.96,0,0,46554.69,45876.71
2026-03-01,C0156,R03,Mid-Market,Business,46554.69,0,0,0,0,46554.69,46554.69
2026-04-01,C0156,R03,Mid-Market,Business,46554.69,0,0,0,0,46554.69,46554.69
2026-05-01,C0156,R03,Mid-Market,Business,46554.69,0,0,0,0,46554.69,46554.69
2026-06-01,C0156,R03,Mid-Market,Business,46554.69,0,0,0,0,46554.69,46554.69
2023-05-01,C0157,R04,Mid-Market,Business,0,20415.01,0,0,0,20415.01,10207.5
2023-06-01,C0157,R04,Mid-Market,Business,20415.01,0,0,0,0,20415.01,20415.01
2023-07-01,C0157,R04,Mid-Market,Business,20415.01,0,0,0,0,20415.01,20415.01
2023-08-01,C0157,R04,Mid-Market,Business,20415.01,0,0,0,0,20415.01,20415.01
2023-09-01,C0157,R04,Mid-Market,Business,20415.01,0,0,0,0,20415.01,20415.01
2023-10-01,C0157,R04,Mid-Market,Business,20415.01,0,0,0,0,20415.01,20415.01
2023-11-01,C0157,R04,Mid-Market,Business,20415.01,0,0,0,0,20415.01,20415.01
2023-12-01,C0157,R04,Mid-Market,Business,20415.01,0,0,0,0,20415.01,20415.01
2024-01-01,C0157,R04,Mid-Market,Business,20415.01,0,0,0,0,20415.01,20415.01
2024-02-01,C0157,R04,Mid-Market,Business,20415.01,0,0,0,0,20415.01,20415.01
2024-03-01,C0157,R04,Mid-Market,Business,20415.01,0,0,0,0,20415.01,20415.01
2024-04-01,C0157,R04,Mid-Market,Business,20415.01,0,0,0,0,20415.01,20415.01
2024-05-01,C0157,R04,Mid-Market,Business,20415.01,0,612.45,0,0,21027.46,20721.23
2024-06-01,C0157,R04,Mid-Market,Business,21027.46,0,0,0,0,21027.46,21027.46
2024-07-01,C0157,R04,Mid-Market,Business,21027.46,0,0,0,0,21027.46,21027.46
2024-08-01,C0157,R04,Mid-Market,Business,21027.46,0,0,0,0,21027.46,21027.46
2024-09-01,C0157,R04,Mid-Market,Business,21027.46,0,0,0,0,21027.46,21027.46
2024-10-01,C0157,R04,Mid-Market,Business,21027.46,0,0,0,0,21027.46,21027.46
2024-11-01,C0157,R04,Mid-Market,Business,21027.46,0,0,0,0,21027.46,21027.46
2024-12-01,C0157,R04,Mid-Market,Business,21027.46,0,0,0,0,21027.46,21027.46
2025-01-01,C0157,R04,Mid-Market,Business,21027.46,0,0,0,0,21027.46,21027.46
2025-02-01,C0157,R04,Mid-Market,Business,21027.46,0,0,0,0,21027.46,21027.46
2025-03-01,C0157,R04,Mid-Market,Business,21027.46,0,0,0,0,21027.46,21027.46
2025-04-01,C0157,R04,Mid-Market,Business,21027.46,0,0,0,0,21027.46,21027.46
2025-05-01,C0157,R04,Mid-Market,Business,21027.46,0,1587.56,0,0,22615.02,21821.24
2025-06-01,C0157,R04,Mid-Market,Business,22615.02,0,0,0,0,22615.02,22615.02
2025-07-01,C0157,R04,Mid-Market,Business,22615.02,0,0,0,0,22615.02,22615.02
2025-08-01,C0157,R04,Mid-Market,Business,22615.02,0,0,0,0,22615.02,22615.02
2025-09-01,C0157,R04,Mid-Market,Business,22615.02,0,0,0,0,22615.02,22615.02
2025-10-01,C0157,R04,Mid-Market,Business,22615.02,0,0,0,0,22615.02,22615.02
2025-11-01,C0157,R04,Mid-Market,Business,22615.02,0,0,0,0,22615.02,22615.02
2025-12-01,C0157,R04,Mid-Market,Business,22615.02,0,0,0,0,22615.02,22615.02
2026-01-01,C0157,R04,Mid-Market,Business,22615.02,0,0,0,0,22615.02,22615.02
2026-02-01,C0157,R04,Mid-Market,Business,22615.02,0,0,0,0,22615.02,22615.02
2026-03-01,C0157,R04,Mid-Market,Business,22615.02,0,0,0,0,22615.02,22615.02
2026-04-01,C0157,R04,Mid-Market,Business,22615.02,0,0,0,0,22615.02,22615.02
2026-05-01,C0157,R04,Mid-Market,Business,22615.02,0,678.45,0,0,23293.47,22954.24
2026-06-01,C0157,R04,Mid-Market,Business,23293.47,0,0,0,0,23293.47,23293.47
2023-01-01,C0158,R01,Mid-Market,Business,12447.35,0,0,0,0,12447.35,12447.35
2023-02-01,C0158,R01,Mid-Market,Business,12447.35,0,0,0,0,12447.35,12447.35
2023-03-01,C0158,R01,Mid-Market,Business,12447.35,0,0,0,0,12447.35,12447.35
2023-04-01,C0158,R01,Mid-Market,Business,12447.35,0,0,0,0,12447.35,12447.35
2023-05-01,C0158,R01,Mid-Market,Business,12447.35,0,0,0,0,12447.35,12447.35
2023-06-01,C0158,R01,Mid-Market,Business,12447.35,0,0,0,0,12447.35,12447.35
2023-07-01,C0158,R01,Mid-Market,Business,12447.35,0,0,0,0,12447.35,12447.35
2023-08-01,C0158,R01,Mid-Market,Business,12447.35,0,0,0,0,12447.35,12447.35
2023-09-01,C0158,R01,Mid-Market,Business,12447.35,0,0,0,0,12447.35,12447.35
2023-10-01,C0158,R01,Mid-Market,Business,12447.35,0,373.42,0,0,12820.77,12634.06
2023-11-01,C0158,R01,Mid-Market,Business,12820.77,0,0,0,0,12820.77,12820.77
2023-12-01,C0158,R01,Mid-Market,Business,12820.77,0,0,0,0,12820.77,12820.77
2024-01-01,C0158,R01,Mid-Market,Business,12820.77,0,0,0,0,12820.77,12820.77
2024-02-01,C0158,R01,Mid-Market,Business,12820.77,0,0,0,0,12820.77,12820.77
2024-03-01,C0158,R01,Mid-Market,Business,12820.77,0,0,0,0,12820.77,12820.77
2024-04-01,C0158,R01,Mid-Market,Business,12820.77,0,0,0,0,12820.77,12820.77
2024-05-01,C0158,R01,Mid-Market,Business,12820.77,0,0,0,0,12820.77,12820.77
2024-06-01,C0158,R01,Mid-Market,Business,12820.77,0,0,0,0,12820.77,12820.77
2024-07-01,C0158,R01,Mid-Market,Business,12820.77,0,0,0,0,12820.77,12820.77
2024-08-01,C0158,R01,Mid-Market,Business,12820.77,0,0,0,0,12820.77,12820.77
2024-09-01,C0158,R01,Mid-Market,Business,12820.77,0,0,0,0,12820.77,12820.77
2024-10-01,C0158,R01,Mid-Market,Business,12820.77,0,384.62,328.62,0,12876.77,12848.77
2024-11-01,C0158,R01,Mid-Market,Business,12876.77,0,0,0,0,12876.77,12876.77
2024-12-01,C0158,R01,Mid-Market,Business,12876.77,0,0,0,0,12876.77,12876.77
2025-01-01,C0158,R01,Mid-Market,Business,12876.77,0,0,0,0,12876.77,12876.77
2025-02-01,C0158,R01,Mid-Market,Business,12876.77,0,0,0,0,12876.77,12876.77
2025-03-01,C0158,R01,Mid-Market,Business,12876.77,0,0,0,0,12876.77,12876.77
2025-04-01,C0158,R01,Mid-Market,Business,12876.77,0,0,0,0,12876.77,12876.77
2025-05-01,C0158,R01,Mid-Market,Business,12876.77,0,0,0,0,12876.77,12876.77
2025-06-01,C0158,R01,Mid-Market,Business,12876.77,0,0,0,0,12876.77,12876.77
2025-07-01,C0158,R01,Mid-Market,Business,12876.77,0,0,0,0,12876.77,12876.77
2025-08-01,C0158,R01,Mid-Market,Business,12876.77,0,0,0,0,12876.77,12876.77
2025-09-01,C0158,R01,Mid-Market,Business,12876.77,0,0,0,0,12876.77,12876.77
2025-10-01,C0158,R01,Mid-Market,Business,12876.77,0,386.3,0,0,13263.08,13069.92
2025-11-01,C0158,R01,Mid-Market,Business,13263.08,0,0,0,0,13263.08,13263.08
2025-12-01,C0158,R01,Mid-Market,Business,13263.08,0,0,0,0,13263.08,13263.08
2026-01-01,C0158,R01,Mid-Market,Business,13263.08,0,0,0,0,13263.08,13263.08
2026-02-01,C0158,R01,Mid-Market,Business,13263.08,0,0,0,0,13263.08,13263.08
2026-03-01,C0158,R01,Mid-Market,Business,13263.08,0,0,0,0,13263.08,13263.08
2026-04-01,C0158,R01,Mid-Market,Business,13263.08,0,0,0,0,13263.08,13263.08
2026-05-01,C0158,R01,Mid-Market,Business,13263.08,0,0,0,0,13263.08,13263.08
2026-06-01,C0158,R01,Mid-Market,Business,13263.08,0,0,0,0,13263.08,13263.08
2023-07-01,C0159,R02,Mid-Market,Business,0,25776.02,0,0,0,25776.02,12888.01
2023-08-01,C0159,R02,Mid-Market,Business,25776.02,0,0,0,0,25776.02,25776.02
2023-09-01,C0159,R02,Mid-Market,Business,25776.02,0,0,0,0,25776.02,25776.02
2023-10-01,C0159,R02,Mid-Market,Business,25776.02,0,0,0,0,25776.02,25776.02
2023-11-01,C0159,R02,Mid-Market,Business,25776.02,0,0,0,0,25776.02,25776.02
2023-12-01,C0159,R02,Mid-Market,Business,25776.02,0,0,0,0,25776.02,25776.02
2024-01-01,C0159,R02,Mid-Market,Business,25776.02,0,0,0,0,25776.02,25776.02
2024-02-01,C0159,R02,Mid-Market,Business,25776.02,0,0,0,0,25776.02,25776.02
2024-03-01,C0159,R02,Mid-Market,Business,25776.02,0,0,0,0,25776.02,25776.02
2024-04-01,C0159,R02,Mid-Market,Business,25776.02,0,0,0,0,25776.02,25776.02
2024-05-01,C0159,R02,Mid-Market,Business,25776.02,0,0,0,0,25776.02,25776.02
2024-06-01,C0159,R02,Mid-Market,Business,25776.02,0,0,0,0,25776.02,25776.02
2024-07-01,C0159,R02,Mid-Market,Business,25776.02,0,773.28,1705.03,0,24844.27,25310.14
2024-08-01,C0159,R02,Mid-Market,Business,24844.27,0,0,0,0,24844.27,24844.27
2024-09-01,C0159,R02,Mid-Market,Business,24844.27,0,0,0,0,24844.27,24844.27
2024-10-01,C0159,R02,Mid-Market,Business,24844.27,0,0,0,0,24844.27,24844.27
2024-11-01,C0159,R02,Mid-Market,Business,24844.27,0,0,0,0,24844.27,24844.27
2024-12-01,C0159,R02,Mid-Market,Business,24844.27,0,0,0,0,24844.27,24844.27
2025-01-01,C0159,R02,Mid-Market,Business,24844.27,0,0,0,0,24844.27,24844.27
2025-02-01,C0159,R02,Mid-Market,Business,24844.27,0,0,0,0,24844.27,24844.27
2025-03-01,C0159,R02,Mid-Market,Business,24844.27,0,0,0,0,24844.27,24844.27
2025-04-01,C0159,R02,Mid-Market,Business,24844.27,0,0,0,0,24844.27,24844.27
2025-05-01,C0159,R02,Mid-Market,Business,24844.27,0,0,0,0,24844.27,24844.27
2025-06-01,C0159,R02,Mid-Market,Business,24844.27,0,0,0,0,24844.27,24844.27
2025-07-01,C0159,R02,Mid-Market,Business,24844.27,0,2996.02,0,0,27840.28,26342.28
2025-08-01,C0159,R02,Mid-Market,Business,27840.28,0,0,0,0,27840.28,27840.28
2025-09-01,C0159,R02,Mid-Market,Business,27840.28,0,0,0,0,27840.28,27840.28
2025-10-01,C0159,R02,Mid-Market,Business,27840.28,0,0,0,0,27840.28,27840.28
2025-11-01,C0159,R02,Mid-Market,Business,27840.28,0,0,0,0,27840.28,27840.28
2025-12-01,C0159,R02,Mid-Market,Business,27840.28,0,0,0,0,27840.28,27840.28
2026-01-01,C0159,R02,Mid-Market,Business,27840.28,0,0,0,0,27840.28,27840.28
2026-02-01,C0159,R02,Mid-Market,Business,27840.28,0,0,0,0,27840.28,27840.28
2026-03-01,C0159,R02,Mid-Market,Business,27840.28,0,0,0,0,27840.28,27840.28
2026-04-01,C0159,R02,Mid-Market,Business,27840.28,0,0,0,0,27840.28,27840.28
2026-05-01,C0159,R02,Mid-Market,Business,27840.28,0,0,0,0,27840.28,27840.28
2026-06-01,C0159,R02,Mid-Market,Business,27840.28,0,0,0,0,27840.28,27840.28
2023-01-01,C0160,R01,Mid-Market,Business,14092.72,0,0,0,0,14092.72,14092.72
2023-02-01,C0160,R01,Mid-Market,Business,14092.72,0,0,0,0,14092.72,14092.72
2023-03-01,C0160,R01,Mid-Market,Business,14092.72,0,0,0,0,14092.72,14092.72
2023-04-01,C0160,R01,Mid-Market,Business,14092.72,0,0,0,0,14092.72,14092.72
2023-05-01,C0160,R01,Mid-Market,Business,14092.72,0,0,0,0,14092.72,14092.72
2023-06-01,C0160,R01,Mid-Market,Business,14092.72,0,0,0,0,14092.72,14092.72
2023-07-01,C0160,R01,Mid-Market,Business,14092.72,0,0,0,0,14092.72,14092.72
2023-08-01,C0160,R01,Mid-Market,Business,14092.72,0,1610.23,0,0,15702.94,14897.83
2023-09-01,C0160,R01,Mid-Market,Business,15702.94,0,0,0,0,15702.94,15702.94
2023-10-01,C0160,R01,Mid-Market,Business,15702.94,0,0,0,0,15702.94,15702.94
2023-11-01,C0160,R01,Mid-Market,Business,15702.94,0,0,0,0,15702.94,15702.94
2023-12-01,C0160,R01,Mid-Market,Business,15702.94,0,0,0,0,15702.94,15702.94
2024-01-01,C0160,R01,Mid-Market,Business,15702.94,0,0,0,0,15702.94,15702.94
2024-02-01,C0160,R01,Mid-Market,Business,15702.94,0,0,0,0,15702.94,15702.94
2024-03-01,C0160,R01,Mid-Market,Business,15702.94,0,0,0,0,15702.94,15702.94
2024-04-01,C0160,R01,Mid-Market,Business,15702.94,0,0,0,0,15702.94,15702.94
2024-05-01,C0160,R01,Mid-Market,Business,15702.94,0,0,0,0,15702.94,15702.94
2024-06-01,C0160,R01,Mid-Market,Business,15702.94,0,0,0,0,15702.94,15702.94
2024-07-01,C0160,R01,Mid-Market,Business,15702.94,0,0,0,0,15702.94,15702.94
2024-08-01,C0160,R01,Mid-Market,Business,15702.94,0,1511.38,0,0,17214.33,16458.64
2024-09-01,C0160,R01,Mid-Market,Business,17214.33,0,0,0,0,17214.33,17214.33
2024-10-01,C0160,R01,Mid-Market,Business,17214.33,0,0,0,0,17214.33,17214.33
2024-11-01,C0160,R01,Mid-Market,Business,17214.33,0,0,0,0,17214.33,17214.33
2024-12-01,C0160,R01,Mid-Market,Business,17214.33,0,0,0,0,17214.33,17214.33
2025-01-01,C0160,R01,Mid-Market,Business,17214.33,0,0,0,0,17214.33,17214.33
2025-02-01,C0160,R01,Mid-Market,Business,17214.33,0,0,0,0,17214.33,17214.33
2025-03-01,C0160,R01,Mid-Market,Business,17214.33,0,0,0,0,17214.33,17214.33
2025-04-01,C0160,R01,Mid-Market,Business,17214.33,0,0,0,0,17214.33,17214.33
2025-05-01,C0160,R01,Mid-Market,Business,17214.33,0,0,0,0,17214.33,17214.33
2025-06-01,C0160,R01,Mid-Market,Business,17214.33,0,0,0,0,17214.33,17214.33
2025-07-01,C0160,R01,Mid-Market,Business,17214.33,0,0,0,0,17214.33,17214.33
2025-08-01,C0160,R01,Mid-Market,Business,17214.33,0,1464.15,1103.22,0,17575.25,17394.79
2025-09-01,C0160,R01,Mid-Market,Business,17575.25,0,0,0,0,17575.25,17575.25
2025-10-01,C0160,R01,Mid-Market,Business,17575.25,0,0,0,0,17575.25,17575.25
2025-11-01,C0160,R01,Mid-Market,Business,17575.25,0,0,0,0,17575.25,17575.25
2025-12-01,C0160,R01,Mid-Market,Business,17575.25,0,0,0,0,17575.25,17575.25
2026-01-01,C0160,R01,Mid-Market,Business,17575.25,0,0,0,0,17575.25,17575.25
2026-02-01,C0160,R01,Mid-Market,Business,17575.25,0,0,0,0,17575.25,17575.25
2026-03-01,C0160,R01,Mid-Market,Business,17575.25,0,0,0,0,17575.25,17575.25
2026-04-01,C0160,R01,Mid-Market,Business,17575.25,0,0,0,0,17575.25,17575.25
2026-05-01,C0160,R01,Mid-Market,Business,17575.25,0,0,0,0,17575.25,17575.25
2026-06-01,C0160,R01,Mid-Market,Business,17575.25,0,0,0,0,17575.25,17575.25
2023-04-01,C0161,R02,Enterprise,Enterprise Suite,0,57567.9,0,0,0,57567.9,28783.95
2023-05-01,C0161,R02,Enterprise,Enterprise Suite,57567.9,0,0,0,0,57567.9,57567.9
2023-06-01,C0161,R02,Enterprise,Enterprise Suite,57567.9,0,0,0,0,57567.9,57567.9
2023-07-01,C0161,R02,Enterprise,Enterprise Suite,57567.9,0,0,0,0,57567.9,57567.9
2023-08-01,C0161,R02,Enterprise,Enterprise Suite,57567.9,0,0,0,0,57567.9,57567.9
2023-09-01,C0161,R02,Enterprise,Enterprise Suite,57567.9,0,0,0,0,57567.9,57567.9
2023-10-01,C0161,R02,Enterprise,Enterprise Suite,57567.9,0,0,0,0,57567.9,57567.9
2023-11-01,C0161,R02,Enterprise,Enterprise Suite,57567.9,0,0,0,0,57567.9,57567.9
2023-12-01,C0161,R02,Enterprise,Enterprise Suite,57567.9,0,0,0,0,57567.9,57567.9
2024-01-01,C0161,R02,Enterprise,Enterprise Suite,57567.9,0,0,0,0,57567.9,57567.9
2024-02-01,C0161,R02,Enterprise,Enterprise Suite,57567.9,0,0,0,0,57567.9,57567.9
2024-03-01,C0161,R02,Enterprise,Enterprise Suite,57567.9,0,0,0,0,57567.9,57567.9
2024-04-01,C0161,R02,Enterprise,Enterprise Suite,57567.9,0,5581.33,1701.31,0,61447.92,59507.91
2024-05-01,C0161,R02,Enterprise,Enterprise Suite,61447.92,0,0,0,0,61447.92,61447.92
2024-06-01,C0161,R02,Enterprise,Enterprise Suite,61447.92,0,0,0,0,61447.92,61447.92
2024-07-01,C0161,R02,Enterprise,Enterprise Suite,61447.92,0,0,0,0,61447.92,61447.92
2024-08-01,C0161,R02,Enterprise,Enterprise Suite,61447.92,0,0,0,0,61447.92,61447.92
2024-09-01,C0161,R02,Enterprise,Enterprise Suite,61447.92,0,0,0,0,61447.92,61447.92
2024-10-01,C0161,R02,Enterprise,Enterprise Suite,61447.92,0,0,0,0,61447.92,61447.92
2024-11-01,C0161,R02,Enterprise,Enterprise Suite,61447.92,0,0,0,0,61447.92,61447.92
2024-12-01,C0161,R02,Enterprise,Enterprise Suite,61447.92,0,0,0,0,61447.92,61447.92
2025-01-01,C0161,R02,Enterprise,Enterprise Suite,61447.92,0,0,0,0,61447.92,61447.92
2025-02-01,C0161,R02,Enterprise,Enterprise Suite,61447.92,0,0,0,0,61447.92,61447.92
2025-03-01,C0161,R02,Enterprise,Enterprise Suite,61447.92,0,0,0,0,61447.92,61447.92
2025-04-01,C0161,R02,Enterprise,Enterprise Suite,61447.92,0,7896.83,0,0,69344.76,65396.34
2025-05-01,C0161,R02,Enterprise,Enterprise Suite,69344.76,0,0,0,0,69344.76,69344.76
2025-06-01,C0161,R02,Enterprise,Enterprise Suite,69344.76,0,0,0,0,69344.76,69344.76
2025-07-01,C0161,R02,Enterprise,Enterprise Suite,69344.76,0,0,0,0,69344.76,69344.76
2025-08-01,C0161,R02,Enterprise,Enterprise Suite,69344.76,0,0,0,0,69344.76,69344.76
2025-09-01,C0161,R02,Enterprise,Enterprise Suite,69344.76,0,0,0,0,69344.76,69344.76
2025-10-01,C0161,R02,Enterprise,Enterprise Suite,69344.76,0,0,0,0,69344.76,69344.76
2025-11-01,C0161,R02,Enterprise,Enterprise Suite,69344.76,0,0,0,0,69344.76,69344.76
2025-12-01,C0161,R02,Enterprise,Enterprise Suite,69344.76,0,0,0,0,69344.76,69344.76
2026-01-01,C0161,R02,Enterprise,Enterprise Suite,69344.76,0,0,0,0,69344.76,69344.76
2026-02-01,C0161,R02,Enterprise,Enterprise Suite,69344.76,0,0,0,0,69344.76,69344.76
2026-03-01,C0161,R02,Enterprise,Enterprise Suite,69344.76,0,0,0,0,69344.76,69344.76
2026-04-01,C0161,R02,Enterprise,Enterprise Suite,69344.76,0,5933.58,0,0,75278.33,72311.54
2026-05-01,C0161,R02,Enterprise,Enterprise Suite,75278.33,0,0,0,0,75278.33,75278.33
2026-06-01,C0161,R02,Enterprise,Enterprise Suite,75278.33,0,0,0,0,75278.33,75278.33
2023-08-01,C0162,R01,Mid-Market,Business,0,20835.53,0,0,0,20835.53,10417.77
2023-09-01,C0162,R01,Mid-Market,Business,20835.53,0,0,0,0,20835.53,20835.53
2023-10-01,C0162,R01,Mid-Market,Business,20835.53,0,0,0,0,20835.53,20835.53
2023-11-01,C0162,R01,Mid-Market,Business,20835.53,0,0,0,0,20835.53,20835.53
2023-12-01,C0162,R01,Mid-Market,Business,20835.53,0,0,0,0,20835.53,20835.53
2024-01-01,C0162,R01,Mid-Market,Business,20835.53,0,0,0,0,20835.53,20835.53
2024-02-01,C0162,R01,Mid-Market,Business,20835.53,0,0,0,0,20835.53,20835.53
2024-03-01,C0162,R01,Mid-Market,Business,20835.53,0,0,0,0,20835.53,20835.53
2024-04-01,C0162,R01,Mid-Market,Business,20835.53,0,0,0,0,20835.53,20835.53
2024-05-01,C0162,R01,Mid-Market,Business,20835.53,0,0,0,0,20835.53,20835.53
2024-06-01,C0162,R01,Mid-Market,Business,20835.53,0,0,0,0,20835.53,20835.53
2024-07-01,C0162,R01,Mid-Market,Business,20835.53,0,0,0,0,20835.53,20835.53
2024-08-01,C0162,R01,Mid-Market,Business,20835.53,0,1771.79,0,0,22607.32,21721.43
2024-09-01,C0162,R01,Mid-Market,Business,22607.32,0,0,0,0,22607.32,22607.32
2024-10-01,C0162,R01,Mid-Market,Business,22607.32,0,0,0,0,22607.32,22607.32
2024-11-01,C0162,R01,Mid-Market,Business,22607.32,0,0,0,0,22607.32,22607.32
2024-12-01,C0162,R01,Mid-Market,Business,22607.32,0,0,0,0,22607.32,22607.32
2025-01-01,C0162,R01,Mid-Market,Business,22607.32,0,0,0,0,22607.32,22607.32
2025-02-01,C0162,R01,Mid-Market,Business,22607.32,0,0,0,0,22607.32,22607.32
2025-03-01,C0162,R01,Mid-Market,Business,22607.32,0,0,0,0,22607.32,22607.32
2025-04-01,C0162,R01,Mid-Market,Business,22607.32,0,0,0,0,22607.32,22607.32
2025-05-01,C0162,R01,Mid-Market,Business,22607.32,0,0,0,0,22607.32,22607.32
2025-06-01,C0162,R01,Mid-Market,Business,22607.32,0,0,0,0,22607.32,22607.32
2025-07-01,C0162,R01,Mid-Market,Business,22607.32,0,0,0,0,22607.32,22607.32
2025-08-01,C0162,R01,Mid-Market,Business,22607.32,0,1407.66,541.83,0,23473.15,23040.23
2025-09-01,C0162,R01,Mid-Market,Business,23473.15,0,0,0,0,23473.15,23473.15
2025-10-01,C0162,R01,Mid-Market,Business,23473.15,0,0,0,0,23473.15,23473.15
2025-11-01,C0162,R01,Mid-Market,Business,23473.15,0,0,0,0,23473.15,23473.15
2025-12-01,C0162,R01,Mid-Market,Business,23473.15,0,0,0,0,23473.15,23473.15
2026-01-01,C0162,R01,Mid-Market,Business,23473.15,0,0,0,0,23473.15,23473.15
2026-02-01,C0162,R01,Mid-Market,Business,23473.15,0,0,0,0,23473.15,23473.15
2026-03-01,C0162,R01,Mid-Market,Business,23473.15,0,0,0,0,23473.15,23473.15
2026-04-01,C0162,R01,Mid-Market,Business,23473.15,0,0,0,0,23473.15,23473.15
2026-05-01,C0162,R01,Mid-Market,Business,23473.15,0,0,0,0,23473.15,23473.15
2026-06-01,C0162,R01,Mid-Market,Business,23473.15,0,0,0,0,23473.15,23473.15
2023-01-01,C0163,R01,Enterprise,Enterprise Suite,134695.58,0,0,0,0,134695.58,134695.58
2023-02-01,C0163,R01,Enterprise,Enterprise Suite,134695.58,0,0,0,0,134695.58,134695.58
2023-03-01,C0163,R01,Enterprise,Enterprise Suite,134695.58,0,0,0,0,134695.58,134695.58
2023-04-01,C0163,R01,Enterprise,Enterprise Suite,134695.58,0,0,0,0,134695.58,134695.58
2023-05-01,C0163,R01,Enterprise,Enterprise Suite,134695.58,0,0,0,0,134695.58,134695.58
2023-06-01,C0163,R01,Enterprise,Enterprise Suite,134695.58,0,0,0,0,134695.58,134695.58
2023-07-01,C0163,R01,Enterprise,Enterprise Suite,134695.58,0,0,0,0,134695.58,134695.58
2023-08-01,C0163,R01,Enterprise,Enterprise Suite,134695.58,0,0,0,0,134695.58,134695.58
2023-09-01,C0163,R01,Enterprise,Enterprise Suite,134695.58,0,0,0,0,134695.58,134695.58
2023-10-01,C0163,R01,Enterprise,Enterprise Suite,134695.58,0,0,0,0,134695.58,134695.58
2023-11-01,C0163,R01,Enterprise,Enterprise Suite,134695.58,0,0,0,0,134695.58,134695.58
2023-12-01,C0163,R01,Enterprise,Enterprise Suite,134695.58,0,4040.87,0,0,138736.45,136716.02
2024-01-01,C0163,R01,Enterprise,Enterprise Suite,138736.45,0,0,0,0,138736.45,138736.45
2024-02-01,C0163,R01,Enterprise,Enterprise Suite,138736.45,0,0,0,0,138736.45,138736.45
2024-03-01,C0163,R01,Enterprise,Enterprise Suite,138736.45,0,0,0,0,138736.45,138736.45
2024-04-01,C0163,R01,Enterprise,Enterprise Suite,138736.45,0,0,0,0,138736.45,138736.45
2024-05-01,C0163,R01,Enterprise,Enterprise Suite,138736.45,0,0,0,0,138736.45,138736.45
2024-06-01,C0163,R01,Enterprise,Enterprise Suite,138736.45,0,0,0,0,138736.45,138736.45
2024-07-01,C0163,R01,Enterprise,Enterprise Suite,138736.45,0,0,0,0,138736.45,138736.45
2024-08-01,C0163,R01,Enterprise,Enterprise Suite,138736.45,0,0,0,0,138736.45,138736.45
2024-09-01,C0163,R01,Enterprise,Enterprise Suite,138736.45,0,0,0,0,138736.45,138736.45
2024-10-01,C0163,R01,Enterprise,Enterprise Suite,138736.45,0,0,0,0,138736.45,138736.45
2024-11-01,C0163,R01,Enterprise,Enterprise Suite,138736.45,0,0,0,0,138736.45,138736.45
2024-12-01,C0163,R01,Enterprise,Enterprise Suite,138736.45,0,13038.12,0,0,151774.57,145255.51
2025-01-01,C0163,R01,Enterprise,Enterprise Suite,151774.57,0,0,0,0,151774.57,151774.57
2025-02-01,C0163,R01,Enterprise,Enterprise Suite,151774.57,0,0,0,0,151774.57,151774.57
2025-03-01,C0163,R01,Enterprise,Enterprise Suite,151774.57,0,0,0,0,151774.57,151774.57
2025-04-01,C0163,R01,Enterprise,Enterprise Suite,151774.57,0,0,0,0,151774.57,151774.57
2025-05-01,C0163,R01,Enterprise,Enterprise Suite,151774.57,0,0,0,0,151774.57,151774.57
2025-06-01,C0163,R01,Enterprise,Enterprise Suite,151774.57,0,0,0,0,151774.57,151774.57
2025-07-01,C0163,R01,Enterprise,Enterprise Suite,151774.57,0,0,0,0,151774.57,151774.57
2025-08-01,C0163,R01,Enterprise,Enterprise Suite,151774.57,0,0,0,0,151774.57,151774.57
2025-09-01,C0163,R01,Enterprise,Enterprise Suite,151774.57,0,0,0,0,151774.57,151774.57
2025-10-01,C0163,R01,Enterprise,Enterprise Suite,151774.57,0,0,0,0,151774.57,151774.57
2025-11-01,C0163,R01,Enterprise,Enterprise Suite,151774.57,0,0,0,0,151774.57,151774.57
2025-12-01,C0163,R01,Enterprise,Enterprise Suite,151774.57,0,24145.14,0,0,175919.7,163847.13
2026-01-01,C0163,R01,Enterprise,Enterprise Suite,175919.7,0,0,0,0,175919.7,175919.7
2026-02-01,C0163,R01,Enterprise,Enterprise Suite,175919.7,0,0,0,0,175919.7,175919.7
2026-03-01,C0163,R01,Enterprise,Enterprise Suite,175919.7,0,0,0,0,175919.7,175919.7
2026-04-01,C0163,R01,Enterprise,Enterprise Suite,175919.7,0,0,0,0,175919.7,175919.7
2026-05-01,C0163,R01,Enterprise,Enterprise Suite,175919.7,0,0,0,0,175919.7,175919.7
2026-06-01,C0163,R01,Enterprise,Enterprise Suite,175919.7,0,0,0,0,175919.7,175919.7
2023-01-01,C0164,R03,Mid-Market,Business,16480.64,0,0,0,0,16480.64,16480.64
2023-02-01,C0164,R03,Mid-Market,Business,16480.64,0,0,0,0,16480.64,16480.64
2023-03-01,C0164,R03,Mid-Market,Business,16480.64,0,1352.12,0,0,17832.77,17156.7
2023-04-01,C0164,R03,Mid-Market,Business,17832.77,0,0,0,0,17832.77,17832.77
2023-05-01,C0164,R03,Mid-Market,Business,17832.77,0,0,0,0,17832.77,17832.77
2023-06-01,C0164,R03,Mid-Market,Business,17832.77,0,0,0,0,17832.77,17832.77
2023-07-01,C0164,R03,Mid-Market,Business,17832.77,0,0,0,0,17832.77,17832.77
2023-08-01,C0164,R03,Mid-Market,Business,17832.77,0,0,0,0,17832.77,17832.77
2023-09-01,C0164,R03,Mid-Market,Business,17832.77,0,0,0,0,17832.77,17832.77
2023-10-01,C0164,R03,Mid-Market,Business,17832.77,0,0,0,0,17832.77,17832.77
2023-11-01,C0164,R03,Mid-Market,Business,17832.77,0,0,0,0,17832.77,17832.77
2023-12-01,C0164,R03,Mid-Market,Business,17832.77,0,0,0,0,17832.77,17832.77
2024-01-01,C0164,R03,Mid-Market,Business,17832.77,0,0,0,0,17832.77,17832.77
2024-02-01,C0164,R03,Mid-Market,Business,17832.77,0,0,0,0,17832.77,17832.77
2024-03-01,C0164,R03,Mid-Market,Business,17832.77,0,1728.34,0,0,19561.11,18696.94
2024-04-01,C0164,R03,Mid-Market,Business,19561.11,0,0,0,0,19561.11,19561.11
2024-05-01,C0164,R03,Mid-Market,Business,19561.11,0,0,0,0,19561.11,19561.11
2024-06-01,C0164,R03,Mid-Market,Business,19561.11,0,0,0,0,19561.11,19561.11
2024-07-01,C0164,R03,Mid-Market,Business,19561.11,0,0,0,0,19561.11,19561.11
2024-08-01,C0164,R03,Mid-Market,Business,19561.11,0,0,0,0,19561.11,19561.11
2024-09-01,C0164,R03,Mid-Market,Business,19561.11,0,0,0,0,19561.11,19561.11
2024-10-01,C0164,R03,Mid-Market,Business,19561.11,0,0,0,0,19561.11,19561.11
2024-11-01,C0164,R03,Mid-Market,Business,19561.11,0,0,0,0,19561.11,19561.11
2024-12-01,C0164,R03,Mid-Market,Business,19561.11,0,0,0,0,19561.11,19561.11
2025-01-01,C0164,R03,Mid-Market,Business,19561.11,0,0,0,0,19561.11,19561.11
2025-02-01,C0164,R03,Mid-Market,Business,19561.11,0,0,0,0,19561.11,19561.11
2025-03-01,C0164,R03,Mid-Market,Business,19561.11,0,1525.65,0,0,21086.76,20323.93
2025-04-01,C0164,R03,Mid-Market,Business,21086.76,0,0,0,0,21086.76,21086.76
2025-05-01,C0164,R03,Mid-Market,Business,21086.76,0,0,0,0,21086.76,21086.76
2025-06-01,C0164,R03,Mid-Market,Business,21086.76,0,0,0,0,21086.76,21086.76
2025-07-01,C0164,R03,Mid-Market,Business,21086.76,0,0,0,0,21086.76,21086.76
2025-08-01,C0164,R03,Mid-Market,Business,21086.76,0,0,0,0,21086.76,21086.76
2025-09-01,C0164,R03,Mid-Market,Business,21086.76,0,0,0,0,21086.76,21086.76
2025-10-01,C0164,R03,Mid-Market,Business,21086.76,0,0,0,0,21086.76,21086.76
2025-11-01,C0164,R03,Mid-Market,Business,21086.76,0,0,0,0,21086.76,21086.76
2025-12-01,C0164,R03,Mid-Market,Business,21086.76,0,0,0,0,21086.76,21086.76
2026-01-01,C0164,R03,Mid-Market,Business,21086.76,0,0,0,0,21086.76,21086.76
2026-02-01,C0164,R03,Mid-Market,Business,21086.76,0,0,0,0,21086.76,21086.76
2026-03-01,C0164,R03,Mid-Market,Business,21086.76,0,2119.5,0,0,23206.26,22146.51
2026-04-01,C0164,R03,Mid-Market,Business,23206.26,0,0,0,0,23206.26,23206.26
2026-05-01,C0164,R03,Mid-Market,Business,23206.26,0,0,0,0,23206.26,23206.26
2026-06-01,C0164,R03,Mid-Market,Business,23206.26,0,0,0,0,23206.26,23206.26
2023-01-01,C0165,R02,Enterprise,Enterprise Suite,64387.41,0,0,0,0,64387.41,64387.41
2023-02-01,C0165,R02,Enterprise,Enterprise Suite,64387.41,0,5987.94,0,0,70375.35,67381.38
2023-03-01,C0165,R02,Enterprise,Enterprise Suite,70375.35,0,0,0,0,70375.35,70375.35
2023-04-01,C0165,R02,Enterprise,Enterprise Suite,70375.35,0,0,0,0,70375.35,70375.35
2023-05-01,C0165,R02,Enterprise,Enterprise Suite,70375.35,0,0,0,0,70375.35,70375.35
2023-06-01,C0165,R02,Enterprise,Enterprise Suite,70375.35,0,0,0,0,70375.35,70375.35
2023-07-01,C0165,R02,Enterprise,Enterprise Suite,70375.35,0,0,0,0,70375.35,70375.35
2023-08-01,C0165,R02,Enterprise,Enterprise Suite,70375.35,0,0,0,0,70375.35,70375.35
2023-09-01,C0165,R02,Enterprise,Enterprise Suite,70375.35,0,0,0,0,70375.35,70375.35
2023-10-01,C0165,R02,Enterprise,Enterprise Suite,70375.35,0,0,0,0,70375.35,70375.35
2023-11-01,C0165,R02,Enterprise,Enterprise Suite,70375.35,0,0,0,0,70375.35,70375.35
2023-12-01,C0165,R02,Enterprise,Enterprise Suite,70375.35,0,0,0,0,70375.35,70375.35
2024-01-01,C0165,R02,Enterprise,Enterprise Suite,70375.35,0,0,0,0,70375.35,70375.35
2024-02-01,C0165,R02,Enterprise,Enterprise Suite,70375.35,0,7820.85,6065.44,0,72130.75,71253.05
2024-03-01,C0165,R02,Enterprise,Enterprise Suite,72130.75,0,0,0,0,72130.75,72130.75
2024-04-01,C0165,R02,Enterprise,Enterprise Suite,72130.75,0,0,0,0,72130.75,72130.75
2024-05-01,C0165,R02,Enterprise,Enterprise Suite,72130.75,0,0,0,0,72130.75,72130.75
2024-06-01,C0165,R02,Enterprise,Enterprise Suite,72130.75,0,0,0,0,72130.75,72130.75
2024-07-01,C0165,R02,Enterprise,Enterprise Suite,72130.75,0,0,0,0,72130.75,72130.75
2024-08-01,C0165,R02,Enterprise,Enterprise Suite,72130.75,0,0,0,0,72130.75,72130.75
2024-09-01,C0165,R02,Enterprise,Enterprise Suite,72130.75,0,0,0,0,72130.75,72130.75
2024-10-01,C0165,R02,Enterprise,Enterprise Suite,72130.75,0,0,0,0,72130.75,72130.75
2024-11-01,C0165,R02,Enterprise,Enterprise Suite,72130.75,0,0,0,0,72130.75,72130.75
2024-12-01,C0165,R02,Enterprise,Enterprise Suite,72130.75,0,0,0,0,72130.75,72130.75
2025-01-01,C0165,R02,Enterprise,Enterprise Suite,72130.75,0,0,0,0,72130.75,72130.75
2025-02-01,C0165,R02,Enterprise,Enterprise Suite,72130.75,0,2163.92,0,0,74294.68,73212.71
2025-03-01,C0165,R02,Enterprise,Enterprise Suite,74294.68,0,0,0,0,74294.68,74294.68
2025-04-01,C0165,R02,Enterprise,Enterprise Suite,74294.68,0,0,0,0,74294.68,74294.68
2025-05-01,C0165,R02,Enterprise,Enterprise Suite,74294.68,0,0,0,0,74294.68,74294.68
2025-06-01,C0165,R02,Enterprise,Enterprise Suite,74294.68,0,0,0,0,74294.68,74294.68
2025-07-01,C0165,R02,Enterprise,Enterprise Suite,74294.68,0,0,0,0,74294.68,74294.68
2025-08-01,C0165,R02,Enterprise,Enterprise Suite,74294.68,0,0,0,0,74294.68,74294.68
2025-09-01,C0165,R02,Enterprise,Enterprise Suite,74294.68,0,0,0,0,74294.68,74294.68
2025-10-01,C0165,R02,Enterprise,Enterprise Suite,74294.68,0,0,0,0,74294.68,74294.68
2025-11-01,C0165,R02,Enterprise,Enterprise Suite,74294.68,0,0,0,0,74294.68,74294.68
2025-12-01,C0165,R02,Enterprise,Enterprise Suite,74294.68,0,0,0,0,74294.68,74294.68
2026-01-01,C0165,R02,Enterprise,Enterprise Suite,74294.68,0,0,0,0,74294.68,74294.68
2026-02-01,C0165,R02,Enterprise,Enterprise Suite,74294.68,0,2228.84,0,0,76523.52,75409.1
2026-03-01,C0165,R02,Enterprise,Enterprise Suite,76523.52,0,0,0,0,76523.52,76523.52
2026-04-01,C0165,R02,Enterprise,Enterprise Suite,76523.52,0,0,0,0,76523.52,76523.52
2026-05-01,C0165,R02,Enterprise,Enterprise Suite,76523.52,0,0,0,0,76523.52,76523.52
2026-06-01,C0165,R02,Enterprise,Enterprise Suite,76523.52,0,0,0,0,76523.52,76523.52
2023-01-01,C0166,R02,SMB,Core,2669.98,0,0,0,0,2669.98,2669.98
2023-02-01,C0166,R02,SMB,Core,2669.98,0,0,0,0,2669.98,2669.98
2023-03-01,C0166,R02,SMB,Core,2669.98,0,0,0,0,2669.98,2669.98
2023-04-01,C0166,R02,SMB,Core,2669.98,0,80.1,0,0,2750.08,2710.03
2023-05-01,C0166,R02,SMB,Core,2750.08,0,0,0,0,2750.08,2750.08
2023-06-01,C0166,R02,SMB,Core,2750.08,0,0,0,0,2750.08,2750.08
2023-07-01,C0166,R02,SMB,Core,2750.08,0,0,0,0,2750.08,2750.08
2023-08-01,C0166,R02,SMB,Core,2750.08,0,0,0,0,2750.08,2750.08
2023-09-01,C0166,R02,SMB,Core,2750.08,0,0,0,0,2750.08,2750.08
2023-10-01,C0166,R02,SMB,Core,2750.08,0,0,0,0,2750.08,2750.08
2023-11-01,C0166,R02,SMB,Core,2750.08,0,0,0,0,2750.08,2750.08
2023-12-01,C0166,R02,SMB,Core,2750.08,0,0,0,0,2750.08,2750.08
2024-01-01,C0166,R02,SMB,Core,2750.08,0,0,0,0,2750.08,2750.08
2024-02-01,C0166,R02,SMB,Core,2750.08,0,0,0,0,2750.08,2750.08
2024-03-01,C0166,R02,SMB,Core,2750.08,0,0,0,0,2750.08,2750.08
2024-04-01,C0166,R02,SMB,Core,2750.08,0,367.59,0,0,3117.67,2933.88
2024-05-01,C0166,R02,SMB,Core,3117.67,0,0,0,0,3117.67,3117.67
2024-06-01,C0166,R02,SMB,Core,3117.67,0,0,0,0,3117.67,3117.67
2024-07-01,C0166,R02,SMB,Core,3117.67,0,0,0,0,3117.67,3117.67
2024-08-01,C0166,R02,SMB,Core,3117.67,0,0,0,0,3117.67,3117.67
2024-09-01,C0166,R02,SMB,Core,3117.67,0,0,0,0,3117.67,3117.67
2024-10-01,C0166,R02,SMB,Core,3117.67,0,0,0,0,3117.67,3117.67
2024-11-01,C0166,R02,SMB,Core,3117.67,0,0,0,0,3117.67,3117.67
2024-12-01,C0166,R02,SMB,Core,3117.67,0,0,0,0,3117.67,3117.67
2025-01-01,C0166,R02,SMB,Core,3117.67,0,0,0,0,3117.67,3117.67
2025-02-01,C0166,R02,SMB,Core,3117.67,0,0,0,0,3117.67,3117.67
2025-03-01,C0166,R02,SMB,Core,3117.67,0,0,0,0,3117.67,3117.67
2025-04-01,C0166,R02,SMB,Core,3117.67,0,354.01,242.33,0,3229.35,3173.51
2025-05-01,C0166,R02,SMB,Core,3229.35,0,0,0,0,3229.35,3229.35
2025-06-01,C0166,R02,SMB,Core,3229.35,0,0,0,0,3229.35,3229.35
2025-07-01,C0166,R02,SMB,Core,3229.35,0,0,0,0,3229.35,3229.35
2025-08-01,C0166,R02,SMB,Core,3229.35,0,0,0,0,3229.35,3229.35
2025-09-01,C0166,R02,SMB,Core,3229.35,0,0,0,0,3229.35,3229.35
2025-10-01,C0166,R02,SMB,Core,3229.35,0,0,0,0,3229.35,3229.35
2025-11-01,C0166,R02,SMB,Core,3229.35,0,0,0,0,3229.35,3229.35
2025-12-01,C0166,R02,SMB,Core,3229.35,0,0,0,0,3229.35,3229.35
2026-01-01,C0166,R02,SMB,Core,3229.35,0,0,0,0,3229.35,3229.35
2026-02-01,C0166,R02,SMB,Core,3229.35,0,0,0,0,3229.35,3229.35
2026-03-01,C0166,R02,SMB,Core,3229.35,0,0,0,0,3229.35,3229.35
2026-04-01,C0166,R02,SMB,Core,3229.35,0,239.55,0,0,3468.9,3349.12
2026-05-01,C0166,R02,SMB,Core,3468.9,0,0,0,0,3468.9,3468.9
2026-06-01,C0166,R02,SMB,Core,3468.9,0,0,0,0,3468.9,3468.9
2026-03-01,C0167,R02,Enterprise,Enterprise Suite,0,77163.4,0,0,0,77163.4,38581.7
2026-04-01,C0167,R02,Enterprise,Enterprise Suite,77163.4,0,0,0,0,77163.4,77163.4
2026-05-01,C0167,R02,Enterprise,Enterprise Suite,77163.4,0,0,0,0,77163.4,77163.4
2026-06-01,C0167,R02,Enterprise,Enterprise Suite,77163.4,0,0,0,0,77163.4,77163.4
2023-01-01,C0168,R02,Mid-Market,Business,13495.64,0,0,0,0,13495.64,13495.64
2023-02-01,C0168,R02,Mid-Market,Business,13495.64,0,0,0,0,13495.64,13495.64
2023-03-01,C0168,R02,Mid-Market,Business,13495.64,0,404.87,0,0,13900.5,13698.07
2023-04-01,C0168,R02,Mid-Market,Business,13900.5,0,0,0,0,13900.5,13900.5
2023-05-01,C0168,R02,Mid-Market,Business,13900.5,0,0,0,0,13900.5,13900.5
2023-06-01,C0168,R02,Mid-Market,Business,13900.5,0,0,0,0,13900.5,13900.5
2023-07-01,C0168,R02,Mid-Market,Business,13900.5,0,0,0,0,13900.5,13900.5
2023-08-01,C0168,R02,Mid-Market,Business,13900.5,0,0,0,0,13900.5,13900.5
2023-09-01,C0168,R02,Mid-Market,Business,13900.5,0,0,0,0,13900.5,13900.5
2023-10-01,C0168,R02,Mid-Market,Business,13900.5,0,0,0,0,13900.5,13900.5
2023-11-01,C0168,R02,Mid-Market,Business,13900.5,0,0,0,0,13900.5,13900.5
2023-12-01,C0168,R02,Mid-Market,Business,13900.5,0,0,0,0,13900.5,13900.5
2024-01-01,C0168,R02,Mid-Market,Business,13900.5,0,0,0,0,13900.5,13900.5
2024-02-01,C0168,R02,Mid-Market,Business,13900.5,0,0,0,0,13900.5,13900.5
2024-03-01,C0168,R02,Mid-Market,Business,13900.5,0,1429.49,0,0,15330,14615.25
2024-04-01,C0168,R02,Mid-Market,Business,15330,0,0,0,0,15330,15330
2024-05-01,C0168,R02,Mid-Market,Business,15330,0,0,0,0,15330,15330
2024-06-01,C0168,R02,Mid-Market,Business,15330,0,0,0,0,15330,15330
2024-07-01,C0168,R02,Mid-Market,Business,15330,0,0,0,0,15330,15330
2024-08-01,C0168,R02,Mid-Market,Business,15330,0,0,0,0,15330,15330
2024-09-01,C0168,R02,Mid-Market,Business,15330,0,0,0,0,15330,15330
2024-10-01,C0168,R02,Mid-Market,Business,15330,0,0,0,0,15330,15330
2024-11-01,C0168,R02,Mid-Market,Business,15330,0,0,0,0,15330,15330
2024-12-01,C0168,R02,Mid-Market,Business,15330,0,0,0,0,15330,15330
2025-01-01,C0168,R02,Mid-Market,Business,15330,0,0,0,0,15330,15330
2025-02-01,C0168,R02,Mid-Market,Business,15330,0,0,0,0,15330,15330
2025-03-01,C0168,R02,Mid-Market,Business,15330,0,1696.43,0,0,17026.43,16178.21
2025-04-01,C0168,R02,Mid-Market,Business,17026.43,0,0,0,0,17026.43,17026.43
2025-05-01,C0168,R02,Mid-Market,Business,17026.43,0,0,0,0,17026.43,17026.43
2025-06-01,C0168,R02,Mid-Market,Business,17026.43,0,0,0,0,17026.43,17026.43
2025-07-01,C0168,R02,Mid-Market,Business,17026.43,0,0,0,0,17026.43,17026.43
2025-08-01,C0168,R02,Mid-Market,Business,17026.43,0,0,0,0,17026.43,17026.43
2025-09-01,C0168,R02,Mid-Market,Business,17026.43,0,0,0,0,17026.43,17026.43
2025-10-01,C0168,R02,Mid-Market,Business,17026.43,0,0,0,0,17026.43,17026.43
2025-11-01,C0168,R02,Mid-Market,Business,17026.43,0,0,0,0,17026.43,17026.43
2025-12-01,C0168,R02,Mid-Market,Business,17026.43,0,0,0,0,17026.43,17026.43
2026-01-01,C0168,R02,Mid-Market,Business,17026.43,0,0,0,0,17026.43,17026.43
2026-02-01,C0168,R02,Mid-Market,Business,17026.43,0,0,0,0,17026.43,17026.43
2026-03-01,C0168,R02,Mid-Market,Business,17026.43,0,1519.54,0,0,18545.97,17786.2
2026-04-01,C0168,R02,Mid-Market,Business,18545.97,0,0,0,0,18545.97,18545.97
2026-05-01,C0168,R02,Mid-Market,Business,18545.97,0,0,0,0,18545.97,18545.97
2026-06-01,C0168,R02,Mid-Market,Business,18545.97,0,0,0,0,18545.97,18545.97
2023-01-01,C0169,R03,Enterprise,Enterprise Suite,77694.11,0,0,0,0,77694.11,77694.11
2023-02-01,C0169,R03,Enterprise,Enterprise Suite,77694.11,0,0,0,0,77694.11,77694.11
2023-03-01,C0169,R03,Enterprise,Enterprise Suite,77694.11,0,0,0,0,77694.11,77694.11
2023-04-01,C0169,R03,Enterprise,Enterprise Suite,77694.11,0,9547.77,5418.67,0,81823.21,79758.66
2023-05-01,C0169,R03,Enterprise,Enterprise Suite,81823.21,0,0,0,0,81823.21,81823.21
2023-06-01,C0169,R03,Enterprise,Enterprise Suite,81823.21,0,0,0,0,81823.21,81823.21
2023-07-01,C0169,R03,Enterprise,Enterprise Suite,81823.21,0,0,0,0,81823.21,81823.21
2023-08-01,C0169,R03,Enterprise,Enterprise Suite,81823.21,0,0,0,0,81823.21,81823.21
2023-09-01,C0169,R03,Enterprise,Enterprise Suite,81823.21,0,0,0,0,81823.21,81823.21
2023-10-01,C0169,R03,Enterprise,Enterprise Suite,81823.21,0,0,0,0,81823.21,81823.21
2023-11-01,C0169,R03,Enterprise,Enterprise Suite,81823.21,0,0,0,0,81823.21,81823.21
2023-12-01,C0169,R03,Enterprise,Enterprise Suite,81823.21,0,0,0,0,81823.21,81823.21
2024-01-01,C0169,R03,Enterprise,Enterprise Suite,81823.21,0,0,0,0,81823.21,81823.21
2024-02-01,C0169,R03,Enterprise,Enterprise Suite,81823.21,0,0,0,0,81823.21,81823.21
2024-03-01,C0169,R03,Enterprise,Enterprise Suite,81823.21,0,0,0,0,81823.21,81823.21
2024-04-01,C0169,R03,Enterprise,Enterprise Suite,81823.21,0,12713.08,0,0,94536.28,88179.75
2024-05-01,C0169,R03,Enterprise,Enterprise Suite,94536.28,0,0,0,0,94536.28,94536.28
2024-06-01,C0169,R03,Enterprise,Enterprise Suite,94536.28,0,0,0,0,94536.28,94536.28
2024-07-01,C0169,R03,Enterprise,Enterprise Suite,94536.28,0,0,0,0,94536.28,94536.28
2024-08-01,C0169,R03,Enterprise,Enterprise Suite,94536.28,0,0,0,0,94536.28,94536.28
2024-09-01,C0169,R03,Enterprise,Enterprise Suite,94536.28,0,0,0,0,94536.28,94536.28
2024-10-01,C0169,R03,Enterprise,Enterprise Suite,94536.28,0,0,0,0,94536.28,94536.28
2024-11-01,C0169,R03,Enterprise,Enterprise Suite,94536.28,0,0,0,0,94536.28,94536.28
2024-12-01,C0169,R03,Enterprise,Enterprise Suite,94536.28,0,0,0,0,94536.28,94536.28
2025-01-01,C0169,R03,Enterprise,Enterprise Suite,94536.28,0,0,0,0,94536.28,94536.28
2025-02-01,C0169,R03,Enterprise,Enterprise Suite,94536.28,0,0,0,0,94536.28,94536.28
2025-03-01,C0169,R03,Enterprise,Enterprise Suite,94536.28,0,0,0,0,94536.28,94536.28
2025-04-01,C0169,R03,Enterprise,Enterprise Suite,94536.28,0,13663.67,0,0,108199.95,101368.12
2025-05-01,C0169,R03,Enterprise,Enterprise Suite,108199.95,0,0,0,0,108199.95,108199.95
2025-06-01,C0169,R03,Enterprise,Enterprise Suite,108199.95,0,0,0,0,108199.95,108199.95
2025-07-01,C0169,R03,Enterprise,Enterprise Suite,108199.95,0,0,0,0,108199.95,108199.95
2025-08-01,C0169,R03,Enterprise,Enterprise Suite,108199.95,0,0,0,0,108199.95,108199.95
2025-09-01,C0169,R03,Enterprise,Enterprise Suite,108199.95,0,0,0,0,108199.95,108199.95
2025-10-01,C0169,R03,Enterprise,Enterprise Suite,108199.95,0,0,0,0,108199.95,108199.95
2025-11-01,C0169,R03,Enterprise,Enterprise Suite,108199.95,0,0,0,0,108199.95,108199.95
2025-12-01,C0169,R03,Enterprise,Enterprise Suite,108199.95,0,0,0,0,108199.95,108199.95
2026-01-01,C0169,R03,Enterprise,Enterprise Suite,108199.95,0,0,0,0,108199.95,108199.95
2026-02-01,C0169,R03,Enterprise,Enterprise Suite,108199.95,0,0,0,0,108199.95,108199.95
2026-03-01,C0169,R03,Enterprise,Enterprise Suite,108199.95,0,0,0,0,108199.95,108199.95
2026-04-01,C0169,R03,Enterprise,Enterprise Suite,108199.95,0,10694.46,0,0,118894.41,113547.18
2026-05-01,C0169,R03,Enterprise,Enterprise Suite,118894.41,0,0,0,0,118894.41,118894.41
2026-06-01,C0169,R03,Enterprise,Enterprise Suite,118894.41,0,0,0,0,118894.41,118894.41
2023-01-01,C0170,R03,Enterprise,Enterprise Suite,36825.84,0,0,0,0,36825.84,36825.84
2023-02-01,C0170,R03,Enterprise,Enterprise Suite,36825.84,0,0,0,0,36825.84,36825.84
2023-03-01,C0170,R03,Enterprise,Enterprise Suite,36825.84,0,0,0,0,36825.84,36825.84
2023-04-01,C0170,R03,Enterprise,Enterprise Suite,36825.84,0,3986.48,0,0,40812.32,38819.08
2023-05-01,C0170,R03,Enterprise,Enterprise Suite,40812.32,0,0,0,0,40812.32,40812.32
2023-06-01,C0170,R03,Enterprise,Enterprise Suite,40812.32,0,0,0,0,40812.32,40812.32
2023-07-01,C0170,R03,Enterprise,Enterprise Suite,40812.32,0,0,0,0,40812.32,40812.32
2023-08-01,C0170,R03,Enterprise,Enterprise Suite,40812.32,0,0,0,0,40812.32,40812.32
2023-09-01,C0170,R03,Enterprise,Enterprise Suite,40812.32,0,0,0,0,40812.32,40812.32
2023-10-01,C0170,R03,Enterprise,Enterprise Suite,40812.32,0,0,0,0,40812.32,40812.32
2023-11-01,C0170,R03,Enterprise,Enterprise Suite,40812.32,0,0,0,0,40812.32,40812.32
2023-12-01,C0170,R03,Enterprise,Enterprise Suite,40812.32,0,0,0,0,40812.32,40812.32
2024-01-01,C0170,R03,Enterprise,Enterprise Suite,40812.32,0,0,0,0,40812.32,40812.32
2024-02-01,C0170,R03,Enterprise,Enterprise Suite,40812.32,0,0,0,0,40812.32,40812.32
2024-03-01,C0170,R03,Enterprise,Enterprise Suite,40812.32,0,0,0,0,40812.32,40812.32
2024-04-01,C0170,R03,Enterprise,Enterprise Suite,40812.32,0,4203.82,0,0,45016.14,42914.23
2024-05-01,C0170,R03,Enterprise,Enterprise Suite,45016.14,0,0,0,0,45016.14,45016.14
2024-06-01,C0170,R03,Enterprise,Enterprise Suite,45016.14,0,0,0,0,45016.14,45016.14
2024-07-01,C0170,R03,Enterprise,Enterprise Suite,45016.14,0,0,0,0,45016.14,45016.14
2024-08-01,C0170,R03,Enterprise,Enterprise Suite,45016.14,0,0,0,0,45016.14,45016.14
2024-09-01,C0170,R03,Enterprise,Enterprise Suite,45016.14,0,0,0,0,45016.14,45016.14
2024-10-01,C0170,R03,Enterprise,Enterprise Suite,45016.14,0,0,0,0,45016.14,45016.14
2024-11-01,C0170,R03,Enterprise,Enterprise Suite,45016.14,0,0,0,0,45016.14,45016.14
2024-12-01,C0170,R03,Enterprise,Enterprise Suite,45016.14,0,0,0,0,45016.14,45016.14
2025-01-01,C0170,R03,Enterprise,Enterprise Suite,45016.14,0,0,0,0,45016.14,45016.14
2025-02-01,C0170,R03,Enterprise,Enterprise Suite,45016.14,0,0,0,0,45016.14,45016.14
2025-03-01,C0170,R03,Enterprise,Enterprise Suite,45016.14,0,0,0,0,45016.14,45016.14
2025-04-01,C0170,R03,Enterprise,Enterprise Suite,45016.14,0,1350.48,0,0,46366.62,45691.38
2025-05-01,C0170,R03,Enterprise,Enterprise Suite,46366.62,0,0,0,0,46366.62,46366.62
2025-06-01,C0170,R03,Enterprise,Enterprise Suite,46366.62,0,0,0,0,46366.62,46366.62
2025-07-01,C0170,R03,Enterprise,Enterprise Suite,46366.62,0,0,0,0,46366.62,46366.62
2025-08-01,C0170,R03,Enterprise,Enterprise Suite,46366.62,0,0,0,0,46366.62,46366.62
2025-09-01,C0170,R03,Enterprise,Enterprise Suite,46366.62,0,0,0,0,46366.62,46366.62
2025-10-01,C0170,R03,Enterprise,Enterprise Suite,46366.62,0,0,0,0,46366.62,46366.62
2025-11-01,C0170,R03,Enterprise,Enterprise Suite,46366.62,0,0,0,0,46366.62,46366.62
2025-12-01,C0170,R03,Enterprise,Enterprise Suite,46366.62,0,0,0,0,46366.62,46366.62
2026-01-01,C0170,R03,Enterprise,Enterprise Suite,46366.62,0,0,0,0,46366.62,46366.62
2026-02-01,C0170,R03,Enterprise,Enterprise Suite,46366.62,0,0,0,0,46366.62,46366.62
2026-03-01,C0170,R03,Enterprise,Enterprise Suite,46366.62,0,0,0,0,46366.62,46366.62
2026-04-01,C0170,R03,Enterprise,Enterprise Suite,46366.62,0,1391,0,0,47757.62,47062.12
2026-05-01,C0170,R03,Enterprise,Enterprise Suite,47757.62,0,0,0,0,47757.62,47757.62
2026-06-01,C0170,R03,Enterprise,Enterprise Suite,47757.62,0,0,0,0,47757.62,47757.62
2023-01-01,C0171,R03,Mid-Market,Business,0,15466.13,0,0,0,15466.13,7733.06
2023-02-01,C0171,R03,Mid-Market,Business,15466.13,0,0,0,0,15466.13,15466.13
2023-03-01,C0171,R03,Mid-Market,Business,15466.13,0,0,0,0,15466.13,15466.13
2023-04-01,C0171,R03,Mid-Market,Business,15466.13,0,0,0,0,15466.13,15466.13
2023-05-01,C0171,R03,Mid-Market,Business,15466.13,0,0,0,0,15466.13,15466.13
2023-06-01,C0171,R03,Mid-Market,Business,15466.13,0,0,0,0,15466.13,15466.13
2023-07-01,C0171,R03,Mid-Market,Business,15466.13,0,0,0,0,15466.13,15466.13
2023-08-01,C0171,R03,Mid-Market,Business,15466.13,0,0,0,0,15466.13,15466.13
2023-09-01,C0171,R03,Mid-Market,Business,15466.13,0,0,0,0,15466.13,15466.13
2023-10-01,C0171,R03,Mid-Market,Business,15466.13,0,0,0,0,15466.13,15466.13
2023-11-01,C0171,R03,Mid-Market,Business,15466.13,0,0,0,0,15466.13,15466.13
2023-12-01,C0171,R03,Mid-Market,Business,15466.13,0,0,0,0,15466.13,15466.13
2024-01-01,C0171,R03,Mid-Market,Business,15466.13,0,1364.46,0,0,16830.59,16148.36
2024-02-01,C0171,R03,Mid-Market,Business,16830.59,0,0,0,0,16830.59,16830.59
2024-03-01,C0171,R03,Mid-Market,Business,16830.59,0,0,0,0,16830.59,16830.59
2024-04-01,C0171,R03,Mid-Market,Business,16830.59,0,0,0,0,16830.59,16830.59
2024-05-01,C0171,R03,Mid-Market,Business,16830.59,0,0,0,0,16830.59,16830.59
2024-06-01,C0171,R03,Mid-Market,Business,16830.59,0,0,0,0,16830.59,16830.59
2024-07-01,C0171,R03,Mid-Market,Business,16830.59,0,0,0,0,16830.59,16830.59
2024-08-01,C0171,R03,Mid-Market,Business,16830.59,0,0,0,0,16830.59,16830.59
2024-09-01,C0171,R03,Mid-Market,Business,16830.59,0,0,0,0,16830.59,16830.59
2024-10-01,C0171,R03,Mid-Market,Business,16830.59,0,0,0,0,16830.59,16830.59
2024-11-01,C0171,R03,Mid-Market,Business,16830.59,0,0,0,0,16830.59,16830.59
2024-12-01,C0171,R03,Mid-Market,Business,16830.59,0,0,0,0,16830.59,16830.59
2025-01-01,C0171,R03,Mid-Market,Business,16830.59,0,504.92,797.27,0,16538.23,16684.41
2025-02-01,C0171,R03,Mid-Market,Business,16538.23,0,0,0,0,16538.23,16538.23
2025-03-01,C0171,R03,Mid-Market,Business,16538.23,0,0,0,0,16538.23,16538.23
2025-04-01,C0171,R03,Mid-Market,Business,16538.23,0,0,0,0,16538.23,16538.23
2025-05-01,C0171,R03,Mid-Market,Business,16538.23,0,0,0,0,16538.23,16538.23
2025-06-01,C0171,R03,Mid-Market,Business,16538.23,0,0,0,0,16538.23,16538.23
2025-07-01,C0171,R03,Mid-Market,Business,16538.23,0,0,0,0,16538.23,16538.23
2025-08-01,C0171,R03,Mid-Market,Business,16538.23,0,0,0,0,16538.23,16538.23
2025-09-01,C0171,R03,Mid-Market,Business,16538.23,0,0,0,0,16538.23,16538.23
2025-10-01,C0171,R03,Mid-Market,Business,16538.23,0,0,0,0,16538.23,16538.23
2025-11-01,C0171,R03,Mid-Market,Business,16538.23,0,0,0,0,16538.23,16538.23
2025-12-01,C0171,R03,Mid-Market,Business,16538.23,0,0,0,0,16538.23,16538.23
2026-01-01,C0171,R03,Mid-Market,Business,16538.23,0,744.22,0,0,17282.46,16910.34
2026-02-01,C0171,R03,Mid-Market,Business,17282.46,0,0,0,0,17282.46,17282.46
2026-03-01,C0171,R03,Mid-Market,Business,17282.46,0,0,0,0,17282.46,17282.46
2026-04-01,C0171,R03,Mid-Market,Business,17282.46,0,0,0,0,17282.46,17282.46
2026-05-01,C0171,R03,Mid-Market,Business,17282.46,0,0,0,0,17282.46,17282.46
2026-06-01,C0171,R03,Mid-Market,Business,17282.46,0,0,0,0,17282.46,17282.46
2023-01-01,C0172,R04,Mid-Market,Business,17260.8,0,0,0,0,17260.8,17260.8
2023-02-01,C0172,R04,Mid-Market,Business,17260.8,0,0,0,0,17260.8,17260.8
2023-03-01,C0172,R04,Mid-Market,Business,17260.8,0,0,0,0,17260.8,17260.8
2023-04-01,C0172,R04,Mid-Market,Business,17260.8,0,0,0,0,17260.8,17260.8
2023-05-01,C0172,R04,Mid-Market,Business,17260.8,0,0,0,0,17260.8,17260.8
2023-06-01,C0172,R04,Mid-Market,Business,17260.8,0,517.82,1293.55,0,16485.07,16872.93
2023-07-01,C0172,R04,Mid-Market,Business,16485.07,0,0,0,0,16485.07,16485.07
2023-08-01,C0172,R04,Mid-Market,Business,16485.07,0,0,0,0,16485.07,16485.07
2023-09-01,C0172,R04,Mid-Market,Business,16485.07,0,0,0,0,16485.07,16485.07
2023-10-01,C0172,R04,Mid-Market,Business,16485.07,0,0,0,0,16485.07,16485.07
2023-11-01,C0172,R04,Mid-Market,Business,16485.07,0,0,0,0,16485.07,16485.07
2023-12-01,C0172,R04,Mid-Market,Business,16485.07,0,0,0,0,16485.07,16485.07
2024-01-01,C0172,R04,Mid-Market,Business,16485.07,0,0,0,0,16485.07,16485.07
2024-02-01,C0172,R04,Mid-Market,Business,16485.07,0,0,0,0,16485.07,16485.07
2024-03-01,C0172,R04,Mid-Market,Business,16485.07,0,0,0,0,16485.07,16485.07
2024-04-01,C0172,R04,Mid-Market,Business,16485.07,0,0,0,0,16485.07,16485.07
2024-05-01,C0172,R04,Mid-Market,Business,16485.07,0,0,0,0,16485.07,16485.07
2024-06-01,C0172,R04,Mid-Market,Business,16485.07,0,741.83,0,0,17226.9,16855.98
2024-07-01,C0172,R04,Mid-Market,Business,17226.9,0,0,0,0,17226.9,17226.9
2024-08-01,C0172,R04,Mid-Market,Business,17226.9,0,0,0,0,17226.9,17226.9
2024-09-01,C0172,R04,Mid-Market,Business,17226.9,0,0,0,0,17226.9,17226.9
2024-10-01,C0172,R04,Mid-Market,Business,17226.9,0,0,0,0,17226.9,17226.9
2024-11-01,C0172,R04,Mid-Market,Business,17226.9,0,0,0,0,17226.9,17226.9
2024-12-01,C0172,R04,Mid-Market,Business,17226.9,0,0,0,0,17226.9,17226.9
2025-01-01,C0172,R04,Mid-Market,Business,17226.9,0,0,0,0,17226.9,17226.9
2025-02-01,C0172,R04,Mid-Market,Business,17226.9,0,0,0,0,17226.9,17226.9
2025-03-01,C0172,R04,Mid-Market,Business,17226.9,0,0,0,0,17226.9,17226.9
2025-04-01,C0172,R04,Mid-Market,Business,17226.9,0,0,0,0,17226.9,17226.9
2025-05-01,C0172,R04,Mid-Market,Business,17226.9,0,0,0,0,17226.9,17226.9
2025-06-01,C0172,R04,Mid-Market,Business,17226.9,0,516.81,0,0,17743.7,17485.3
2025-07-01,C0172,R04,Mid-Market,Business,17743.7,0,0,0,0,17743.7,17743.7
2025-08-01,C0172,R04,Mid-Market,Business,17743.7,0,0,0,0,17743.7,17743.7
2025-09-01,C0172,R04,Mid-Market,Business,17743.7,0,0,0,0,17743.7,17743.7
2025-10-01,C0172,R04,Mid-Market,Business,17743.7,0,0,0,0,17743.7,17743.7
2025-11-01,C0172,R04,Mid-Market,Business,17743.7,0,0,0,0,17743.7,17743.7
2025-12-01,C0172,R04,Mid-Market,Business,17743.7,0,0,0,0,17743.7,17743.7
2026-01-01,C0172,R04,Mid-Market,Business,17743.7,0,0,0,0,17743.7,17743.7
2026-02-01,C0172,R04,Mid-Market,Business,17743.7,0,0,0,0,17743.7,17743.7
2026-03-01,C0172,R04,Mid-Market,Business,17743.7,0,0,0,0,17743.7,17743.7
2026-04-01,C0172,R04,Mid-Market,Business,17743.7,0,0,0,0,17743.7,17743.7
2026-05-01,C0172,R04,Mid-Market,Business,17743.7,0,0,0,0,17743.7,17743.7
2026-06-01,C0172,R04,Mid-Market,Business,17743.7,0,798.47,0,0,18542.17,18142.94
2023-01-01,C0173,R01,Mid-Market,Business,9809.28,0,0,0,0,9809.28,9809.28
2023-02-01,C0173,R01,Mid-Market,Business,9809.28,0,0,0,0,9809.28,9809.28
2023-03-01,C0173,R01,Mid-Market,Business,9809.28,0,0,0,0,9809.28,9809.28
2023-04-01,C0173,R01,Mid-Market,Business,9809.28,0,0,0,0,9809.28,9809.28
2023-05-01,C0173,R01,Mid-Market,Business,9809.28,0,0,0,0,9809.28,9809.28
2023-06-01,C0173,R01,Mid-Market,Business,9809.28,0,0,0,0,9809.28,9809.28
2023-07-01,C0173,R01,Mid-Market,Business,9809.28,0,294.28,0,0,10103.55,9956.42
2023-08-01,C0173,R01,Mid-Market,Business,10103.55,0,0,0,0,10103.55,10103.55
2023-09-01,C0173,R01,Mid-Market,Business,10103.55,0,0,0,0,10103.55,10103.55
2023-10-01,C0173,R01,Mid-Market,Business,10103.55,0,0,0,0,10103.55,10103.55
2023-11-01,C0173,R01,Mid-Market,Business,10103.55,0,0,0,0,10103.55,10103.55
2023-12-01,C0173,R01,Mid-Market,Business,10103.55,0,0,0,0,10103.55,10103.55
2024-01-01,C0173,R01,Mid-Market,Business,10103.55,0,0,0,0,10103.55,10103.55
2024-02-01,C0173,R01,Mid-Market,Business,10103.55,0,0,0,0,10103.55,10103.55
2024-03-01,C0173,R01,Mid-Market,Business,10103.55,0,0,0,0,10103.55,10103.55
2024-04-01,C0173,R01,Mid-Market,Business,10103.55,0,0,0,0,10103.55,10103.55
2024-05-01,C0173,R01,Mid-Market,Business,10103.55,0,0,0,0,10103.55,10103.55
2024-06-01,C0173,R01,Mid-Market,Business,10103.55,0,0,0,0,10103.55,10103.55
2024-07-01,C0173,R01,Mid-Market,Business,10103.55,0,1050.77,0,0,11154.32,10628.94
2024-08-01,C0173,R01,Mid-Market,Business,11154.32,0,0,0,0,11154.32,11154.32
2024-09-01,C0173,R01,Mid-Market,Business,11154.32,0,0,0,0,11154.32,11154.32
2024-10-01,C0173,R01,Mid-Market,Business,11154.32,0,0,0,0,11154.32,11154.32
2024-11-01,C0173,R01,Mid-Market,Business,11154.32,0,0,0,0,11154.32,11154.32
2024-12-01,C0173,R01,Mid-Market,Business,11154.32,0,0,0,0,11154.32,11154.32
2025-01-01,C0173,R01,Mid-Market,Business,11154.32,0,0,0,0,11154.32,11154.32
2025-02-01,C0173,R01,Mid-Market,Business,11154.32,0,0,0,0,11154.32,11154.32
2025-03-01,C0173,R01,Mid-Market,Business,11154.32,0,0,0,0,11154.32,11154.32
2025-04-01,C0173,R01,Mid-Market,Business,11154.32,0,0,0,0,11154.32,11154.32
2025-05-01,C0173,R01,Mid-Market,Business,11154.32,0,0,0,0,11154.32,11154.32
2025-06-01,C0173,R01,Mid-Market,Business,11154.32,0,0,0,0,11154.32,11154.32
2025-07-01,C0173,R01,Mid-Market,Business,11154.32,0,752.98,756.53,0,11150.77,11152.54
2025-08-01,C0173,R01,Mid-Market,Business,11150.77,0,0,0,0,11150.77,11150.77
2025-09-01,C0173,R01,Mid-Market,Business,11150.77,0,0,0,0,11150.77,11150.77
2025-10-01,C0173,R01,Mid-Market,Business,11150.77,0,0,0,0,11150.77,11150.77
2025-11-01,C0173,R01,Mid-Market,Business,11150.77,0,0,0,0,11150.77,11150.77
2025-12-01,C0173,R01,Mid-Market,Business,11150.77,0,0,0,0,11150.77,11150.77
2026-01-01,C0173,R01,Mid-Market,Business,11150.77,0,0,0,0,11150.77,11150.77
2026-02-01,C0173,R01,Mid-Market,Business,11150.77,0,0,0,0,11150.77,11150.77
2026-03-01,C0173,R01,Mid-Market,Business,11150.77,0,0,0,0,11150.77,11150.77
2026-04-01,C0173,R01,Mid-Market,Business,11150.77,0,0,0,0,11150.77,11150.77
2026-05-01,C0173,R01,Mid-Market,Business,11150.77,0,0,0,0,11150.77,11150.77
2026-06-01,C0173,R01,Mid-Market,Business,11150.77,0,0,0,0,11150.77,11150.77
2023-01-01,C0174,R01,Enterprise,Enterprise Suite,37921.15,0,0,0,0,37921.15,37921.15
2023-02-01,C0174,R01,Enterprise,Enterprise Suite,37921.15,0,0,0,0,37921.15,37921.15
2023-03-01,C0174,R01,Enterprise,Enterprise Suite,37921.15,0,3497.64,0,0,41418.79,39669.97
2023-04-01,C0174,R01,Enterprise,Enterprise Suite,41418.79,0,0,0,0,41418.79,41418.79
2023-05-01,C0174,R01,Enterprise,Enterprise Suite,41418.79,0,0,0,0,41418.79,41418.79
2023-06-01,C0174,R01,Enterprise,Enterprise Suite,41418.79,0,0,0,0,41418.79,41418.79
2023-07-01,C0174,R01,Enterprise,Enterprise Suite,41418.79,0,0,0,0,41418.79,41418.79
2023-08-01,C0174,R01,Enterprise,Enterprise Suite,41418.79,0,0,0,0,41418.79,41418.79
2023-09-01,C0174,R01,Enterprise,Enterprise Suite,41418.79,0,0,0,0,41418.79,41418.79
2023-10-01,C0174,R01,Enterprise,Enterprise Suite,41418.79,0,0,0,0,41418.79,41418.79
2023-11-01,C0174,R01,Enterprise,Enterprise Suite,41418.79,0,0,0,0,41418.79,41418.79
2023-12-01,C0174,R01,Enterprise,Enterprise Suite,41418.79,0,0,0,0,41418.79,41418.79
2024-01-01,C0174,R01,Enterprise,Enterprise Suite,41418.79,0,0,0,0,41418.79,41418.79
2024-02-01,C0174,R01,Enterprise,Enterprise Suite,41418.79,0,0,0,0,41418.79,41418.79
2024-03-01,C0174,R01,Enterprise,Enterprise Suite,41418.79,0,5342.21,0,0,46761,44089.9
2024-04-01,C0174,R01,Enterprise,Enterprise Suite,46761,0,0,0,0,46761,46761
2024-05-01,C0174,R01,Enterprise,Enterprise Suite,46761,0,0,0,0,46761,46761
2024-06-01,C0174,R01,Enterprise,Enterprise Suite,46761,0,0,0,0,46761,46761
2024-07-01,C0174,R01,Enterprise,Enterprise Suite,46761,0,0,0,0,46761,46761
2024-08-01,C0174,R01,Enterprise,Enterprise Suite,46761,0,0,0,0,46761,46761
2024-09-01,C0174,R01,Enterprise,Enterprise Suite,46761,0,0,0,0,46761,46761
2024-10-01,C0174,R01,Enterprise,Enterprise Suite,46761,0,0,0,0,46761,46761
2024-11-01,C0174,R01,Enterprise,Enterprise Suite,46761,0,0,0,0,46761,46761
2024-12-01,C0174,R01,Enterprise,Enterprise Suite,46761,0,0,0,0,46761,46761
2025-01-01,C0174,R01,Enterprise,Enterprise Suite,46761,0,0,0,0,46761,46761
2025-02-01,C0174,R01,Enterprise,Enterprise Suite,46761,0,0,0,0,46761,46761
2025-03-01,C0174,R01,Enterprise,Enterprise Suite,46761,0,5460.42,0,0,52221.43,49491.22
2025-04-01,C0174,R01,Enterprise,Enterprise Suite,52221.43,0,0,0,0,52221.43,52221.43
2025-05-01,C0174,R01,Enterprise,Enterprise Suite,52221.43,0,0,0,0,52221.43,52221.43
2025-06-01,C0174,R01,Enterprise,Enterprise Suite,52221.43,0,0,0,0,52221.43,52221.43
2025-07-01,C0174,R01,Enterprise,Enterprise Suite,52221.43,0,0,0,0,52221.43,52221.43
2025-08-01,C0174,R01,Enterprise,Enterprise Suite,52221.43,0,0,0,0,52221.43,52221.43
2025-09-01,C0174,R01,Enterprise,Enterprise Suite,52221.43,0,0,0,0,52221.43,52221.43
2025-10-01,C0174,R01,Enterprise,Enterprise Suite,52221.43,0,0,0,0,52221.43,52221.43
2025-11-01,C0174,R01,Enterprise,Enterprise Suite,52221.43,0,0,0,0,52221.43,52221.43
2025-12-01,C0174,R01,Enterprise,Enterprise Suite,52221.43,0,0,0,0,52221.43,52221.43
2026-01-01,C0174,R01,Enterprise,Enterprise Suite,52221.43,0,0,0,0,52221.43,52221.43
2026-02-01,C0174,R01,Enterprise,Enterprise Suite,52221.43,0,0,0,0,52221.43,52221.43
2026-03-01,C0174,R01,Enterprise,Enterprise Suite,52221.43,0,1566.64,0,0,53788.07,53004.75
2026-04-01,C0174,R01,Enterprise,Enterprise Suite,53788.07,0,0,0,0,53788.07,53788.07
2026-05-01,C0174,R01,Enterprise,Enterprise Suite,53788.07,0,0,0,0,53788.07,53788.07
2026-06-01,C0174,R01,Enterprise,Enterprise Suite,53788.07,0,0,0,0,53788.07,53788.07
2023-01-01,C0175,R01,Mid-Market,Business,23377.23,0,0,0,0,23377.23,23377.23
2023-02-01,C0175,R01,Mid-Market,Business,23377.23,0,0,0,0,23377.23,23377.23
2023-03-01,C0175,R01,Mid-Market,Business,23377.23,0,0,0,0,23377.23,23377.23
2023-04-01,C0175,R01,Mid-Market,Business,23377.23,0,0,0,0,23377.23,23377.23
2023-05-01,C0175,R01,Mid-Market,Business,23377.23,0,0,0,0,23377.23,23377.23
2023-06-01,C0175,R01,Mid-Market,Business,23377.23,0,0,0,0,23377.23,23377.23
2023-07-01,C0175,R01,Mid-Market,Business,23377.23,0,0,0,0,23377.23,23377.23
2023-08-01,C0175,R01,Mid-Market,Business,23377.23,0,701.32,0,0,24078.54,23727.89
2023-09-01,C0175,R01,Mid-Market,Business,24078.54,0,0,0,0,24078.54,24078.54
2023-10-01,C0175,R01,Mid-Market,Business,24078.54,0,0,0,0,24078.54,24078.54
2023-11-01,C0175,R01,Mid-Market,Business,24078.54,0,0,0,0,24078.54,24078.54
2023-12-01,C0175,R01,Mid-Market,Business,24078.54,0,0,0,0,24078.54,24078.54
2024-01-01,C0175,R01,Mid-Market,Business,24078.54,0,0,0,0,24078.54,24078.54
2024-02-01,C0175,R01,Mid-Market,Business,24078.54,0,0,0,0,24078.54,24078.54
2024-03-01,C0175,R01,Mid-Market,Business,24078.54,0,0,0,0,24078.54,24078.54
2024-04-01,C0175,R01,Mid-Market,Business,24078.54,0,0,0,0,24078.54,24078.54
2024-05-01,C0175,R01,Mid-Market,Business,24078.54,0,0,0,0,24078.54,24078.54
2024-06-01,C0175,R01,Mid-Market,Business,24078.54,0,0,0,0,24078.54,24078.54
2024-07-01,C0175,R01,Mid-Market,Business,24078.54,0,0,0,0,24078.54,24078.54
2024-08-01,C0175,R01,Mid-Market,Business,24078.54,0,722.36,0,0,24800.9,24439.72
2024-09-01,C0175,R01,Mid-Market,Business,24800.9,0,0,0,0,24800.9,24800.9
2024-10-01,C0175,R01,Mid-Market,Business,24800.9,0,0,0,0,24800.9,24800.9
2024-11-01,C0175,R01,Mid-Market,Business,24800.9,0,0,0,0,24800.9,24800.9
2024-12-01,C0175,R01,Mid-Market,Business,24800.9,0,0,0,0,24800.9,24800.9
2025-01-01,C0175,R01,Mid-Market,Business,24800.9,0,0,0,0,24800.9,24800.9
2025-02-01,C0175,R01,Mid-Market,Business,24800.9,0,0,0,0,24800.9,24800.9
2025-03-01,C0175,R01,Mid-Market,Business,24800.9,0,0,0,0,24800.9,24800.9
2025-04-01,C0175,R01,Mid-Market,Business,24800.9,0,0,0,0,24800.9,24800.9
2025-05-01,C0175,R01,Mid-Market,Business,24800.9,0,0,0,0,24800.9,24800.9
2025-06-01,C0175,R01,Mid-Market,Business,24800.9,0,0,0,0,24800.9,24800.9
2025-07-01,C0175,R01,Mid-Market,Business,24800.9,0,0,0,0,24800.9,24800.9
2025-08-01,C0175,R01,Mid-Market,Business,24800.9,0,2816.19,0,0,27617.1,26209
2025-09-01,C0175,R01,Mid-Market,Business,27617.1,0,0,0,0,27617.1,27617.1
2025-10-01,C0175,R01,Mid-Market,Business,27617.1,0,0,0,0,27617.1,27617.1
2025-11-01,C0175,R01,Mid-Market,Business,27617.1,0,0,0,0,27617.1,27617.1
2025-12-01,C0175,R01,Mid-Market,Business,27617.1,0,0,0,0,27617.1,27617.1
2026-01-01,C0175,R01,Mid-Market,Business,27617.1,0,0,0,0,27617.1,27617.1
2026-02-01,C0175,R01,Mid-Market,Business,27617.1,0,0,0,0,27617.1,27617.1
2026-03-01,C0175,R01,Mid-Market,Business,27617.1,0,0,0,0,27617.1,27617.1
2026-04-01,C0175,R01,Mid-Market,Business,27617.1,0,0,0,0,27617.1,27617.1
2026-05-01,C0175,R01,Mid-Market,Business,27617.1,0,0,0,0,27617.1,27617.1
2026-06-01,C0175,R01,Mid-Market,Business,27617.1,0,0,0,0,27617.1,27617.1
2024-05-01,C0176,R04,Mid-Market,Business,0,24507.99,0,0,0,24507.99,12254
2024-06-01,C0176,R04,Mid-Market,Business,24507.99,0,0,0,0,24507.99,24507.99
2024-07-01,C0176,R04,Mid-Market,Business,24507.99,0,0,0,0,24507.99,24507.99
2024-08-01,C0176,R04,Mid-Market,Business,24507.99,0,0,0,0,24507.99,24507.99
2024-09-01,C0176,R04,Mid-Market,Business,24507.99,0,0,0,0,24507.99,24507.99
2024-10-01,C0176,R04,Mid-Market,Business,24507.99,0,0,0,0,24507.99,24507.99
2024-11-01,C0176,R04,Mid-Market,Business,24507.99,0,0,0,0,24507.99,24507.99
2024-12-01,C0176,R04,Mid-Market,Business,24507.99,0,0,0,0,24507.99,24507.99
2025-01-01,C0176,R04,Mid-Market,Business,24507.99,0,0,0,0,24507.99,24507.99
2025-02-01,C0176,R04,Mid-Market,Business,24507.99,0,0,0,0,24507.99,24507.99
2025-03-01,C0176,R04,Mid-Market,Business,24507.99,0,0,0,0,24507.99,24507.99
2025-04-01,C0176,R04,Mid-Market,Business,24507.99,0,0,0,0,24507.99,24507.99
2025-05-01,C0176,R04,Mid-Market,Business,24507.99,0,735.24,0,0,25243.23,24875.61
2025-06-01,C0176,R04,Mid-Market,Business,25243.23,0,0,0,0,25243.23,25243.23
2025-07-01,C0176,R04,Mid-Market,Business,25243.23,0,0,0,0,25243.23,25243.23
2025-08-01,C0176,R04,Mid-Market,Business,25243.23,0,0,0,0,25243.23,25243.23
2025-09-01,C0176,R04,Mid-Market,Business,25243.23,0,0,0,0,25243.23,25243.23
2025-10-01,C0176,R04,Mid-Market,Business,25243.23,0,0,0,0,25243.23,25243.23
2025-11-01,C0176,R04,Mid-Market,Business,25243.23,0,0,0,0,25243.23,25243.23
2025-12-01,C0176,R04,Mid-Market,Business,25243.23,0,0,0,0,25243.23,25243.23
2026-01-01,C0176,R04,Mid-Market,Business,25243.23,0,0,0,0,25243.23,25243.23
2026-02-01,C0176,R04,Mid-Market,Business,25243.23,0,0,0,0,25243.23,25243.23
2026-03-01,C0176,R04,Mid-Market,Business,25243.23,0,0,0,0,25243.23,25243.23
2026-04-01,C0176,R04,Mid-Market,Business,25243.23,0,0,0,0,25243.23,25243.23
2026-05-01,C0176,R04,Mid-Market,Business,25243.23,0,2413.73,0,0,27656.96,26450.1
2026-06-01,C0176,R04,Mid-Market,Business,27656.96,0,0,0,0,27656.96,27656.96
2023-01-01,C0177,R04,Mid-Market,Business,9895.52,0,0,0,0,9895.52,9895.52
2023-02-01,C0177,R04,Mid-Market,Business,9895.52,0,0,0,0,9895.52,9895.52
2023-03-01,C0177,R04,Mid-Market,Business,9895.52,0,0,0,0,9895.52,9895.52
2023-04-01,C0177,R04,Mid-Market,Business,9895.52,0,296.87,650.79,0,9541.59,9718.56
2023-05-01,C0177,R04,Mid-Market,Business,9541.59,0,0,0,0,9541.59,9541.59
2023-06-01,C0177,R04,Mid-Market,Business,9541.59,0,0,0,0,9541.59,9541.59
2023-07-01,C0177,R04,Mid-Market,Business,9541.59,0,0,0,0,9541.59,9541.59
2023-08-01,C0177,R04,Mid-Market,Business,9541.59,0,0,0,0,9541.59,9541.59
2023-09-01,C0177,R04,Mid-Market,Business,9541.59,0,0,0,0,9541.59,9541.59
2023-10-01,C0177,R04,Mid-Market,Business,9541.59,0,0,0,0,9541.59,9541.59
2023-11-01,C0177,R04,Mid-Market,Business,9541.59,0,0,0,0,9541.59,9541.59
2023-12-01,C0177,R04,Mid-Market,Business,9541.59,0,0,0,0,9541.59,9541.59
2024-01-01,C0177,R04,Mid-Market,Business,9541.59,0,0,0,0,9541.59,9541.59
2024-02-01,C0177,R04,Mid-Market,Business,9541.59,0,0,0,0,9541.59,9541.59
2024-03-01,C0177,R04,Mid-Market,Business,9541.59,0,0,0,0,9541.59,9541.59
2024-04-01,C0177,R04,Mid-Market,Business,9541.59,0,286.25,0,0,9827.84,9684.72
2024-05-01,C0177,R04,Mid-Market,Business,9827.84,0,0,0,0,9827.84,9827.84
2024-06-01,C0177,R04,Mid-Market,Business,9827.84,0,0,0,0,9827.84,9827.84
2024-07-01,C0177,R04,Mid-Market,Business,9827.84,0,0,0,0,9827.84,9827.84
2024-08-01,C0177,R04,Mid-Market,Business,9827.84,0,0,0,0,9827.84,9827.84
2024-09-01,C0177,R04,Mid-Market,Business,9827.84,0,0,0,0,9827.84,9827.84
2024-10-01,C0177,R04,Mid-Market,Business,9827.84,0,0,0,0,9827.84,9827.84
2024-11-01,C0177,R04,Mid-Market,Business,9827.84,0,0,0,0,9827.84,9827.84
2024-12-01,C0177,R04,Mid-Market,Business,9827.84,0,0,0,0,9827.84,9827.84
2025-01-01,C0177,R04,Mid-Market,Business,9827.84,0,0,0,0,9827.84,9827.84
2025-02-01,C0177,R04,Mid-Market,Business,9827.84,0,0,0,0,9827.84,9827.84
2025-03-01,C0177,R04,Mid-Market,Business,9827.84,0,0,0,0,9827.84,9827.84
2025-04-01,C0177,R04,Mid-Market,Business,9827.84,0,294.84,98.28,0,10024.4,9926.12
2025-05-01,C0177,R04,Mid-Market,Business,10024.4,0,0,0,0,10024.4,10024.4
2025-06-01,C0177,R04,Mid-Market,Business,10024.4,0,0,0,0,10024.4,10024.4
2025-07-01,C0177,R04,Mid-Market,Business,10024.4,0,0,0,0,10024.4,10024.4
2025-08-01,C0177,R04,Mid-Market,Business,10024.4,0,0,0,0,10024.4,10024.4
2025-09-01,C0177,R04,Mid-Market,Business,10024.4,0,0,0,0,10024.4,10024.4
2025-10-01,C0177,R04,Mid-Market,Business,10024.4,0,0,0,0,10024.4,10024.4
2025-11-01,C0177,R04,Mid-Market,Business,10024.4,0,0,0,0,10024.4,10024.4
2025-12-01,C0177,R04,Mid-Market,Business,10024.4,0,0,0,0,10024.4,10024.4
2026-01-01,C0177,R04,Mid-Market,Business,10024.4,0,0,0,0,10024.4,10024.4
2026-02-01,C0177,R04,Mid-Market,Business,10024.4,0,0,0,0,10024.4,10024.4
2026-03-01,C0177,R04,Mid-Market,Business,10024.4,0,0,0,0,10024.4,10024.4
2026-04-01,C0177,R04,Mid-Market,Business,10024.4,0,300.73,0,0,10325.13,10174.76
2026-05-01,C0177,R04,Mid-Market,Business,10325.13,0,0,0,0,10325.13,10325.13
2026-06-01,C0177,R04,Mid-Market,Business,10325.13,0,0,0,0,10325.13,10325.13
2023-01-01,C0178,R01,Mid-Market,Business,23617.26,0,0,0,0,23617.26,23617.26
2023-02-01,C0178,R01,Mid-Market,Business,23617.26,0,0,0,0,23617.26,23617.26
2023-03-01,C0178,R01,Mid-Market,Business,23617.26,0,0,0,0,23617.26,23617.26
2023-04-01,C0178,R01,Mid-Market,Business,23617.26,0,0,0,0,23617.26,23617.26
2023-05-01,C0178,R01,Mid-Market,Business,23617.26,0,0,0,0,23617.26,23617.26
2023-06-01,C0178,R01,Mid-Market,Business,23617.26,0,0,0,0,23617.26,23617.26
2023-07-01,C0178,R01,Mid-Market,Business,23617.26,0,2198.15,0,0,25815.41,24716.33
2023-08-01,C0178,R01,Mid-Market,Business,25815.41,0,0,0,0,25815.41,25815.41
2023-09-01,C0178,R01,Mid-Market,Business,25815.41,0,0,0,0,25815.41,25815.41
2023-10-01,C0178,R01,Mid-Market,Business,25815.41,0,0,0,0,25815.41,25815.41
2023-11-01,C0178,R01,Mid-Market,Business,25815.41,0,0,0,0,25815.41,25815.41
2023-12-01,C0178,R01,Mid-Market,Business,25815.41,0,0,0,0,25815.41,25815.41
2024-01-01,C0178,R01,Mid-Market,Business,25815.41,0,0,0,0,25815.41,25815.41
2024-02-01,C0178,R01,Mid-Market,Business,25815.41,0,0,0,0,25815.41,25815.41
2024-03-01,C0178,R01,Mid-Market,Business,25815.41,0,0,0,0,25815.41,25815.41
2024-04-01,C0178,R01,Mid-Market,Business,25815.41,0,0,0,0,25815.41,25815.41
2024-05-01,C0178,R01,Mid-Market,Business,25815.41,0,0,0,0,25815.41,25815.41
2024-06-01,C0178,R01,Mid-Market,Business,25815.41,0,0,0,0,25815.41,25815.41
2024-07-01,C0178,R01,Mid-Market,Business,25815.41,0,2570.62,0,0,28386.03,27100.72
2024-08-01,C0178,R01,Mid-Market,Business,28386.03,0,0,0,0,28386.03,28386.03
2024-09-01,C0178,R01,Mid-Market,Business,28386.03,0,0,0,0,28386.03,28386.03
2024-10-01,C0178,R01,Mid-Market,Business,28386.03,0,0,0,0,28386.03,28386.03
2024-11-01,C0178,R01,Mid-Market,Business,28386.03,0,0,0,0,28386.03,28386.03
2024-12-01,C0178,R01,Mid-Market,Business,28386.03,0,0,0,0,28386.03,28386.03
2025-01-01,C0178,R01,Mid-Market,Business,28386.03,0,0,0,0,28386.03,28386.03
2025-02-01,C0178,R01,Mid-Market,Business,28386.03,0,0,0,0,28386.03,28386.03
2025-03-01,C0178,R01,Mid-Market,Business,28386.03,0,0,0,0,28386.03,28386.03
2025-04-01,C0178,R01,Mid-Market,Business,28386.03,0,0,0,0,28386.03,28386.03
2025-05-01,C0178,R01,Mid-Market,Business,28386.03,0,0,0,0,28386.03,28386.03
2025-06-01,C0178,R01,Mid-Market,Business,28386.03,0,0,0,0,28386.03,28386.03
2025-07-01,C0178,R01,Mid-Market,Business,28386.03,0,2442.26,0,0,30828.29,29607.16
2025-08-01,C0178,R01,Mid-Market,Business,30828.29,0,0,0,0,30828.29,30828.29
2025-09-01,C0178,R01,Mid-Market,Business,30828.29,0,0,0,0,30828.29,30828.29
2025-10-01,C0178,R01,Mid-Market,Business,30828.29,0,0,0,0,30828.29,30828.29
2025-11-01,C0178,R01,Mid-Market,Business,30828.29,0,0,0,0,30828.29,30828.29
2025-12-01,C0178,R01,Mid-Market,Business,30828.29,0,0,0,0,30828.29,30828.29
2026-01-01,C0178,R01,Mid-Market,Business,30828.29,0,0,0,0,30828.29,30828.29
2026-02-01,C0178,R01,Mid-Market,Business,30828.29,0,0,0,0,30828.29,30828.29
2026-03-01,C0178,R01,Mid-Market,Business,30828.29,0,0,0,0,30828.29,30828.29
2026-04-01,C0178,R01,Mid-Market,Business,30828.29,0,0,0,0,30828.29,30828.29
2026-05-01,C0178,R01,Mid-Market,Business,30828.29,0,0,0,0,30828.29,30828.29
2026-06-01,C0178,R01,Mid-Market,Business,30828.29,0,0,0,0,30828.29,30828.29
2023-01-01,C0179,R04,Enterprise,Enterprise Suite,64143.1,0,0,0,0,64143.1,64143.1
2023-02-01,C0179,R04,Enterprise,Enterprise Suite,64143.1,0,0,0,0,64143.1,64143.1
2023-03-01,C0179,R04,Enterprise,Enterprise Suite,64143.1,0,0,0,0,64143.1,64143.1
2023-04-01,C0179,R04,Enterprise,Enterprise Suite,64143.1,0,0,0,0,64143.1,64143.1
2023-05-01,C0179,R04,Enterprise,Enterprise Suite,64143.1,0,0,0,0,64143.1,64143.1
2023-06-01,C0179,R04,Enterprise,Enterprise Suite,64143.1,0,0,0,0,64143.1,64143.1
2023-07-01,C0179,R04,Enterprise,Enterprise Suite,64143.1,0,0,0,0,64143.1,64143.1
2023-08-01,C0179,R04,Enterprise,Enterprise Suite,64143.1,0,0,0,0,64143.1,64143.1
2023-09-01,C0179,R04,Enterprise,Enterprise Suite,64143.1,0,1924.29,0,0,66067.39,65105.24
2023-10-01,C0179,R04,Enterprise,Enterprise Suite,66067.39,0,0,0,0,66067.39,66067.39
2023-11-01,C0179,R04,Enterprise,Enterprise Suite,66067.39,0,0,0,0,66067.39,66067.39
2023-12-01,C0179,R04,Enterprise,Enterprise Suite,66067.39,0,0,0,0,66067.39,66067.39
2024-01-01,C0179,R04,Enterprise,Enterprise Suite,66067.39,0,0,0,0,66067.39,66067.39
2024-02-01,C0179,R04,Enterprise,Enterprise Suite,66067.39,0,0,0,0,66067.39,66067.39
2024-03-01,C0179,R04,Enterprise,Enterprise Suite,66067.39,0,0,0,0,66067.39,66067.39
2024-04-01,C0179,R04,Enterprise,Enterprise Suite,66067.39,0,0,0,0,66067.39,66067.39
2024-05-01,C0179,R04,Enterprise,Enterprise Suite,66067.39,0,0,0,0,66067.39,66067.39
2024-06-01,C0179,R04,Enterprise,Enterprise Suite,66067.39,0,0,0,0,66067.39,66067.39
2024-07-01,C0179,R04,Enterprise,Enterprise Suite,66067.39,0,0,0,0,66067.39,66067.39
2024-08-01,C0179,R04,Enterprise,Enterprise Suite,66067.39,0,0,0,0,66067.39,66067.39
2024-09-01,C0179,R04,Enterprise,Enterprise Suite,66067.39,0,6124.82,0,0,72192.21,69129.8
2024-10-01,C0179,R04,Enterprise,Enterprise Suite,72192.21,0,0,0,0,72192.21,72192.21
2024-11-01,C0179,R04,Enterprise,Enterprise Suite,72192.21,0,0,0,0,72192.21,72192.21
2024-12-01,C0179,R04,Enterprise,Enterprise Suite,72192.21,0,0,0,0,72192.21,72192.21
2025-01-01,C0179,R04,Enterprise,Enterprise Suite,72192.21,0,0,0,0,72192.21,72192.21
2025-02-01,C0179,R04,Enterprise,Enterprise Suite,72192.21,0,0,0,0,72192.21,72192.21
2025-03-01,C0179,R04,Enterprise,Enterprise Suite,72192.21,0,0,0,0,72192.21,72192.21
2025-04-01,C0179,R04,Enterprise,Enterprise Suite,72192.21,0,0,0,0,72192.21,72192.21
2025-05-01,C0179,R04,Enterprise,Enterprise Suite,72192.21,0,0,0,0,72192.21,72192.21
2025-06-01,C0179,R04,Enterprise,Enterprise Suite,72192.21,0,0,0,0,72192.21,72192.21
2025-07-01,C0179,R04,Enterprise,Enterprise Suite,72192.21,0,0,0,0,72192.21,72192.21
2025-08-01,C0179,R04,Enterprise,Enterprise Suite,72192.21,0,0,0,0,72192.21,72192.21
2025-09-01,C0179,R04,Enterprise,Enterprise Suite,72192.21,0,4936.23,0,0,77128.45,74660.33
2025-10-01,C0179,R04,Enterprise,Enterprise Suite,77128.45,0,0,0,0,77128.45,77128.45
2025-11-01,C0179,R04,Enterprise,Enterprise Suite,77128.45,0,0,0,0,77128.45,77128.45
2025-12-01,C0179,R04,Enterprise,Enterprise Suite,77128.45,0,0,0,0,77128.45,77128.45
2026-01-01,C0179,R04,Enterprise,Enterprise Suite,77128.45,0,0,0,0,77128.45,77128.45
2026-02-01,C0179,R04,Enterprise,Enterprise Suite,77128.45,0,0,0,0,77128.45,77128.45
2026-03-01,C0179,R04,Enterprise,Enterprise Suite,77128.45,0,0,0,0,77128.45,77128.45
2026-04-01,C0179,R04,Enterprise,Enterprise Suite,77128.45,0,0,0,0,77128.45,77128.45
2026-05-01,C0179,R04,Enterprise,Enterprise Suite,77128.45,0,0,0,0,77128.45,77128.45
2026-06-01,C0179,R04,Enterprise,Enterprise Suite,77128.45,0,0,0,0,77128.45,77128.45
2023-01-01,C0180,R02,Mid-Market,Business,12587.72,0,0,0,0,12587.72,12587.72
2023-02-01,C0180,R02,Mid-Market,Business,12587.72,0,0,0,0,12587.72,12587.72
2023-03-01,C0180,R02,Mid-Market,Business,12587.72,0,0,0,0,12587.72,12587.72
2023-04-01,C0180,R02,Mid-Market,Business,12587.72,0,0,0,0,12587.72,12587.72
2023-05-01,C0180,R02,Mid-Market,Business,12587.72,0,0,0,0,12587.72,12587.72
2023-06-01,C0180,R02,Mid-Market,Business,12587.72,0,0,0,0,12587.72,12587.72
2023-07-01,C0180,R02,Mid-Market,Business,12587.72,0,0,0,0,12587.72,12587.72
2023-08-01,C0180,R02,Mid-Market,Business,12587.72,0,0,0,0,12587.72,12587.72
2023-09-01,C0180,R02,Mid-Market,Business,12587.72,0,0,0,0,12587.72,12587.72
2023-10-01,C0180,R02,Mid-Market,Business,12587.72,0,0,0,0,12587.72,12587.72
2023-11-01,C0180,R02,Mid-Market,Business,12587.72,0,377.63,0,0,12965.35,12776.54
2023-12-01,C0180,R02,Mid-Market,Business,12965.35,0,0,0,0,12965.35,12965.35
2024-01-01,C0180,R02,Mid-Market,Business,12965.35,0,0,0,0,12965.35,12965.35
2024-02-01,C0180,R02,Mid-Market,Business,12965.35,0,0,0,0,12965.35,12965.35
2024-03-01,C0180,R02,Mid-Market,Business,12965.35,0,0,0,0,12965.35,12965.35
2024-04-01,C0180,R02,Mid-Market,Business,12965.35,0,0,0,0,12965.35,12965.35
2024-05-01,C0180,R02,Mid-Market,Business,12965.35,0,0,0,0,12965.35,12965.35
2024-06-01,C0180,R02,Mid-Market,Business,12965.35,0,0,0,0,12965.35,12965.35
2024-07-01,C0180,R02,Mid-Market,Business,12965.35,0,0,0,0,12965.35,12965.35
2024-08-01,C0180,R02,Mid-Market,Business,12965.35,0,0,0,0,12965.35,12965.35
2024-09-01,C0180,R02,Mid-Market,Business,12965.35,0,0,0,0,12965.35,12965.35
2024-10-01,C0180,R02,Mid-Market,Business,12965.35,0,0,0,0,12965.35,12965.35
2024-11-01,C0180,R02,Mid-Market,Business,12965.35,0,1060.53,0,0,14025.88,13495.62
2024-12-01,C0180,R02,Mid-Market,Business,14025.88,0,0,0,0,14025.88,14025.88
2025-01-01,C0180,R02,Mid-Market,Business,14025.88,0,0,0,0,14025.88,14025.88
2025-02-01,C0180,R02,Mid-Market,Business,14025.88,0,0,0,0,14025.88,14025.88
2025-03-01,C0180,R02,Mid-Market,Business,14025.88,0,0,0,0,14025.88,14025.88
2025-04-01,C0180,R02,Mid-Market,Business,14025.88,0,0,0,0,14025.88,14025.88
2025-05-01,C0180,R02,Mid-Market,Business,14025.88,0,0,0,0,14025.88,14025.88
2025-06-01,C0180,R02,Mid-Market,Business,14025.88,0,0,0,0,14025.88,14025.88
2025-07-01,C0180,R02,Mid-Market,Business,14025.88,0,0,0,0,14025.88,14025.88
2025-08-01,C0180,R02,Mid-Market,Business,14025.88,0,0,0,0,14025.88,14025.88
2025-09-01,C0180,R02,Mid-Market,Business,14025.88,0,0,0,0,14025.88,14025.88
2025-10-01,C0180,R02,Mid-Market,Business,14025.88,0,0,0,0,14025.88,14025.88
2025-11-01,C0180,R02,Mid-Market,Business,14025.88,0,1845.17,0,0,15871.05,14948.47
2025-12-01,C0180,R02,Mid-Market,Business,15871.05,0,0,0,0,15871.05,15871.05
2026-01-01,C0180,R02,Mid-Market,Business,15871.05,0,0,0,0,15871.05,15871.05
2026-02-01,C0180,R02,Mid-Market,Business,15871.05,0,0,0,0,15871.05,15871.05
2026-03-01,C0180,R02,Mid-Market,Business,15871.05,0,0,0,0,15871.05,15871.05
2026-04-01,C0180,R02,Mid-Market,Business,15871.05,0,0,0,0,15871.05,15871.05
2026-05-01,C0180,R02,Mid-Market,Business,15871.05,0,0,0,0,15871.05,15871.05
2026-06-01,C0180,R02,Mid-Market,Business,15871.05,0,0,0,0,15871.05,15871.05
2023-01-01,C0181,R01,Mid-Market,Business,9093.55,0,0,0,0,9093.55,9093.55
2023-02-01,C0181,R01,Mid-Market,Business,9093.55,0,0,0,0,9093.55,9093.55
2023-03-01,C0181,R01,Mid-Market,Business,9093.55,0,0,0,0,9093.55,9093.55
2023-04-01,C0181,R01,Mid-Market,Business,9093.55,0,0,0,0,9093.55,9093.55
2023-05-01,C0181,R01,Mid-Market,Business,9093.55,0,0,0,0,9093.55,9093.55
2023-06-01,C0181,R01,Mid-Market,Business,9093.55,0,0,0,0,9093.55,9093.55
2023-07-01,C0181,R01,Mid-Market,Business,9093.55,0,745.67,390.28,0,9448.94,9271.24
2023-08-01,C0181,R01,Mid-Market,Business,9448.94,0,0,0,0,9448.94,9448.94
2023-09-01,C0181,R01,Mid-Market,Business,9448.94,0,0,0,0,9448.94,9448.94
2023-10-01,C0181,R01,Mid-Market,Business,9448.94,0,0,0,0,9448.94,9448.94
2023-11-01,C0181,R01,Mid-Market,Business,9448.94,0,0,0,0,9448.94,9448.94
2023-12-01,C0181,R01,Mid-Market,Business,9448.94,0,0,0,0,9448.94,9448.94
2024-01-01,C0181,R01,Mid-Market,Business,9448.94,0,0,0,0,9448.94,9448.94
2024-02-01,C0181,R01,Mid-Market,Business,9448.94,0,0,0,0,9448.94,9448.94
2024-03-01,C0181,R01,Mid-Market,Business,9448.94,0,0,0,0,9448.94,9448.94
2024-04-01,C0181,R01,Mid-Market,Business,9448.94,0,0,0,0,9448.94,9448.94
2024-05-01,C0181,R01,Mid-Market,Business,9448.94,0,0,0,0,9448.94,9448.94
2024-06-01,C0181,R01,Mid-Market,Business,9448.94,0,0,0,0,9448.94,9448.94
2024-07-01,C0181,R01,Mid-Market,Business,9448.94,0,283.47,0,0,9732.41,9590.67
2024-08-01,C0181,R01,Mid-Market,Business,9732.41,0,0,0,0,9732.41,9732.41
2024-09-01,C0181,R01,Mid-Market,Business,9732.41,0,0,0,0,9732.41,9732.41
2024-10-01,C0181,R01,Mid-Market,Business,9732.41,0,0,0,0,9732.41,9732.41
2024-11-01,C0181,R01,Mid-Market,Business,9732.41,0,0,0,0,9732.41,9732.41
2024-12-01,C0181,R01,Mid-Market,Business,9732.41,0,0,0,0,9732.41,9732.41
2025-01-01,C0181,R01,Mid-Market,Business,9732.41,0,0,0,0,9732.41,9732.41
2025-02-01,C0181,R01,Mid-Market,Business,9732.41,0,0,0,0,9732.41,9732.41
2025-03-01,C0181,R01,Mid-Market,Business,9732.41,0,0,0,0,9732.41,9732.41
2025-04-01,C0181,R01,Mid-Market,Business,9732.41,0,0,0,0,9732.41,9732.41
2025-05-01,C0181,R01,Mid-Market,Business,9732.41,0,0,0,0,9732.41,9732.41
2025-06-01,C0181,R01,Mid-Market,Business,9732.41,0,0,0,0,9732.41,9732.41
2025-07-01,C0181,R01,Mid-Market,Business,9732.41,0,828.65,606.48,0,9954.58,9843.49
2025-08-01,C0181,R01,Mid-Market,Business,9954.58,0,0,0,0,9954.58,9954.58
2025-09-01,C0181,R01,Mid-Market,Business,9954.58,0,0,0,0,9954.58,9954.58
2025-10-01,C0181,R01,Mid-Market,Business,9954.58,0,0,0,0,9954.58,9954.58
2025-11-01,C0181,R01,Mid-Market,Business,9954.58,0,0,0,0,9954.58,9954.58
2025-12-01,C0181,R01,Mid-Market,Business,9954.58,0,0,0,0,9954.58,9954.58
2026-01-01,C0181,R01,Mid-Market,Business,9954.58,0,0,0,0,9954.58,9954.58
2026-02-01,C0181,R01,Mid-Market,Business,9954.58,0,0,0,0,9954.58,9954.58
2026-03-01,C0181,R01,Mid-Market,Business,9954.58,0,0,0,0,9954.58,9954.58
2026-04-01,C0181,R01,Mid-Market,Business,9954.58,0,0,0,0,9954.58,9954.58
2026-05-01,C0181,R01,Mid-Market,Business,9954.58,0,0,0,0,9954.58,9954.58
2026-06-01,C0181,R01,Mid-Market,Business,9954.58,0,0,0,0,9954.58,9954.58
2023-01-01,C0182,R01,Mid-Market,Business,8754.92,0,0,0,0,8754.92,8754.92
2023-02-01,C0182,R01,Mid-Market,Business,8754.92,0,757,0,0,9511.91,9133.41
2023-03-01,C0182,R01,Mid-Market,Business,9511.91,0,0,0,0,9511.91,9511.91
2023-04-01,C0182,R01,Mid-Market,Business,9511.91,0,0,0,0,9511.91,9511.91
2023-05-01,C0182,R01,Mid-Market,Business,9511.91,0,0,0,0,9511.91,9511.91
2023-06-01,C0182,R01,Mid-Market,Business,9511.91,0,0,0,0,9511.91,9511.91
2023-07-01,C0182,R01,Mid-Market,Business,9511.91,0,0,0,0,9511.91,9511.91
2023-08-01,C0182,R01,Mid-Market,Business,9511.91,0,0,0,0,9511.91,9511.91
2023-09-01,C0182,R01,Mid-Market,Business,9511.91,0,0,0,0,9511.91,9511.91
2023-10-01,C0182,R01,Mid-Market,Business,9511.91,0,0,0,0,9511.91,9511.91
2023-11-01,C0182,R01,Mid-Market,Business,9511.91,0,0,0,0,9511.91,9511.91
2023-12-01,C0182,R01,Mid-Market,Business,9511.91,0,0,0,0,9511.91,9511.91
2024-01-01,C0182,R01,Mid-Market,Business,9511.91,0,0,0,0,9511.91,9511.91
2024-02-01,C0182,R01,Mid-Market,Business,9511.91,0,800.48,0,0,10312.39,9912.15
2024-03-01,C0182,R01,Mid-Market,Business,10312.39,0,0,0,0,10312.39,10312.39
2024-04-01,C0182,R01,Mid-Market,Business,10312.39,0,0,0,0,10312.39,10312.39
2024-05-01,C0182,R01,Mid-Market,Business,10312.39,0,0,0,0,10312.39,10312.39
2024-06-01,C0182,R01,Mid-Market,Business,10312.39,0,0,0,0,10312.39,10312.39
2024-07-01,C0182,R01,Mid-Market,Business,10312.39,0,0,0,0,10312.39,10312.39
2024-08-01,C0182,R01,Mid-Market,Business,10312.39,0,0,0,0,10312.39,10312.39
2024-09-01,C0182,R01,Mid-Market,Business,10312.39,0,0,0,0,10312.39,10312.39
2024-10-01,C0182,R01,Mid-Market,Business,10312.39,0,0,0,0,10312.39,10312.39
2024-11-01,C0182,R01,Mid-Market,Business,10312.39,0,0,0,0,10312.39,10312.39
2024-12-01,C0182,R01,Mid-Market,Business,10312.39,0,0,0,0,10312.39,10312.39
2025-01-01,C0182,R01,Mid-Market,Business,10312.39,0,0,0,0,10312.39,10312.39
2025-02-01,C0182,R01,Mid-Market,Business,10312.39,0,309.37,0,0,10621.76,10467.07
2025-03-01,C0182,R01,Mid-Market,Business,10621.76,0,0,0,0,10621.76,10621.76
2025-04-01,C0182,R01,Mid-Market,Business,10621.76,0,0,0,0,10621.76,10621.76
2025-05-01,C0182,R01,Mid-Market,Business,10621.76,0,0,0,0,10621.76,10621.76
2025-06-01,C0182,R01,Mid-Market,Business,10621.76,0,0,0,0,10621.76,10621.76
2025-07-01,C0182,R01,Mid-Market,Business,10621.76,0,0,0,0,10621.76,10621.76
2025-08-01,C0182,R01,Mid-Market,Business,10621.76,0,0,0,0,10621.76,10621.76
2025-09-01,C0182,R01,Mid-Market,Business,10621.76,0,0,0,0,10621.76,10621.76
2025-10-01,C0182,R01,Mid-Market,Business,10621.76,0,0,0,0,10621.76,10621.76
2025-11-01,C0182,R01,Mid-Market,Business,10621.76,0,0,0,0,10621.76,10621.76
2025-12-01,C0182,R01,Mid-Market,Business,10621.76,0,0,0,0,10621.76,10621.76
2026-01-01,C0182,R01,Mid-Market,Business,10621.76,0,0,0,0,10621.76,10621.76
2026-02-01,C0182,R01,Mid-Market,Business,10621.76,0,562.14,0,0,11183.9,10902.83
2026-03-01,C0182,R01,Mid-Market,Business,11183.9,0,0,0,0,11183.9,11183.9
2026-04-01,C0182,R01,Mid-Market,Business,11183.9,0,0,0,0,11183.9,11183.9
2026-05-01,C0182,R01,Mid-Market,Business,11183.9,0,0,0,0,11183.9,11183.9
2026-06-01,C0182,R01,Mid-Market,Business,11183.9,0,0,0,0,11183.9,11183.9
2023-01-01,C0183,R03,SMB,Core,2219.94,0,0,0,0,2219.94,2219.94
2023-02-01,C0183,R03,SMB,Core,2219.94,0,0,0,0,2219.94,2219.94
2023-03-01,C0183,R03,SMB,Core,2219.94,0,0,0,0,2219.94,2219.94
2023-04-01,C0183,R03,SMB,Core,2219.94,0,0,0,0,2219.94,2219.94
2023-05-01,C0183,R03,SMB,Core,2219.94,0,0,0,0,2219.94,2219.94
2023-06-01,C0183,R03,SMB,Core,2219.94,0,0,0,0,2219.94,2219.94
2023-07-01,C0183,R03,SMB,Core,2219.94,0,174.51,0,0,2394.44,2307.19
2023-08-01,C0183,R03,SMB,Core,2394.44,0,0,0,0,2394.44,2394.44
2023-09-01,C0183,R03,SMB,Core,2394.44,0,0,0,0,2394.44,2394.44
2023-10-01,C0183,R03,SMB,Core,2394.44,0,0,0,0,2394.44,2394.44
2023-11-01,C0183,R03,SMB,Core,2394.44,0,0,0,0,2394.44,2394.44
2023-12-01,C0183,R03,SMB,Core,2394.44,0,0,0,0,2394.44,2394.44
2024-01-01,C0183,R03,SMB,Core,2394.44,0,0,0,0,2394.44,2394.44
2024-02-01,C0183,R03,SMB,Core,2394.44,0,0,0,0,2394.44,2394.44
2024-03-01,C0183,R03,SMB,Core,2394.44,0,0,0,0,2394.44,2394.44
2024-04-01,C0183,R03,SMB,Core,2394.44,0,0,0,0,2394.44,2394.44
2024-05-01,C0183,R03,SMB,Core,2394.44,0,0,0,0,2394.44,2394.44
2024-06-01,C0183,R03,SMB,Core,2394.44,0,0,0,0,2394.44,2394.44
2024-07-01,C0183,R03,SMB,Core,2394.44,0,71.83,0,0,2466.28,2430.36
2024-08-01,C0183,R03,SMB,Core,2466.28,0,0,0,0,2466.28,2466.28
2024-09-01,C0183,R03,SMB,Core,2466.28,0,0,0,0,2466.28,2466.28
2024-10-01,C0183,R03,SMB,Core,2466.28,0,0,0,0,2466.28,2466.28
2024-11-01,C0183,R03,SMB,Core,2466.28,0,0,0,0,2466.28,2466.28
2024-12-01,C0183,R03,SMB,Core,2466.28,0,0,0,0,2466.28,2466.28
2025-01-01,C0183,R03,SMB,Core,2466.28,0,0,0,0,2466.28,2466.28
2025-02-01,C0183,R03,SMB,Core,2466.28,0,0,0,0,2466.28,2466.28
2025-03-01,C0183,R03,SMB,Core,2466.28,0,0,0,0,2466.28,2466.28
2025-04-01,C0183,R03,SMB,Core,2466.28,0,0,0,0,2466.28,2466.28
2025-05-01,C0183,R03,SMB,Core,2466.28,0,0,0,0,2466.28,2466.28
2025-06-01,C0183,R03,SMB,Core,2466.28,0,0,0,0,2466.28,2466.28
2025-07-01,C0183,R03,SMB,Core,2466.28,0,221.17,0,0,2687.44,2576.86
2025-08-01,C0183,R03,SMB,Core,2687.44,0,0,0,0,2687.44,2687.44
2025-09-01,C0183,R03,SMB,Core,2687.44,0,0,0,0,2687.44,2687.44
2025-10-01,C0183,R03,SMB,Core,2687.44,0,0,0,0,2687.44,2687.44
2025-11-01,C0183,R03,SMB,Core,2687.44,0,0,0,0,2687.44,2687.44
2025-12-01,C0183,R03,SMB,Core,2687.44,0,0,0,0,2687.44,2687.44
2026-01-01,C0183,R03,SMB,Core,2687.44,0,0,0,0,2687.44,2687.44
2026-02-01,C0183,R03,SMB,Core,2687.44,0,0,0,0,2687.44,2687.44
2026-03-01,C0183,R03,SMB,Core,2687.44,0,0,0,0,2687.44,2687.44
2026-04-01,C0183,R03,SMB,Core,2687.44,0,0,0,0,2687.44,2687.44
2026-05-01,C0183,R03,SMB,Core,2687.44,0,0,0,0,2687.44,2687.44
2026-06-01,C0183,R03,SMB,Core,2687.44,0,0,0,0,2687.44,2687.44
2023-03-01,C0184,R04,Mid-Market,Business,0,7625.36,0,0,0,7625.36,3812.68
2023-04-01,C0184,R04,Mid-Market,Business,7625.36,0,0,0,0,7625.36,7625.36
2023-05-01,C0184,R04,Mid-Market,Business,7625.36,0,0,0,0,7625.36,7625.36
2023-06-01,C0184,R04,Mid-Market,Business,7625.36,0,0,0,0,7625.36,7625.36
2023-07-01,C0184,R04,Mid-Market,Business,7625.36,0,0,0,0,7625.36,7625.36
2023-08-01,C0184,R04,Mid-Market,Business,7625.36,0,0,0,0,7625.36,7625.36
2023-09-01,C0184,R04,Mid-Market,Business,7625.36,0,0,0,0,7625.36,7625.36
2023-10-01,C0184,R04,Mid-Market,Business,7625.36,0,0,0,0,7625.36,7625.36
2023-11-01,C0184,R04,Mid-Market,Business,7625.36,0,0,0,0,7625.36,7625.36
2023-12-01,C0184,R04,Mid-Market,Business,7625.36,0,0,0,0,7625.36,7625.36
2024-01-01,C0184,R04,Mid-Market,Business,7625.36,0,0,0,0,7625.36,7625.36
2024-02-01,C0184,R04,Mid-Market,Business,7625.36,0,0,0,0,7625.36,7625.36
2024-03-01,C0184,R04,Mid-Market,Business,7625.36,0,730.34,0,0,8355.7,7990.53
2024-04-01,C0184,R04,Mid-Market,Business,8355.7,0,0,0,0,8355.7,8355.7
2024-05-01,C0184,R04,Mid-Market,Business,8355.7,0,0,0,0,8355.7,8355.7
2024-06-01,C0184,R04,Mid-Market,Business,8355.7,0,0,0,0,8355.7,8355.7
2024-07-01,C0184,R04,Mid-Market,Business,8355.7,0,0,0,0,8355.7,8355.7
2024-08-01,C0184,R04,Mid-Market,Business,8355.7,0,0,0,0,8355.7,8355.7
2024-09-01,C0184,R04,Mid-Market,Business,8355.7,0,0,0,0,8355.7,8355.7
2024-10-01,C0184,R04,Mid-Market,Business,8355.7,0,0,0,0,8355.7,8355.7
2024-11-01,C0184,R04,Mid-Market,Business,8355.7,0,0,0,0,8355.7,8355.7
2024-12-01,C0184,R04,Mid-Market,Business,8355.7,0,0,0,0,8355.7,8355.7
2025-01-01,C0184,R04,Mid-Market,Business,8355.7,0,0,0,0,8355.7,8355.7
2025-02-01,C0184,R04,Mid-Market,Business,8355.7,0,0,0,0,8355.7,8355.7
2025-03-01,C0184,R04,Mid-Market,Business,8355.7,0,250.67,0,0,8606.38,8481.04
2025-04-01,C0184,R04,Mid-Market,Business,8606.38,0,0,0,0,8606.38,8606.38
2025-05-01,C0184,R04,Mid-Market,Business,8606.38,0,0,0,0,8606.38,8606.38
2025-06-01,C0184,R04,Mid-Market,Business,8606.38,0,0,0,0,8606.38,8606.38
2025-07-01,C0184,R04,Mid-Market,Business,8606.38,0,0,0,0,8606.38,8606.38
2025-08-01,C0184,R04,Mid-Market,Business,8606.38,0,0,0,0,8606.38,8606.38
2025-09-01,C0184,R04,Mid-Market,Business,8606.38,0,0,0,0,8606.38,8606.38
2025-10-01,C0184,R04,Mid-Market,Business,8606.38,0,0,0,0,8606.38,8606.38
2025-11-01,C0184,R04,Mid-Market,Business,8606.38,0,0,0,0,8606.38,8606.38
2025-12-01,C0184,R04,Mid-Market,Business,8606.38,0,0,0,0,8606.38,8606.38
2026-01-01,C0184,R04,Mid-Market,Business,8606.38,0,0,0,0,8606.38,8606.38
2026-02-01,C0184,R04,Mid-Market,Business,8606.38,0,0,0,0,8606.38,8606.38
2026-03-01,C0184,R04,Mid-Market,Business,8606.38,0,794.3,0,0,9400.68,9003.53
2026-04-01,C0184,R04,Mid-Market,Business,9400.68,0,0,0,0,9400.68,9400.68
2026-05-01,C0184,R04,Mid-Market,Business,9400.68,0,0,0,0,9400.68,9400.68
2026-06-01,C0184,R04,Mid-Market,Business,9400.68,0,0,0,0,9400.68,9400.68
2023-01-01,C0185,R01,SMB,Core,3681.7,0,0,0,0,3681.7,3681.7
2023-02-01,C0185,R01,SMB,Core,3681.7,0,0,0,0,3681.7,3681.7
2023-03-01,C0185,R01,SMB,Core,3681.7,0,294.93,0,0,3976.63,3829.17
2023-04-01,C0185,R01,SMB,Core,3976.63,0,0,0,0,3976.63,3976.63
2023-05-01,C0185,R01,SMB,Core,3976.63,0,0,0,0,3976.63,3976.63
2023-06-01,C0185,R01,SMB,Core,3976.63,0,0,0,0,3976.63,3976.63
2023-07-01,C0185,R01,SMB,Core,3976.63,0,0,0,0,3976.63,3976.63
2023-08-01,C0185,R01,SMB,Core,3976.63,0,0,0,0,3976.63,3976.63
2023-09-01,C0185,R01,SMB,Core,3976.63,0,0,0,0,3976.63,3976.63
2023-10-01,C0185,R01,SMB,Core,3976.63,0,0,0,0,3976.63,3976.63
2023-11-01,C0185,R01,SMB,Core,3976.63,0,0,0,0,3976.63,3976.63
2023-12-01,C0185,R01,SMB,Core,3976.63,0,0,0,0,3976.63,3976.63
2024-01-01,C0185,R01,SMB,Core,3976.63,0,0,0,0,3976.63,3976.63
2024-02-01,C0185,R01,SMB,Core,3976.63,0,0,0,0,3976.63,3976.63
2024-03-01,C0185,R01,SMB,Core,3976.63,0,119.3,167.13,0,3928.8,3952.71
2024-04-01,C0185,R01,SMB,Core,3928.8,0,0,0,0,3928.8,3928.8
2024-05-01,C0185,R01,SMB,Core,3928.8,0,0,0,0,3928.8,3928.8
2024-06-01,C0185,R01,SMB,Core,3928.8,0,0,0,0,3928.8,3928.8
2024-07-01,C0185,R01,SMB,Core,3928.8,0,0,0,0,3928.8,3928.8
2024-08-01,C0185,R01,SMB,Core,3928.8,0,0,0,0,3928.8,3928.8
2024-09-01,C0185,R01,SMB,Core,3928.8,0,0,0,0,3928.8,3928.8
2024-10-01,C0185,R01,SMB,Core,3928.8,0,0,0,0,3928.8,3928.8
2024-11-01,C0185,R01,SMB,Core,3928.8,0,0,0,0,3928.8,3928.8
2024-12-01,C0185,R01,SMB,Core,3928.8,0,0,0,0,3928.8,3928.8
2025-01-01,C0185,R01,SMB,Core,3928.8,0,0,0,0,3928.8,3928.8
2025-02-01,C0185,R01,SMB,Core,3928.8,0,0,0,0,3928.8,3928.8
2025-03-01,C0185,R01,SMB,Core,3928.8,0,417.51,0,0,4346.31,4137.55
2025-04-01,C0185,R01,SMB,Core,4346.31,0,0,0,0,4346.31,4346.31
2025-05-01,C0185,R01,SMB,Core,4346.31,0,0,0,0,4346.31,4346.31
2025-06-01,C0185,R01,SMB,Core,4346.31,0,0,0,0,4346.31,4346.31
2025-07-01,C0185,R01,SMB,Core,4346.31,0,0,0,0,4346.31,4346.31
2025-08-01,C0185,R01,SMB,Core,4346.31,0,0,0,0,4346.31,4346.31
2025-09-01,C0185,R01,SMB,Core,4346.31,0,0,0,0,4346.31,4346.31
2025-10-01,C0185,R01,SMB,Core,4346.31,0,0,0,0,4346.31,4346.31
2025-11-01,C0185,R01,SMB,Core,4346.31,0,0,0,0,4346.31,4346.31
2025-12-01,C0185,R01,SMB,Core,4346.31,0,0,0,0,4346.31,4346.31
2026-01-01,C0185,R01,SMB,Core,4346.31,0,0,0,0,4346.31,4346.31
2026-02-01,C0185,R01,SMB,Core,4346.31,0,0,0,0,4346.31,4346.31
2026-03-01,C0185,R01,SMB,Core,4346.31,0,130.39,0,0,4476.7,4411.5
2026-04-01,C0185,R01,SMB,Core,4476.7,0,0,0,0,4476.7,4476.7
2026-05-01,C0185,R01,SMB,Core,4476.7,0,0,0,0,4476.7,4476.7
2026-06-01,C0185,R01,SMB,Core,4476.7,0,0,0,0,4476.7,4476.7
2023-01-01,C0186,R03,Enterprise,Enterprise Suite,55270.28,0,0,0,0,55270.28,55270.28
2023-02-01,C0186,R03,Enterprise,Enterprise Suite,55270.28,0,0,0,0,55270.28,55270.28
2023-03-01,C0186,R03,Enterprise,Enterprise Suite,55270.28,0,0,0,0,55270.28,55270.28
2023-04-01,C0186,R03,Enterprise,Enterprise Suite,55270.28,0,0,0,0,55270.28,55270.28
2023-05-01,C0186,R03,Enterprise,Enterprise Suite,55270.28,0,0,0,0,55270.28,55270.28
2023-06-01,C0186,R03,Enterprise,Enterprise Suite,55270.28,0,0,0,0,55270.28,55270.28
2023-07-01,C0186,R03,Enterprise,Enterprise Suite,55270.28,0,0,0,0,55270.28,55270.28
2023-08-01,C0186,R03,Enterprise,Enterprise Suite,55270.28,0,0,0,0,55270.28,55270.28
2023-09-01,C0186,R03,Enterprise,Enterprise Suite,55270.28,0,0,0,0,55270.28,55270.28
2023-10-01,C0186,R03,Enterprise,Enterprise Suite,55270.28,0,0,0,0,55270.28,55270.28
2023-11-01,C0186,R03,Enterprise,Enterprise Suite,55270.28,0,1658.11,0,0,56928.39,56099.33
2023-12-01,C0186,R03,Enterprise,Enterprise Suite,56928.39,0,0,0,0,56928.39,56928.39
2024-01-01,C0186,R03,Enterprise,Enterprise Suite,56928.39,0,0,0,0,56928.39,56928.39
2024-02-01,C0186,R03,Enterprise,Enterprise Suite,56928.39,0,0,0,0,56928.39,56928.39
2024-03-01,C0186,R03,Enterprise,Enterprise Suite,56928.39,0,0,0,0,56928.39,56928.39
2024-04-01,C0186,R03,Enterprise,Enterprise Suite,56928.39,0,0,0,0,56928.39,56928.39
2024-05-01,C0186,R03,Enterprise,Enterprise Suite,56928.39,0,0,0,0,56928.39,56928.39
2024-06-01,C0186,R03,Enterprise,Enterprise Suite,56928.39,0,0,0,0,56928.39,56928.39
2024-07-01,C0186,R03,Enterprise,Enterprise Suite,56928.39,0,0,0,0,56928.39,56928.39
2024-08-01,C0186,R03,Enterprise,Enterprise Suite,56928.39,0,0,0,0,56928.39,56928.39
2024-09-01,C0186,R03,Enterprise,Enterprise Suite,56928.39,0,0,0,0,56928.39,56928.39
2024-10-01,C0186,R03,Enterprise,Enterprise Suite,56928.39,0,0,0,0,56928.39,56928.39
2024-11-01,C0186,R03,Enterprise,Enterprise Suite,56928.39,0,6613.73,0,0,63542.11,60235.25
2024-12-01,C0186,R03,Enterprise,Enterprise Suite,63542.11,0,0,0,0,63542.11,63542.11
2025-01-01,C0186,R03,Enterprise,Enterprise Suite,63542.11,0,0,0,0,63542.11,63542.11
2025-02-01,C0186,R03,Enterprise,Enterprise Suite,63542.11,0,0,0,0,63542.11,63542.11
2025-03-01,C0186,R03,Enterprise,Enterprise Suite,63542.11,0,0,0,0,63542.11,63542.11
2025-04-01,C0186,R03,Enterprise,Enterprise Suite,63542.11,0,0,0,0,63542.11,63542.11
2025-05-01,C0186,R03,Enterprise,Enterprise Suite,63542.11,0,0,0,0,63542.11,63542.11
2025-06-01,C0186,R03,Enterprise,Enterprise Suite,63542.11,0,0,0,0,63542.11,63542.11
2025-07-01,C0186,R03,Enterprise,Enterprise Suite,63542.11,0,0,0,0,63542.11,63542.11
2025-08-01,C0186,R03,Enterprise,Enterprise Suite,63542.11,0,0,0,0,63542.11,63542.11
2025-09-01,C0186,R03,Enterprise,Enterprise Suite,63542.11,0,0,0,0,63542.11,63542.11
2025-10-01,C0186,R03,Enterprise,Enterprise Suite,63542.11,0,0,0,0,63542.11,63542.11
2025-11-01,C0186,R03,Enterprise,Enterprise Suite,63542.11,0,3690.32,0,67232.43,0,31771.06
2025-05-01,C0187,R01,SMB,Core,0,3223.58,0,0,0,3223.58,1611.79
2025-06-01,C0187,R01,SMB,Core,3223.58,0,0,0,0,3223.58,3223.58
2025-07-01,C0187,R01,SMB,Core,3223.58,0,0,0,0,3223.58,3223.58
2025-08-01,C0187,R01,SMB,Core,3223.58,0,0,0,0,3223.58,3223.58
2025-09-01,C0187,R01,SMB,Core,3223.58,0,0,0,0,3223.58,3223.58
2025-10-01,C0187,R01,SMB,Core,3223.58,0,0,0,0,3223.58,3223.58
2025-11-01,C0187,R01,SMB,Core,3223.58,0,0,0,0,3223.58,3223.58
2025-12-01,C0187,R01,SMB,Core,3223.58,0,0,0,0,3223.58,3223.58
2026-01-01,C0187,R01,SMB,Core,3223.58,0,0,0,0,3223.58,3223.58
2026-02-01,C0187,R01,SMB,Core,3223.58,0,0,0,0,3223.58,3223.58
2026-03-01,C0187,R01,SMB,Core,3223.58,0,0,0,0,3223.58,3223.58
2026-04-01,C0187,R01,SMB,Core,3223.58,0,0,0,0,3223.58,3223.58
2026-05-01,C0187,R01,SMB,Core,3223.58,0,96.71,0,0,3320.29,3271.94
2026-06-01,C0187,R01,SMB,Core,3320.29,0,0,0,0,3320.29,3320.29
2023-01-01,C0188,R01,Mid-Market,Business,30243.1,0,0,0,0,30243.1,30243.1
2023-02-01,C0188,R01,Mid-Market,Business,30243.1,0,0,0,0,30243.1,30243.1
2023-03-01,C0188,R01,Mid-Market,Business,30243.1,0,0,0,0,30243.1,30243.1
2023-04-01,C0188,R01,Mid-Market,Business,30243.1,0,0,0,0,30243.1,30243.1
2023-05-01,C0188,R01,Mid-Market,Business,30243.1,0,0,0,0,30243.1,30243.1
2023-06-01,C0188,R01,Mid-Market,Business,30243.1,0,1360.94,965.82,0,30638.22,30440.66
2023-07-01,C0188,R01,Mid-Market,Business,30638.22,0,0,0,0,30638.22,30638.22
2023-08-01,C0188,R01,Mid-Market,Business,30638.22,0,0,0,0,30638.22,30638.22
2023-09-01,C0188,R01,Mid-Market,Business,30638.22,0,0,0,0,30638.22,30638.22
2023-10-01,C0188,R01,Mid-Market,Business,30638.22,0,0,0,0,30638.22,30638.22
2023-11-01,C0188,R01,Mid-Market,Business,30638.22,0,0,0,0,30638.22,30638.22
2023-12-01,C0188,R01,Mid-Market,Business,30638.22,0,0,0,0,30638.22,30638.22
2024-01-01,C0188,R01,Mid-Market,Business,30638.22,0,0,0,0,30638.22,30638.22
2024-02-01,C0188,R01,Mid-Market,Business,30638.22,0,0,0,0,30638.22,30638.22
2024-03-01,C0188,R01,Mid-Market,Business,30638.22,0,0,0,0,30638.22,30638.22
2024-04-01,C0188,R01,Mid-Market,Business,30638.22,0,0,0,0,30638.22,30638.22
2024-05-01,C0188,R01,Mid-Market,Business,30638.22,0,0,0,0,30638.22,30638.22
2024-06-01,C0188,R01,Mid-Market,Business,30638.22,0,919.15,0,0,31557.37,31097.79
2024-07-01,C0188,R01,Mid-Market,Business,31557.37,0,0,0,0,31557.37,31557.37
2024-08-01,C0188,R01,Mid-Market,Business,31557.37,0,0,0,0,31557.37,31557.37
2024-09-01,C0188,R01,Mid-Market,Business,31557.37,0,0,0,0,31557.37,31557.37
2024-10-01,C0188,R01,Mid-Market,Business,31557.37,0,0,0,0,31557.37,31557.37
2024-11-01,C0188,R01,Mid-Market,Business,31557.37,0,0,0,0,31557.37,31557.37
2024-12-01,C0188,R01,Mid-Market,Business,31557.37,0,0,0,0,31557.37,31557.37
2025-01-01,C0188,R01,Mid-Market,Business,31557.37,0,0,0,0,31557.37,31557.37
2025-02-01,C0188,R01,Mid-Market,Business,31557.37,0,0,0,0,31557.37,31557.37
2025-03-01,C0188,R01,Mid-Market,Business,31557.37,0,0,0,0,31557.37,31557.37
2025-04-01,C0188,R01,Mid-Market,Business,31557.37,0,0,0,0,31557.37,31557.37
2025-05-01,C0188,R01,Mid-Market,Business,31557.37,0,0,0,0,31557.37,31557.37
2025-06-01,C0188,R01,Mid-Market,Business,31557.37,0,1955.4,0,0,33512.77,32535.07
2025-07-01,C0188,R01,Mid-Market,Business,33512.77,0,0,0,0,33512.77,33512.77
2025-08-01,C0188,R01,Mid-Market,Business,33512.77,0,0,0,0,33512.77,33512.77
2025-09-01,C0188,R01,Mid-Market,Business,33512.77,0,0,0,0,33512.77,33512.77
2025-10-01,C0188,R01,Mid-Market,Business,33512.77,0,0,0,0,33512.77,33512.77
2025-11-01,C0188,R01,Mid-Market,Business,33512.77,0,0,0,0,33512.77,33512.77
2025-12-01,C0188,R01,Mid-Market,Business,33512.77,0,0,0,0,33512.77,33512.77
2026-01-01,C0188,R01,Mid-Market,Business,33512.77,0,0,0,0,33512.77,33512.77
2026-02-01,C0188,R01,Mid-Market,Business,33512.77,0,0,0,0,33512.77,33512.77
2026-03-01,C0188,R01,Mid-Market,Business,33512.77,0,0,0,0,33512.77,33512.77
2026-04-01,C0188,R01,Mid-Market,Business,33512.77,0,0,0,0,33512.77,33512.77
2026-05-01,C0188,R01,Mid-Market,Business,33512.77,0,0,0,0,33512.77,33512.77
2026-06-01,C0188,R01,Mid-Market,Business,33512.77,0,3375.8,1468.41,0,35420.15,34466.46
2024-12-01,C0189,R01,Mid-Market,Business,0,13598.84,0,0,0,13598.84,6799.42
2025-01-01,C0189,R01,Mid-Market,Business,13598.84,0,0,0,0,13598.84,13598.84
2025-02-01,C0189,R01,Mid-Market,Business,13598.84,0,0,0,0,13598.84,13598.84
2025-03-01,C0189,R01,Mid-Market,Business,13598.84,0,0,0,0,13598.84,13598.84
2025-04-01,C0189,R01,Mid-Market,Business,13598.84,0,0,0,0,13598.84,13598.84
2025-05-01,C0189,R01,Mid-Market,Business,13598.84,0,0,0,0,13598.84,13598.84
2025-06-01,C0189,R01,Mid-Market,Business,13598.84,0,0,0,0,13598.84,13598.84
2025-07-01,C0189,R01,Mid-Market,Business,13598.84,0,0,0,0,13598.84,13598.84
2025-08-01,C0189,R01,Mid-Market,Business,13598.84,0,0,0,0,13598.84,13598.84
2025-09-01,C0189,R01,Mid-Market,Business,13598.84,0,0,0,0,13598.84,13598.84
2025-10-01,C0189,R01,Mid-Market,Business,13598.84,0,0,0,0,13598.84,13598.84
2025-11-01,C0189,R01,Mid-Market,Business,13598.84,0,0,0,0,13598.84,13598.84
2025-12-01,C0189,R01,Mid-Market,Business,13598.84,0,796.12,0,14394.96,0,6799.42
2023-01-01,C0190,R02,Enterprise,Enterprise Suite,73858.32,0,0,0,0,73858.32,73858.32
2023-02-01,C0190,R02,Enterprise,Enterprise Suite,73858.32,0,0,0,0,73858.32,73858.32
2023-03-01,C0190,R02,Enterprise,Enterprise Suite,73858.32,0,0,0,0,73858.32,73858.32
2023-04-01,C0190,R02,Enterprise,Enterprise Suite,73858.32,0,0,0,0,73858.32,73858.32
2023-05-01,C0190,R02,Enterprise,Enterprise Suite,73858.32,0,0,0,0,73858.32,73858.32
2023-06-01,C0190,R02,Enterprise,Enterprise Suite,73858.32,0,0,0,0,73858.32,73858.32
2023-07-01,C0190,R02,Enterprise,Enterprise Suite,73858.32,0,0,0,0,73858.32,73858.32
2023-08-01,C0190,R02,Enterprise,Enterprise Suite,73858.32,0,0,0,0,73858.32,73858.32
2023-09-01,C0190,R02,Enterprise,Enterprise Suite,73858.32,0,0,0,0,73858.32,73858.32
2023-10-01,C0190,R02,Enterprise,Enterprise Suite,73858.32,0,5601.38,2687.83,0,76771.87,75315.09
2023-11-01,C0190,R02,Enterprise,Enterprise Suite,76771.87,0,0,0,0,76771.87,76771.87
2023-12-01,C0190,R02,Enterprise,Enterprise Suite,76771.87,0,0,0,0,76771.87,76771.87
2024-01-01,C0190,R02,Enterprise,Enterprise Suite,76771.87,0,0,0,0,76771.87,76771.87
2024-02-01,C0190,R02,Enterprise,Enterprise Suite,76771.87,0,0,0,0,76771.87,76771.87
2024-03-01,C0190,R02,Enterprise,Enterprise Suite,76771.87,0,0,0,0,76771.87,76771.87
2024-04-01,C0190,R02,Enterprise,Enterprise Suite,76771.87,0,0,0,0,76771.87,76771.87
2024-05-01,C0190,R02,Enterprise,Enterprise Suite,76771.87,0,0,0,0,76771.87,76771.87
2024-06-01,C0190,R02,Enterprise,Enterprise Suite,76771.87,0,0,0,0,76771.87,76771.87
2024-07-01,C0190,R02,Enterprise,Enterprise Suite,76771.87,0,0,0,0,76771.87,76771.87
2024-08-01,C0190,R02,Enterprise,Enterprise Suite,76771.87,0,0,0,0,76771.87,76771.87
2024-09-01,C0190,R02,Enterprise,Enterprise Suite,76771.87,0,0,0,0,76771.87,76771.87
2024-10-01,C0190,R02,Enterprise,Enterprise Suite,76771.87,0,9515.92,2661.05,0,83626.73,80199.3
2024-11-01,C0190,R02,Enterprise,Enterprise Suite,83626.73,0,0,0,0,83626.73,83626.73
2024-12-01,C0190,R02,Enterprise,Enterprise Suite,83626.73,0,0,0,0,83626.73,83626.73
2025-01-01,C0190,R02,Enterprise,Enterprise Suite,83626.73,0,0,0,0,83626.73,83626.73
2025-02-01,C0190,R02,Enterprise,Enterprise Suite,83626.73,0,0,0,0,83626.73,83626.73
2025-03-01,C0190,R02,Enterprise,Enterprise Suite,83626.73,0,0,0,0,83626.73,83626.73
2025-04-01,C0190,R02,Enterprise,Enterprise Suite,83626.73,0,0,0,0,83626.73,83626.73
2025-05-01,C0190,R02,Enterprise,Enterprise Suite,83626.73,0,0,0,0,83626.73,83626.73
2025-06-01,C0190,R02,Enterprise,Enterprise Suite,83626.73,0,0,0,0,83626.73,83626.73
2025-07-01,C0190,R02,Enterprise,Enterprise Suite,83626.73,0,0,0,0,83626.73,83626.73
2025-08-01,C0190,R02,Enterprise,Enterprise Suite,83626.73,0,0,0,0,83626.73,83626.73
2025-09-01,C0190,R02,Enterprise,Enterprise Suite,83626.73,0,0,0,0,83626.73,83626.73
2025-10-01,C0190,R02,Enterprise,Enterprise Suite,83626.73,0,2508.8,0,0,86135.53,84881.13
2025-11-01,C0190,R02,Enterprise,Enterprise Suite,86135.53,0,0,0,0,86135.53,86135.53
2025-12-01,C0190,R02,Enterprise,Enterprise Suite,86135.53,0,0,0,0,86135.53,86135.53
2026-01-01,C0190,R02,Enterprise,Enterprise Suite,86135.53,0,0,0,0,86135.53,86135.53
2026-02-01,C0190,R02,Enterprise,Enterprise Suite,86135.53,0,0,0,0,86135.53,86135.53
2026-03-01,C0190,R02,Enterprise,Enterprise Suite,86135.53,0,0,0,0,86135.53,86135.53
2026-04-01,C0190,R02,Enterprise,Enterprise Suite,86135.53,0,0,0,0,86135.53,86135.53
2026-05-01,C0190,R02,Enterprise,Enterprise Suite,86135.53,0,0,0,0,86135.53,86135.53
2026-06-01,C0190,R02,Enterprise,Enterprise Suite,86135.53,0,0,0,0,86135.53,86135.53
2023-01-01,C0191,R02,SMB,Core,4777.15,0,0,0,0,4777.15,4777.15
2023-02-01,C0191,R02,SMB,Core,4777.15,0,0,0,0,4777.15,4777.15
2023-03-01,C0191,R02,SMB,Core,4777.15,0,143.31,0,0,4920.46,4848.8
2023-04-01,C0191,R02,SMB,Core,4920.46,0,0,0,0,4920.46,4920.46
2023-05-01,C0191,R02,SMB,Core,4920.46,0,0,0,0,4920.46,4920.46
2023-06-01,C0191,R02,SMB,Core,4920.46,0,0,0,0,4920.46,4920.46
2023-07-01,C0191,R02,SMB,Core,4920.46,0,0,0,0,4920.46,4920.46
2023-08-01,C0191,R02,SMB,Core,4920.46,0,0,0,0,4920.46,4920.46
2023-09-01,C0191,R02,SMB,Core,4920.46,0,0,0,0,4920.46,4920.46
2023-10-01,C0191,R02,SMB,Core,4920.46,0,0,0,0,4920.46,4920.46
2023-11-01,C0191,R02,SMB,Core,4920.46,0,0,0,0,4920.46,4920.46
2023-12-01,C0191,R02,SMB,Core,4920.46,0,0,0,0,4920.46,4920.46
2024-01-01,C0191,R02,SMB,Core,4920.46,0,0,0,0,4920.46,4920.46
2024-02-01,C0191,R02,SMB,Core,4920.46,0,0,0,0,4920.46,4920.46
2024-03-01,C0191,R02,SMB,Core,4920.46,0,147.61,0,0,5068.07,4994.27
2024-04-01,C0191,R02,SMB,Core,5068.07,0,0,0,0,5068.07,5068.07
2024-05-01,C0191,R02,SMB,Core,5068.07,0,0,0,0,5068.07,5068.07
2024-06-01,C0191,R02,SMB,Core,5068.07,0,0,0,0,5068.07,5068.07
2024-07-01,C0191,R02,SMB,Core,5068.07,0,0,0,0,5068.07,5068.07
2024-08-01,C0191,R02,SMB,Core,5068.07,0,0,0,0,5068.07,5068.07
2024-09-01,C0191,R02,SMB,Core,5068.07,0,0,0,0,5068.07,5068.07
2024-10-01,C0191,R02,SMB,Core,5068.07,0,0,0,0,5068.07,5068.07
2024-11-01,C0191,R02,SMB,Core,5068.07,0,0,0,0,5068.07,5068.07
2024-12-01,C0191,R02,SMB,Core,5068.07,0,0,0,0,5068.07,5068.07
2025-01-01,C0191,R02,SMB,Core,5068.07,0,0,0,0,5068.07,5068.07
2025-02-01,C0191,R02,SMB,Core,5068.07,0,0,0,0,5068.07,5068.07
2025-03-01,C0191,R02,SMB,Core,5068.07,0,152.04,0,0,5220.12,5144.1
2025-04-01,C0191,R02,SMB,Core,5220.12,0,0,0,0,5220.12,5220.12
2025-05-01,C0191,R02,SMB,Core,5220.12,0,0,0,0,5220.12,5220.12
2025-06-01,C0191,R02,SMB,Core,5220.12,0,0,0,0,5220.12,5220.12
2025-07-01,C0191,R02,SMB,Core,5220.12,0,0,0,0,5220.12,5220.12
2025-08-01,C0191,R02,SMB,Core,5220.12,0,0,0,0,5220.12,5220.12
2025-09-01,C0191,R02,SMB,Core,5220.12,0,0,0,0,5220.12,5220.12
2025-10-01,C0191,R02,SMB,Core,5220.12,0,0,0,0,5220.12,5220.12
2025-11-01,C0191,R02,SMB,Core,5220.12,0,0,0,0,5220.12,5220.12
2025-12-01,C0191,R02,SMB,Core,5220.12,0,0,0,0,5220.12,5220.12
2026-01-01,C0191,R02,SMB,Core,5220.12,0,0,0,0,5220.12,5220.12
2026-02-01,C0191,R02,SMB,Core,5220.12,0,0,0,0,5220.12,5220.12
2026-03-01,C0191,R02,SMB,Core,5220.12,0,156.6,0,0,5376.72,5298.42
2026-04-01,C0191,R02,SMB,Core,5376.72,0,0,0,0,5376.72,5376.72
2026-05-01,C0191,R02,SMB,Core,5376.72,0,0,0,0,5376.72,5376.72
2026-06-01,C0191,R02,SMB,Core,5376.72,0,0,0,0,5376.72,5376.72
2023-01-01,C0192,R02,SMB,Core,2560.7,0,0,0,0,2560.7,2560.7
2023-02-01,C0192,R02,SMB,Core,2560.7,0,0,0,0,2560.7,2560.7
2023-03-01,C0192,R02,SMB,Core,2560.7,0,0,0,0,2560.7,2560.7
2023-04-01,C0192,R02,SMB,Core,2560.7,0,0,0,0,2560.7,2560.7
2023-05-01,C0192,R02,SMB,Core,2560.7,0,269.24,0,0,2829.93,2695.31
2023-06-01,C0192,R02,SMB,Core,2829.93,0,0,0,0,2829.93,2829.93
2023-07-01,C0192,R02,SMB,Core,2829.93,0,0,0,0,2829.93,2829.93
2023-08-01,C0192,R02,SMB,Core,2829.93,0,0,0,0,2829.93,2829.93
2023-09-01,C0192,R02,SMB,Core,2829.93,0,0,0,0,2829.93,2829.93
2023-10-01,C0192,R02,SMB,Core,2829.93,0,0,0,0,2829.93,2829.93
2023-11-01,C0192,R02,SMB,Core,2829.93,0,0,0,0,2829.93,2829.93
2023-12-01,C0192,R02,SMB,Core,2829.93,0,0,0,0,2829.93,2829.93
2024-01-01,C0192,R02,SMB,Core,2829.93,0,0,0,0,2829.93,2829.93
2024-02-01,C0192,R02,SMB,Core,2829.93,0,0,0,0,2829.93,2829.93
2024-03-01,C0192,R02,SMB,Core,2829.93,0,0,0,0,2829.93,2829.93
2024-04-01,C0192,R02,SMB,Core,2829.93,0,0,0,0,2829.93,2829.93
2024-05-01,C0192,R02,SMB,Core,2829.93,0,305.79,0,0,3135.72,2982.82
2024-06-01,C0192,R02,SMB,Core,3135.72,0,0,0,0,3135.72,3135.72
2024-07-01,C0192,R02,SMB,Core,3135.72,0,0,0,0,3135.72,3135.72
2024-08-01,C0192,R02,SMB,Core,3135.72,0,0,0,0,3135.72,3135.72
2024-09-01,C0192,R02,SMB,Core,3135.72,0,0,0,0,3135.72,3135.72
2024-10-01,C0192,R02,SMB,Core,3135.72,0,0,0,0,3135.72,3135.72
2024-11-01,C0192,R02,SMB,Core,3135.72,0,0,0,0,3135.72,3135.72
2024-12-01,C0192,R02,SMB,Core,3135.72,0,0,0,0,3135.72,3135.72
2025-01-01,C0192,R02,SMB,Core,3135.72,0,0,0,0,3135.72,3135.72
2025-02-01,C0192,R02,SMB,Core,3135.72,0,0,0,0,3135.72,3135.72
2025-03-01,C0192,R02,SMB,Core,3135.72,0,0,0,0,3135.72,3135.72
2025-04-01,C0192,R02,SMB,Core,3135.72,0,0,0,0,3135.72,3135.72
2025-05-01,C0192,R02,SMB,Core,3135.72,0,94.07,0,0,3229.79,3182.75
2025-06-01,C0192,R02,SMB,Core,3229.79,0,0,0,0,3229.79,3229.79
2025-07-01,C0192,R02,SMB,Core,3229.79,0,0,0,0,3229.79,3229.79
2025-08-01,C0192,R02,SMB,Core,3229.79,0,0,0,0,3229.79,3229.79
2025-09-01,C0192,R02,SMB,Core,3229.79,0,0,0,0,3229.79,3229.79
2025-10-01,C0192,R02,SMB,Core,3229.79,0,0,0,0,3229.79,3229.79
2025-11-01,C0192,R02,SMB,Core,3229.79,0,0,0,0,3229.79,3229.79
2025-12-01,C0192,R02,SMB,Core,3229.79,0,0,0,0,3229.79,3229.79
2026-01-01,C0192,R02,SMB,Core,3229.79,0,0,0,0,3229.79,3229.79
2026-02-01,C0192,R02,SMB,Core,3229.79,0,0,0,0,3229.79,3229.79
2026-03-01,C0192,R02,SMB,Core,3229.79,0,0,0,0,3229.79,3229.79
2026-04-01,C0192,R02,SMB,Core,3229.79,0,0,0,0,3229.79,3229.79
2026-05-01,C0192,R02,SMB,Core,3229.79,0,300.47,0,3530.26,0,1614.89
2023-01-01,C0193,R03,Mid-Market,Business,8861.33,0,0,0,0,8861.33,8861.33
2023-02-01,C0193,R03,Mid-Market,Business,8861.33,0,0,0,0,8861.33,8861.33
2023-03-01,C0193,R03,Mid-Market,Business,8861.33,0,0,0,0,8861.33,8861.33
2023-04-01,C0193,R03,Mid-Market,Business,8861.33,0,0,0,0,8861.33,8861.33
2023-05-01,C0193,R03,Mid-Market,Business,8861.33,0,0,0,0,8861.33,8861.33
2023-06-01,C0193,R03,Mid-Market,Business,8861.33,0,0,0,0,8861.33,8861.33
2023-07-01,C0193,R03,Mid-Market,Business,8861.33,0,0,0,0,8861.33,8861.33
2023-08-01,C0193,R03,Mid-Market,Business,8861.33,0,0,0,0,8861.33,8861.33
2023-09-01,C0193,R03,Mid-Market,Business,8861.33,0,0,0,0,8861.33,8861.33
2023-10-01,C0193,R03,Mid-Market,Business,8861.33,0,0,0,0,8861.33,8861.33
2023-11-01,C0193,R03,Mid-Market,Business,8861.33,0,398.76,0,0,9260.09,9060.71
2023-12-01,C0193,R03,Mid-Market,Business,9260.09,0,0,0,0,9260.09,9260.09
2024-01-01,C0193,R03,Mid-Market,Business,9260.09,0,0,0,0,9260.09,9260.09
2024-02-01,C0193,R03,Mid-Market,Business,9260.09,0,0,0,0,9260.09,9260.09
2024-03-01,C0193,R03,Mid-Market,Business,9260.09,0,0,0,0,9260.09,9260.09
2024-04-01,C0193,R03,Mid-Market,Business,9260.09,0,0,0,0,9260.09,9260.09
2024-05-01,C0193,R03,Mid-Market,Business,9260.09,0,0,0,0,9260.09,9260.09
2024-06-01,C0193,R03,Mid-Market,Business,9260.09,0,0,0,0,9260.09,9260.09
2024-07-01,C0193,R03,Mid-Market,Business,9260.09,0,0,0,0,9260.09,9260.09
2024-08-01,C0193,R03,Mid-Market,Business,9260.09,0,0,0,0,9260.09,9260.09
2024-09-01,C0193,R03,Mid-Market,Business,9260.09,0,0,0,0,9260.09,9260.09
2024-10-01,C0193,R03,Mid-Market,Business,9260.09,0,0,0,0,9260.09,9260.09
2024-11-01,C0193,R03,Mid-Market,Business,9260.09,0,1163.56,0,0,10423.66,9841.87
2024-12-01,C0193,R03,Mid-Market,Business,10423.66,0,0,0,0,10423.66,10423.66
2025-01-01,C0193,R03,Mid-Market,Business,10423.66,0,0,0,0,10423.66,10423.66
2025-02-01,C0193,R03,Mid-Market,Business,10423.66,0,0,0,0,10423.66,10423.66
2025-03-01,C0193,R03,Mid-Market,Business,10423.66,0,0,0,0,10423.66,10423.66
2025-04-01,C0193,R03,Mid-Market,Business,10423.66,0,0,0,0,10423.66,10423.66
2025-05-01,C0193,R03,Mid-Market,Business,10423.66,0,0,0,0,10423.66,10423.66
2025-06-01,C0193,R03,Mid-Market,Business,10423.66,0,0,0,0,10423.66,10423.66
2025-07-01,C0193,R03,Mid-Market,Business,10423.66,0,0,0,0,10423.66,10423.66
2025-08-01,C0193,R03,Mid-Market,Business,10423.66,0,0,0,0,10423.66,10423.66
2025-09-01,C0193,R03,Mid-Market,Business,10423.66,0,0,0,0,10423.66,10423.66
2025-10-01,C0193,R03,Mid-Market,Business,10423.66,0,0,0,0,10423.66,10423.66
2025-11-01,C0193,R03,Mid-Market,Business,10423.66,0,642.95,0,0,11066.61,10745.13
2025-12-01,C0193,R03,Mid-Market,Business,11066.61,0,0,0,0,11066.61,11066.61
2026-01-01,C0193,R03,Mid-Market,Business,11066.61,0,0,0,0,11066.61,11066.61
2026-02-01,C0193,R03,Mid-Market,Business,11066.61,0,0,0,0,11066.61,11066.61
2026-03-01,C0193,R03,Mid-Market,Business,11066.61,0,0,0,0,11066.61,11066.61
2026-04-01,C0193,R03,Mid-Market,Business,11066.61,0,0,0,0,11066.61,11066.61
2026-05-01,C0193,R03,Mid-Market,Business,11066.61,0,0,0,0,11066.61,11066.61
2026-06-01,C0193,R03,Mid-Market,Business,11066.61,0,0,0,0,11066.61,11066.61
2026-01-01,C0194,R01,SMB,Core,0,1522.41,0,0,0,1522.41,761.21
2026-02-01,C0194,R01,SMB,Core,1522.41,0,0,0,0,1522.41,1522.41
2026-03-01,C0194,R01,SMB,Core,1522.41,0,0,0,0,1522.41,1522.41
2026-04-01,C0194,R01,SMB,Core,1522.41,0,0,0,0,1522.41,1522.41
2026-05-01,C0194,R01,SMB,Core,1522.41,0,0,0,0,1522.41,1522.41
2026-06-01,C0194,R01,SMB,Core,1522.41,0,0,0,0,1522.41,1522.41
2023-01-01,C0195,R02,Mid-Market,Business,10675.35,0,0,0,0,10675.35,10675.35
2023-02-01,C0195,R02,Mid-Market,Business,10675.35,0,0,0,0,10675.35,10675.35
2023-03-01,C0195,R02,Mid-Market,Business,10675.35,0,0,0,0,10675.35,10675.35
2023-04-01,C0195,R02,Mid-Market,Business,10675.35,0,0,0,0,10675.35,10675.35
2023-05-01,C0195,R02,Mid-Market,Business,10675.35,0,904.88,0,0,11580.23,11127.79
2023-06-01,C0195,R02,Mid-Market,Business,11580.23,0,0,0,0,11580.23,11580.23
2023-07-01,C0195,R02,Mid-Market,Business,11580.23,0,0,0,0,11580.23,11580.23
2023-08-01,C0195,R02,Mid-Market,Business,11580.23,0,0,0,0,11580.23,11580.23
2023-09-01,C0195,R02,Mid-Market,Business,11580.23,0,0,0,0,11580.23,11580.23
2023-10-01,C0195,R02,Mid-Market,Business,11580.23,0,0,0,0,11580.23,11580.23
2023-11-01,C0195,R02,Mid-Market,Business,11580.23,0,0,0,0,11580.23,11580.23
2023-12-01,C0195,R02,Mid-Market,Business,11580.23,0,0,0,0,11580.23,11580.23
2024-01-01,C0195,R02,Mid-Market,Business,11580.23,0,0,0,0,11580.23,11580.23
2024-02-01,C0195,R02,Mid-Market,Business,11580.23,0,0,0,0,11580.23,11580.23
2024-03-01,C0195,R02,Mid-Market,Business,11580.23,0,0,0,0,11580.23,11580.23
2024-04-01,C0195,R02,Mid-Market,Business,11580.23,0,0,0,0,11580.23,11580.23
2024-05-01,C0195,R02,Mid-Market,Business,11580.23,0,1038.24,0,0,12618.48,12099.35
2024-06-01,C0195,R02,Mid-Market,Business,12618.48,0,0,0,0,12618.48,12618.48
2024-07-01,C0195,R02,Mid-Market,Business,12618.48,0,0,0,0,12618.48,12618.48
2024-08-01,C0195,R02,Mid-Market,Business,12618.48,0,0,0,0,12618.48,12618.48
2024-09-01,C0195,R02,Mid-Market,Business,12618.48,0,0,0,0,12618.48,12618.48
2024-10-01,C0195,R02,Mid-Market,Business,12618.48,0,0,0,0,12618.48,12618.48
2024-11-01,C0195,R02,Mid-Market,Business,12618.48,0,0,0,0,12618.48,12618.48
2024-12-01,C0195,R02,Mid-Market,Business,12618.48,0,0,0,0,12618.48,12618.48
2025-01-01,C0195,R02,Mid-Market,Business,12618.48,0,0,0,0,12618.48,12618.48
2025-02-01,C0195,R02,Mid-Market,Business,12618.48,0,0,0,0,12618.48,12618.48
2025-03-01,C0195,R02,Mid-Market,Business,12618.48,0,0,0,0,12618.48,12618.48
2025-04-01,C0195,R02,Mid-Market,Business,12618.48,0,0,0,0,12618.48,12618.48
2025-05-01,C0195,R02,Mid-Market,Business,12618.48,0,378.55,0,0,12997.03,12807.75
2025-06-01,C0195,R02,Mid-Market,Business,12997.03,0,0,0,0,12997.03,12997.03
2025-07-01,C0195,R02,Mid-Market,Business,12997.03,0,0,0,0,12997.03,12997.03
2025-08-01,C0195,R02,Mid-Market,Business,12997.03,0,0,0,0,12997.03,12997.03
2025-09-01,C0195,R02,Mid-Market,Business,12997.03,0,0,0,0,12997.03,12997.03
2025-10-01,C0195,R02,Mid-Market,Business,12997.03,0,0,0,0,12997.03,12997.03
2025-11-01,C0195,R02,Mid-Market,Business,12997.03,0,0,0,0,12997.03,12997.03
2025-12-01,C0195,R02,Mid-Market,Business,12997.03,0,0,0,0,12997.03,12997.03
2026-01-01,C0195,R02,Mid-Market,Business,12997.03,0,0,0,0,12997.03,12997.03
2026-02-01,C0195,R02,Mid-Market,Business,12997.03,0,0,0,0,12997.03,12997.03
2026-03-01,C0195,R02,Mid-Market,Business,12997.03,0,0,0,0,12997.03,12997.03
2026-04-01,C0195,R02,Mid-Market,Business,12997.03,0,0,0,0,12997.03,12997.03
2026-05-01,C0195,R02,Mid-Market,Business,12997.03,0,389.91,0,0,13386.94,13191.99
2026-06-01,C0195,R02,Mid-Market,Business,13386.94,0,0,0,0,13386.94,13386.94
2023-01-01,C0196,R01,SMB,Core,2910.83,0,0,0,0,2910.83,2910.83
2023-02-01,C0196,R01,SMB,Core,2910.83,0,0,0,0,2910.83,2910.83
2023-03-01,C0196,R01,SMB,Core,2910.83,0,0,0,0,2910.83,2910.83
2023-04-01,C0196,R01,SMB,Core,2910.83,0,0,0,0,2910.83,2910.83
2023-05-01,C0196,R01,SMB,Core,2910.83,0,0,0,0,2910.83,2910.83
2023-06-01,C0196,R01,SMB,Core,2910.83,0,0,0,0,2910.83,2910.83
2023-07-01,C0196,R01,SMB,Core,2910.83,0,0,0,0,2910.83,2910.83
2023-08-01,C0196,R01,SMB,Core,2910.83,0,0,0,0,2910.83,2910.83
2023-09-01,C0196,R01,SMB,Core,2910.83,0,0,0,0,2910.83,2910.83
2023-10-01,C0196,R01,SMB,Core,2910.83,0,209.33,0,0,3120.17,3015.5
2023-11-01,C0196,R01,SMB,Core,3120.17,0,0,0,0,3120.17,3120.17
2023-12-01,C0196,R01,SMB,Core,3120.17,0,0,0,0,3120.17,3120.17
2024-01-01,C0196,R01,SMB,Core,3120.17,0,0,0,0,3120.17,3120.17
2024-02-01,C0196,R01,SMB,Core,3120.17,0,0,0,0,3120.17,3120.17
2024-03-01,C0196,R01,SMB,Core,3120.17,0,0,0,0,3120.17,3120.17
2024-04-01,C0196,R01,SMB,Core,3120.17,0,0,0,0,3120.17,3120.17
2024-05-01,C0196,R01,SMB,Core,3120.17,0,0,0,0,3120.17,3120.17
2024-06-01,C0196,R01,SMB,Core,3120.17,0,0,0,0,3120.17,3120.17
2024-07-01,C0196,R01,SMB,Core,3120.17,0,0,0,0,3120.17,3120.17
2024-08-01,C0196,R01,SMB,Core,3120.17,0,0,0,0,3120.17,3120.17
2024-09-01,C0196,R01,SMB,Core,3120.17,0,0,0,0,3120.17,3120.17
2024-10-01,C0196,R01,SMB,Core,3120.17,0,323.26,0,0,3443.43,3281.8
2024-11-01,C0196,R01,SMB,Core,3443.43,0,0,0,0,3443.43,3443.43
2024-12-01,C0196,R01,SMB,Core,3443.43,0,0,0,0,3443.43,3443.43
2025-01-01,C0196,R01,SMB,Core,3443.43,0,0,0,0,3443.43,3443.43
2025-02-01,C0196,R01,SMB,Core,3443.43,0,0,0,0,3443.43,3443.43
2025-03-01,C0196,R01,SMB,Core,3443.43,0,0,0,0,3443.43,3443.43
2025-04-01,C0196,R01,SMB,Core,3443.43,0,0,0,0,3443.43,3443.43
2025-05-01,C0196,R01,SMB,Core,3443.43,0,0,0,0,3443.43,3443.43
2025-06-01,C0196,R01,SMB,Core,3443.43,0,0,0,0,3443.43,3443.43
2025-07-01,C0196,R01,SMB,Core,3443.43,0,0,0,0,3443.43,3443.43
2025-08-01,C0196,R01,SMB,Core,3443.43,0,0,0,0,3443.43,3443.43
2025-09-01,C0196,R01,SMB,Core,3443.43,0,0,0,0,3443.43,3443.43
2025-10-01,C0196,R01,SMB,Core,3443.43,0,103.3,0,0,3546.73,3495.08
2025-11-01,C0196,R01,SMB,Core,3546.73,0,0,0,0,3546.73,3546.73
2025-12-01,C0196,R01,SMB,Core,3546.73,0,0,0,0,3546.73,3546.73
2026-01-01,C0196,R01,SMB,Core,3546.73,0,0,0,0,3546.73,3546.73
2026-02-01,C0196,R01,SMB,Core,3546.73,0,0,0,0,3546.73,3546.73
2026-03-01,C0196,R01,SMB,Core,3546.73,0,0,0,0,3546.73,3546.73
2026-04-01,C0196,R01,SMB,Core,3546.73,0,0,0,0,3546.73,3546.73
2026-05-01,C0196,R01,SMB,Core,3546.73,0,0,0,0,3546.73,3546.73
2026-06-01,C0196,R01,SMB,Core,3546.73,0,0,0,0,3546.73,3546.73
2024-09-01,C0197,R03,SMB,Core,0,2355.81,0,0,0,2355.81,1177.91
2024-10-01,C0197,R03,SMB,Core,2355.81,0,0,0,0,2355.81,2355.81
2024-11-01,C0197,R03,SMB,Core,2355.81,0,0,0,0,2355.81,2355.81
2024-12-01,C0197,R03,SMB,Core,2355.81,0,0,0,0,2355.81,2355.81
2025-01-01,C0197,R03,SMB,Core,2355.81,0,0,0,0,2355.81,2355.81
2025-02-01,C0197,R03,SMB,Core,2355.81,0,0,0,0,2355.81,2355.81
2025-03-01,C0197,R03,SMB,Core,2355.81,0,0,0,0,2355.81,2355.81
2025-04-01,C0197,R03,SMB,Core,2355.81,0,0,0,0,2355.81,2355.81
2025-05-01,C0197,R03,SMB,Core,2355.81,0,0,0,0,2355.81,2355.81
2025-06-01,C0197,R03,SMB,Core,2355.81,0,0,0,0,2355.81,2355.81
2025-07-01,C0197,R03,SMB,Core,2355.81,0,0,0,0,2355.81,2355.81
2025-08-01,C0197,R03,SMB,Core,2355.81,0,0,0,0,2355.81,2355.81
2025-09-01,C0197,R03,SMB,Core,2355.81,0,70.67,0,0,2426.48,2391.15
2025-10-01,C0197,R03,SMB,Core,2426.48,0,0,0,0,2426.48,2426.48
2025-11-01,C0197,R03,SMB,Core,2426.48,0,0,0,0,2426.48,2426.48
2025-12-01,C0197,R03,SMB,Core,2426.48,0,0,0,0,2426.48,2426.48
2026-01-01,C0197,R03,SMB,Core,2426.48,0,0,0,0,2426.48,2426.48
2026-02-01,C0197,R03,SMB,Core,2426.48,0,0,0,0,2426.48,2426.48
2026-03-01,C0197,R03,SMB,Core,2426.48,0,0,0,0,2426.48,2426.48
2026-04-01,C0197,R03,SMB,Core,2426.48,0,0,0,0,2426.48,2426.48
2026-05-01,C0197,R03,SMB,Core,2426.48,0,0,0,0,2426.48,2426.48
2026-06-01,C0197,R03,SMB,Core,2426.48,0,0,0,0,2426.48,2426.48
2023-01-01,C0198,R04,Enterprise,Enterprise Suite,111285,0,0,0,0,111285,111285
2023-02-01,C0198,R04,Enterprise,Enterprise Suite,111285,0,13050.92,0,0,124335.92,117810.46
2023-03-01,C0198,R04,Enterprise,Enterprise Suite,124335.92,0,0,0,0,124335.92,124335.92
2023-04-01,C0198,R04,Enterprise,Enterprise Suite,124335.92,0,0,0,0,124335.92,124335.92
2023-05-01,C0198,R04,Enterprise,Enterprise Suite,124335.92,0,0,0,0,124335.92,124335.92
2023-06-01,C0198,R04,Enterprise,Enterprise Suite,124335.92,0,0,0,0,124335.92,124335.92
2023-07-01,C0198,R04,Enterprise,Enterprise Suite,124335.92,0,0,0,0,124335.92,124335.92
2023-08-01,C0198,R04,Enterprise,Enterprise Suite,124335.92,0,0,0,0,124335.92,124335.92
2023-09-01,C0198,R04,Enterprise,Enterprise Suite,124335.92,0,0,0,0,124335.92,124335.92
2023-10-01,C0198,R04,Enterprise,Enterprise Suite,124335.92,0,0,0,0,124335.92,124335.92
2023-11-01,C0198,R04,Enterprise,Enterprise Suite,124335.92,0,0,0,0,124335.92,124335.92
2023-12-01,C0198,R04,Enterprise,Enterprise Suite,124335.92,0,0,0,0,124335.92,124335.92
2024-01-01,C0198,R04,Enterprise,Enterprise Suite,124335.92,0,0,0,0,124335.92,124335.92
2024-02-01,C0198,R04,Enterprise,Enterprise Suite,124335.92,0,3730.08,3979.76,0,124086.24,124211.08
2024-03-01,C0198,R04,Enterprise,Enterprise Suite,124086.24,0,0,0,0,124086.24,124086.24
2024-04-01,C0198,R04,Enterprise,Enterprise Suite,124086.24,0,0,0,0,124086.24,124086.24
2024-05-01,C0198,R04,Enterprise,Enterprise Suite,124086.24,0,0,0,0,124086.24,124086.24
2024-06-01,C0198,R04,Enterprise,Enterprise Suite,124086.24,0,0,0,0,124086.24,124086.24
2024-07-01,C0198,R04,Enterprise,Enterprise Suite,124086.24,0,0,0,0,124086.24,124086.24
2024-08-01,C0198,R04,Enterprise,Enterprise Suite,124086.24,0,0,0,0,124086.24,124086.24
2024-09-01,C0198,R04,Enterprise,Enterprise Suite,124086.24,0,0,0,0,124086.24,124086.24
2024-10-01,C0198,R04,Enterprise,Enterprise Suite,124086.24,0,0,0,0,124086.24,124086.24
2024-11-01,C0198,R04,Enterprise,Enterprise Suite,124086.24,0,0,0,0,124086.24,124086.24
2024-12-01,C0198,R04,Enterprise,Enterprise Suite,124086.24,0,0,0,0,124086.24,124086.24
2025-01-01,C0198,R04,Enterprise,Enterprise Suite,124086.24,0,0,0,0,124086.24,124086.24
2025-02-01,C0198,R04,Enterprise,Enterprise Suite,124086.24,0,15750.43,0,0,139836.67,131961.45
2025-03-01,C0198,R04,Enterprise,Enterprise Suite,139836.67,0,0,0,0,139836.67,139836.67
2025-04-01,C0198,R04,Enterprise,Enterprise Suite,139836.67,0,0,0,0,139836.67,139836.67
2025-05-01,C0198,R04,Enterprise,Enterprise Suite,139836.67,0,0,0,0,139836.67,139836.67
2025-06-01,C0198,R04,Enterprise,Enterprise Suite,139836.67,0,0,0,0,139836.67,139836.67
2025-07-01,C0198,R04,Enterprise,Enterprise Suite,139836.67,0,0,0,0,139836.67,139836.67
2025-08-01,C0198,R04,Enterprise,Enterprise Suite,139836.67,0,0,0,0,139836.67,139836.67
2025-09-01,C0198,R04,Enterprise,Enterprise Suite,139836.67,0,0,0,0,139836.67,139836.67
2025-10-01,C0198,R04,Enterprise,Enterprise Suite,139836.67,0,0,0,0,139836.67,139836.67
2025-11-01,C0198,R04,Enterprise,Enterprise Suite,139836.67,0,0,0,0,139836.67,139836.67
2025-12-01,C0198,R04,Enterprise,Enterprise Suite,139836.67,0,0,0,0,139836.67,139836.67
2026-01-01,C0198,R04,Enterprise,Enterprise Suite,139836.67,0,0,0,0,139836.67,139836.67
2026-02-01,C0198,R04,Enterprise,Enterprise Suite,139836.67,0,14722.31,0,0,154558.98,147197.82
2026-03-01,C0198,R04,Enterprise,Enterprise Suite,154558.98,0,0,0,0,154558.98,154558.98
2026-04-01,C0198,R04,Enterprise,Enterprise Suite,154558.98,0,0,0,0,154558.98,154558.98
2026-05-01,C0198,R04,Enterprise,Enterprise Suite,154558.98,0,0,0,0,154558.98,154558.98
2026-06-01,C0198,R04,Enterprise,Enterprise Suite,154558.98,0,0,0,0,154558.98,154558.98
2023-01-01,C0199,R04,SMB,Core,5129.24,0,0,0,0,5129.24,5129.24
2023-02-01,C0199,R04,SMB,Core,5129.24,0,0,0,0,5129.24,5129.24
2023-03-01,C0199,R04,SMB,Core,5129.24,0,0,0,0,5129.24,5129.24
2023-04-01,C0199,R04,SMB,Core,5129.24,0,0,0,0,5129.24,5129.24
2023-05-01,C0199,R04,SMB,Core,5129.24,0,0,0,0,5129.24,5129.24
2023-06-01,C0199,R04,SMB,Core,5129.24,0,0,0,0,5129.24,5129.24
2023-07-01,C0199,R04,SMB,Core,5129.24,0,0,0,0,5129.24,5129.24
2023-08-01,C0199,R04,SMB,Core,5129.24,0,0,0,0,5129.24,5129.24
2023-09-01,C0199,R04,SMB,Core,5129.24,0,0,0,0,5129.24,5129.24
2023-10-01,C0199,R04,SMB,Core,5129.24,0,0,0,0,5129.24,5129.24
2023-11-01,C0199,R04,SMB,Core,5129.24,0,153.88,0,0,5283.12,5206.18
2023-12-01,C0199,R04,SMB,Core,5283.12,0,0,0,0,5283.12,5283.12
2024-01-01,C0199,R04,SMB,Core,5283.12,0,0,0,0,5283.12,5283.12
2024-02-01,C0199,R04,SMB,Core,5283.12,0,0,0,0,5283.12,5283.12
2024-03-01,C0199,R04,SMB,Core,5283.12,0,0,0,0,5283.12,5283.12
2024-04-01,C0199,R04,SMB,Core,5283.12,0,0,0,0,5283.12,5283.12
2024-05-01,C0199,R04,SMB,Core,5283.12,0,0,0,0,5283.12,5283.12
2024-06-01,C0199,R04,SMB,Core,5283.12,0,0,0,0,5283.12,5283.12
2024-07-01,C0199,R04,SMB,Core,5283.12,0,0,0,0,5283.12,5283.12
2024-08-01,C0199,R04,SMB,Core,5283.12,0,0,0,0,5283.12,5283.12
2024-09-01,C0199,R04,SMB,Core,5283.12,0,0,0,0,5283.12,5283.12
2024-10-01,C0199,R04,SMB,Core,5283.12,0,0,0,0,5283.12,5283.12
2024-11-01,C0199,R04,SMB,Core,5283.12,0,158.49,0,0,5441.61,5362.37
2024-12-01,C0199,R04,SMB,Core,5441.61,0,0,0,0,5441.61,5441.61
2025-01-01,C0199,R04,SMB,Core,5441.61,0,0,0,0,5441.61,5441.61
2025-02-01,C0199,R04,SMB,Core,5441.61,0,0,0,0,5441.61,5441.61
2025-03-01,C0199,R04,SMB,Core,5441.61,0,0,0,0,5441.61,5441.61
2025-04-01,C0199,R04,SMB,Core,5441.61,0,0,0,0,5441.61,5441.61
2025-05-01,C0199,R04,SMB,Core,5441.61,0,0,0,0,5441.61,5441.61
2025-06-01,C0199,R04,SMB,Core,5441.61,0,0,0,0,5441.61,5441.61
2025-07-01,C0199,R04,SMB,Core,5441.61,0,0,0,0,5441.61,5441.61
2025-08-01,C0199,R04,SMB,Core,5441.61,0,0,0,0,5441.61,5441.61
2025-09-01,C0199,R04,SMB,Core,5441.61,0,0,0,0,5441.61,5441.61
2025-10-01,C0199,R04,SMB,Core,5441.61,0,0,0,0,5441.61,5441.61
2025-11-01,C0199,R04,SMB,Core,5441.61,0,448.23,0,0,5889.85,5665.73
2025-12-01,C0199,R04,SMB,Core,5889.85,0,0,0,0,5889.85,5889.85
2026-01-01,C0199,R04,SMB,Core,5889.85,0,0,0,0,5889.85,5889.85
2026-02-01,C0199,R04,SMB,Core,5889.85,0,0,0,0,5889.85,5889.85
2026-03-01,C0199,R04,SMB,Core,5889.85,0,0,0,0,5889.85,5889.85
2026-04-01,C0199,R04,SMB,Core,5889.85,0,0,0,0,5889.85,5889.85
2026-05-01,C0199,R04,SMB,Core,5889.85,0,0,0,0,5889.85,5889.85
2026-06-01,C0199,R04,SMB,Core,5889.85,0,0,0,0,5889.85,5889.85
2023-01-01,C0200,R01,Mid-Market,Business,26559.86,0,0,0,0,26559.86,26559.86
2023-02-01,C0200,R01,Mid-Market,Business,26559.86,0,0,0,0,26559.86,26559.86
2023-03-01,C0200,R01,Mid-Market,Business,26559.86,0,0,0,0,26559.86,26559.86
2023-04-01,C0200,R01,Mid-Market,Business,26559.86,0,0,0,0,26559.86,26559.86
2023-05-01,C0200,R01,Mid-Market,Business,26559.86,0,0,0,0,26559.86,26559.86
2023-06-01,C0200,R01,Mid-Market,Business,26559.86,0,1975.72,0,0,28535.58,27547.72
2023-07-01,C0200,R01,Mid-Market,Business,28535.58,0,0,0,0,28535.58,28535.58
2023-08-01,C0200,R01,Mid-Market,Business,28535.58,0,0,0,0,28535.58,28535.58
2023-09-01,C0200,R01,Mid-Market,Business,28535.58,0,0,0,0,28535.58,28535.58
2023-10-01,C0200,R01,Mid-Market,Business,28535.58,0,0,0,0,28535.58,28535.58
2023-11-01,C0200,R01,Mid-Market,Business,28535.58,0,0,0,0,28535.58,28535.58
2023-12-01,C0200,R01,Mid-Market,Business,28535.58,0,0,0,0,28535.58,28535.58
2024-01-01,C0200,R01,Mid-Market,Business,28535.58,0,0,0,0,28535.58,28535.58
2024-02-01,C0200,R01,Mid-Market,Business,28535.58,0,0,0,0,28535.58,28535.58
2024-03-01,C0200,R01,Mid-Market,Business,28535.58,0,0,0,0,28535.58,28535.58
2024-04-01,C0200,R01,Mid-Market,Business,28535.58,0,0,0,0,28535.58,28535.58
2024-05-01,C0200,R01,Mid-Market,Business,28535.58,0,0,0,0,28535.58,28535.58
2024-06-01,C0200,R01,Mid-Market,Business,28535.58,0,1377.9,0,29913.48,0,14267.79
2025-10-01,C0201,R01,SMB,Core,0,3073.9,0,0,0,3073.9,1536.95
2025-11-01,C0201,R01,SMB,Core,3073.9,0,0,0,0,3073.9,3073.9
2025-12-01,C0201,R01,SMB,Core,3073.9,0,0,0,0,3073.9,3073.9
2026-01-01,C0201,R01,SMB,Core,3073.9,0,0,0,0,3073.9,3073.9
2026-02-01,C0201,R01,SMB,Core,3073.9,0,0,0,0,3073.9,3073.9
2026-03-01,C0201,R01,SMB,Core,3073.9,0,0,0,0,3073.9,3073.9
2026-04-01,C0201,R01,SMB,Core,3073.9,0,0,0,0,3073.9,3073.9
2026-05-01,C0201,R01,SMB,Core,3073.9,0,0,0,0,3073.9,3073.9
2026-06-01,C0201,R01,SMB,Core,3073.9,0,0,0,0,3073.9,3073.9
2023-09-01,C0202,R01,Enterprise,Enterprise Suite,0,51232.58,0,0,0,51232.58,25616.29
2023-10-01,C0202,R01,Enterprise,Enterprise Suite,51232.58,0,0,0,0,51232.58,51232.58
2023-11-01,C0202,R01,Enterprise,Enterprise Suite,51232.58,0,0,0,0,51232.58,51232.58
2023-12-01,C0202,R01,Enterprise,Enterprise Suite,51232.58,0,0,0,0,51232.58,51232.58
2024-01-01,C0202,R01,Enterprise,Enterprise Suite,51232.58,0,0,0,0,51232.58,51232.58
2024-02-01,C0202,R01,Enterprise,Enterprise Suite,51232.58,0,0,0,0,51232.58,51232.58
2024-03-01,C0202,R01,Enterprise,Enterprise Suite,51232.58,0,0,0,0,51232.58,51232.58
2024-04-01,C0202,R01,Enterprise,Enterprise Suite,51232.58,0,0,0,0,51232.58,51232.58
2024-05-01,C0202,R01,Enterprise,Enterprise Suite,51232.58,0,0,0,0,51232.58,51232.58
2024-06-01,C0202,R01,Enterprise,Enterprise Suite,51232.58,0,0,0,0,51232.58,51232.58
2024-07-01,C0202,R01,Enterprise,Enterprise Suite,51232.58,0,0,0,0,51232.58,51232.58
2024-08-01,C0202,R01,Enterprise,Enterprise Suite,51232.58,0,0,0,0,51232.58,51232.58
2024-09-01,C0202,R01,Enterprise,Enterprise Suite,51232.58,0,7574.9,0,0,58807.48,55020.03
2024-10-01,C0202,R01,Enterprise,Enterprise Suite,58807.48,0,0,0,0,58807.48,58807.48
2024-11-01,C0202,R01,Enterprise,Enterprise Suite,58807.48,0,0,0,0,58807.48,58807.48
2024-12-01,C0202,R01,Enterprise,Enterprise Suite,58807.48,0,0,0,0,58807.48,58807.48
2025-01-01,C0202,R01,Enterprise,Enterprise Suite,58807.48,0,0,0,0,58807.48,58807.48
2025-02-01,C0202,R01,Enterprise,Enterprise Suite,58807.48,0,0,0,0,58807.48,58807.48
2025-03-01,C0202,R01,Enterprise,Enterprise Suite,58807.48,0,0,0,0,58807.48,58807.48
2025-04-01,C0202,R01,Enterprise,Enterprise Suite,58807.48,0,0,0,0,58807.48,58807.48
2025-05-01,C0202,R01,Enterprise,Enterprise Suite,58807.48,0,0,0,0,58807.48,58807.48
2025-06-01,C0202,R01,Enterprise,Enterprise Suite,58807.48,0,0,0,0,58807.48,58807.48
2025-07-01,C0202,R01,Enterprise,Enterprise Suite,58807.48,0,0,0,0,58807.48,58807.48
2025-08-01,C0202,R01,Enterprise,Enterprise Suite,58807.48,0,0,0,0,58807.48,58807.48
2025-09-01,C0202,R01,Enterprise,Enterprise Suite,58807.48,0,5861.43,0,0,64668.9,61738.19
2025-10-01,C0202,R01,Enterprise,Enterprise Suite,64668.9,0,0,0,0,64668.9,64668.9
2025-11-01,C0202,R01,Enterprise,Enterprise Suite,64668.9,0,0,0,0,64668.9,64668.9
2025-12-01,C0202,R01,Enterprise,Enterprise Suite,64668.9,0,0,0,0,64668.9,64668.9
2026-01-01,C0202,R01,Enterprise,Enterprise Suite,64668.9,0,0,0,0,64668.9,64668.9
2026-02-01,C0202,R01,Enterprise,Enterprise Suite,64668.9,0,0,0,0,64668.9,64668.9
2026-03-01,C0202,R01,Enterprise,Enterprise Suite,64668.9,0,0,0,0,64668.9,64668.9
2026-04-01,C0202,R01,Enterprise,Enterprise Suite,64668.9,0,0,0,0,64668.9,64668.9
2026-05-01,C0202,R01,Enterprise,Enterprise Suite,64668.9,0,0,0,0,64668.9,64668.9
2026-06-01,C0202,R01,Enterprise,Enterprise Suite,64668.9,0,0,0,0,64668.9,64668.9
2023-04-01,C0203,R03,Mid-Market,Business,0,13904.89,0,0,0,13904.89,6952.44
2023-05-01,C0203,R03,Mid-Market,Business,13904.89,0,0,0,0,13904.89,13904.89
2023-06-01,C0203,R03,Mid-Market,Business,13904.89,0,0,0,0,13904.89,13904.89
2023-07-01,C0203,R03,Mid-Market,Business,13904.89,0,0,0,0,13904.89,13904.89
2023-08-01,C0203,R03,Mid-Market,Business,13904.89,0,0,0,0,13904.89,13904.89
2023-09-01,C0203,R03,Mid-Market,Business,13904.89,0,0,0,0,13904.89,13904.89
2023-10-01,C0203,R03,Mid-Market,Business,13904.89,0,0,0,0,13904.89,13904.89
2023-11-01,C0203,R03,Mid-Market,Business,13904.89,0,0,0,0,13904.89,13904.89
2023-12-01,C0203,R03,Mid-Market,Business,13904.89,0,0,0,0,13904.89,13904.89
2024-01-01,C0203,R03,Mid-Market,Business,13904.89,0,0,0,0,13904.89,13904.89
2024-02-01,C0203,R03,Mid-Market,Business,13904.89,0,0,0,0,13904.89,13904.89
2024-03-01,C0203,R03,Mid-Market,Business,13904.89,0,0,0,0,13904.89,13904.89
2024-04-01,C0203,R03,Mid-Market,Business,13904.89,0,417.15,0,0,14322.03,14113.46
2024-05-01,C0203,R03,Mid-Market,Business,14322.03,0,0,0,0,14322.03,14322.03
2024-06-01,C0203,R03,Mid-Market,Business,14322.03,0,0,0,0,14322.03,14322.03
2024-07-01,C0203,R03,Mid-Market,Business,14322.03,0,0,0,0,14322.03,14322.03
2024-08-01,C0203,R03,Mid-Market,Business,14322.03,0,0,0,0,14322.03,14322.03
2024-09-01,C0203,R03,Mid-Market,Business,14322.03,0,0,0,0,14322.03,14322.03
2024-10-01,C0203,R03,Mid-Market,Business,14322.03,0,0,0,0,14322.03,14322.03
2024-11-01,C0203,R03,Mid-Market,Business,14322.03,0,0,0,0,14322.03,14322.03
2024-12-01,C0203,R03,Mid-Market,Business,14322.03,0,0,0,0,14322.03,14322.03
2025-01-01,C0203,R03,Mid-Market,Business,14322.03,0,0,0,0,14322.03,14322.03
2025-02-01,C0203,R03,Mid-Market,Business,14322.03,0,0,0,0,14322.03,14322.03
2025-03-01,C0203,R03,Mid-Market,Business,14322.03,0,0,0,0,14322.03,14322.03
2025-04-01,C0203,R03,Mid-Market,Business,14322.03,0,429.66,1299.66,0,13452.04,13887.03
2025-05-01,C0203,R03,Mid-Market,Business,13452.04,0,0,0,0,13452.04,13452.04
2025-06-01,C0203,R03,Mid-Market,Business,13452.04,0,0,0,0,13452.04,13452.04
2025-07-01,C0203,R03,Mid-Market,Business,13452.04,0,0,0,0,13452.04,13452.04
2025-08-01,C0203,R03,Mid-Market,Business,13452.04,0,0,0,0,13452.04,13452.04
2025-09-01,C0203,R03,Mid-Market,Business,13452.04,0,0,0,0,13452.04,13452.04
2025-10-01,C0203,R03,Mid-Market,Business,13452.04,0,0,0,0,13452.04,13452.04
2025-11-01,C0203,R03,Mid-Market,Business,13452.04,0,0,0,0,13452.04,13452.04
2025-12-01,C0203,R03,Mid-Market,Business,13452.04,0,0,0,0,13452.04,13452.04
2026-01-01,C0203,R03,Mid-Market,Business,13452.04,0,0,0,0,13452.04,13452.04
2026-02-01,C0203,R03,Mid-Market,Business,13452.04,0,0,0,0,13452.04,13452.04
2026-03-01,C0203,R03,Mid-Market,Business,13452.04,0,0,0,0,13452.04,13452.04
2026-04-01,C0203,R03,Mid-Market,Business,13452.04,0,737.05,0,0,14189.09,13820.56
2026-05-01,C0203,R03,Mid-Market,Business,14189.09,0,0,0,0,14189.09,14189.09
2026-06-01,C0203,R03,Mid-Market,Business,14189.09,0,0,0,0,14189.09,14189.09
2023-04-01,C0204,R01,Enterprise,Enterprise Suite,0,121642.76,0,0,0,121642.76,60821.38
2023-05-01,C0204,R01,Enterprise,Enterprise Suite,121642.76,0,0,0,0,121642.76,121642.76
2023-06-01,C0204,R01,Enterprise,Enterprise Suite,121642.76,0,0,0,0,121642.76,121642.76
2023-07-01,C0204,R01,Enterprise,Enterprise Suite,121642.76,0,0,0,0,121642.76,121642.76
2023-08-01,C0204,R01,Enterprise,Enterprise Suite,121642.76,0,0,0,0,121642.76,121642.76
2023-09-01,C0204,R01,Enterprise,Enterprise Suite,121642.76,0,0,0,0,121642.76,121642.76
2023-10-01,C0204,R01,Enterprise,Enterprise Suite,121642.76,0,0,0,0,121642.76,121642.76
2023-11-01,C0204,R01,Enterprise,Enterprise Suite,121642.76,0,0,0,0,121642.76,121642.76
2023-12-01,C0204,R01,Enterprise,Enterprise Suite,121642.76,0,0,0,0,121642.76,121642.76
2024-01-01,C0204,R01,Enterprise,Enterprise Suite,121642.76,0,0,0,0,121642.76,121642.76
2024-02-01,C0204,R01,Enterprise,Enterprise Suite,121642.76,0,0,0,0,121642.76,121642.76
2024-03-01,C0204,R01,Enterprise,Enterprise Suite,121642.76,0,0,0,0,121642.76,121642.76
2024-04-01,C0204,R01,Enterprise,Enterprise Suite,121642.76,0,14997.64,0,0,136640.4,129141.58
2024-05-01,C0204,R01,Enterprise,Enterprise Suite,136640.4,0,0,0,0,136640.4,136640.4
2024-06-01,C0204,R01,Enterprise,Enterprise Suite,136640.4,0,0,0,0,136640.4,136640.4
2024-07-01,C0204,R01,Enterprise,Enterprise Suite,136640.4,0,0,0,0,136640.4,136640.4
2024-08-01,C0204,R01,Enterprise,Enterprise Suite,136640.4,0,0,0,0,136640.4,136640.4
2024-09-01,C0204,R01,Enterprise,Enterprise Suite,136640.4,0,0,0,0,136640.4,136640.4
2024-10-01,C0204,R01,Enterprise,Enterprise Suite,136640.4,0,0,0,0,136640.4,136640.4
2024-11-01,C0204,R01,Enterprise,Enterprise Suite,136640.4,0,0,0,0,136640.4,136640.4
2024-12-01,C0204,R01,Enterprise,Enterprise Suite,136640.4,0,0,0,0,136640.4,136640.4
2025-01-01,C0204,R01,Enterprise,Enterprise Suite,136640.4,0,0,0,0,136640.4,136640.4
2025-02-01,C0204,R01,Enterprise,Enterprise Suite,136640.4,0,0,0,0,136640.4,136640.4
2025-03-01,C0204,R01,Enterprise,Enterprise Suite,136640.4,0,0,0,0,136640.4,136640.4
2025-04-01,C0204,R01,Enterprise,Enterprise Suite,136640.4,0,4099.21,0,0,140739.61,138690.01
2025-05-01,C0204,R01,Enterprise,Enterprise Suite,140739.61,0,0,0,0,140739.61,140739.61
2025-06-01,C0204,R01,Enterprise,Enterprise Suite,140739.61,0,0,0,0,140739.61,140739.61
2025-07-01,C0204,R01,Enterprise,Enterprise Suite,140739.61,0,0,0,0,140739.61,140739.61
2025-08-01,C0204,R01,Enterprise,Enterprise Suite,140739.61,0,0,0,0,140739.61,140739.61
2025-09-01,C0204,R01,Enterprise,Enterprise Suite,140739.61,0,0,0,0,140739.61,140739.61
2025-10-01,C0204,R01,Enterprise,Enterprise Suite,140739.61,0,0,0,0,140739.61,140739.61
2025-11-01,C0204,R01,Enterprise,Enterprise Suite,140739.61,0,0,0,0,140739.61,140739.61
2025-12-01,C0204,R01,Enterprise,Enterprise Suite,140739.61,0,0,0,0,140739.61,140739.61
2026-01-01,C0204,R01,Enterprise,Enterprise Suite,140739.61,0,0,0,0,140739.61,140739.61
2026-02-01,C0204,R01,Enterprise,Enterprise Suite,140739.61,0,0,0,0,140739.61,140739.61
2026-03-01,C0204,R01,Enterprise,Enterprise Suite,140739.61,0,0,0,0,140739.61,140739.61
2026-04-01,C0204,R01,Enterprise,Enterprise Suite,140739.61,0,4222.19,0,0,144961.8,142850.71
2026-05-01,C0204,R01,Enterprise,Enterprise Suite,144961.8,0,0,0,0,144961.8,144961.8
2026-06-01,C0204,R01,Enterprise,Enterprise Suite,144961.8,0,0,0,0,144961.8,144961.8
2023-01-01,C0205,R03,Mid-Market,Business,9824.33,0,0,0,0,9824.33,9824.33
2023-02-01,C0205,R03,Mid-Market,Business,9824.33,0,0,0,0,9824.33,9824.33
2023-03-01,C0205,R03,Mid-Market,Business,9824.33,0,0,0,0,9824.33,9824.33
2023-04-01,C0205,R03,Mid-Market,Business,9824.33,0,0,0,0,9824.33,9824.33
2023-05-01,C0205,R03,Mid-Market,Business,9824.33,0,0,0,0,9824.33,9824.33
2023-06-01,C0205,R03,Mid-Market,Business,9824.33,0,0,0,0,9824.33,9824.33
2023-07-01,C0205,R03,Mid-Market,Business,9824.33,0,294.73,0,0,10119.06,9971.7
2023-08-01,C0205,R03,Mid-Market,Business,10119.06,0,0,0,0,10119.06,10119.06
2023-09-01,C0205,R03,Mid-Market,Business,10119.06,0,0,0,0,10119.06,10119.06
2023-10-01,C0205,R03,Mid-Market,Business,10119.06,0,0,0,0,10119.06,10119.06
2023-11-01,C0205,R03,Mid-Market,Business,10119.06,0,0,0,0,10119.06,10119.06
2023-12-01,C0205,R03,Mid-Market,Business,10119.06,0,0,0,0,10119.06,10119.06
2024-01-01,C0205,R03,Mid-Market,Business,10119.06,0,0,0,0,10119.06,10119.06
2024-02-01,C0205,R03,Mid-Market,Business,10119.06,0,0,0,0,10119.06,10119.06
2024-03-01,C0205,R03,Mid-Market,Business,10119.06,0,0,0,0,10119.06,10119.06
2024-04-01,C0205,R03,Mid-Market,Business,10119.06,0,0,0,0,10119.06,10119.06
2024-05-01,C0205,R03,Mid-Market,Business,10119.06,0,0,0,0,10119.06,10119.06
2024-06-01,C0205,R03,Mid-Market,Business,10119.06,0,0,0,0,10119.06,10119.06
2024-07-01,C0205,R03,Mid-Market,Business,10119.06,0,1305.19,0,0,11424.25,10771.65
2024-08-01,C0205,R03,Mid-Market,Business,11424.25,0,0,0,0,11424.25,11424.25
2024-09-01,C0205,R03,Mid-Market,Business,11424.25,0,0,0,0,11424.25,11424.25
2024-10-01,C0205,R03,Mid-Market,Business,11424.25,0,0,0,0,11424.25,11424.25
2024-11-01,C0205,R03,Mid-Market,Business,11424.25,0,0,0,0,11424.25,11424.25
2024-12-01,C0205,R03,Mid-Market,Business,11424.25,0,0,0,0,11424.25,11424.25
2025-01-01,C0205,R03,Mid-Market,Business,11424.25,0,0,0,0,11424.25,11424.25
2025-02-01,C0205,R03,Mid-Market,Business,11424.25,0,0,0,0,11424.25,11424.25
2025-03-01,C0205,R03,Mid-Market,Business,11424.25,0,0,0,0,11424.25,11424.25
2025-04-01,C0205,R03,Mid-Market,Business,11424.25,0,0,0,0,11424.25,11424.25
2025-05-01,C0205,R03,Mid-Market,Business,11424.25,0,0,0,0,11424.25,11424.25
2025-06-01,C0205,R03,Mid-Market,Business,11424.25,0,0,0,0,11424.25,11424.25
2025-07-01,C0205,R03,Mid-Market,Business,11424.25,0,855.99,0,0,12280.24,11852.24
2025-08-01,C0205,R03,Mid-Market,Business,12280.24,0,0,0,0,12280.24,12280.24
2025-09-01,C0205,R03,Mid-Market,Business,12280.24,0,0,0,0,12280.24,12280.24
2025-10-01,C0205,R03,Mid-Market,Business,12280.24,0,0,0,0,12280.24,12280.24
2025-11-01,C0205,R03,Mid-Market,Business,12280.24,0,0,0,0,12280.24,12280.24
2025-12-01,C0205,R03,Mid-Market,Business,12280.24,0,0,0,0,12280.24,12280.24
2026-01-01,C0205,R03,Mid-Market,Business,12280.24,0,0,0,0,12280.24,12280.24
2026-02-01,C0205,R03,Mid-Market,Business,12280.24,0,0,0,0,12280.24,12280.24
2026-03-01,C0205,R03,Mid-Market,Business,12280.24,0,0,0,0,12280.24,12280.24
2026-04-01,C0205,R03,Mid-Market,Business,12280.24,0,0,0,0,12280.24,12280.24
2026-05-01,C0205,R03,Mid-Market,Business,12280.24,0,0,0,0,12280.24,12280.24
2026-06-01,C0205,R03,Mid-Market,Business,12280.24,0,0,0,0,12280.24,12280.24
2024-12-01,C0206,R03,Mid-Market,Business,0,12594.95,0,0,0,12594.95,6297.47
2025-01-01,C0206,R03,Mid-Market,Business,12594.95,0,0,0,0,12594.95,12594.95
2025-02-01,C0206,R03,Mid-Market,Business,12594.95,0,0,0,0,12594.95,12594.95
2025-03-01,C0206,R03,Mid-Market,Business,12594.95,0,0,0,0,12594.95,12594.95
2025-04-01,C0206,R03,Mid-Market,Business,12594.95,0,0,0,0,12594.95,12594.95
2025-05-01,C0206,R03,Mid-Market,Business,12594.95,0,0,0,0,12594.95,12594.95
2025-06-01,C0206,R03,Mid-Market,Business,12594.95,0,0,0,0,12594.95,12594.95
2025-07-01,C0206,R03,Mid-Market,Business,12594.95,0,0,0,0,12594.95,12594.95
2025-08-01,C0206,R03,Mid-Market,Business,12594.95,0,0,0,0,12594.95,12594.95
2025-09-01,C0206,R03,Mid-Market,Business,12594.95,0,0,0,0,12594.95,12594.95
2025-10-01,C0206,R03,Mid-Market,Business,12594.95,0,0,0,0,12594.95,12594.95
2025-11-01,C0206,R03,Mid-Market,Business,12594.95,0,0,0,0,12594.95,12594.95
2025-12-01,C0206,R03,Mid-Market,Business,12594.95,0,978.51,0,0,13573.45,13084.2
2026-01-01,C0206,R03,Mid-Market,Business,13573.45,0,0,0,0,13573.45,13573.45
2026-02-01,C0206,R03,Mid-Market,Business,13573.45,0,0,0,0,13573.45,13573.45
2026-03-01,C0206,R03,Mid-Market,Business,13573.45,0,0,0,0,13573.45,13573.45
2026-04-01,C0206,R03,Mid-Market,Business,13573.45,0,0,0,0,13573.45,13573.45
2026-05-01,C0206,R03,Mid-Market,Business,13573.45,0,0,0,0,13573.45,13573.45
2026-06-01,C0206,R03,Mid-Market,Business,13573.45,0,0,0,0,13573.45,13573.45
2023-01-01,C0207,R01,Mid-Market,Business,15559.47,0,0,0,0,15559.47,15559.47
2023-02-01,C0207,R01,Mid-Market,Business,15559.47,0,0,0,0,15559.47,15559.47
2023-03-01,C0207,R01,Mid-Market,Business,15559.47,0,0,0,0,15559.47,15559.47
2023-04-01,C0207,R01,Mid-Market,Business,15559.47,0,1188.47,0,0,16747.94,16153.71
2023-05-01,C0207,R01,Mid-Market,Business,16747.94,0,0,0,0,16747.94,16747.94
2023-06-01,C0207,R01,Mid-Market,Business,16747.94,0,0,0,0,16747.94,16747.94
2023-07-01,C0207,R01,Mid-Market,Business,16747.94,0,0,0,0,16747.94,16747.94
2023-08-01,C0207,R01,Mid-Market,Business,16747.94,0,0,0,0,16747.94,16747.94
2023-09-01,C0207,R01,Mid-Market,Business,16747.94,0,0,0,0,16747.94,16747.94
2023-10-01,C0207,R01,Mid-Market,Business,16747.94,0,0,0,0,16747.94,16747.94
2023-11-01,C0207,R01,Mid-Market,Business,16747.94,0,0,0,0,16747.94,16747.94
2023-12-01,C0207,R01,Mid-Market,Business,16747.94,0,0,0,0,16747.94,16747.94
2024-01-01,C0207,R01,Mid-Market,Business,16747.94,0,0,0,0,16747.94,16747.94
2024-02-01,C0207,R01,Mid-Market,Business,16747.94,0,0,0,0,16747.94,16747.94
2024-03-01,C0207,R01,Mid-Market,Business,16747.94,0,0,0,0,16747.94,16747.94
2024-04-01,C0207,R01,Mid-Market,Business,16747.94,0,1315.32,0,0,18063.26,17405.6
2024-05-01,C0207,R01,Mid-Market,Business,18063.26,0,0,0,0,18063.26,18063.26
2024-06-01,C0207,R01,Mid-Market,Business,18063.26,0,0,0,0,18063.26,18063.26
2024-07-01,C0207,R01,Mid-Market,Business,18063.26,0,0,0,0,18063.26,18063.26
2024-08-01,C0207,R01,Mid-Market,Business,18063.26,0,0,0,0,18063.26,18063.26
2024-09-01,C0207,R01,Mid-Market,Business,18063.26,0,0,0,0,18063.26,18063.26
2024-10-01,C0207,R01,Mid-Market,Business,18063.26,0,0,0,0,18063.26,18063.26
2024-11-01,C0207,R01,Mid-Market,Business,18063.26,0,0,0,0,18063.26,18063.26
2024-12-01,C0207,R01,Mid-Market,Business,18063.26,0,0,0,0,18063.26,18063.26
2025-01-01,C0207,R01,Mid-Market,Business,18063.26,0,0,0,0,18063.26,18063.26
2025-02-01,C0207,R01,Mid-Market,Business,18063.26,0,0,0,0,18063.26,18063.26
2025-03-01,C0207,R01,Mid-Market,Business,18063.26,0,0,0,0,18063.26,18063.26
2025-04-01,C0207,R01,Mid-Market,Business,18063.26,0,1296.11,0,0,19359.36,18711.31
2025-05-01,C0207,R01,Mid-Market,Business,19359.36,0,0,0,0,19359.36,19359.36
2025-06-01,C0207,R01,Mid-Market,Business,19359.36,0,0,0,0,19359.36,19359.36
2025-07-01,C0207,R01,Mid-Market,Business,19359.36,0,0,0,0,19359.36,19359.36
2025-08-01,C0207,R01,Mid-Market,Business,19359.36,0,0,0,0,19359.36,19359.36
2025-09-01,C0207,R01,Mid-Market,Business,19359.36,0,0,0,0,19359.36,19359.36
2025-10-01,C0207,R01,Mid-Market,Business,19359.36,0,0,0,0,19359.36,19359.36
2025-11-01,C0207,R01,Mid-Market,Business,19359.36,0,0,0,0,19359.36,19359.36
2025-12-01,C0207,R01,Mid-Market,Business,19359.36,0,0,0,0,19359.36,19359.36
2026-01-01,C0207,R01,Mid-Market,Business,19359.36,0,0,0,0,19359.36,19359.36
2026-02-01,C0207,R01,Mid-Market,Business,19359.36,0,0,0,0,19359.36,19359.36
2026-03-01,C0207,R01,Mid-Market,Business,19359.36,0,0,0,0,19359.36,19359.36
2026-04-01,C0207,R01,Mid-Market,Business,19359.36,0,580.78,0,0,19940.14,19649.75
2026-05-01,C0207,R01,Mid-Market,Business,19940.14,0,0,0,0,19940.14,19940.14
2026-06-01,C0207,R01,Mid-Market,Business,19940.14,0,0,0,0,19940.14,19940.14
2024-06-01,C0208,R02,Mid-Market,Business,0,12733.41,0,0,0,12733.41,6366.71
2024-07-01,C0208,R02,Mid-Market,Business,12733.41,0,0,0,0,12733.41,12733.41
2024-08-01,C0208,R02,Mid-Market,Business,12733.41,0,0,0,0,12733.41,12733.41
2024-09-01,C0208,R02,Mid-Market,Business,12733.41,0,0,0,0,12733.41,12733.41
2024-10-01,C0208,R02,Mid-Market,Business,12733.41,0,0,0,0,12733.41,12733.41
2024-11-01,C0208,R02,Mid-Market,Business,12733.41,0,0,0,0,12733.41,12733.41
2024-12-01,C0208,R02,Mid-Market,Business,12733.41,0,0,0,0,12733.41,12733.41
2025-01-01,C0208,R02,Mid-Market,Business,12733.41,0,0,0,0,12733.41,12733.41
2025-02-01,C0208,R02,Mid-Market,Business,12733.41,0,0,0,0,12733.41,12733.41
2025-03-01,C0208,R02,Mid-Market,Business,12733.41,0,0,0,0,12733.41,12733.41
2025-04-01,C0208,R02,Mid-Market,Business,12733.41,0,0,0,0,12733.41,12733.41
2025-05-01,C0208,R02,Mid-Market,Business,12733.41,0,0,0,0,12733.41,12733.41
2025-06-01,C0208,R02,Mid-Market,Business,12733.41,0,382,0,0,13115.42,12924.41
2025-07-01,C0208,R02,Mid-Market,Business,13115.42,0,0,0,0,13115.42,13115.42
2025-08-01,C0208,R02,Mid-Market,Business,13115.42,0,0,0,0,13115.42,13115.42
2025-09-01,C0208,R02,Mid-Market,Business,13115.42,0,0,0,0,13115.42,13115.42
2025-10-01,C0208,R02,Mid-Market,Business,13115.42,0,0,0,0,13115.42,13115.42
2025-11-01,C0208,R02,Mid-Market,Business,13115.42,0,0,0,0,13115.42,13115.42
2025-12-01,C0208,R02,Mid-Market,Business,13115.42,0,0,0,0,13115.42,13115.42
2026-01-01,C0208,R02,Mid-Market,Business,13115.42,0,0,0,0,13115.42,13115.42
2026-02-01,C0208,R02,Mid-Market,Business,13115.42,0,0,0,0,13115.42,13115.42
2026-03-01,C0208,R02,Mid-Market,Business,13115.42,0,0,0,0,13115.42,13115.42
2026-04-01,C0208,R02,Mid-Market,Business,13115.42,0,0,0,0,13115.42,13115.42
2026-05-01,C0208,R02,Mid-Market,Business,13115.42,0,0,0,0,13115.42,13115.42
2026-06-01,C0208,R02,Mid-Market,Business,13115.42,0,1268.05,0,0,14383.47,13749.44
2023-01-01,C0209,R01,Mid-Market,Business,12554.06,0,0,0,0,12554.06,12554.06
2023-02-01,C0209,R01,Mid-Market,Business,12554.06,0,0,0,0,12554.06,12554.06
2023-03-01,C0209,R01,Mid-Market,Business,12554.06,0,0,0,0,12554.06,12554.06
2023-04-01,C0209,R01,Mid-Market,Business,12554.06,0,0,0,0,12554.06,12554.06
2023-05-01,C0209,R01,Mid-Market,Business,12554.06,0,0,0,0,12554.06,12554.06
2023-06-01,C0209,R01,Mid-Market,Business,12554.06,0,0,0,0,12554.06,12554.06
2023-07-01,C0209,R01,Mid-Market,Business,12554.06,0,0,0,0,12554.06,12554.06
2023-08-01,C0209,R01,Mid-Market,Business,12554.06,0,1508.08,0,0,14062.14,13308.1
2023-09-01,C0209,R01,Mid-Market,Business,14062.14,0,0,0,0,14062.14,14062.14
2023-10-01,C0209,R01,Mid-Market,Business,14062.14,0,0,0,0,14062.14,14062.14
2023-11-01,C0209,R01,Mid-Market,Business,14062.14,0,0,0,0,14062.14,14062.14
2023-12-01,C0209,R01,Mid-Market,Business,14062.14,0,0,0,0,14062.14,14062.14
2024-01-01,C0209,R01,Mid-Market,Business,14062.14,0,0,0,0,14062.14,14062.14
2024-02-01,C0209,R01,Mid-Market,Business,14062.14,0,0,0,0,14062.14,14062.14
2024-03-01,C0209,R01,Mid-Market,Business,14062.14,0,0,0,0,14062.14,14062.14
2024-04-01,C0209,R01,Mid-Market,Business,14062.14,0,0,0,0,14062.14,14062.14
2024-05-01,C0209,R01,Mid-Market,Business,14062.14,0,0,0,0,14062.14,14062.14
2024-06-01,C0209,R01,Mid-Market,Business,14062.14,0,0,0,0,14062.14,14062.14
2024-07-01,C0209,R01,Mid-Market,Business,14062.14,0,0,0,0,14062.14,14062.14
2024-08-01,C0209,R01,Mid-Market,Business,14062.14,0,1193.51,0,0,15255.65,14658.89
2024-09-01,C0209,R01,Mid-Market,Business,15255.65,0,0,0,0,15255.65,15255.65
2024-10-01,C0209,R01,Mid-Market,Business,15255.65,0,0,0,0,15255.65,15255.65
2024-11-01,C0209,R01,Mid-Market,Business,15255.65,0,0,0,0,15255.65,15255.65
2024-12-01,C0209,R01,Mid-Market,Business,15255.65,0,0,0,0,15255.65,15255.65
2025-01-01,C0209,R01,Mid-Market,Business,15255.65,0,0,0,0,15255.65,15255.65
2025-02-01,C0209,R01,Mid-Market,Business,15255.65,0,0,0,0,15255.65,15255.65
2025-03-01,C0209,R01,Mid-Market,Business,15255.65,0,0,0,0,15255.65,15255.65
2025-04-01,C0209,R01,Mid-Market,Business,15255.65,0,0,0,0,15255.65,15255.65
2025-05-01,C0209,R01,Mid-Market,Business,15255.65,0,0,0,0,15255.65,15255.65
2025-06-01,C0209,R01,Mid-Market,Business,15255.65,0,0,0,0,15255.65,15255.65
2025-07-01,C0209,R01,Mid-Market,Business,15255.65,0,0,0,0,15255.65,15255.65
2025-08-01,C0209,R01,Mid-Market,Business,15255.65,0,1140.91,0,0,16396.56,15826.11
2025-09-01,C0209,R01,Mid-Market,Business,16396.56,0,0,0,0,16396.56,16396.56
2025-10-01,C0209,R01,Mid-Market,Business,16396.56,0,0,0,0,16396.56,16396.56
2025-11-01,C0209,R01,Mid-Market,Business,16396.56,0,0,0,0,16396.56,16396.56
2025-12-01,C0209,R01,Mid-Market,Business,16396.56,0,0,0,0,16396.56,16396.56
2026-01-01,C0209,R01,Mid-Market,Business,16396.56,0,0,0,0,16396.56,16396.56
2026-02-01,C0209,R01,Mid-Market,Business,16396.56,0,0,0,0,16396.56,16396.56
2026-03-01,C0209,R01,Mid-Market,Business,16396.56,0,0,0,0,16396.56,16396.56
2026-04-01,C0209,R01,Mid-Market,Business,16396.56,0,0,0,0,16396.56,16396.56
2026-05-01,C0209,R01,Mid-Market,Business,16396.56,0,0,0,0,16396.56,16396.56
2026-06-01,C0209,R01,Mid-Market,Business,16396.56,0,0,0,0,16396.56,16396.56
2023-01-01,C0210,R01,SMB,Core,2381.28,0,0,0,0,2381.28,2381.28
2023-02-01,C0210,R01,SMB,Core,2381.28,0,0,0,0,2381.28,2381.28
2023-03-01,C0210,R01,SMB,Core,2381.28,0,0,0,0,2381.28,2381.28
2023-04-01,C0210,R01,SMB,Core,2381.28,0,0,0,0,2381.28,2381.28
2023-05-01,C0210,R01,SMB,Core,2381.28,0,0,0,0,2381.28,2381.28
2023-06-01,C0210,R01,SMB,Core,2381.28,0,0,0,0,2381.28,2381.28
2023-07-01,C0210,R01,SMB,Core,2381.28,0,0,0,0,2381.28,2381.28
2023-08-01,C0210,R01,SMB,Core,2381.28,0,0,0,0,2381.28,2381.28
2023-09-01,C0210,R01,SMB,Core,2381.28,0,0,0,0,2381.28,2381.28
2023-10-01,C0210,R01,SMB,Core,2381.28,0,0,0,0,2381.28,2381.28
2023-11-01,C0210,R01,SMB,Core,2381.28,0,71.44,0,0,2452.72,2417
2023-12-01,C0210,R01,SMB,Core,2452.72,0,0,0,0,2452.72,2452.72
2024-01-01,C0210,R01,SMB,Core,2452.72,0,0,0,0,2452.72,2452.72
2024-02-01,C0210,R01,SMB,Core,2452.72,0,0,0,0,2452.72,2452.72
2024-03-01,C0210,R01,SMB,Core,2452.72,0,0,0,0,2452.72,2452.72
2024-04-01,C0210,R01,SMB,Core,2452.72,0,0,0,0,2452.72,2452.72
2024-05-01,C0210,R01,SMB,Core,2452.72,0,0,0,0,2452.72,2452.72
2024-06-01,C0210,R01,SMB,Core,2452.72,0,0,0,0,2452.72,2452.72
2024-07-01,C0210,R01,SMB,Core,2452.72,0,0,0,0,2452.72,2452.72
2024-08-01,C0210,R01,SMB,Core,2452.72,0,0,0,0,2452.72,2452.72
2024-09-01,C0210,R01,SMB,Core,2452.72,0,0,0,0,2452.72,2452.72
2024-10-01,C0210,R01,SMB,Core,2452.72,0,0,0,0,2452.72,2452.72
2024-11-01,C0210,R01,SMB,Core,2452.72,0,218.49,0,0,2671.21,2561.96
2024-12-01,C0210,R01,SMB,Core,2671.21,0,0,0,0,2671.21,2671.21
2025-01-01,C0210,R01,SMB,Core,2671.21,0,0,0,0,2671.21,2671.21
2025-02-01,C0210,R01,SMB,Core,2671.21,0,0,0,0,2671.21,2671.21
2025-03-01,C0210,R01,SMB,Core,2671.21,0,0,0,0,2671.21,2671.21
2025-04-01,C0210,R01,SMB,Core,2671.21,0,0,0,0,2671.21,2671.21
2025-05-01,C0210,R01,SMB,Core,2671.21,0,0,0,0,2671.21,2671.21
2025-06-01,C0210,R01,SMB,Core,2671.21,0,0,0,0,2671.21,2671.21
2025-07-01,C0210,R01,SMB,Core,2671.21,0,0,0,0,2671.21,2671.21
2025-08-01,C0210,R01,SMB,Core,2671.21,0,0,0,0,2671.21,2671.21
2025-09-01,C0210,R01,SMB,Core,2671.21,0,0,0,0,2671.21,2671.21
2025-10-01,C0210,R01,SMB,Core,2671.21,0,0,0,0,2671.21,2671.21
2025-11-01,C0210,R01,SMB,Core,2671.21,0,80.14,0,0,2751.35,2711.28
2025-12-01,C0210,R01,SMB,Core,2751.35,0,0,0,0,2751.35,2751.35
2026-01-01,C0210,R01,SMB,Core,2751.35,0,0,0,0,2751.35,2751.35
2026-02-01,C0210,R01,SMB,Core,2751.35,0,0,0,0,2751.35,2751.35
2026-03-01,C0210,R01,SMB,Core,2751.35,0,0,0,0,2751.35,2751.35
2026-04-01,C0210,R01,SMB,Core,2751.35,0,0,0,0,2751.35,2751.35
2026-05-01,C0210,R01,SMB,Core,2751.35,0,0,0,0,2751.35,2751.35
2026-06-01,C0210,R01,SMB,Core,2751.35,0,0,0,0,2751.35,2751.35
2023-01-01,C0211,R04,Enterprise,Enterprise Suite,116903.73,0,0,0,0,116903.73,116903.73
2023-02-01,C0211,R04,Enterprise,Enterprise Suite,116903.73,0,0,0,0,116903.73,116903.73
2023-03-01,C0211,R04,Enterprise,Enterprise Suite,116903.73,0,0,0,0,116903.73,116903.73
2023-04-01,C0211,R04,Enterprise,Enterprise Suite,116903.73,0,0,0,0,116903.73,116903.73
2023-05-01,C0211,R04,Enterprise,Enterprise Suite,116903.73,0,0,0,0,116903.73,116903.73
2023-06-01,C0211,R04,Enterprise,Enterprise Suite,116903.73,0,0,0,0,116903.73,116903.73
2023-07-01,C0211,R04,Enterprise,Enterprise Suite,116903.73,0,0,0,0,116903.73,116903.73
2023-08-01,C0211,R04,Enterprise,Enterprise Suite,116903.73,0,14606.94,0,0,131510.66,124207.2
2023-09-01,C0211,R04,Enterprise,Enterprise Suite,131510.66,0,0,0,0,131510.66,131510.66
2023-10-01,C0211,R04,Enterprise,Enterprise Suite,131510.66,0,0,0,0,131510.66,131510.66
2023-11-01,C0211,R04,Enterprise,Enterprise Suite,131510.66,0,0,0,0,131510.66,131510.66
2023-12-01,C0211,R04,Enterprise,Enterprise Suite,131510.66,0,0,0,0,131510.66,131510.66
2024-01-01,C0211,R04,Enterprise,Enterprise Suite,131510.66,0,0,0,0,131510.66,131510.66
2024-02-01,C0211,R04,Enterprise,Enterprise Suite,131510.66,0,0,0,0,131510.66,131510.66
2024-03-01,C0211,R04,Enterprise,Enterprise Suite,131510.66,0,0,0,0,131510.66,131510.66
2024-04-01,C0211,R04,Enterprise,Enterprise Suite,131510.66,0,0,0,0,131510.66,131510.66
2024-05-01,C0211,R04,Enterprise,Enterprise Suite,131510.66,0,0,0,0,131510.66,131510.66
2024-06-01,C0211,R04,Enterprise,Enterprise Suite,131510.66,0,0,0,0,131510.66,131510.66
2024-07-01,C0211,R04,Enterprise,Enterprise Suite,131510.66,0,0,0,0,131510.66,131510.66
2024-08-01,C0211,R04,Enterprise,Enterprise Suite,131510.66,0,3945.32,0,0,135455.98,133483.32
2024-09-01,C0211,R04,Enterprise,Enterprise Suite,135455.98,0,0,0,0,135455.98,135455.98
2024-10-01,C0211,R04,Enterprise,Enterprise Suite,135455.98,0,0,0,0,135455.98,135455.98
2024-11-01,C0211,R04,Enterprise,Enterprise Suite,135455.98,0,0,0,0,135455.98,135455.98
2024-12-01,C0211,R04,Enterprise,Enterprise Suite,135455.98,0,0,0,0,135455.98,135455.98
2025-01-01,C0211,R04,Enterprise,Enterprise Suite,135455.98,0,0,0,0,135455.98,135455.98
2025-02-01,C0211,R04,Enterprise,Enterprise Suite,135455.98,0,0,0,0,135455.98,135455.98
2025-03-01,C0211,R04,Enterprise,Enterprise Suite,135455.98,0,0,0,0,135455.98,135455.98
2025-04-01,C0211,R04,Enterprise,Enterprise Suite,135455.98,0,0,0,0,135455.98,135455.98
2025-05-01,C0211,R04,Enterprise,Enterprise Suite,135455.98,0,0,0,0,135455.98,135455.98
2025-06-01,C0211,R04,Enterprise,Enterprise Suite,135455.98,0,0,0,0,135455.98,135455.98
2025-07-01,C0211,R04,Enterprise,Enterprise Suite,135455.98,0,0,0,0,135455.98,135455.98
2025-08-01,C0211,R04,Enterprise,Enterprise Suite,135455.98,0,13011.79,0,0,148467.78,141961.88
2025-09-01,C0211,R04,Enterprise,Enterprise Suite,148467.78,0,0,0,0,148467.78,148467.78
2025-10-01,C0211,R04,Enterprise,Enterprise Suite,148467.78,0,0,0,0,148467.78,148467.78
2025-11-01,C0211,R04,Enterprise,Enterprise Suite,148467.78,0,0,0,0,148467.78,148467.78
2025-12-01,C0211,R04,Enterprise,Enterprise Suite,148467.78,0,0,0,0,148467.78,148467.78
2026-01-01,C0211,R04,Enterprise,Enterprise Suite,148467.78,0,0,0,0,148467.78,148467.78
2026-02-01,C0211,R04,Enterprise,Enterprise Suite,148467.78,0,0,0,0,148467.78,148467.78
2026-03-01,C0211,R04,Enterprise,Enterprise Suite,148467.78,0,0,0,0,148467.78,148467.78
2026-04-01,C0211,R04,Enterprise,Enterprise Suite,148467.78,0,0,0,0,148467.78,148467.78
2026-05-01,C0211,R04,Enterprise,Enterprise Suite,148467.78,0,0,0,0,148467.78,148467.78
2026-06-01,C0211,R04,Enterprise,Enterprise Suite,148467.78,0,0,0,0,148467.78,148467.78
2023-01-01,C0212,R02,SMB,Core,7848.96,0,0,0,0,7848.96,7848.96
2023-02-01,C0212,R02,SMB,Core,7848.96,0,0,0,0,7848.96,7848.96
2023-03-01,C0212,R02,SMB,Core,7848.96,0,0,0,0,7848.96,7848.96
2023-04-01,C0212,R02,SMB,Core,7848.96,0,0,0,0,7848.96,7848.96
2023-05-01,C0212,R02,SMB,Core,7848.96,0,0,0,0,7848.96,7848.96
2023-06-01,C0212,R02,SMB,Core,7848.96,0,0,0,0,7848.96,7848.96
2023-07-01,C0212,R02,SMB,Core,7848.96,0,0,0,0,7848.96,7848.96
2023-08-01,C0212,R02,SMB,Core,7848.96,0,0,0,0,7848.96,7848.96
2023-09-01,C0212,R02,SMB,Core,7848.96,0,235.47,0,0,8084.43,7966.69
2023-10-01,C0212,R02,SMB,Core,8084.43,0,0,0,0,8084.43,8084.43
2023-11-01,C0212,R02,SMB,Core,8084.43,0,0,0,0,8084.43,8084.43
2023-12-01,C0212,R02,SMB,Core,8084.43,0,0,0,0,8084.43,8084.43
2024-01-01,C0212,R02,SMB,Core,8084.43,0,0,0,0,8084.43,8084.43
2024-02-01,C0212,R02,SMB,Core,8084.43,0,0,0,0,8084.43,8084.43
2024-03-01,C0212,R02,SMB,Core,8084.43,0,0,0,0,8084.43,8084.43
2024-04-01,C0212,R02,SMB,Core,8084.43,0,0,0,0,8084.43,8084.43
2024-05-01,C0212,R02,SMB,Core,8084.43,0,0,0,0,8084.43,8084.43
2024-06-01,C0212,R02,SMB,Core,8084.43,0,0,0,0,8084.43,8084.43
2024-07-01,C0212,R02,SMB,Core,8084.43,0,0,0,0,8084.43,8084.43
2024-08-01,C0212,R02,SMB,Core,8084.43,0,0,0,0,8084.43,8084.43
2024-09-01,C0212,R02,SMB,Core,8084.43,0,242.53,0,0,8326.96,8205.7
2024-10-01,C0212,R02,SMB,Core,8326.96,0,0,0,0,8326.96,8326.96
2024-11-01,C0212,R02,SMB,Core,8326.96,0,0,0,0,8326.96,8326.96
2024-12-01,C0212,R02,SMB,Core,8326.96,0,0,0,0,8326.96,8326.96
2025-01-01,C0212,R02,SMB,Core,8326.96,0,0,0,0,8326.96,8326.96
2025-02-01,C0212,R02,SMB,Core,8326.96,0,0,0,0,8326.96,8326.96
2025-03-01,C0212,R02,SMB,Core,8326.96,0,0,0,0,8326.96,8326.96
2025-04-01,C0212,R02,SMB,Core,8326.96,0,0,0,0,8326.96,8326.96
2025-05-01,C0212,R02,SMB,Core,8326.96,0,0,0,0,8326.96,8326.96
2025-06-01,C0212,R02,SMB,Core,8326.96,0,0,0,0,8326.96,8326.96
2025-07-01,C0212,R02,SMB,Core,8326.96,0,0,0,0,8326.96,8326.96
2025-08-01,C0212,R02,SMB,Core,8326.96,0,0,0,0,8326.96,8326.96
2025-09-01,C0212,R02,SMB,Core,8326.96,0,249.81,0,0,8576.77,8451.87
2025-10-01,C0212,R02,SMB,Core,8576.77,0,0,0,0,8576.77,8576.77
2025-11-01,C0212,R02,SMB,Core,8576.77,0,0,0,0,8576.77,8576.77
2025-12-01,C0212,R02,SMB,Core,8576.77,0,0,0,0,8576.77,8576.77
2026-01-01,C0212,R02,SMB,Core,8576.77,0,0,0,0,8576.77,8576.77
2026-02-01,C0212,R02,SMB,Core,8576.77,0,0,0,0,8576.77,8576.77
2026-03-01,C0212,R02,SMB,Core,8576.77,0,0,0,0,8576.77,8576.77
2026-04-01,C0212,R02,SMB,Core,8576.77,0,0,0,0,8576.77,8576.77
2026-05-01,C0212,R02,SMB,Core,8576.77,0,0,0,0,8576.77,8576.77
2026-06-01,C0212,R02,SMB,Core,8576.77,0,0,0,0,8576.77,8576.77
2023-01-01,C0213,R01,Mid-Market,Business,8426.56,0,0,0,0,8426.56,8426.56
2023-02-01,C0213,R01,Mid-Market,Business,8426.56,0,0,0,0,8426.56,8426.56
2023-03-01,C0213,R01,Mid-Market,Business,8426.56,0,0,0,0,8426.56,8426.56
2023-04-01,C0213,R01,Mid-Market,Business,8426.56,0,0,0,0,8426.56,8426.56
2023-05-01,C0213,R01,Mid-Market,Business,8426.56,0,0,0,0,8426.56,8426.56
2023-06-01,C0213,R01,Mid-Market,Business,8426.56,0,0,0,0,8426.56,8426.56
2023-07-01,C0213,R01,Mid-Market,Business,8426.56,0,0,0,0,8426.56,8426.56
2023-08-01,C0213,R01,Mid-Market,Business,8426.56,0,0,0,0,8426.56,8426.56
2023-09-01,C0213,R01,Mid-Market,Business,8426.56,0,0,0,0,8426.56,8426.56
2023-10-01,C0213,R01,Mid-Market,Business,8426.56,0,0,0,0,8426.56,8426.56
2023-11-01,C0213,R01,Mid-Market,Business,8426.56,0,0,0,0,8426.56,8426.56
2023-12-01,C0213,R01,Mid-Market,Business,8426.56,0,252.8,0,0,8679.35,8552.95
2024-01-01,C0213,R01,Mid-Market,Business,8679.35,0,0,0,0,8679.35,8679.35
2024-02-01,C0213,R01,Mid-Market,Business,8679.35,0,0,0,0,8679.35,8679.35
2024-03-01,C0213,R01,Mid-Market,Business,8679.35,0,0,0,0,8679.35,8679.35
2024-04-01,C0213,R01,Mid-Market,Business,8679.35,0,0,0,0,8679.35,8679.35
2024-05-01,C0213,R01,Mid-Market,Business,8679.35,0,0,0,0,8679.35,8679.35
2024-06-01,C0213,R01,Mid-Market,Business,8679.35,0,0,0,0,8679.35,8679.35
2024-07-01,C0213,R01,Mid-Market,Business,8679.35,0,0,0,0,8679.35,8679.35
2024-08-01,C0213,R01,Mid-Market,Business,8679.35,0,0,0,0,8679.35,8679.35
2024-09-01,C0213,R01,Mid-Market,Business,8679.35,0,0,0,0,8679.35,8679.35
2024-10-01,C0213,R01,Mid-Market,Business,8679.35,0,0,0,0,8679.35,8679.35
2024-11-01,C0213,R01,Mid-Market,Business,8679.35,0,0,0,0,8679.35,8679.35
2024-12-01,C0213,R01,Mid-Market,Business,8679.35,0,523.51,193.01,0,9009.85,8844.6
2025-01-01,C0213,R01,Mid-Market,Business,9009.85,0,0,0,0,9009.85,9009.85
2025-02-01,C0213,R01,Mid-Market,Business,9009.85,0,0,0,0,9009.85,9009.85
2025-03-01,C0213,R01,Mid-Market,Business,9009.85,0,0,0,0,9009.85,9009.85
2025-04-01,C0213,R01,Mid-Market,Business,9009.85,0,0,0,0,9009.85,9009.85
2025-05-01,C0213,R01,Mid-Market,Business,9009.85,0,0,0,0,9009.85,9009.85
2025-06-01,C0213,R01,Mid-Market,Business,9009.85,0,0,0,0,9009.85,9009.85
2025-07-01,C0213,R01,Mid-Market,Business,9009.85,0,0,0,0,9009.85,9009.85
2025-08-01,C0213,R01,Mid-Market,Business,9009.85,0,0,0,0,9009.85,9009.85
2025-09-01,C0213,R01,Mid-Market,Business,9009.85,0,0,0,0,9009.85,9009.85
2025-10-01,C0213,R01,Mid-Market,Business,9009.85,0,0,0,0,9009.85,9009.85
2025-11-01,C0213,R01,Mid-Market,Business,9009.85,0,0,0,0,9009.85,9009.85
2025-12-01,C0213,R01,Mid-Market,Business,9009.85,0,270.3,0,0,9280.14,9144.99
2026-01-01,C0213,R01,Mid-Market,Business,9280.14,0,0,0,0,9280.14,9280.14
2026-02-01,C0213,R01,Mid-Market,Business,9280.14,0,0,0,0,9280.14,9280.14
2026-03-01,C0213,R01,Mid-Market,Business,9280.14,0,0,0,0,9280.14,9280.14
2026-04-01,C0213,R01,Mid-Market,Business,9280.14,0,0,0,0,9280.14,9280.14
2026-05-01,C0213,R01,Mid-Market,Business,9280.14,0,0,0,0,9280.14,9280.14
2026-06-01,C0213,R01,Mid-Market,Business,9280.14,0,0,0,0,9280.14,9280.14
2023-01-01,C0214,R01,Mid-Market,Business,21026.05,0,0,0,0,21026.05,21026.05
2023-02-01,C0214,R01,Mid-Market,Business,21026.05,0,0,0,0,21026.05,21026.05
2023-03-01,C0214,R01,Mid-Market,Business,21026.05,0,0,0,0,21026.05,21026.05
2023-04-01,C0214,R01,Mid-Market,Business,21026.05,0,0,0,0,21026.05,21026.05
2023-05-01,C0214,R01,Mid-Market,Business,21026.05,0,0,0,0,21026.05,21026.05
2023-06-01,C0214,R01,Mid-Market,Business,21026.05,0,0,0,0,21026.05,21026.05
2023-07-01,C0214,R01,Mid-Market,Business,21026.05,0,0,0,0,21026.05,21026.05
2023-08-01,C0214,R01,Mid-Market,Business,21026.05,0,0,0,0,21026.05,21026.05
2023-09-01,C0214,R01,Mid-Market,Business,21026.05,0,630.78,0,0,21656.83,21341.44
2023-10-01,C0214,R01,Mid-Market,Business,21656.83,0,0,0,0,21656.83,21656.83
2023-11-01,C0214,R01,Mid-Market,Business,21656.83,0,0,0,0,21656.83,21656.83
2023-12-01,C0214,R01,Mid-Market,Business,21656.83,0,0,0,0,21656.83,21656.83
2024-01-01,C0214,R01,Mid-Market,Business,21656.83,0,0,0,0,21656.83,21656.83
2024-02-01,C0214,R01,Mid-Market,Business,21656.83,0,0,0,0,21656.83,21656.83
2024-03-01,C0214,R01,Mid-Market,Business,21656.83,0,0,0,0,21656.83,21656.83
2024-04-01,C0214,R01,Mid-Market,Business,21656.83,0,0,0,0,21656.83,21656.83
2024-05-01,C0214,R01,Mid-Market,Business,21656.83,0,0,0,0,21656.83,21656.83
2024-06-01,C0214,R01,Mid-Market,Business,21656.83,0,0,0,0,21656.83,21656.83
2024-07-01,C0214,R01,Mid-Market,Business,21656.83,0,0,0,0,21656.83,21656.83
2024-08-01,C0214,R01,Mid-Market,Business,21656.83,0,0,0,0,21656.83,21656.83
2024-09-01,C0214,R01,Mid-Market,Business,21656.83,0,649.7,0,0,22306.54,21981.69
2024-10-01,C0214,R01,Mid-Market,Business,22306.54,0,0,0,0,22306.54,22306.54
2024-11-01,C0214,R01,Mid-Market,Business,22306.54,0,0,0,0,22306.54,22306.54
2024-12-01,C0214,R01,Mid-Market,Business,22306.54,0,0,0,0,22306.54,22306.54
2025-01-01,C0214,R01,Mid-Market,Business,22306.54,0,0,0,0,22306.54,22306.54
2025-02-01,C0214,R01,Mid-Market,Business,22306.54,0,0,0,0,22306.54,22306.54
2025-03-01,C0214,R01,Mid-Market,Business,22306.54,0,0,0,0,22306.54,22306.54
2025-04-01,C0214,R01,Mid-Market,Business,22306.54,0,0,0,0,22306.54,22306.54
2025-05-01,C0214,R01,Mid-Market,Business,22306.54,0,0,0,0,22306.54,22306.54
2025-06-01,C0214,R01,Mid-Market,Business,22306.54,0,0,0,0,22306.54,22306.54
2025-07-01,C0214,R01,Mid-Market,Business,22306.54,0,0,0,0,22306.54,22306.54
2025-08-01,C0214,R01,Mid-Market,Business,22306.54,0,0,0,0,22306.54,22306.54
2025-09-01,C0214,R01,Mid-Market,Business,22306.54,0,1784.57,0,0,24091.1,23198.82
2025-10-01,C0214,R01,Mid-Market,Business,24091.1,0,0,0,0,24091.1,24091.1
2025-11-01,C0214,R01,Mid-Market,Business,24091.1,0,0,0,0,24091.1,24091.1
2025-12-01,C0214,R01,Mid-Market,Business,24091.1,0,0,0,0,24091.1,24091.1
2026-01-01,C0214,R01,Mid-Market,Business,24091.1,0,0,0,0,24091.1,24091.1
2026-02-01,C0214,R01,Mid-Market,Business,24091.1,0,0,0,0,24091.1,24091.1
2026-03-01,C0214,R01,Mid-Market,Business,24091.1,0,0,0,0,24091.1,24091.1
2026-04-01,C0214,R01,Mid-Market,Business,24091.1,0,0,0,0,24091.1,24091.1
2026-05-01,C0214,R01,Mid-Market,Business,24091.1,0,0,0,0,24091.1,24091.1
2026-06-01,C0214,R01,Mid-Market,Business,24091.1,0,0,0,0,24091.1,24091.1
2023-01-01,C0215,R02,Enterprise,Enterprise Suite,44688.27,0,0,0,0,44688.27,44688.27
2023-02-01,C0215,R02,Enterprise,Enterprise Suite,44688.27,0,0,0,0,44688.27,44688.27
2023-03-01,C0215,R02,Enterprise,Enterprise Suite,44688.27,0,0,0,0,44688.27,44688.27
2023-04-01,C0215,R02,Enterprise,Enterprise Suite,44688.27,0,0,0,0,44688.27,44688.27
2023-05-01,C0215,R02,Enterprise,Enterprise Suite,44688.27,0,0,0,0,44688.27,44688.27
2023-06-01,C0215,R02,Enterprise,Enterprise Suite,44688.27,0,0,0,0,44688.27,44688.27
2023-07-01,C0215,R02,Enterprise,Enterprise Suite,44688.27,0,0,0,0,44688.27,44688.27
2023-08-01,C0215,R02,Enterprise,Enterprise Suite,44688.27,0,0,0,0,44688.27,44688.27
2023-09-01,C0215,R02,Enterprise,Enterprise Suite,44688.27,0,0,0,0,44688.27,44688.27
2023-10-01,C0215,R02,Enterprise,Enterprise Suite,44688.27,0,4453.96,0,0,49142.23,46915.25
2023-11-01,C0215,R02,Enterprise,Enterprise Suite,49142.23,0,0,0,0,49142.23,49142.23
2023-12-01,C0215,R02,Enterprise,Enterprise Suite,49142.23,0,0,0,0,49142.23,49142.23
2024-01-01,C0215,R02,Enterprise,Enterprise Suite,49142.23,0,0,0,0,49142.23,49142.23
2024-02-01,C0215,R02,Enterprise,Enterprise Suite,49142.23,0,0,0,0,49142.23,49142.23
2024-03-01,C0215,R02,Enterprise,Enterprise Suite,49142.23,0,0,0,0,49142.23,49142.23
2024-04-01,C0215,R02,Enterprise,Enterprise Suite,49142.23,0,0,0,0,49142.23,49142.23
2024-05-01,C0215,R02,Enterprise,Enterprise Suite,49142.23,0,0,0,0,49142.23,49142.23
2024-06-01,C0215,R02,Enterprise,Enterprise Suite,49142.23,0,0,0,0,49142.23,49142.23
2024-07-01,C0215,R02,Enterprise,Enterprise Suite,49142.23,0,0,0,0,49142.23,49142.23
2024-08-01,C0215,R02,Enterprise,Enterprise Suite,49142.23,0,0,0,0,49142.23,49142.23
2024-09-01,C0215,R02,Enterprise,Enterprise Suite,49142.23,0,0,0,0,49142.23,49142.23
2024-10-01,C0215,R02,Enterprise,Enterprise Suite,49142.23,0,1474.27,0,0,50616.5,49879.36
2024-11-01,C0215,R02,Enterprise,Enterprise Suite,50616.5,0,0,0,0,50616.5,50616.5
2024-12-01,C0215,R02,Enterprise,Enterprise Suite,50616.5,0,0,0,0,50616.5,50616.5
2025-01-01,C0215,R02,Enterprise,Enterprise Suite,50616.5,0,0,0,0,50616.5,50616.5
2025-02-01,C0215,R02,Enterprise,Enterprise Suite,50616.5,0,0,0,0,50616.5,50616.5
2025-03-01,C0215,R02,Enterprise,Enterprise Suite,50616.5,0,0,0,0,50616.5,50616.5
2025-04-01,C0215,R02,Enterprise,Enterprise Suite,50616.5,0,0,0,0,50616.5,50616.5
2025-05-01,C0215,R02,Enterprise,Enterprise Suite,50616.5,0,0,0,0,50616.5,50616.5
2025-06-01,C0215,R02,Enterprise,Enterprise Suite,50616.5,0,0,0,0,50616.5,50616.5
2025-07-01,C0215,R02,Enterprise,Enterprise Suite,50616.5,0,0,0,0,50616.5,50616.5
2025-08-01,C0215,R02,Enterprise,Enterprise Suite,50616.5,0,0,0,0,50616.5,50616.5
2025-09-01,C0215,R02,Enterprise,Enterprise Suite,50616.5,0,0,0,0,50616.5,50616.5
2025-10-01,C0215,R02,Enterprise,Enterprise Suite,50616.5,0,5840.95,0,0,56457.44,53536.97
2025-11-01,C0215,R02,Enterprise,Enterprise Suite,56457.44,0,0,0,0,56457.44,56457.44
2025-12-01,C0215,R02,Enterprise,Enterprise Suite,56457.44,0,0,0,0,56457.44,56457.44
2026-01-01,C0215,R02,Enterprise,Enterprise Suite,56457.44,0,0,0,0,56457.44,56457.44
2026-02-01,C0215,R02,Enterprise,Enterprise Suite,56457.44,0,0,0,0,56457.44,56457.44
2026-03-01,C0215,R02,Enterprise,Enterprise Suite,56457.44,0,0,0,0,56457.44,56457.44
2026-04-01,C0215,R02,Enterprise,Enterprise Suite,56457.44,0,0,0,0,56457.44,56457.44
2026-05-01,C0215,R02,Enterprise,Enterprise Suite,56457.44,0,0,0,0,56457.44,56457.44
2026-06-01,C0215,R02,Enterprise,Enterprise Suite,56457.44,0,0,0,0,56457.44,56457.44
2023-01-01,C0216,R04,Mid-Market,Business,25681.68,0,0,0,0,25681.68,25681.68
2023-02-01,C0216,R04,Mid-Market,Business,25681.68,0,0,0,0,25681.68,25681.68
2023-03-01,C0216,R04,Mid-Market,Business,25681.68,0,0,0,0,25681.68,25681.68
2023-04-01,C0216,R04,Mid-Market,Business,25681.68,0,2945.98,0,0,28627.66,27154.67
2023-05-01,C0216,R04,Mid-Market,Business,28627.66,0,0,0,0,28627.66,28627.66
2023-06-01,C0216,R04,Mid-Market,Business,28627.66,0,0,0,0,28627.66,28627.66
2023-07-01,C0216,R04,Mid-Market,Business,28627.66,0,0,0,0,28627.66,28627.66
2023-08-01,C0216,R04,Mid-Market,Business,28627.66,0,0,0,0,28627.66,28627.66
2023-09-01,C0216,R04,Mid-Market,Business,28627.66,0,0,0,0,28627.66,28627.66
2023-10-01,C0216,R04,Mid-Market,Business,28627.66,0,0,0,0,28627.66,28627.66
2023-11-01,C0216,R04,Mid-Market,Business,28627.66,0,0,0,0,28627.66,28627.66
2023-12-01,C0216,R04,Mid-Market,Business,28627.66,0,0,0,0,28627.66,28627.66
2024-01-01,C0216,R04,Mid-Market,Business,28627.66,0,0,0,0,28627.66,28627.66
2024-02-01,C0216,R04,Mid-Market,Business,28627.66,0,0,0,0,28627.66,28627.66
2024-03-01,C0216,R04,Mid-Market,Business,28627.66,0,0,0,0,28627.66,28627.66
2024-04-01,C0216,R04,Mid-Market,Business,28627.66,0,1487.2,0,0,30114.86,29371.26
2024-05-01,C0216,R04,Mid-Market,Business,30114.86,0,0,0,0,30114.86,30114.86
2024-06-01,C0216,R04,Mid-Market,Business,30114.86,0,0,0,0,30114.86,30114.86
2024-07-01,C0216,R04,Mid-Market,Business,30114.86,0,0,0,0,30114.86,30114.86
2024-08-01,C0216,R04,Mid-Market,Business,30114.86,0,0,0,0,30114.86,30114.86
2024-09-01,C0216,R04,Mid-Market,Business,30114.86,0,0,0,0,30114.86,30114.86
2024-10-01,C0216,R04,Mid-Market,Business,30114.86,0,0,0,0,30114.86,30114.86
2024-11-01,C0216,R04,Mid-Market,Business,30114.86,0,0,0,0,30114.86,30114.86
2024-12-01,C0216,R04,Mid-Market,Business,30114.86,0,0,0,0,30114.86,30114.86
2025-01-01,C0216,R04,Mid-Market,Business,30114.86,0,0,0,0,30114.86,30114.86
2025-02-01,C0216,R04,Mid-Market,Business,30114.86,0,0,0,0,30114.86,30114.86
2025-03-01,C0216,R04,Mid-Market,Business,30114.86,0,0,0,0,30114.86,30114.86
2025-04-01,C0216,R04,Mid-Market,Business,30114.86,0,2007.98,0,0,32122.83,31118.85
2025-05-01,C0216,R04,Mid-Market,Business,32122.83,0,0,0,0,32122.83,32122.83
2025-06-01,C0216,R04,Mid-Market,Business,32122.83,0,0,0,0,32122.83,32122.83
2025-07-01,C0216,R04,Mid-Market,Business,32122.83,0,0,0,0,32122.83,32122.83
2025-08-01,C0216,R04,Mid-Market,Business,32122.83,0,0,0,0,32122.83,32122.83
2025-09-01,C0216,R04,Mid-Market,Business,32122.83,0,0,0,0,32122.83,32122.83
2025-10-01,C0216,R04,Mid-Market,Business,32122.83,0,0,0,0,32122.83,32122.83
2025-11-01,C0216,R04,Mid-Market,Business,32122.83,0,0,0,0,32122.83,32122.83
2025-12-01,C0216,R04,Mid-Market,Business,32122.83,0,0,0,0,32122.83,32122.83
2026-01-01,C0216,R04,Mid-Market,Business,32122.83,0,0,0,0,32122.83,32122.83
2026-02-01,C0216,R04,Mid-Market,Business,32122.83,0,0,0,0,32122.83,32122.83
2026-03-01,C0216,R04,Mid-Market,Business,32122.83,0,0,0,0,32122.83,32122.83
2026-04-01,C0216,R04,Mid-Market,Business,32122.83,0,2422.45,0,0,34545.29,33334.06
2026-05-01,C0216,R04,Mid-Market,Business,34545.29,0,0,0,0,34545.29,34545.29
2026-06-01,C0216,R04,Mid-Market,Business,34545.29,0,0,0,0,34545.29,34545.29
2023-01-01,C0217,R04,Enterprise,Enterprise Suite,73940.14,0,0,0,0,73940.14,73940.14
2023-02-01,C0217,R04,Enterprise,Enterprise Suite,73940.14,0,0,0,0,73940.14,73940.14
2023-03-01,C0217,R04,Enterprise,Enterprise Suite,73940.14,0,9107.7,0,0,83047.84,78493.99
2023-04-01,C0217,R04,Enterprise,Enterprise Suite,83047.84,0,0,0,0,83047.84,83047.84
2023-05-01,C0217,R04,Enterprise,Enterprise Suite,83047.84,0,0,0,0,83047.84,83047.84
2023-06-01,C0217,R04,Enterprise,Enterprise Suite,83047.84,0,0,0,0,83047.84,83047.84
2023-07-01,C0217,R04,Enterprise,Enterprise Suite,83047.84,0,0,0,0,83047.84,83047.84
2023-08-01,C0217,R04,Enterprise,Enterprise Suite,83047.84,0,0,0,0,83047.84,83047.84
2023-09-01,C0217,R04,Enterprise,Enterprise Suite,83047.84,0,0,0,0,83047.84,83047.84
2023-10-01,C0217,R04,Enterprise,Enterprise Suite,83047.84,0,0,0,0,83047.84,83047.84
2023-11-01,C0217,R04,Enterprise,Enterprise Suite,83047.84,0,0,0,0,83047.84,83047.84
2023-12-01,C0217,R04,Enterprise,Enterprise Suite,83047.84,0,0,0,0,83047.84,83047.84
2024-01-01,C0217,R04,Enterprise,Enterprise Suite,83047.84,0,0,0,0,83047.84,83047.84
2024-02-01,C0217,R04,Enterprise,Enterprise Suite,83047.84,0,0,0,0,83047.84,83047.84
2024-03-01,C0217,R04,Enterprise,Enterprise Suite,83047.84,0,6658.3,0,0,89706.13,86376.98
2024-04-01,C0217,R04,Enterprise,Enterprise Suite,89706.13,0,0,0,0,89706.13,89706.13
2024-05-01,C0217,R04,Enterprise,Enterprise Suite,89706.13,0,0,0,0,89706.13,89706.13
2024-06-01,C0217,R04,Enterprise,Enterprise Suite,89706.13,0,0,0,0,89706.13,89706.13
2024-07-01,C0217,R04,Enterprise,Enterprise Suite,89706.13,0,0,0,0,89706.13,89706.13
2024-08-01,C0217,R04,Enterprise,Enterprise Suite,89706.13,0,0,0,0,89706.13,89706.13
2024-09-01,C0217,R04,Enterprise,Enterprise Suite,89706.13,0,0,0,0,89706.13,89706.13
2024-10-01,C0217,R04,Enterprise,Enterprise Suite,89706.13,0,0,0,0,89706.13,89706.13
2024-11-01,C0217,R04,Enterprise,Enterprise Suite,89706.13,0,0,0,0,89706.13,89706.13
2024-12-01,C0217,R04,Enterprise,Enterprise Suite,89706.13,0,0,0,0,89706.13,89706.13
2025-01-01,C0217,R04,Enterprise,Enterprise Suite,89706.13,0,0,0,0,89706.13,89706.13
2025-02-01,C0217,R04,Enterprise,Enterprise Suite,89706.13,0,0,0,0,89706.13,89706.13
2025-03-01,C0217,R04,Enterprise,Enterprise Suite,89706.13,0,10597.07,0,0,100303.2,95004.67
2025-04-01,C0217,R04,Enterprise,Enterprise Suite,100303.2,0,0,0,0,100303.2,100303.2
2025-05-01,C0217,R04,Enterprise,Enterprise Suite,100303.2,0,0,0,0,100303.2,100303.2
2025-06-01,C0217,R04,Enterprise,Enterprise Suite,100303.2,0,0,0,0,100303.2,100303.2
2025-07-01,C0217,R04,Enterprise,Enterprise Suite,100303.2,0,0,0,0,100303.2,100303.2
2025-08-01,C0217,R04,Enterprise,Enterprise Suite,100303.2,0,0,0,0,100303.2,100303.2
2025-09-01,C0217,R04,Enterprise,Enterprise Suite,100303.2,0,0,0,0,100303.2,100303.2
2025-10-01,C0217,R04,Enterprise,Enterprise Suite,100303.2,0,0,0,0,100303.2,100303.2
2025-11-01,C0217,R04,Enterprise,Enterprise Suite,100303.2,0,0,0,0,100303.2,100303.2
2025-12-01,C0217,R04,Enterprise,Enterprise Suite,100303.2,0,0,0,0,100303.2,100303.2
2026-01-01,C0217,R04,Enterprise,Enterprise Suite,100303.2,0,0,0,0,100303.2,100303.2
2026-02-01,C0217,R04,Enterprise,Enterprise Suite,100303.2,0,0,0,0,100303.2,100303.2
2026-03-01,C0217,R04,Enterprise,Enterprise Suite,100303.2,0,13217.08,0,0,113520.28,106911.74
2026-04-01,C0217,R04,Enterprise,Enterprise Suite,113520.28,0,0,0,0,113520.28,113520.28
2026-05-01,C0217,R04,Enterprise,Enterprise Suite,113520.28,0,0,0,0,113520.28,113520.28
2026-06-01,C0217,R04,Enterprise,Enterprise Suite,113520.28,0,0,0,0,113520.28,113520.28
2025-06-01,C0218,R02,SMB,Core,0,2274.7,0,0,0,2274.7,1137.35
2025-07-01,C0218,R02,SMB,Core,2274.7,0,0,0,0,2274.7,2274.7
2025-08-01,C0218,R02,SMB,Core,2274.7,0,0,0,0,2274.7,2274.7
2025-09-01,C0218,R02,SMB,Core,2274.7,0,0,0,0,2274.7,2274.7
2025-10-01,C0218,R02,SMB,Core,2274.7,0,0,0,0,2274.7,2274.7
2025-11-01,C0218,R02,SMB,Core,2274.7,0,0,0,0,2274.7,2274.7
2025-12-01,C0218,R02,SMB,Core,2274.7,0,0,0,0,2274.7,2274.7
2026-01-01,C0218,R02,SMB,Core,2274.7,0,0,0,0,2274.7,2274.7
2026-02-01,C0218,R02,SMB,Core,2274.7,0,0,0,0,2274.7,2274.7
2026-03-01,C0218,R02,SMB,Core,2274.7,0,0,0,0,2274.7,2274.7
2026-04-01,C0218,R02,SMB,Core,2274.7,0,0,0,0,2274.7,2274.7
2026-05-01,C0218,R02,SMB,Core,2274.7,0,0,0,0,2274.7,2274.7
2026-06-01,C0218,R02,SMB,Core,2274.7,0,68.24,0,0,2342.94,2308.82
2026-01-01,C0219,R03,Mid-Market,Business,0,16540.86,0,0,0,16540.86,8270.43
2026-02-01,C0219,R03,Mid-Market,Business,16540.86,0,0,0,0,16540.86,16540.86
2026-03-01,C0219,R03,Mid-Market,Business,16540.86,0,0,0,0,16540.86,16540.86
2026-04-01,C0219,R03,Mid-Market,Business,16540.86,0,0,0,0,16540.86,16540.86
2026-05-01,C0219,R03,Mid-Market,Business,16540.86,0,0,0,0,16540.86,16540.86
2026-06-01,C0219,R03,Mid-Market,Business,16540.86,0,0,0,0,16540.86,16540.86
2023-01-01,C0220,R01,Mid-Market,Business,12255.69,0,0,0,0,12255.69,12255.69
2023-02-01,C0220,R01,Mid-Market,Business,12255.69,0,0,0,0,12255.69,12255.69
2023-03-01,C0220,R01,Mid-Market,Business,12255.69,0,0,0,0,12255.69,12255.69
2023-04-01,C0220,R01,Mid-Market,Business,12255.69,0,0,0,0,12255.69,12255.69
2023-05-01,C0220,R01,Mid-Market,Business,12255.69,0,0,0,0,12255.69,12255.69
2023-06-01,C0220,R01,Mid-Market,Business,12255.69,0,0,0,0,12255.69,12255.69
2023-07-01,C0220,R01,Mid-Market,Business,12255.69,0,367.67,0,0,12623.36,12439.53
2023-08-01,C0220,R01,Mid-Market,Business,12623.36,0,0,0,0,12623.36,12623.36
2023-09-01,C0220,R01,Mid-Market,Business,12623.36,0,0,0,0,12623.36,12623.36
2023-10-01,C0220,R01,Mid-Market,Business,12623.36,0,0,0,0,12623.36,12623.36
2023-11-01,C0220,R01,Mid-Market,Business,12623.36,0,0,0,0,12623.36,12623.36
2023-12-01,C0220,R01,Mid-Market,Business,12623.36,0,0,0,0,12623.36,12623.36
2024-01-01,C0220,R01,Mid-Market,Business,12623.36,0,0,0,0,12623.36,12623.36
2024-02-01,C0220,R01,Mid-Market,Business,12623.36,0,0,0,0,12623.36,12623.36
2024-03-01,C0220,R01,Mid-Market,Business,12623.36,0,0,0,0,12623.36,12623.36
2024-04-01,C0220,R01,Mid-Market,Business,12623.36,0,0,0,0,12623.36,12623.36
2024-05-01,C0220,R01,Mid-Market,Business,12623.36,0,0,0,0,12623.36,12623.36
2024-06-01,C0220,R01,Mid-Market,Business,12623.36,0,0,0,0,12623.36,12623.36
2024-07-01,C0220,R01,Mid-Market,Business,12623.36,0,1294.8,436.36,0,13481.8,13052.58
2024-08-01,C0220,R01,Mid-Market,Business,13481.8,0,0,0,0,13481.8,13481.8
2024-09-01,C0220,R01,Mid-Market,Business,13481.8,0,0,0,0,13481.8,13481.8
2024-10-01,C0220,R01,Mid-Market,Business,13481.8,0,0,0,0,13481.8,13481.8
2024-11-01,C0220,R01,Mid-Market,Business,13481.8,0,0,0,0,13481.8,13481.8
2024-12-01,C0220,R01,Mid-Market,Business,13481.8,0,0,0,0,13481.8,13481.8
2025-01-01,C0220,R01,Mid-Market,Business,13481.8,0,0,0,0,13481.8,13481.8
2025-02-01,C0220,R01,Mid-Market,Business,13481.8,0,0,0,0,13481.8,13481.8
2025-03-01,C0220,R01,Mid-Market,Business,13481.8,0,0,0,0,13481.8,13481.8
2025-04-01,C0220,R01,Mid-Market,Business,13481.8,0,0,0,0,13481.8,13481.8
2025-05-01,C0220,R01,Mid-Market,Business,13481.8,0,0,0,0,13481.8,13481.8
2025-06-01,C0220,R01,Mid-Market,Business,13481.8,0,0,0,0,13481.8,13481.8
2025-07-01,C0220,R01,Mid-Market,Business,13481.8,0,404.45,0,0,13886.25,13684.03
2025-08-01,C0220,R01,Mid-Market,Business,13886.25,0,0,0,0,13886.25,13886.25
2025-09-01,C0220,R01,Mid-Market,Business,13886.25,0,0,0,0,13886.25,13886.25
2025-10-01,C0220,R01,Mid-Market,Business,13886.25,0,0,0,0,13886.25,13886.25
2025-11-01,C0220,R01,Mid-Market,Business,13886.25,0,0,0,0,13886.25,13886.25
2025-12-01,C0220,R01,Mid-Market,Business,13886.25,0,0,0,0,13886.25,13886.25
2026-01-01,C0220,R01,Mid-Market,Business,13886.25,0,0,0,0,13886.25,13886.25
2026-02-01,C0220,R01,Mid-Market,Business,13886.25,0,0,0,0,13886.25,13886.25
2026-03-01,C0220,R01,Mid-Market,Business,13886.25,0,0,0,0,13886.25,13886.25
2026-04-01,C0220,R01,Mid-Market,Business,13886.25,0,0,0,0,13886.25,13886.25
2026-05-01,C0220,R01,Mid-Market,Business,13886.25,0,0,0,0,13886.25,13886.25
2026-06-01,C0220,R01,Mid-Market,Business,13886.25,0,0,0,0,13886.25,13886.25
2026-02-01,C0221,R01,Enterprise,Enterprise Suite,0,104291.66,0,0,0,104291.66,52145.83
2026-03-01,C0221,R01,Enterprise,Enterprise Suite,104291.66,0,0,0,0,104291.66,104291.66
2026-04-01,C0221,R01,Enterprise,Enterprise Suite,104291.66,0,0,0,0,104291.66,104291.66
2026-05-01,C0221,R01,Enterprise,Enterprise Suite,104291.66,0,0,0,0,104291.66,104291.66
2026-06-01,C0221,R01,Enterprise,Enterprise Suite,104291.66,0,0,0,0,104291.66,104291.66
2023-06-01,C0222,R03,Mid-Market,Business,0,13300.26,0,0,0,13300.26,6650.13
2023-07-01,C0222,R03,Mid-Market,Business,13300.26,0,0,0,0,13300.26,13300.26
2023-08-01,C0222,R03,Mid-Market,Business,13300.26,0,0,0,0,13300.26,13300.26
2023-09-01,C0222,R03,Mid-Market,Business,13300.26,0,0,0,0,13300.26,13300.26
2023-10-01,C0222,R03,Mid-Market,Business,13300.26,0,0,0,0,13300.26,13300.26
2023-11-01,C0222,R03,Mid-Market,Business,13300.26,0,0,0,0,13300.26,13300.26
2023-12-01,C0222,R03,Mid-Market,Business,13300.26,0,0,0,0,13300.26,13300.26
2024-01-01,C0222,R03,Mid-Market,Business,13300.26,0,0,0,0,13300.26,13300.26
2024-02-01,C0222,R03,Mid-Market,Business,13300.26,0,0,0,0,13300.26,13300.26
2024-03-01,C0222,R03,Mid-Market,Business,13300.26,0,0,0,0,13300.26,13300.26
2024-04-01,C0222,R03,Mid-Market,Business,13300.26,0,0,0,0,13300.26,13300.26
2024-05-01,C0222,R03,Mid-Market,Business,13300.26,0,0,0,0,13300.26,13300.26
2024-06-01,C0222,R03,Mid-Market,Business,13300.26,0,1804.14,0,0,15104.4,14202.33
2024-07-01,C0222,R03,Mid-Market,Business,15104.4,0,0,0,0,15104.4,15104.4
2024-08-01,C0222,R03,Mid-Market,Business,15104.4,0,0,0,0,15104.4,15104.4
2024-09-01,C0222,R03,Mid-Market,Business,15104.4,0,0,0,0,15104.4,15104.4
2024-10-01,C0222,R03,Mid-Market,Business,15104.4,0,0,0,0,15104.4,15104.4
2024-11-01,C0222,R03,Mid-Market,Business,15104.4,0,0,0,0,15104.4,15104.4
2024-12-01,C0222,R03,Mid-Market,Business,15104.4,0,0,0,0,15104.4,15104.4
2025-01-01,C0222,R03,Mid-Market,Business,15104.4,0,0,0,0,15104.4,15104.4
2025-02-01,C0222,R03,Mid-Market,Business,15104.4,0,0,0,0,15104.4,15104.4
2025-03-01,C0222,R03,Mid-Market,Business,15104.4,0,0,0,0,15104.4,15104.4
2025-04-01,C0222,R03,Mid-Market,Business,15104.4,0,0,0,0,15104.4,15104.4
2025-05-01,C0222,R03,Mid-Market,Business,15104.4,0,0,0,0,15104.4,15104.4
2025-06-01,C0222,R03,Mid-Market,Business,15104.4,0,1105.66,0,0,16210.06,15657.23
2025-07-01,C0222,R03,Mid-Market,Business,16210.06,0,0,0,0,16210.06,16210.06
2025-08-01,C0222,R03,Mid-Market,Business,16210.06,0,0,0,0,16210.06,16210.06
2025-09-01,C0222,R03,Mid-Market,Business,16210.06,0,0,0,0,16210.06,16210.06
2025-10-01,C0222,R03,Mid-Market,Business,16210.06,0,0,0,0,16210.06,16210.06
2025-11-01,C0222,R03,Mid-Market,Business,16210.06,0,0,0,0,16210.06,16210.06
2025-12-01,C0222,R03,Mid-Market,Business,16210.06,0,0,0,0,16210.06,16210.06
2026-01-01,C0222,R03,Mid-Market,Business,16210.06,0,0,0,0,16210.06,16210.06
2026-02-01,C0222,R03,Mid-Market,Business,16210.06,0,0,0,0,16210.06,16210.06
2026-03-01,C0222,R03,Mid-Market,Business,16210.06,0,0,0,0,16210.06,16210.06
2026-04-01,C0222,R03,Mid-Market,Business,16210.06,0,0,0,0,16210.06,16210.06
2026-05-01,C0222,R03,Mid-Market,Business,16210.06,0,0,0,0,16210.06,16210.06
2026-06-01,C0222,R03,Mid-Market,Business,16210.06,0,1598.6,0,0,17808.65,17009.36
2023-01-01,C0223,R04,Enterprise,Enterprise Suite,43471.64,0,0,0,0,43471.64,43471.64
2023-02-01,C0223,R04,Enterprise,Enterprise Suite,43471.64,0,0,0,0,43471.64,43471.64
2023-03-01,C0223,R04,Enterprise,Enterprise Suite,43471.64,0,0,0,0,43471.64,43471.64
2023-04-01,C0223,R04,Enterprise,Enterprise Suite,43471.64,0,0,0,0,43471.64,43471.64
2023-05-01,C0223,R04,Enterprise,Enterprise Suite,43471.64,0,0,0,0,43471.64,43471.64
2023-06-01,C0223,R04,Enterprise,Enterprise Suite,43471.64,0,0,0,0,43471.64,43471.64
2023-07-01,C0223,R04,Enterprise,Enterprise Suite,43471.64,0,0,0,0,43471.64,43471.64
2023-08-01,C0223,R04,Enterprise,Enterprise Suite,43471.64,0,0,0,0,43471.64,43471.64
2023-09-01,C0223,R04,Enterprise,Enterprise Suite,43471.64,0,0,0,0,43471.64,43471.64
2023-10-01,C0223,R04,Enterprise,Enterprise Suite,43471.64,0,0,0,0,43471.64,43471.64
2023-11-01,C0223,R04,Enterprise,Enterprise Suite,43471.64,0,1304.15,0,0,44775.79,44123.72
2023-12-01,C0223,R04,Enterprise,Enterprise Suite,44775.79,0,0,0,0,44775.79,44775.79
2024-01-01,C0223,R04,Enterprise,Enterprise Suite,44775.79,0,0,0,0,44775.79,44775.79
2024-02-01,C0223,R04,Enterprise,Enterprise Suite,44775.79,0,0,0,0,44775.79,44775.79
2024-03-01,C0223,R04,Enterprise,Enterprise Suite,44775.79,0,0,0,0,44775.79,44775.79
2024-04-01,C0223,R04,Enterprise,Enterprise Suite,44775.79,0,0,0,0,44775.79,44775.79
2024-05-01,C0223,R04,Enterprise,Enterprise Suite,44775.79,0,0,0,0,44775.79,44775.79
2024-06-01,C0223,R04,Enterprise,Enterprise Suite,44775.79,0,0,0,0,44775.79,44775.79
2024-07-01,C0223,R04,Enterprise,Enterprise Suite,44775.79,0,0,0,0,44775.79,44775.79
2024-08-01,C0223,R04,Enterprise,Enterprise Suite,44775.79,0,0,0,0,44775.79,44775.79
2024-09-01,C0223,R04,Enterprise,Enterprise Suite,44775.79,0,0,0,0,44775.79,44775.79
2024-10-01,C0223,R04,Enterprise,Enterprise Suite,44775.79,0,0,0,0,44775.79,44775.79
2024-11-01,C0223,R04,Enterprise,Enterprise Suite,44775.79,0,4161.61,0,0,48937.4,46856.6
2024-12-01,C0223,R04,Enterprise,Enterprise Suite,48937.4,0,0,0,0,48937.4,48937.4
2025-01-01,C0223,R04,Enterprise,Enterprise Suite,48937.4,0,0,0,0,48937.4,48937.4
2025-02-01,C0223,R04,Enterprise,Enterprise Suite,48937.4,0,0,0,0,48937.4,48937.4
2025-03-01,C0223,R04,Enterprise,Enterprise Suite,48937.4,0,0,0,0,48937.4,48937.4
2025-04-01,C0223,R04,Enterprise,Enterprise Suite,48937.4,0,0,0,0,48937.4,48937.4
2025-05-01,C0223,R04,Enterprise,Enterprise Suite,48937.4,0,0,0,0,48937.4,48937.4
2025-06-01,C0223,R04,Enterprise,Enterprise Suite,48937.4,0,0,0,0,48937.4,48937.4
2025-07-01,C0223,R04,Enterprise,Enterprise Suite,48937.4,0,0,0,0,48937.4,48937.4
2025-08-01,C0223,R04,Enterprise,Enterprise Suite,48937.4,0,0,0,0,48937.4,48937.4
2025-09-01,C0223,R04,Enterprise,Enterprise Suite,48937.4,0,0,0,0,48937.4,48937.4
2025-10-01,C0223,R04,Enterprise,Enterprise Suite,48937.4,0,0,0,0,48937.4,48937.4
2025-11-01,C0223,R04,Enterprise,Enterprise Suite,48937.4,0,4903.72,0,0,53841.12,51389.26
2025-12-01,C0223,R04,Enterprise,Enterprise Suite,53841.12,0,0,0,0,53841.12,53841.12
2026-01-01,C0223,R04,Enterprise,Enterprise Suite,53841.12,0,0,0,0,53841.12,53841.12
2026-02-01,C0223,R04,Enterprise,Enterprise Suite,53841.12,0,0,0,0,53841.12,53841.12
2026-03-01,C0223,R04,Enterprise,Enterprise Suite,53841.12,0,0,0,0,53841.12,53841.12
2026-04-01,C0223,R04,Enterprise,Enterprise Suite,53841.12,0,0,0,0,53841.12,53841.12
2026-05-01,C0223,R04,Enterprise,Enterprise Suite,53841.12,0,0,0,0,53841.12,53841.12
2026-06-01,C0223,R04,Enterprise,Enterprise Suite,53841.12,0,0,0,0,53841.12,53841.12
2024-01-01,C0224,R01,SMB,Core,0,2812.82,0,0,0,2812.82,1406.41
2024-02-01,C0224,R01,SMB,Core,2812.82,0,0,0,0,2812.82,2812.82
2024-03-01,C0224,R01,SMB,Core,2812.82,0,0,0,0,2812.82,2812.82
2024-04-01,C0224,R01,SMB,Core,2812.82,0,0,0,0,2812.82,2812.82
2024-05-01,C0224,R01,SMB,Core,2812.82,0,0,0,0,2812.82,2812.82
2024-06-01,C0224,R01,SMB,Core,2812.82,0,0,0,0,2812.82,2812.82
2024-07-01,C0224,R01,SMB,Core,2812.82,0,0,0,0,2812.82,2812.82
2024-08-01,C0224,R01,SMB,Core,2812.82,0,0,0,0,2812.82,2812.82
2024-09-01,C0224,R01,SMB,Core,2812.82,0,0,0,0,2812.82,2812.82
2024-10-01,C0224,R01,SMB,Core,2812.82,0,0,0,0,2812.82,2812.82
2024-11-01,C0224,R01,SMB,Core,2812.82,0,0,0,0,2812.82,2812.82
2024-12-01,C0224,R01,SMB,Core,2812.82,0,0,0,0,2812.82,2812.82
2025-01-01,C0224,R01,SMB,Core,2812.82,0,84.38,0,0,2897.21,2855.02
2025-02-01,C0224,R01,SMB,Core,2897.21,0,0,0,0,2897.21,2897.21
2025-03-01,C0224,R01,SMB,Core,2897.21,0,0,0,0,2897.21,2897.21
2025-04-01,C0224,R01,SMB,Core,2897.21,0,0,0,0,2897.21,2897.21
2025-05-01,C0224,R01,SMB,Core,2897.21,0,0,0,0,2897.21,2897.21
2025-06-01,C0224,R01,SMB,Core,2897.21,0,0,0,0,2897.21,2897.21
2025-07-01,C0224,R01,SMB,Core,2897.21,0,0,0,0,2897.21,2897.21
2025-08-01,C0224,R01,SMB,Core,2897.21,0,0,0,0,2897.21,2897.21
2025-09-01,C0224,R01,SMB,Core,2897.21,0,0,0,0,2897.21,2897.21
2025-10-01,C0224,R01,SMB,Core,2897.21,0,0,0,0,2897.21,2897.21
2025-11-01,C0224,R01,SMB,Core,2897.21,0,0,0,0,2897.21,2897.21
2025-12-01,C0224,R01,SMB,Core,2897.21,0,0,0,0,2897.21,2897.21
2026-01-01,C0224,R01,SMB,Core,2897.21,0,86.92,34.78,0,2949.35,2923.28
2026-02-01,C0224,R01,SMB,Core,2949.35,0,0,0,0,2949.35,2949.35
2026-03-01,C0224,R01,SMB,Core,2949.35,0,0,0,0,2949.35,2949.35
2026-04-01,C0224,R01,SMB,Core,2949.35,0,0,0,0,2949.35,2949.35
2026-05-01,C0224,R01,SMB,Core,2949.35,0,0,0,0,2949.35,2949.35
2026-06-01,C0224,R01,SMB,Core,2949.35,0,0,0,0,2949.35,2949.35
2023-01-01,C0225,R02,Enterprise,Enterprise Suite,164807.89,0,0,0,0,164807.89,164807.89
2023-02-01,C0225,R02,Enterprise,Enterprise Suite,164807.89,0,4944.24,0,0,169752.13,167280.01
2023-03-01,C0225,R02,Enterprise,Enterprise Suite,169752.13,0,0,0,0,169752.13,169752.13
2023-04-01,C0225,R02,Enterprise,Enterprise Suite,169752.13,0,0,0,0,169752.13,169752.13
2023-05-01,C0225,R02,Enterprise,Enterprise Suite,169752.13,0,0,0,0,169752.13,169752.13
2023-06-01,C0225,R02,Enterprise,Enterprise Suite,169752.13,0,0,0,0,169752.13,169752.13
2023-07-01,C0225,R02,Enterprise,Enterprise Suite,169752.13,0,0,0,0,169752.13,169752.13
2023-08-01,C0225,R02,Enterprise,Enterprise Suite,169752.13,0,0,0,0,169752.13,169752.13
2023-09-01,C0225,R02,Enterprise,Enterprise Suite,169752.13,0,0,0,0,169752.13,169752.13
2023-10-01,C0225,R02,Enterprise,Enterprise Suite,169752.13,0,0,0,0,169752.13,169752.13
2023-11-01,C0225,R02,Enterprise,Enterprise Suite,169752.13,0,0,0,0,169752.13,169752.13
2023-12-01,C0225,R02,Enterprise,Enterprise Suite,169752.13,0,0,0,0,169752.13,169752.13
2024-01-01,C0225,R02,Enterprise,Enterprise Suite,169752.13,0,0,0,0,169752.13,169752.13
2024-02-01,C0225,R02,Enterprise,Enterprise Suite,169752.13,0,24792.49,0,0,194544.62,182148.38
2024-03-01,C0225,R02,Enterprise,Enterprise Suite,194544.62,0,0,0,0,194544.62,194544.62
2024-04-01,C0225,R02,Enterprise,Enterprise Suite,194544.62,0,0,0,0,194544.62,194544.62
2024-05-01,C0225,R02,Enterprise,Enterprise Suite,194544.62,0,0,0,0,194544.62,194544.62
2024-06-01,C0225,R02,Enterprise,Enterprise Suite,194544.62,0,0,0,0,194544.62,194544.62
2024-07-01,C0225,R02,Enterprise,Enterprise Suite,194544.62,0,0,0,0,194544.62,194544.62
2024-08-01,C0225,R02,Enterprise,Enterprise Suite,194544.62,0,0,0,0,194544.62,194544.62
2024-09-01,C0225,R02,Enterprise,Enterprise Suite,194544.62,0,0,0,0,194544.62,194544.62
2024-10-01,C0225,R02,Enterprise,Enterprise Suite,194544.62,0,0,0,0,194544.62,194544.62
2024-11-01,C0225,R02,Enterprise,Enterprise Suite,194544.62,0,0,0,0,194544.62,194544.62
2024-12-01,C0225,R02,Enterprise,Enterprise Suite,194544.62,0,0,0,0,194544.62,194544.62
2025-01-01,C0225,R02,Enterprise,Enterprise Suite,194544.62,0,0,0,0,194544.62,194544.62
2025-02-01,C0225,R02,Enterprise,Enterprise Suite,194544.62,0,5836.34,0,0,200380.96,197462.79
2025-03-01,C0225,R02,Enterprise,Enterprise Suite,200380.96,0,0,0,0,200380.96,200380.96
2025-04-01,C0225,R02,Enterprise,Enterprise Suite,200380.96,0,0,0,0,200380.96,200380.96
2025-05-01,C0225,R02,Enterprise,Enterprise Suite,200380.96,0,0,0,0,200380.96,200380.96
2025-06-01,C0225,R02,Enterprise,Enterprise Suite,200380.96,0,0,0,0,200380.96,200380.96
2025-07-01,C0225,R02,Enterprise,Enterprise Suite,200380.96,0,0,0,0,200380.96,200380.96
2025-08-01,C0225,R02,Enterprise,Enterprise Suite,200380.96,0,0,0,0,200380.96,200380.96
2025-09-01,C0225,R02,Enterprise,Enterprise Suite,200380.96,0,0,0,0,200380.96,200380.96
2025-10-01,C0225,R02,Enterprise,Enterprise Suite,200380.96,0,0,0,0,200380.96,200380.96
2025-11-01,C0225,R02,Enterprise,Enterprise Suite,200380.96,0,0,0,0,200380.96,200380.96
2025-12-01,C0225,R02,Enterprise,Enterprise Suite,200380.96,0,0,0,0,200380.96,200380.96
2026-01-01,C0225,R02,Enterprise,Enterprise Suite,200380.96,0,0,0,0,200380.96,200380.96
2026-02-01,C0225,R02,Enterprise,Enterprise Suite,200380.96,0,25740.63,0,0,226121.59,213251.27
2026-03-01,C0225,R02,Enterprise,Enterprise Suite,226121.59,0,0,0,0,226121.59,226121.59
2026-04-01,C0225,R02,Enterprise,Enterprise Suite,226121.59,0,0,0,226121.59,0,113060.79
2023-01-01,C0226,R01,SMB,Core,2722.07,0,0,0,0,2722.07,2722.07
2023-02-01,C0226,R01,SMB,Core,2722.07,0,0,0,0,2722.07,2722.07
2023-03-01,C0226,R01,SMB,Core,2722.07,0,0,0,0,2722.07,2722.07
2023-04-01,C0226,R01,SMB,Core,2722.07,0,0,0,0,2722.07,2722.07
2023-05-01,C0226,R01,SMB,Core,2722.07,0,0,0,0,2722.07,2722.07
2023-06-01,C0226,R01,SMB,Core,2722.07,0,0,0,0,2722.07,2722.07
2023-07-01,C0226,R01,SMB,Core,2722.07,0,0,0,0,2722.07,2722.07
2023-08-01,C0226,R01,SMB,Core,2722.07,0,0,0,0,2722.07,2722.07
2023-09-01,C0226,R01,SMB,Core,2722.07,0,81.66,0,0,2803.74,2762.9
2023-10-01,C0226,R01,SMB,Core,2803.74,0,0,0,0,2803.74,2803.74
2023-11-01,C0226,R01,SMB,Core,2803.74,0,0,0,0,2803.74,2803.74
2023-12-01,C0226,R01,SMB,Core,2803.74,0,0,0,0,2803.74,2803.74
2024-01-01,C0226,R01,SMB,Core,2803.74,0,0,0,0,2803.74,2803.74
2024-02-01,C0226,R01,SMB,Core,2803.74,0,0,0,0,2803.74,2803.74
2024-03-01,C0226,R01,SMB,Core,2803.74,0,0,0,0,2803.74,2803.74
2024-04-01,C0226,R01,SMB,Core,2803.74,0,0,0,0,2803.74,2803.74
2024-05-01,C0226,R01,SMB,Core,2803.74,0,0,0,0,2803.74,2803.74
2024-06-01,C0226,R01,SMB,Core,2803.74,0,0,0,0,2803.74,2803.74
2024-07-01,C0226,R01,SMB,Core,2803.74,0,0,0,0,2803.74,2803.74
2024-08-01,C0226,R01,SMB,Core,2803.74,0,0,0,0,2803.74,2803.74
2024-09-01,C0226,R01,SMB,Core,2803.74,0,169.21,0,0,2972.95,2888.34
2024-10-01,C0226,R01,SMB,Core,2972.95,0,0,0,0,2972.95,2972.95
2024-11-01,C0226,R01,SMB,Core,2972.95,0,0,0,0,2972.95,2972.95
2024-12-01,C0226,R01,SMB,Core,2972.95,0,0,0,0,2972.95,2972.95
2025-01-01,C0226,R01,SMB,Core,2972.95,0,0,0,0,2972.95,2972.95
2025-02-01,C0226,R01,SMB,Core,2972.95,0,0,0,0,2972.95,2972.95
2025-03-01,C0226,R01,SMB,Core,2972.95,0,0,0,0,2972.95,2972.95
2025-04-01,C0226,R01,SMB,Core,2972.95,0,0,0,0,2972.95,2972.95
2025-05-01,C0226,R01,SMB,Core,2972.95,0,0,0,0,2972.95,2972.95
2025-06-01,C0226,R01,SMB,Core,2972.95,0,0,0,0,2972.95,2972.95
2025-07-01,C0226,R01,SMB,Core,2972.95,0,0,0,0,2972.95,2972.95
2025-08-01,C0226,R01,SMB,Core,2972.95,0,0,0,0,2972.95,2972.95
2025-09-01,C0226,R01,SMB,Core,2972.95,0,89.19,0,0,3062.14,3017.54
2025-10-01,C0226,R01,SMB,Core,3062.14,0,0,0,0,3062.14,3062.14
2025-11-01,C0226,R01,SMB,Core,3062.14,0,0,0,0,3062.14,3062.14
2025-12-01,C0226,R01,SMB,Core,3062.14,0,0,0,0,3062.14,3062.14
2026-01-01,C0226,R01,SMB,Core,3062.14,0,0,0,0,3062.14,3062.14
2026-02-01,C0226,R01,SMB,Core,3062.14,0,0,0,0,3062.14,3062.14
2026-03-01,C0226,R01,SMB,Core,3062.14,0,0,0,0,3062.14,3062.14
2026-04-01,C0226,R01,SMB,Core,3062.14,0,0,0,0,3062.14,3062.14
2026-05-01,C0226,R01,SMB,Core,3062.14,0,0,0,0,3062.14,3062.14
2026-06-01,C0226,R01,SMB,Core,3062.14,0,0,0,0,3062.14,3062.14
2023-01-01,C0227,R03,Mid-Market,Business,13247.26,0,0,0,0,13247.26,13247.26
2023-02-01,C0227,R03,Mid-Market,Business,13247.26,0,0,0,0,13247.26,13247.26
2023-03-01,C0227,R03,Mid-Market,Business,13247.26,0,397.42,0,0,13644.68,13445.97
2023-04-01,C0227,R03,Mid-Market,Business,13644.68,0,0,0,0,13644.68,13644.68
2023-05-01,C0227,R03,Mid-Market,Business,13644.68,0,0,0,0,13644.68,13644.68
2023-06-01,C0227,R03,Mid-Market,Business,13644.68,0,0,0,0,13644.68,13644.68
2023-07-01,C0227,R03,Mid-Market,Business,13644.68,0,0,0,0,13644.68,13644.68
2023-08-01,C0227,R03,Mid-Market,Business,13644.68,0,0,0,0,13644.68,13644.68
2023-09-01,C0227,R03,Mid-Market,Business,13644.68,0,0,0,0,13644.68,13644.68
2023-10-01,C0227,R03,Mid-Market,Business,13644.68,0,0,0,0,13644.68,13644.68
2023-11-01,C0227,R03,Mid-Market,Business,13644.68,0,0,0,0,13644.68,13644.68
2023-12-01,C0227,R03,Mid-Market,Business,13644.68,0,0,0,0,13644.68,13644.68
2024-01-01,C0227,R03,Mid-Market,Business,13644.68,0,0,0,0,13644.68,13644.68
2024-02-01,C0227,R03,Mid-Market,Business,13644.68,0,0,0,0,13644.68,13644.68
2024-03-01,C0227,R03,Mid-Market,Business,13644.68,0,940.14,0,0,14584.81,14114.74
2024-04-01,C0227,R03,Mid-Market,Business,14584.81,0,0,0,0,14584.81,14584.81
2024-05-01,C0227,R03,Mid-Market,Business,14584.81,0,0,0,0,14584.81,14584.81
2024-06-01,C0227,R03,Mid-Market,Business,14584.81,0,0,0,0,14584.81,14584.81
2024-07-01,C0227,R03,Mid-Market,Business,14584.81,0,0,0,0,14584.81,14584.81
2024-08-01,C0227,R03,Mid-Market,Business,14584.81,0,0,0,0,14584.81,14584.81
2024-09-01,C0227,R03,Mid-Market,Business,14584.81,0,0,0,0,14584.81,14584.81
2024-10-01,C0227,R03,Mid-Market,Business,14584.81,0,0,0,0,14584.81,14584.81
2024-11-01,C0227,R03,Mid-Market,Business,14584.81,0,0,0,0,14584.81,14584.81
2024-12-01,C0227,R03,Mid-Market,Business,14584.81,0,0,0,0,14584.81,14584.81
2025-01-01,C0227,R03,Mid-Market,Business,14584.81,0,0,0,0,14584.81,14584.81
2025-02-01,C0227,R03,Mid-Market,Business,14584.81,0,0,0,0,14584.81,14584.81
2025-03-01,C0227,R03,Mid-Market,Business,14584.81,0,1174.74,0,0,15759.56,15172.19
2025-04-01,C0227,R03,Mid-Market,Business,15759.56,0,0,0,0,15759.56,15759.56
2025-05-01,C0227,R03,Mid-Market,Business,15759.56,0,0,0,0,15759.56,15759.56
2025-06-01,C0227,R03,Mid-Market,Business,15759.56,0,0,0,0,15759.56,15759.56
2025-07-01,C0227,R03,Mid-Market,Business,15759.56,0,0,0,0,15759.56,15759.56
2025-08-01,C0227,R03,Mid-Market,Business,15759.56,0,0,0,0,15759.56,15759.56
2025-09-01,C0227,R03,Mid-Market,Business,15759.56,0,0,0,0,15759.56,15759.56
2025-10-01,C0227,R03,Mid-Market,Business,15759.56,0,0,0,0,15759.56,15759.56
2025-11-01,C0227,R03,Mid-Market,Business,15759.56,0,0,0,0,15759.56,15759.56
2025-12-01,C0227,R03,Mid-Market,Business,15759.56,0,0,0,0,15759.56,15759.56
2026-01-01,C0227,R03,Mid-Market,Business,15759.56,0,0,0,0,15759.56,15759.56
2026-02-01,C0227,R03,Mid-Market,Business,15759.56,0,0,0,0,15759.56,15759.56
2026-03-01,C0227,R03,Mid-Market,Business,15759.56,0,472.79,0,0,16232.34,15995.95
2026-04-01,C0227,R03,Mid-Market,Business,16232.34,0,0,0,0,16232.34,16232.34
2026-05-01,C0227,R03,Mid-Market,Business,16232.34,0,0,0,0,16232.34,16232.34
2026-06-01,C0227,R03,Mid-Market,Business,16232.34,0,0,0,0,16232.34,16232.34
2023-01-01,C0228,R01,Mid-Market,Business,14648.92,0,0,0,0,14648.92,14648.92
2023-02-01,C0228,R01,Mid-Market,Business,14648.92,0,0,0,0,14648.92,14648.92
2023-03-01,C0228,R01,Mid-Market,Business,14648.92,0,0,0,0,14648.92,14648.92
2023-04-01,C0228,R01,Mid-Market,Business,14648.92,0,0,0,0,14648.92,14648.92
2023-05-01,C0228,R01,Mid-Market,Business,14648.92,0,0,0,0,14648.92,14648.92
2023-06-01,C0228,R01,Mid-Market,Business,14648.92,0,0,0,0,14648.92,14648.92
2023-07-01,C0228,R01,Mid-Market,Business,14648.92,0,0,0,0,14648.92,14648.92
2023-08-01,C0228,R01,Mid-Market,Business,14648.92,0,1571.51,0,0,16220.43,15434.68
2023-09-01,C0228,R01,Mid-Market,Business,16220.43,0,0,0,0,16220.43,16220.43
2023-10-01,C0228,R01,Mid-Market,Business,16220.43,0,0,0,0,16220.43,16220.43
2023-11-01,C0228,R01,Mid-Market,Business,16220.43,0,0,0,0,16220.43,16220.43
2023-12-01,C0228,R01,Mid-Market,Business,16220.43,0,0,0,0,16220.43,16220.43
2024-01-01,C0228,R01,Mid-Market,Business,16220.43,0,0,0,0,16220.43,16220.43
2024-02-01,C0228,R01,Mid-Market,Business,16220.43,0,0,0,0,16220.43,16220.43
2024-03-01,C0228,R01,Mid-Market,Business,16220.43,0,0,0,0,16220.43,16220.43
2024-04-01,C0228,R01,Mid-Market,Business,16220.43,0,0,0,0,16220.43,16220.43
2024-05-01,C0228,R01,Mid-Market,Business,16220.43,0,0,0,0,16220.43,16220.43
2024-06-01,C0228,R01,Mid-Market,Business,16220.43,0,0,0,0,16220.43,16220.43
2024-07-01,C0228,R01,Mid-Market,Business,16220.43,0,0,0,0,16220.43,16220.43
2024-08-01,C0228,R01,Mid-Market,Business,16220.43,0,486.61,0,0,16707.04,16463.74
2024-09-01,C0228,R01,Mid-Market,Business,16707.04,0,0,0,0,16707.04,16707.04
2024-10-01,C0228,R01,Mid-Market,Business,16707.04,0,0,0,0,16707.04,16707.04
2024-11-01,C0228,R01,Mid-Market,Business,16707.04,0,0,0,0,16707.04,16707.04
2024-12-01,C0228,R01,Mid-Market,Business,16707.04,0,0,0,0,16707.04,16707.04
2025-01-01,C0228,R01,Mid-Market,Business,16707.04,0,0,0,0,16707.04,16707.04
2025-02-01,C0228,R01,Mid-Market,Business,16707.04,0,0,0,0,16707.04,16707.04
2025-03-01,C0228,R01,Mid-Market,Business,16707.04,0,0,0,0,16707.04,16707.04
2025-04-01,C0228,R01,Mid-Market,Business,16707.04,0,0,0,0,16707.04,16707.04
2025-05-01,C0228,R01,Mid-Market,Business,16707.04,0,0,0,0,16707.04,16707.04
2025-06-01,C0228,R01,Mid-Market,Business,16707.04,0,0,0,0,16707.04,16707.04
2025-07-01,C0228,R01,Mid-Market,Business,16707.04,0,0,0,0,16707.04,16707.04
2025-08-01,C0228,R01,Mid-Market,Business,16707.04,0,501.21,0,0,17208.25,16957.65
2025-09-01,C0228,R01,Mid-Market,Business,17208.25,0,0,0,0,17208.25,17208.25
2025-10-01,C0228,R01,Mid-Market,Business,17208.25,0,0,0,0,17208.25,17208.25
2025-11-01,C0228,R01,Mid-Market,Business,17208.25,0,0,0,0,17208.25,17208.25
2025-12-01,C0228,R01,Mid-Market,Business,17208.25,0,0,0,0,17208.25,17208.25
2026-01-01,C0228,R01,Mid-Market,Business,17208.25,0,0,0,0,17208.25,17208.25
2026-02-01,C0228,R01,Mid-Market,Business,17208.25,0,0,0,0,17208.25,17208.25
2026-03-01,C0228,R01,Mid-Market,Business,17208.25,0,0,0,0,17208.25,17208.25
2026-04-01,C0228,R01,Mid-Market,Business,17208.25,0,0,0,0,17208.25,17208.25
2026-05-01,C0228,R01,Mid-Market,Business,17208.25,0,0,0,0,17208.25,17208.25
2026-06-01,C0228,R01,Mid-Market,Business,17208.25,0,0,0,0,17208.25,17208.25
2023-01-01,C0229,R03,Enterprise,Enterprise Suite,93466.17,0,0,0,0,93466.17,93466.17
2023-02-01,C0229,R03,Enterprise,Enterprise Suite,93466.17,0,0,0,0,93466.17,93466.17
2023-03-01,C0229,R03,Enterprise,Enterprise Suite,93466.17,0,0,0,0,93466.17,93466.17
2023-04-01,C0229,R03,Enterprise,Enterprise Suite,93466.17,0,0,0,0,93466.17,93466.17
2023-05-01,C0229,R03,Enterprise,Enterprise Suite,93466.17,0,0,0,0,93466.17,93466.17
2023-06-01,C0229,R03,Enterprise,Enterprise Suite,93466.17,0,0,0,0,93466.17,93466.17
2023-07-01,C0229,R03,Enterprise,Enterprise Suite,93466.17,0,0,0,0,93466.17,93466.17
2023-08-01,C0229,R03,Enterprise,Enterprise Suite,93466.17,0,2803.99,0,0,96270.15,94868.16
2023-09-01,C0229,R03,Enterprise,Enterprise Suite,96270.15,0,0,0,0,96270.15,96270.15
2023-10-01,C0229,R03,Enterprise,Enterprise Suite,96270.15,0,0,0,0,96270.15,96270.15
2023-11-01,C0229,R03,Enterprise,Enterprise Suite,96270.15,0,0,0,0,96270.15,96270.15
2023-12-01,C0229,R03,Enterprise,Enterprise Suite,96270.15,0,0,0,0,96270.15,96270.15
2024-01-01,C0229,R03,Enterprise,Enterprise Suite,96270.15,0,0,0,0,96270.15,96270.15
2024-02-01,C0229,R03,Enterprise,Enterprise Suite,96270.15,0,0,0,0,96270.15,96270.15
2024-03-01,C0229,R03,Enterprise,Enterprise Suite,96270.15,0,0,0,0,96270.15,96270.15
2024-04-01,C0229,R03,Enterprise,Enterprise Suite,96270.15,0,0,0,0,96270.15,96270.15
2024-05-01,C0229,R03,Enterprise,Enterprise Suite,96270.15,0,0,0,0,96270.15,96270.15
2024-06-01,C0229,R03,Enterprise,Enterprise Suite,96270.15,0,0,0,0,96270.15,96270.15
2024-07-01,C0229,R03,Enterprise,Enterprise Suite,96270.15,0,0,0,0,96270.15,96270.15
2024-08-01,C0229,R03,Enterprise,Enterprise Suite,96270.15,0,13333.04,0,0,109603.19,102936.67
2024-09-01,C0229,R03,Enterprise,Enterprise Suite,109603.19,0,0,0,0,109603.19,109603.19
2024-10-01,C0229,R03,Enterprise,Enterprise Suite,109603.19,0,0,0,0,109603.19,109603.19
2024-11-01,C0229,R03,Enterprise,Enterprise Suite,109603.19,0,0,0,0,109603.19,109603.19
2024-12-01,C0229,R03,Enterprise,Enterprise Suite,109603.19,0,0,0,0,109603.19,109603.19
2025-01-01,C0229,R03,Enterprise,Enterprise Suite,109603.19,0,0,0,0,109603.19,109603.19
2025-02-01,C0229,R03,Enterprise,Enterprise Suite,109603.19,0,0,0,0,109603.19,109603.19
2025-03-01,C0229,R03,Enterprise,Enterprise Suite,109603.19,0,0,0,0,109603.19,109603.19
2025-04-01,C0229,R03,Enterprise,Enterprise Suite,109603.19,0,0,0,0,109603.19,109603.19
2025-05-01,C0229,R03,Enterprise,Enterprise Suite,109603.19,0,0,0,0,109603.19,109603.19
2025-06-01,C0229,R03,Enterprise,Enterprise Suite,109603.19,0,0,0,0,109603.19,109603.19
2025-07-01,C0229,R03,Enterprise,Enterprise Suite,109603.19,0,0,0,0,109603.19,109603.19
2025-08-01,C0229,R03,Enterprise,Enterprise Suite,109603.19,0,17387.61,0,0,126990.8,118297
2025-09-01,C0229,R03,Enterprise,Enterprise Suite,126990.8,0,0,0,0,126990.8,126990.8
2025-10-01,C0229,R03,Enterprise,Enterprise Suite,126990.8,0,0,0,0,126990.8,126990.8
2025-11-01,C0229,R03,Enterprise,Enterprise Suite,126990.8,0,0,0,0,126990.8,126990.8
2025-12-01,C0229,R03,Enterprise,Enterprise Suite,126990.8,0,0,0,0,126990.8,126990.8
2026-01-01,C0229,R03,Enterprise,Enterprise Suite,126990.8,0,0,0,0,126990.8,126990.8
2026-02-01,C0229,R03,Enterprise,Enterprise Suite,126990.8,0,0,0,0,126990.8,126990.8
2026-03-01,C0229,R03,Enterprise,Enterprise Suite,126990.8,0,0,0,0,126990.8,126990.8
2026-04-01,C0229,R03,Enterprise,Enterprise Suite,126990.8,0,0,0,0,126990.8,126990.8
2026-05-01,C0229,R03,Enterprise,Enterprise Suite,126990.8,0,0,0,0,126990.8,126990.8
2026-06-01,C0229,R03,Enterprise,Enterprise Suite,126990.8,0,0,0,0,126990.8,126990.8
2023-01-01,C0230,R03,Mid-Market,Business,11795.23,0,0,0,0,11795.23,11795.23
2023-02-01,C0230,R03,Mid-Market,Business,11795.23,0,0,0,0,11795.23,11795.23
2023-03-01,C0230,R03,Mid-Market,Business,11795.23,0,0,0,0,11795.23,11795.23
2023-04-01,C0230,R03,Mid-Market,Business,11795.23,0,0,0,0,11795.23,11795.23
2023-05-01,C0230,R03,Mid-Market,Business,11795.23,0,0,0,0,11795.23,11795.23
2023-06-01,C0230,R03,Mid-Market,Business,11795.23,0,353.86,0,0,12149.09,11972.16
2023-07-01,C0230,R03,Mid-Market,Business,12149.09,0,0,0,0,12149.09,12149.09
2023-08-01,C0230,R03,Mid-Market,Business,12149.09,0,0,0,0,12149.09,12149.09
2023-09-01,C0230,R03,Mid-Market,Business,12149.09,0,0,0,0,12149.09,12149.09
2023-10-01,C0230,R03,Mid-Market,Business,12149.09,0,0,0,0,12149.09,12149.09
2023-11-01,C0230,R03,Mid-Market,Business,12149.09,0,0,0,0,12149.09,12149.09
2023-12-01,C0230,R03,Mid-Market,Business,12149.09,0,0,0,0,12149.09,12149.09
2024-01-01,C0230,R03,Mid-Market,Business,12149.09,0,0,0,0,12149.09,12149.09
2024-02-01,C0230,R03,Mid-Market,Business,12149.09,0,0,0,0,12149.09,12149.09
2024-03-01,C0230,R03,Mid-Market,Business,12149.09,0,0,0,0,12149.09,12149.09
2024-04-01,C0230,R03,Mid-Market,Business,12149.09,0,0,0,0,12149.09,12149.09
2024-05-01,C0230,R03,Mid-Market,Business,12149.09,0,0,0,0,12149.09,12149.09
2024-06-01,C0230,R03,Mid-Market,Business,12149.09,0,920.03,0,0,13069.12,12609.11
2024-07-01,C0230,R03,Mid-Market,Business,13069.12,0,0,0,0,13069.12,13069.12
2024-08-01,C0230,R03,Mid-Market,Business,13069.12,0,0,0,0,13069.12,13069.12
2024-09-01,C0230,R03,Mid-Market,Business,13069.12,0,0,0,0,13069.12,13069.12
2024-10-01,C0230,R03,Mid-Market,Business,13069.12,0,0,0,0,13069.12,13069.12
2024-11-01,C0230,R03,Mid-Market,Business,13069.12,0,0,0,0,13069.12,13069.12
2024-12-01,C0230,R03,Mid-Market,Business,13069.12,0,0,0,0,13069.12,13069.12
2025-01-01,C0230,R03,Mid-Market,Business,13069.12,0,0,0,0,13069.12,13069.12
2025-02-01,C0230,R03,Mid-Market,Business,13069.12,0,0,0,0,13069.12,13069.12
2025-03-01,C0230,R03,Mid-Market,Business,13069.12,0,0,0,0,13069.12,13069.12
2025-04-01,C0230,R03,Mid-Market,Business,13069.12,0,0,0,0,13069.12,13069.12
2025-05-01,C0230,R03,Mid-Market,Business,13069.12,0,0,0,0,13069.12,13069.12
2025-06-01,C0230,R03,Mid-Market,Business,13069.12,0,1294.01,535.34,0,13827.8,13448.46
2025-07-01,C0230,R03,Mid-Market,Business,13827.8,0,0,0,0,13827.8,13827.8
2025-08-01,C0230,R03,Mid-Market,Business,13827.8,0,0,0,0,13827.8,13827.8
2025-09-01,C0230,R03,Mid-Market,Business,13827.8,0,0,0,0,13827.8,13827.8
2025-10-01,C0230,R03,Mid-Market,Business,13827.8,0,0,0,0,13827.8,13827.8
2025-11-01,C0230,R03,Mid-Market,Business,13827.8,0,0,0,0,13827.8,13827.8
2025-12-01,C0230,R03,Mid-Market,Business,13827.8,0,0,0,0,13827.8,13827.8
2026-01-01,C0230,R03,Mid-Market,Business,13827.8,0,0,0,0,13827.8,13827.8
2026-02-01,C0230,R03,Mid-Market,Business,13827.8,0,0,0,0,13827.8,13827.8
2026-03-01,C0230,R03,Mid-Market,Business,13827.8,0,0,0,0,13827.8,13827.8
2026-04-01,C0230,R03,Mid-Market,Business,13827.8,0,0,0,0,13827.8,13827.8
2026-05-01,C0230,R03,Mid-Market,Business,13827.8,0,0,0,0,13827.8,13827.8
2026-06-01,C0230,R03,Mid-Market,Business,13827.8,0,1089.87,0,0,14917.67,14372.74
2023-06-01,C0231,R03,Mid-Market,Business,0,24863.54,0,0,0,24863.54,12431.77
2023-07-01,C0231,R03,Mid-Market,Business,24863.54,0,0,0,0,24863.54,24863.54
2023-08-01,C0231,R03,Mid-Market,Business,24863.54,0,0,0,0,24863.54,24863.54
2023-09-01,C0231,R03,Mid-Market,Business,24863.54,0,0,0,0,24863.54,24863.54
2023-10-01,C0231,R03,Mid-Market,Business,24863.54,0,0,0,0,24863.54,24863.54
2023-11-01,C0231,R03,Mid-Market,Business,24863.54,0,0,0,0,24863.54,24863.54
2023-12-01,C0231,R03,Mid-Market,Business,24863.54,0,0,0,0,24863.54,24863.54
2024-01-01,C0231,R03,Mid-Market,Business,24863.54,0,0,0,0,24863.54,24863.54
2024-02-01,C0231,R03,Mid-Market,Business,24863.54,0,0,0,0,24863.54,24863.54
2024-03-01,C0231,R03,Mid-Market,Business,24863.54,0,0,0,0,24863.54,24863.54
2024-04-01,C0231,R03,Mid-Market,Business,24863.54,0,0,0,0,24863.54,24863.54
2024-05-01,C0231,R03,Mid-Market,Business,24863.54,0,0,0,0,24863.54,24863.54
2024-06-01,C0231,R03,Mid-Market,Business,24863.54,0,745.91,0,0,25609.45,25236.5
2024-07-01,C0231,R03,Mid-Market,Business,25609.45,0,0,0,0,25609.45,25609.45
2024-08-01,C0231,R03,Mid-Market,Business,25609.45,0,0,0,0,25609.45,25609.45
2024-09-01,C0231,R03,Mid-Market,Business,25609.45,0,0,0,0,25609.45,25609.45
2024-10-01,C0231,R03,Mid-Market,Business,25609.45,0,0,0,0,25609.45,25609.45
2024-11-01,C0231,R03,Mid-Market,Business,25609.45,0,0,0,0,25609.45,25609.45
2024-12-01,C0231,R03,Mid-Market,Business,25609.45,0,0,0,0,25609.45,25609.45
2025-01-01,C0231,R03,Mid-Market,Business,25609.45,0,0,0,0,25609.45,25609.45
2025-02-01,C0231,R03,Mid-Market,Business,25609.45,0,0,0,0,25609.45,25609.45
2025-03-01,C0231,R03,Mid-Market,Business,25609.45,0,0,0,0,25609.45,25609.45
2025-04-01,C0231,R03,Mid-Market,Business,25609.45,0,0,0,0,25609.45,25609.45
2025-05-01,C0231,R03,Mid-Market,Business,25609.45,0,0,0,0,25609.45,25609.45
2025-06-01,C0231,R03,Mid-Market,Business,25609.45,0,768.28,356.84,0,26020.89,25815.17
2025-07-01,C0231,R03,Mid-Market,Business,26020.89,0,0,0,0,26020.89,26020.89
2025-08-01,C0231,R03,Mid-Market,Business,26020.89,0,0,0,0,26020.89,26020.89
2025-09-01,C0231,R03,Mid-Market,Business,26020.89,0,0,0,0,26020.89,26020.89
2025-10-01,C0231,R03,Mid-Market,Business,26020.89,0,0,0,0,26020.89,26020.89
2025-11-01,C0231,R03,Mid-Market,Business,26020.89,0,0,0,0,26020.89,26020.89
2025-12-01,C0231,R03,Mid-Market,Business,26020.89,0,0,0,0,26020.89,26020.89
2026-01-01,C0231,R03,Mid-Market,Business,26020.89,0,0,0,0,26020.89,26020.89
2026-02-01,C0231,R03,Mid-Market,Business,26020.89,0,0,0,0,26020.89,26020.89
2026-03-01,C0231,R03,Mid-Market,Business,26020.89,0,0,0,0,26020.89,26020.89
2026-04-01,C0231,R03,Mid-Market,Business,26020.89,0,0,0,0,26020.89,26020.89
2026-05-01,C0231,R03,Mid-Market,Business,26020.89,0,0,0,0,26020.89,26020.89
2026-06-01,C0231,R03,Mid-Market,Business,26020.89,0,3319.46,0,0,29340.36,27680.63
2025-07-01,C0232,R01,SMB,Core,0,4563.54,0,0,0,4563.54,2281.77
2025-08-01,C0232,R01,SMB,Core,4563.54,0,0,0,0,4563.54,4563.54
2025-09-01,C0232,R01,SMB,Core,4563.54,0,0,0,0,4563.54,4563.54
2025-10-01,C0232,R01,SMB,Core,4563.54,0,0,0,0,4563.54,4563.54
2025-11-01,C0232,R01,SMB,Core,4563.54,0,0,0,0,4563.54,4563.54
2025-12-01,C0232,R01,SMB,Core,4563.54,0,0,0,0,4563.54,4563.54
2026-01-01,C0232,R01,SMB,Core,4563.54,0,0,0,0,4563.54,4563.54
2026-02-01,C0232,R01,SMB,Core,4563.54,0,0,0,0,4563.54,4563.54
2026-03-01,C0232,R01,SMB,Core,4563.54,0,0,0,0,4563.54,4563.54
2026-04-01,C0232,R01,SMB,Core,4563.54,0,0,0,0,4563.54,4563.54
2026-05-01,C0232,R01,SMB,Core,4563.54,0,0,0,0,4563.54,4563.54
2026-06-01,C0232,R01,SMB,Core,4563.54,0,0,0,0,4563.54,4563.54
2024-03-01,C0233,R01,Enterprise,Enterprise Suite,0,52450.47,0,0,0,52450.47,26225.24
2024-04-01,C0233,R01,Enterprise,Enterprise Suite,52450.47,0,0,0,0,52450.47,52450.47
2024-05-01,C0233,R01,Enterprise,Enterprise Suite,52450.47,0,0,0,0,52450.47,52450.47
2024-06-01,C0233,R01,Enterprise,Enterprise Suite,52450.47,0,0,0,0,52450.47,52450.47
2024-07-01,C0233,R01,Enterprise,Enterprise Suite,52450.47,0,0,0,0,52450.47,52450.47
2024-08-01,C0233,R01,Enterprise,Enterprise Suite,52450.47,0,0,0,0,52450.47,52450.47
2024-09-01,C0233,R01,Enterprise,Enterprise Suite,52450.47,0,0,0,0,52450.47,52450.47
2024-10-01,C0233,R01,Enterprise,Enterprise Suite,52450.47,0,0,0,0,52450.47,52450.47
2024-11-01,C0233,R01,Enterprise,Enterprise Suite,52450.47,0,0,0,0,52450.47,52450.47
2024-12-01,C0233,R01,Enterprise,Enterprise Suite,52450.47,0,0,0,0,52450.47,52450.47
2025-01-01,C0233,R01,Enterprise,Enterprise Suite,52450.47,0,0,0,0,52450.47,52450.47
2025-02-01,C0233,R01,Enterprise,Enterprise Suite,52450.47,0,0,0,0,52450.47,52450.47
2025-03-01,C0233,R01,Enterprise,Enterprise Suite,52450.47,0,2890.83,0,0,55341.3,53895.89
2025-04-01,C0233,R01,Enterprise,Enterprise Suite,55341.3,0,0,0,0,55341.3,55341.3
2025-05-01,C0233,R01,Enterprise,Enterprise Suite,55341.3,0,0,0,0,55341.3,55341.3
2025-06-01,C0233,R01,Enterprise,Enterprise Suite,55341.3,0,0,0,0,55341.3,55341.3
2025-07-01,C0233,R01,Enterprise,Enterprise Suite,55341.3,0,0,0,0,55341.3,55341.3
2025-08-01,C0233,R01,Enterprise,Enterprise Suite,55341.3,0,0,0,0,55341.3,55341.3
2025-09-01,C0233,R01,Enterprise,Enterprise Suite,55341.3,0,0,0,0,55341.3,55341.3
2025-10-01,C0233,R01,Enterprise,Enterprise Suite,55341.3,0,0,0,0,55341.3,55341.3
2025-11-01,C0233,R01,Enterprise,Enterprise Suite,55341.3,0,0,0,0,55341.3,55341.3
2025-12-01,C0233,R01,Enterprise,Enterprise Suite,55341.3,0,0,0,0,55341.3,55341.3
2026-01-01,C0233,R01,Enterprise,Enterprise Suite,55341.3,0,0,0,0,55341.3,55341.3
2026-02-01,C0233,R01,Enterprise,Enterprise Suite,55341.3,0,0,0,0,55341.3,55341.3
2026-03-01,C0233,R01,Enterprise,Enterprise Suite,55341.3,0,1660.24,0,0,57001.54,56171.42
2026-04-01,C0233,R01,Enterprise,Enterprise Suite,57001.54,0,0,0,0,57001.54,57001.54
2026-05-01,C0233,R01,Enterprise,Enterprise Suite,57001.54,0,0,0,0,57001.54,57001.54
2026-06-01,C0233,R01,Enterprise,Enterprise Suite,57001.54,0,0,0,0,57001.54,57001.54
2024-04-01,C0234,R02,Mid-Market,Business,0,20625.85,0,0,0,20625.85,10312.93
2024-05-01,C0234,R02,Mid-Market,Business,20625.85,0,0,0,0,20625.85,20625.85
2024-06-01,C0234,R02,Mid-Market,Business,20625.85,0,0,0,0,20625.85,20625.85
2024-07-01,C0234,R02,Mid-Market,Business,20625.85,0,0,0,0,20625.85,20625.85
2024-08-01,C0234,R02,Mid-Market,Business,20625.85,0,0,0,0,20625.85,20625.85
2024-09-01,C0234,R02,Mid-Market,Business,20625.85,0,0,0,0,20625.85,20625.85
2024-10-01,C0234,R02,Mid-Market,Business,20625.85,0,0,0,0,20625.85,20625.85
2024-11-01,C0234,R02,Mid-Market,Business,20625.85,0,0,0,0,20625.85,20625.85
2024-12-01,C0234,R02,Mid-Market,Business,20625.85,0,0,0,0,20625.85,20625.85
2025-01-01,C0234,R02,Mid-Market,Business,20625.85,0,0,0,0,20625.85,20625.85
2025-02-01,C0234,R02,Mid-Market,Business,20625.85,0,0,0,0,20625.85,20625.85
2025-03-01,C0234,R02,Mid-Market,Business,20625.85,0,0,0,0,20625.85,20625.85
2025-04-01,C0234,R02,Mid-Market,Business,20625.85,0,1183.81,0,21809.66,0,10312.93
2023-01-01,C0235,R02,Mid-Market,Business,7853.04,0,0,0,0,7853.04,7853.04
2023-02-01,C0235,R02,Mid-Market,Business,7853.04,0,0,0,0,7853.04,7853.04
2023-03-01,C0235,R02,Mid-Market,Business,7853.04,0,0,0,0,7853.04,7853.04
2023-04-01,C0235,R02,Mid-Market,Business,7853.04,0,652.41,0,0,8505.45,8179.25
2023-05-01,C0235,R02,Mid-Market,Business,8505.45,0,0,0,0,8505.45,8505.45
2023-06-01,C0235,R02,Mid-Market,Business,8505.45,0,0,0,0,8505.45,8505.45
2023-07-01,C0235,R02,Mid-Market,Business,8505.45,0,0,0,0,8505.45,8505.45
2023-08-01,C0235,R02,Mid-Market,Business,8505.45,0,0,0,0,8505.45,8505.45
2023-09-01,C0235,R02,Mid-Market,Business,8505.45,0,0,0,0,8505.45,8505.45
2023-10-01,C0235,R02,Mid-Market,Business,8505.45,0,0,0,0,8505.45,8505.45
2023-11-01,C0235,R02,Mid-Market,Business,8505.45,0,0,0,0,8505.45,8505.45
2023-12-01,C0235,R02,Mid-Market,Business,8505.45,0,0,0,0,8505.45,8505.45
2024-01-01,C0235,R02,Mid-Market,Business,8505.45,0,0,0,0,8505.45,8505.45
2024-02-01,C0235,R02,Mid-Market,Business,8505.45,0,0,0,0,8505.45,8505.45
2024-03-01,C0235,R02,Mid-Market,Business,8505.45,0,0,0,0,8505.45,8505.45
2024-04-01,C0235,R02,Mid-Market,Business,8505.45,0,255.16,0,0,8760.61,8633.03
2024-05-01,C0235,R02,Mid-Market,Business,8760.61,0,0,0,0,8760.61,8760.61
2024-06-01,C0235,R02,Mid-Market,Business,8760.61,0,0,0,0,8760.61,8760.61
2024-07-01,C0235,R02,Mid-Market,Business,8760.61,0,0,0,0,8760.61,8760.61
2024-08-01,C0235,R02,Mid-Market,Business,8760.61,0,0,0,0,8760.61,8760.61
2024-09-01,C0235,R02,Mid-Market,Business,8760.61,0,0,0,0,8760.61,8760.61
2024-10-01,C0235,R02,Mid-Market,Business,8760.61,0,0,0,0,8760.61,8760.61
2024-11-01,C0235,R02,Mid-Market,Business,8760.61,0,0,0,0,8760.61,8760.61
2024-12-01,C0235,R02,Mid-Market,Business,8760.61,0,0,0,0,8760.61,8760.61
2025-01-01,C0235,R02,Mid-Market,Business,8760.61,0,0,0,0,8760.61,8760.61
2025-02-01,C0235,R02,Mid-Market,Business,8760.61,0,0,0,0,8760.61,8760.61
2025-03-01,C0235,R02,Mid-Market,Business,8760.61,0,0,0,0,8760.61,8760.61
2025-04-01,C0235,R02,Mid-Market,Business,8760.61,0,562.06,87.61,9235.06,0,4380.31
2025-04-01,C0236,R02,Enterprise,Enterprise Suite,0,87682.72,0,0,0,87682.72,43841.36
2025-05-01,C0236,R02,Enterprise,Enterprise Suite,87682.72,0,0,0,0,87682.72,87682.72
2025-06-01,C0236,R02,Enterprise,Enterprise Suite,87682.72,0,0,0,0,87682.72,87682.72
2025-07-01,C0236,R02,Enterprise,Enterprise Suite,87682.72,0,0,0,0,87682.72,87682.72
2025-08-01,C0236,R02,Enterprise,Enterprise Suite,87682.72,0,0,0,0,87682.72,87682.72
2025-09-01,C0236,R02,Enterprise,Enterprise Suite,87682.72,0,0,0,0,87682.72,87682.72
2025-10-01,C0236,R02,Enterprise,Enterprise Suite,87682.72,0,0,0,0,87682.72,87682.72
2025-11-01,C0236,R02,Enterprise,Enterprise Suite,87682.72,0,0,0,0,87682.72,87682.72
2025-12-01,C0236,R02,Enterprise,Enterprise Suite,87682.72,0,0,0,0,87682.72,87682.72
2026-01-01,C0236,R02,Enterprise,Enterprise Suite,87682.72,0,0,0,0,87682.72,87682.72
2026-02-01,C0236,R02,Enterprise,Enterprise Suite,87682.72,0,0,0,0,87682.72,87682.72
2026-03-01,C0236,R02,Enterprise,Enterprise Suite,87682.72,0,0,0,0,87682.72,87682.72
2026-04-01,C0236,R02,Enterprise,Enterprise Suite,87682.72,0,2630.48,0,0,90313.2,88997.96
2026-05-01,C0236,R02,Enterprise,Enterprise Suite,90313.2,0,0,0,0,90313.2,90313.2
2026-06-01,C0236,R02,Enterprise,Enterprise Suite,90313.2,0,0,0,0,90313.2,90313.2
2025-01-01,C0237,R03,Mid-Market,Business,0,17145.93,0,0,0,17145.93,8572.97
2025-02-01,C0237,R03,Mid-Market,Business,17145.93,0,0,0,0,17145.93,17145.93
2025-03-01,C0237,R03,Mid-Market,Business,17145.93,0,0,0,0,17145.93,17145.93
2025-04-01,C0237,R03,Mid-Market,Business,17145.93,0,0,0,0,17145.93,17145.93
2025-05-01,C0237,R03,Mid-Market,Business,17145.93,0,0,0,0,17145.93,17145.93
2025-06-01,C0237,R03,Mid-Market,Business,17145.93,0,0,0,0,17145.93,17145.93
2025-07-01,C0237,R03,Mid-Market,Business,17145.93,0,0,0,0,17145.93,17145.93
2025-08-01,C0237,R03,Mid-Market,Business,17145.93,0,0,0,0,17145.93,17145.93
2025-09-01,C0237,R03,Mid-Market,Business,17145.93,0,0,0,0,17145.93,17145.93
2025-10-01,C0237,R03,Mid-Market,Business,17145.93,0,0,0,0,17145.93,17145.93
2025-11-01,C0237,R03,Mid-Market,Business,17145.93,0,0,0,0,17145.93,17145.93
2025-12-01,C0237,R03,Mid-Market,Business,17145.93,0,0,0,0,17145.93,17145.93
2026-01-01,C0237,R03,Mid-Market,Business,17145.93,0,514.38,0,0,17660.31,17403.12
2026-02-01,C0237,R03,Mid-Market,Business,17660.31,0,0,0,0,17660.31,17660.31
2026-03-01,C0237,R03,Mid-Market,Business,17660.31,0,0,0,0,17660.31,17660.31
2026-04-01,C0237,R03,Mid-Market,Business,17660.31,0,0,0,0,17660.31,17660.31
2026-05-01,C0237,R03,Mid-Market,Business,17660.31,0,0,0,0,17660.31,17660.31
2026-06-01,C0237,R03,Mid-Market,Business,17660.31,0,0,0,0,17660.31,17660.31
2023-07-01,C0238,R03,Mid-Market,Business,0,17779.59,0,0,0,17779.59,8889.79
2023-08-01,C0238,R03,Mid-Market,Business,17779.59,0,0,0,0,17779.59,17779.59
2023-09-01,C0238,R03,Mid-Market,Business,17779.59,0,0,0,0,17779.59,17779.59
2023-10-01,C0238,R03,Mid-Market,Business,17779.59,0,0,0,0,17779.59,17779.59
2023-11-01,C0238,R03,Mid-Market,Business,17779.59,0,0,0,0,17779.59,17779.59
2023-12-01,C0238,R03,Mid-Market,Business,17779.59,0,0,0,0,17779.59,17779.59
2024-01-01,C0238,R03,Mid-Market,Business,17779.59,0,0,0,0,17779.59,17779.59
2024-02-01,C0238,R03,Mid-Market,Business,17779.59,0,0,0,0,17779.59,17779.59
2024-03-01,C0238,R03,Mid-Market,Business,17779.59,0,0,0,0,17779.59,17779.59
2024-04-01,C0238,R03,Mid-Market,Business,17779.59,0,0,0,0,17779.59,17779.59
2024-05-01,C0238,R03,Mid-Market,Business,17779.59,0,0,0,0,17779.59,17779.59
2024-06-01,C0238,R03,Mid-Market,Business,17779.59,0,0,0,0,17779.59,17779.59
2024-07-01,C0238,R03,Mid-Market,Business,17779.59,0,533.39,0,0,18312.98,18046.28
2024-08-01,C0238,R03,Mid-Market,Business,18312.98,0,0,0,0,18312.98,18312.98
2024-09-01,C0238,R03,Mid-Market,Business,18312.98,0,0,0,0,18312.98,18312.98
2024-10-01,C0238,R03,Mid-Market,Business,18312.98,0,0,0,0,18312.98,18312.98
2024-11-01,C0238,R03,Mid-Market,Business,18312.98,0,0,0,0,18312.98,18312.98
2024-12-01,C0238,R03,Mid-Market,Business,18312.98,0,0,0,0,18312.98,18312.98
2025-01-01,C0238,R03,Mid-Market,Business,18312.98,0,0,0,0,18312.98,18312.98
2025-02-01,C0238,R03,Mid-Market,Business,18312.98,0,0,0,0,18312.98,18312.98
2025-03-01,C0238,R03,Mid-Market,Business,18312.98,0,0,0,0,18312.98,18312.98
2025-04-01,C0238,R03,Mid-Market,Business,18312.98,0,0,0,0,18312.98,18312.98
2025-05-01,C0238,R03,Mid-Market,Business,18312.98,0,0,0,0,18312.98,18312.98
2025-06-01,C0238,R03,Mid-Market,Business,18312.98,0,0,0,0,18312.98,18312.98
2025-07-01,C0238,R03,Mid-Market,Business,18312.98,0,1562.76,0,0,19875.73,19094.35
2025-08-01,C0238,R03,Mid-Market,Business,19875.73,0,0,0,0,19875.73,19875.73
2025-09-01,C0238,R03,Mid-Market,Business,19875.73,0,0,0,0,19875.73,19875.73
2025-10-01,C0238,R03,Mid-Market,Business,19875.73,0,0,0,0,19875.73,19875.73
2025-11-01,C0238,R03,Mid-Market,Business,19875.73,0,0,0,0,19875.73,19875.73
2025-12-01,C0238,R03,Mid-Market,Business,19875.73,0,0,0,0,19875.73,19875.73
2026-01-01,C0238,R03,Mid-Market,Business,19875.73,0,0,0,0,19875.73,19875.73
2026-02-01,C0238,R03,Mid-Market,Business,19875.73,0,0,0,0,19875.73,19875.73
2026-03-01,C0238,R03,Mid-Market,Business,19875.73,0,0,0,0,19875.73,19875.73
2026-04-01,C0238,R03,Mid-Market,Business,19875.73,0,0,0,0,19875.73,19875.73
2026-05-01,C0238,R03,Mid-Market,Business,19875.73,0,0,0,0,19875.73,19875.73
2026-06-01,C0238,R03,Mid-Market,Business,19875.73,0,0,0,0,19875.73,19875.73
2023-08-01,C0239,R04,Enterprise,Enterprise Suite,0,28122.13,0,0,0,28122.13,14061.07
2023-09-01,C0239,R04,Enterprise,Enterprise Suite,28122.13,0,0,0,0,28122.13,28122.13
2023-10-01,C0239,R04,Enterprise,Enterprise Suite,28122.13,0,0,0,0,28122.13,28122.13
2023-11-01,C0239,R04,Enterprise,Enterprise Suite,28122.13,0,0,0,0,28122.13,28122.13
2023-12-01,C0239,R04,Enterprise,Enterprise Suite,28122.13,0,0,0,0,28122.13,28122.13
2024-01-01,C0239,R04,Enterprise,Enterprise Suite,28122.13,0,0,0,0,28122.13,28122.13
2024-02-01,C0239,R04,Enterprise,Enterprise Suite,28122.13,0,0,0,0,28122.13,28122.13
2024-03-01,C0239,R04,Enterprise,Enterprise Suite,28122.13,0,0,0,0,28122.13,28122.13
2024-04-01,C0239,R04,Enterprise,Enterprise Suite,28122.13,0,0,0,0,28122.13,28122.13
2024-05-01,C0239,R04,Enterprise,Enterprise Suite,28122.13,0,0,0,0,28122.13,28122.13
2024-06-01,C0239,R04,Enterprise,Enterprise Suite,28122.13,0,0,0,0,28122.13,28122.13
2024-07-01,C0239,R04,Enterprise,Enterprise Suite,28122.13,0,0,0,0,28122.13,28122.13
2024-08-01,C0239,R04,Enterprise,Enterprise Suite,28122.13,0,2172.03,0,0,30294.16,29208.14
2024-09-01,C0239,R04,Enterprise,Enterprise Suite,30294.16,0,0,0,0,30294.16,30294.16
2024-10-01,C0239,R04,Enterprise,Enterprise Suite,30294.16,0,0,0,0,30294.16,30294.16
2024-11-01,C0239,R04,Enterprise,Enterprise Suite,30294.16,0,0,0,0,30294.16,30294.16
2024-12-01,C0239,R04,Enterprise,Enterprise Suite,30294.16,0,0,0,0,30294.16,30294.16
2025-01-01,C0239,R04,Enterprise,Enterprise Suite,30294.16,0,0,0,0,30294.16,30294.16
2025-02-01,C0239,R04,Enterprise,Enterprise Suite,30294.16,0,0,0,0,30294.16,30294.16
2025-03-01,C0239,R04,Enterprise,Enterprise Suite,30294.16,0,0,0,0,30294.16,30294.16
2025-04-01,C0239,R04,Enterprise,Enterprise Suite,30294.16,0,0,0,0,30294.16,30294.16
2025-05-01,C0239,R04,Enterprise,Enterprise Suite,30294.16,0,0,0,0,30294.16,30294.16
2025-06-01,C0239,R04,Enterprise,Enterprise Suite,30294.16,0,0,0,0,30294.16,30294.16
2025-07-01,C0239,R04,Enterprise,Enterprise Suite,30294.16,0,0,0,0,30294.16,30294.16
2025-08-01,C0239,R04,Enterprise,Enterprise Suite,30294.16,0,2220.8,0,32514.95,0,15147.08
2023-01-01,C0240,R04,SMB,Core,4626.9,0,0,0,0,4626.9,4626.9
2023-02-01,C0240,R04,SMB,Core,4626.9,0,0,0,0,4626.9,4626.9
2023-03-01,C0240,R04,SMB,Core,4626.9,0,0,0,0,4626.9,4626.9
2023-04-01,C0240,R04,SMB,Core,4626.9,0,0,0,0,4626.9,4626.9
2023-05-01,C0240,R04,SMB,Core,4626.9,0,0,0,0,4626.9,4626.9
2023-06-01,C0240,R04,SMB,Core,4626.9,0,208.21,0,0,4835.11,4731.01
2023-07-01,C0240,R04,SMB,Core,4835.11,0,0,0,0,4835.11,4835.11
2023-08-01,C0240,R04,SMB,Core,4835.11,0,0,0,0,4835.11,4835.11
2023-09-01,C0240,R04,SMB,Core,4835.11,0,0,0,0,4835.11,4835.11
2023-10-01,C0240,R04,SMB,Core,4835.11,0,0,0,0,4835.11,4835.11
2023-11-01,C0240,R04,SMB,Core,4835.11,0,0,0,0,4835.11,4835.11
2023-12-01,C0240,R04,SMB,Core,4835.11,0,0,0,0,4835.11,4835.11
2024-01-01,C0240,R04,SMB,Core,4835.11,0,0,0,0,4835.11,4835.11
2024-02-01,C0240,R04,SMB,Core,4835.11,0,0,0,0,4835.11,4835.11
2024-03-01,C0240,R04,SMB,Core,4835.11,0,0,0,0,4835.11,4835.11
2024-04-01,C0240,R04,SMB,Core,4835.11,0,0,0,0,4835.11,4835.11
2024-05-01,C0240,R04,SMB,Core,4835.11,0,0,0,0,4835.11,4835.11
2024-06-01,C0240,R04,SMB,Core,4835.11,0,145.05,0,0,4980.17,4907.64
2024-07-01,C0240,R04,SMB,Core,4980.17,0,0,0,0,4980.17,4980.17
2024-08-01,C0240,R04,SMB,Core,4980.17,0,0,0,0,4980.17,4980.17
2024-09-01,C0240,R04,SMB,Core,4980.17,0,0,0,0,4980.17,4980.17
2024-10-01,C0240,R04,SMB,Core,4980.17,0,0,0,0,4980.17,4980.17
2024-11-01,C0240,R04,SMB,Core,4980.17,0,0,0,0,4980.17,4980.17
2024-12-01,C0240,R04,SMB,Core,4980.17,0,0,0,0,4980.17,4980.17
2025-01-01,C0240,R04,SMB,Core,4980.17,0,0,0,0,4980.17,4980.17
2025-02-01,C0240,R04,SMB,Core,4980.17,0,0,0,0,4980.17,4980.17
2025-03-01,C0240,R04,SMB,Core,4980.17,0,0,0,0,4980.17,4980.17
2025-04-01,C0240,R04,SMB,Core,4980.17,0,0,0,0,4980.17,4980.17
2025-05-01,C0240,R04,SMB,Core,4980.17,0,0,0,0,4980.17,4980.17
2025-06-01,C0240,R04,SMB,Core,4980.17,0,443.63,0,0,5423.79,5201.98
2025-07-01,C0240,R04,SMB,Core,5423.79,0,0,0,0,5423.79,5423.79
2025-08-01,C0240,R04,SMB,Core,5423.79,0,0,0,0,5423.79,5423.79
2025-09-01,C0240,R04,SMB,Core,5423.79,0,0,0,0,5423.79,5423.79
2025-10-01,C0240,R04,SMB,Core,5423.79,0,0,0,0,5423.79,5423.79
2025-11-01,C0240,R04,SMB,Core,5423.79,0,0,0,0,5423.79,5423.79
2025-12-01,C0240,R04,SMB,Core,5423.79,0,0,0,0,5423.79,5423.79
2026-01-01,C0240,R04,SMB,Core,5423.79,0,0,0,0,5423.79,5423.79
2026-02-01,C0240,R04,SMB,Core,5423.79,0,0,0,0,5423.79,5423.79
2026-03-01,C0240,R04,SMB,Core,5423.79,0,0,0,0,5423.79,5423.79
2026-04-01,C0240,R04,SMB,Core,5423.79,0,0,0,0,5423.79,5423.79
2026-05-01,C0240,R04,SMB,Core,5423.79,0,0,0,0,5423.79,5423.79
2026-06-01,C0240,R04,SMB,Core,5423.79,0,162.71,342.44,0,5244.06,5333.93
2023-01-01,C0241,R01,Mid-Market,Business,8802.2,0,264.07,0,0,9066.27,8934.23
2023-02-01,C0241,R01,Mid-Market,Business,9066.27,0,0,0,0,9066.27,9066.27
2023-03-01,C0241,R01,Mid-Market,Business,9066.27,0,0,0,0,9066.27,9066.27
2023-04-01,C0241,R01,Mid-Market,Business,9066.27,0,0,0,0,9066.27,9066.27
2023-05-01,C0241,R01,Mid-Market,Business,9066.27,0,0,0,0,9066.27,9066.27
2023-06-01,C0241,R01,Mid-Market,Business,9066.27,0,0,0,0,9066.27,9066.27
2023-07-01,C0241,R01,Mid-Market,Business,9066.27,0,0,0,0,9066.27,9066.27
2023-08-01,C0241,R01,Mid-Market,Business,9066.27,0,0,0,0,9066.27,9066.27
2023-09-01,C0241,R01,Mid-Market,Business,9066.27,0,0,0,0,9066.27,9066.27
2023-10-01,C0241,R01,Mid-Market,Business,9066.27,0,0,0,0,9066.27,9066.27
2023-11-01,C0241,R01,Mid-Market,Business,9066.27,0,0,0,0,9066.27,9066.27
2023-12-01,C0241,R01,Mid-Market,Business,9066.27,0,0,0,0,9066.27,9066.27
2024-01-01,C0241,R01,Mid-Market,Business,9066.27,0,884.71,0,0,9950.97,9508.62
2024-02-01,C0241,R01,Mid-Market,Business,9950.97,0,0,0,0,9950.97,9950.97
2024-03-01,C0241,R01,Mid-Market,Business,9950.97,0,0,0,0,9950.97,9950.97
2024-04-01,C0241,R01,Mid-Market,Business,9950.97,0,0,0,0,9950.97,9950.97
2024-05-01,C0241,R01,Mid-Market,Business,9950.97,0,0,0,0,9950.97,9950.97
2024-06-01,C0241,R01,Mid-Market,Business,9950.97,0,0,0,0,9950.97,9950.97
2024-07-01,C0241,R01,Mid-Market,Business,9950.97,0,0,0,0,9950.97,9950.97
2024-08-01,C0241,R01,Mid-Market,Business,9950.97,0,0,0,0,9950.97,9950.97
2024-09-01,C0241,R01,Mid-Market,Business,9950.97,0,0,0,0,9950.97,9950.97
2024-10-01,C0241,R01,Mid-Market,Business,9950.97,0,0,0,0,9950.97,9950.97
2024-11-01,C0241,R01,Mid-Market,Business,9950.97,0,0,0,0,9950.97,9950.97
2024-12-01,C0241,R01,Mid-Market,Business,9950.97,0,0,0,0,9950.97,9950.97
2025-01-01,C0241,R01,Mid-Market,Business,9950.97,0,956.9,0,0,10907.88,10429.43
2025-02-01,C0241,R01,Mid-Market,Business,10907.88,0,0,0,0,10907.88,10907.88
2025-03-01,C0241,R01,Mid-Market,Business,10907.88,0,0,0,0,10907.88,10907.88
2025-04-01,C0241,R01,Mid-Market,Business,10907.88,0,0,0,0,10907.88,10907.88
2025-05-01,C0241,R01,Mid-Market,Business,10907.88,0,0,0,0,10907.88,10907.88
2025-06-01,C0241,R01,Mid-Market,Business,10907.88,0,0,0,0,10907.88,10907.88
2025-07-01,C0241,R01,Mid-Market,Business,10907.88,0,0,0,0,10907.88,10907.88
2025-08-01,C0241,R01,Mid-Market,Business,10907.88,0,0,0,0,10907.88,10907.88
2025-09-01,C0241,R01,Mid-Market,Business,10907.88,0,0,0,0,10907.88,10907.88
2025-10-01,C0241,R01,Mid-Market,Business,10907.88,0,0,0,0,10907.88,10907.88
2025-11-01,C0241,R01,Mid-Market,Business,10907.88,0,0,0,0,10907.88,10907.88
2025-12-01,C0241,R01,Mid-Market,Business,10907.88,0,0,0,0,10907.88,10907.88
2026-01-01,C0241,R01,Mid-Market,Business,10907.88,0,327.24,0,0,11235.11,11071.5
2026-02-01,C0241,R01,Mid-Market,Business,11235.11,0,0,0,0,11235.11,11235.11
2026-03-01,C0241,R01,Mid-Market,Business,11235.11,0,0,0,0,11235.11,11235.11
2026-04-01,C0241,R01,Mid-Market,Business,11235.11,0,0,0,0,11235.11,11235.11
2026-05-01,C0241,R01,Mid-Market,Business,11235.11,0,0,0,0,11235.11,11235.11
2026-06-01,C0241,R01,Mid-Market,Business,11235.11,0,0,0,0,11235.11,11235.11
2023-01-01,C0242,R02,Mid-Market,Business,17708.99,0,0,0,0,17708.99,17708.99
2023-02-01,C0242,R02,Mid-Market,Business,17708.99,0,0,0,0,17708.99,17708.99
2023-03-01,C0242,R02,Mid-Market,Business,17708.99,0,0,0,0,17708.99,17708.99
2023-04-01,C0242,R02,Mid-Market,Business,17708.99,0,0,0,0,17708.99,17708.99
2023-05-01,C0242,R02,Mid-Market,Business,17708.99,0,1737.22,0,0,19446.21,18577.6
2023-06-01,C0242,R02,Mid-Market,Business,19446.21,0,0,0,0,19446.21,19446.21
2023-07-01,C0242,R02,Mid-Market,Business,19446.21,0,0,0,0,19446.21,19446.21
2023-08-01,C0242,R02,Mid-Market,Business,19446.21,0,0,0,0,19446.21,19446.21
2023-09-01,C0242,R02,Mid-Market,Business,19446.21,0,0,0,0,19446.21,19446.21
2023-10-01,C0242,R02,Mid-Market,Business,19446.21,0,0,0,0,19446.21,19446.21
2023-11-01,C0242,R02,Mid-Market,Business,19446.21,0,0,0,0,19446.21,19446.21
2023-12-01,C0242,R02,Mid-Market,Business,19446.21,0,0,0,0,19446.21,19446.21
2024-01-01,C0242,R02,Mid-Market,Business,19446.21,0,0,0,0,19446.21,19446.21
2024-02-01,C0242,R02,Mid-Market,Business,19446.21,0,0,0,0,19446.21,19446.21
2024-03-01,C0242,R02,Mid-Market,Business,19446.21,0,0,0,0,19446.21,19446.21
2024-04-01,C0242,R02,Mid-Market,Business,19446.21,0,0,0,0,19446.21,19446.21
2024-05-01,C0242,R02,Mid-Market,Business,19446.21,0,2076.97,0,0,21523.18,20484.7
2024-06-01,C0242,R02,Mid-Market,Business,21523.18,0,0,0,0,21523.18,21523.18
2024-07-01,C0242,R02,Mid-Market,Business,21523.18,0,0,0,0,21523.18,21523.18
2024-08-01,C0242,R02,Mid-Market,Business,21523.18,0,0,0,0,21523.18,21523.18
2024-09-01,C0242,R02,Mid-Market,Business,21523.18,0,0,0,0,21523.18,21523.18
2024-10-01,C0242,R02,Mid-Market,Business,21523.18,0,0,0,0,21523.18,21523.18
2024-11-01,C0242,R02,Mid-Market,Business,21523.18,0,0,0,0,21523.18,21523.18
2024-12-01,C0242,R02,Mid-Market,Business,21523.18,0,0,0,0,21523.18,21523.18
2025-01-01,C0242,R02,Mid-Market,Business,21523.18,0,0,0,0,21523.18,21523.18
2025-02-01,C0242,R02,Mid-Market,Business,21523.18,0,0,0,0,21523.18,21523.18
2025-03-01,C0242,R02,Mid-Market,Business,21523.18,0,0,0,0,21523.18,21523.18
2025-04-01,C0242,R02,Mid-Market,Business,21523.18,0,0,0,0,21523.18,21523.18
2025-05-01,C0242,R02,Mid-Market,Business,21523.18,0,645.7,0,0,22168.88,21846.03
2025-06-01,C0242,R02,Mid-Market,Business,22168.88,0,0,0,0,22168.88,22168.88
2025-07-01,C0242,R02,Mid-Market,Business,22168.88,0,0,0,0,22168.88,22168.88
2025-08-01,C0242,R02,Mid-Market,Business,22168.88,0,0,0,0,22168.88,22168.88
2025-09-01,C0242,R02,Mid-Market,Business,22168.88,0,0,0,0,22168.88,22168.88
2025-10-01,C0242,R02,Mid-Market,Business,22168.88,0,0,0,0,22168.88,22168.88
2025-11-01,C0242,R02,Mid-Market,Business,22168.88,0,0,0,0,22168.88,22168.88
2025-12-01,C0242,R02,Mid-Market,Business,22168.88,0,0,0,0,22168.88,22168.88
2026-01-01,C0242,R02,Mid-Market,Business,22168.88,0,0,0,0,22168.88,22168.88
2026-02-01,C0242,R02,Mid-Market,Business,22168.88,0,0,0,0,22168.88,22168.88
2026-03-01,C0242,R02,Mid-Market,Business,22168.88,0,0,0,0,22168.88,22168.88
2026-04-01,C0242,R02,Mid-Market,Business,22168.88,0,0,0,0,22168.88,22168.88
2026-05-01,C0242,R02,Mid-Market,Business,22168.88,0,1793.59,877.83,0,23084.64,22626.76
2026-06-01,C0242,R02,Mid-Market,Business,23084.64,0,0,0,0,23084.64,23084.64
2023-01-01,C0243,R01,Mid-Market,Business,23027.18,0,0,0,0,23027.18,23027.18
2023-02-01,C0243,R01,Mid-Market,Business,23027.18,0,0,0,0,23027.18,23027.18
2023-03-01,C0243,R01,Mid-Market,Business,23027.18,0,0,0,0,23027.18,23027.18
2023-04-01,C0243,R01,Mid-Market,Business,23027.18,0,0,0,0,23027.18,23027.18
2023-05-01,C0243,R01,Mid-Market,Business,23027.18,0,0,0,0,23027.18,23027.18
2023-06-01,C0243,R01,Mid-Market,Business,23027.18,0,0,0,0,23027.18,23027.18
2023-07-01,C0243,R01,Mid-Market,Business,23027.18,0,0,0,0,23027.18,23027.18
2023-08-01,C0243,R01,Mid-Market,Business,23027.18,0,3236.33,1645.49,0,24618.02,23822.6
2023-09-01,C0243,R01,Mid-Market,Business,24618.02,0,0,0,0,24618.02,24618.02
2023-10-01,C0243,R01,Mid-Market,Business,24618.02,0,0,0,0,24618.02,24618.02
2023-11-01,C0243,R01,Mid-Market,Business,24618.02,0,0,0,0,24618.02,24618.02
2023-12-01,C0243,R01,Mid-Market,Business,24618.02,0,0,0,0,24618.02,24618.02
2024-01-01,C0243,R01,Mid-Market,Business,24618.02,0,0,0,0,24618.02,24618.02
2024-02-01,C0243,R01,Mid-Market,Business,24618.02,0,0,0,0,24618.02,24618.02
2024-03-01,C0243,R01,Mid-Market,Business,24618.02,0,0,0,0,24618.02,24618.02
2024-04-01,C0243,R01,Mid-Market,Business,24618.02,0,0,0,0,24618.02,24618.02
2024-05-01,C0243,R01,Mid-Market,Business,24618.02,0,0,0,0,24618.02,24618.02
2024-06-01,C0243,R01,Mid-Market,Business,24618.02,0,0,0,0,24618.02,24618.02
2024-07-01,C0243,R01,Mid-Market,Business,24618.02,0,0,0,0,24618.02,24618.02
2024-08-01,C0243,R01,Mid-Market,Business,24618.02,0,2651.29,0,0,27269.3,25943.66
2024-09-01,C0243,R01,Mid-Market,Business,27269.3,0,0,0,0,27269.3,27269.3
2024-10-01,C0243,R01,Mid-Market,Business,27269.3,0,0,0,0,27269.3,27269.3
2024-11-01,C0243,R01,Mid-Market,Business,27269.3,0,0,0,0,27269.3,27269.3
2024-12-01,C0243,R01,Mid-Market,Business,27269.3,0,0,0,0,27269.3,27269.3
2025-01-01,C0243,R01,Mid-Market,Business,27269.3,0,0,0,0,27269.3,27269.3
2025-02-01,C0243,R01,Mid-Market,Business,27269.3,0,0,0,0,27269.3,27269.3
2025-03-01,C0243,R01,Mid-Market,Business,27269.3,0,0,0,0,27269.3,27269.3
2025-04-01,C0243,R01,Mid-Market,Business,27269.3,0,0,0,0,27269.3,27269.3
2025-05-01,C0243,R01,Mid-Market,Business,27269.3,0,0,0,0,27269.3,27269.3
2025-06-01,C0243,R01,Mid-Market,Business,27269.3,0,0,0,0,27269.3,27269.3
2025-07-01,C0243,R01,Mid-Market,Business,27269.3,0,0,0,0,27269.3,27269.3
2025-08-01,C0243,R01,Mid-Market,Business,27269.3,0,2299.57,0,0,29568.87,28419.09
2025-09-01,C0243,R01,Mid-Market,Business,29568.87,0,0,0,0,29568.87,29568.87
2025-10-01,C0243,R01,Mid-Market,Business,29568.87,0,0,0,0,29568.87,29568.87
2025-11-01,C0243,R01,Mid-Market,Business,29568.87,0,0,0,0,29568.87,29568.87
2025-12-01,C0243,R01,Mid-Market,Business,29568.87,0,0,0,0,29568.87,29568.87
2026-01-01,C0243,R01,Mid-Market,Business,29568.87,0,0,0,0,29568.87,29568.87
2026-02-01,C0243,R01,Mid-Market,Business,29568.87,0,0,0,0,29568.87,29568.87
2026-03-01,C0243,R01,Mid-Market,Business,29568.87,0,0,0,0,29568.87,29568.87
2026-04-01,C0243,R01,Mid-Market,Business,29568.87,0,0,0,0,29568.87,29568.87
2026-05-01,C0243,R01,Mid-Market,Business,29568.87,0,0,0,0,29568.87,29568.87
2026-06-01,C0243,R01,Mid-Market,Business,29568.87,0,0,0,0,29568.87,29568.87
2023-01-01,C0244,R03,SMB,Core,3291.48,0,0,0,0,3291.48,3291.48
2023-02-01,C0244,R03,SMB,Core,3291.48,0,0,0,0,3291.48,3291.48
2023-03-01,C0244,R03,SMB,Core,3291.48,0,0,0,0,3291.48,3291.48
2023-04-01,C0244,R03,SMB,Core,3291.48,0,195.01,0,0,3486.49,3388.99
2023-05-01,C0244,R03,SMB,Core,3486.49,0,0,0,0,3486.49,3486.49
2023-06-01,C0244,R03,SMB,Core,3486.49,0,0,0,0,3486.49,3486.49
2023-07-01,C0244,R03,SMB,Core,3486.49,0,0,0,0,3486.49,3486.49
2023-08-01,C0244,R03,SMB,Core,3486.49,0,0,0,0,3486.49,3486.49
2023-09-01,C0244,R03,SMB,Core,3486.49,0,0,0,0,3486.49,3486.49
2023-10-01,C0244,R03,SMB,Core,3486.49,0,0,0,0,3486.49,3486.49
2023-11-01,C0244,R03,SMB,Core,3486.49,0,0,0,0,3486.49,3486.49
2023-12-01,C0244,R03,SMB,Core,3486.49,0,0,0,0,3486.49,3486.49
2024-01-01,C0244,R03,SMB,Core,3486.49,0,0,0,0,3486.49,3486.49
2024-02-01,C0244,R03,SMB,Core,3486.49,0,0,0,0,3486.49,3486.49
2024-03-01,C0244,R03,SMB,Core,3486.49,0,0,0,0,3486.49,3486.49
2024-04-01,C0244,R03,SMB,Core,3486.49,0,279.23,217.2,0,3548.53,3517.51
2024-05-01,C0244,R03,SMB,Core,3548.53,0,0,0,0,3548.53,3548.53
2024-06-01,C0244,R03,SMB,Core,3548.53,0,0,0,0,3548.53,3548.53
2024-07-01,C0244,R03,SMB,Core,3548.53,0,0,0,0,3548.53,3548.53
2024-08-01,C0244,R03,SMB,Core,3548.53,0,0,0,0,3548.53,3548.53
2024-09-01,C0244,R03,SMB,Core,3548.53,0,0,0,0,3548.53,3548.53
2024-10-01,C0244,R03,SMB,Core,3548.53,0,0,0,0,3548.53,3548.53
2024-11-01,C0244,R03,SMB,Core,3548.53,0,0,0,0,3548.53,3548.53
2024-12-01,C0244,R03,SMB,Core,3548.53,0,0,0,0,3548.53,3548.53
2025-01-01,C0244,R03,SMB,Core,3548.53,0,0,0,0,3548.53,3548.53
2025-02-01,C0244,R03,SMB,Core,3548.53,0,0,0,0,3548.53,3548.53
2025-03-01,C0244,R03,SMB,Core,3548.53,0,0,0,0,3548.53,3548.53
2025-04-01,C0244,R03,SMB,Core,3548.53,0,106.46,0,0,3654.98,3601.76
2025-05-01,C0244,R03,SMB,Core,3654.98,0,0,0,0,3654.98,3654.98
2025-06-01,C0244,R03,SMB,Core,3654.98,0,0,0,0,3654.98,3654.98
2025-07-01,C0244,R03,SMB,Core,3654.98,0,0,0,0,3654.98,3654.98
2025-08-01,C0244,R03,SMB,Core,3654.98,0,0,0,0,3654.98,3654.98
2025-09-01,C0244,R03,SMB,Core,3654.98,0,0,0,0,3654.98,3654.98
2025-10-01,C0244,R03,SMB,Core,3654.98,0,0,0,0,3654.98,3654.98
2025-11-01,C0244,R03,SMB,Core,3654.98,0,0,0,0,3654.98,3654.98
2025-12-01,C0244,R03,SMB,Core,3654.98,0,0,0,0,3654.98,3654.98
2026-01-01,C0244,R03,SMB,Core,3654.98,0,0,0,0,3654.98,3654.98
2026-02-01,C0244,R03,SMB,Core,3654.98,0,0,0,0,3654.98,3654.98
2026-03-01,C0244,R03,SMB,Core,3654.98,0,0,0,0,3654.98,3654.98
2026-04-01,C0244,R03,SMB,Core,3654.98,0,109.65,0,0,3764.63,3709.81
2026-05-01,C0244,R03,SMB,Core,3764.63,0,0,0,0,3764.63,3764.63
2026-06-01,C0244,R03,SMB,Core,3764.63,0,0,0,0,3764.63,3764.63
2023-01-01,C0245,R02,Enterprise,Enterprise Suite,73467.28,0,0,0,0,73467.28,73467.28
2023-02-01,C0245,R02,Enterprise,Enterprise Suite,73467.28,0,0,0,0,73467.28,73467.28
2023-03-01,C0245,R02,Enterprise,Enterprise Suite,73467.28,0,0,0,0,73467.28,73467.28
2023-04-01,C0245,R02,Enterprise,Enterprise Suite,73467.28,0,0,0,0,73467.28,73467.28
2023-05-01,C0245,R02,Enterprise,Enterprise Suite,73467.28,0,0,0,0,73467.28,73467.28
2023-06-01,C0245,R02,Enterprise,Enterprise Suite,73467.28,0,7868.19,0,0,81335.47,77401.37
2023-07-01,C0245,R02,Enterprise,Enterprise Suite,81335.47,0,0,0,0,81335.47,81335.47
2023-08-01,C0245,R02,Enterprise,Enterprise Suite,81335.47,0,0,0,0,81335.47,81335.47
2023-09-01,C0245,R02,Enterprise,Enterprise Suite,81335.47,0,0,0,0,81335.47,81335.47
2023-10-01,C0245,R02,Enterprise,Enterprise Suite,81335.47,0,0,0,0,81335.47,81335.47
2023-11-01,C0245,R02,Enterprise,Enterprise Suite,81335.47,0,0,0,0,81335.47,81335.47
2023-12-01,C0245,R02,Enterprise,Enterprise Suite,81335.47,0,0,0,0,81335.47,81335.47
2024-01-01,C0245,R02,Enterprise,Enterprise Suite,81335.47,0,0,0,0,81335.47,81335.47
2024-02-01,C0245,R02,Enterprise,Enterprise Suite,81335.47,0,0,0,0,81335.47,81335.47
2024-03-01,C0245,R02,Enterprise,Enterprise Suite,81335.47,0,0,0,0,81335.47,81335.47
2024-04-01,C0245,R02,Enterprise,Enterprise Suite,81335.47,0,0,0,0,81335.47,81335.47
2024-05-01,C0245,R02,Enterprise,Enterprise Suite,81335.47,0,0,0,0,81335.47,81335.47
2024-06-01,C0245,R02,Enterprise,Enterprise Suite,81335.47,0,8519.22,0,0,89854.69,85595.08
2024-07-01,C0245,R02,Enterprise,Enterprise Suite,89854.69,0,0,0,0,89854.69,89854.69
2024-08-01,C0245,R02,Enterprise,Enterprise Suite,89854.69,0,0,0,0,89854.69,89854.69
2024-09-01,C0245,R02,Enterprise,Enterprise Suite,89854.69,0,0,0,0,89854.69,89854.69
2024-10-01,C0245,R02,Enterprise,Enterprise Suite,89854.69,0,0,0,0,89854.69,89854.69
2024-11-01,C0245,R02,Enterprise,Enterprise Suite,89854.69,0,0,0,0,89854.69,89854.69
2024-12-01,C0245,R02,Enterprise,Enterprise Suite,89854.69,0,0,0,0,89854.69,89854.69
2025-01-01,C0245,R02,Enterprise,Enterprise Suite,89854.69,0,0,0,0,89854.69,89854.69
2025-02-01,C0245,R02,Enterprise,Enterprise Suite,89854.69,0,0,0,0,89854.69,89854.69
2025-03-01,C0245,R02,Enterprise,Enterprise Suite,89854.69,0,0,0,0,89854.69,89854.69
2025-04-01,C0245,R02,Enterprise,Enterprise Suite,89854.69,0,0,0,0,89854.69,89854.69
2025-05-01,C0245,R02,Enterprise,Enterprise Suite,89854.69,0,0,0,0,89854.69,89854.69
2025-06-01,C0245,R02,Enterprise,Enterprise Suite,89854.69,0,10252.82,0,0,100107.51,94981.1
2025-07-01,C0245,R02,Enterprise,Enterprise Suite,100107.51,0,0,0,0,100107.51,100107.51
2025-08-01,C0245,R02,Enterprise,Enterprise Suite,100107.51,0,0,0,0,100107.51,100107.51
2025-09-01,C0245,R02,Enterprise,Enterprise Suite,100107.51,0,0,0,0,100107.51,100107.51
2025-10-01,C0245,R02,Enterprise,Enterprise Suite,100107.51,0,0,0,0,100107.51,100107.51
2025-11-01,C0245,R02,Enterprise,Enterprise Suite,100107.51,0,0,0,0,100107.51,100107.51
2025-12-01,C0245,R02,Enterprise,Enterprise Suite,100107.51,0,0,0,0,100107.51,100107.51
2026-01-01,C0245,R02,Enterprise,Enterprise Suite,100107.51,0,0,0,0,100107.51,100107.51
2026-02-01,C0245,R02,Enterprise,Enterprise Suite,100107.51,0,0,0,0,100107.51,100107.51
2026-03-01,C0245,R02,Enterprise,Enterprise Suite,100107.51,0,0,0,0,100107.51,100107.51
2026-04-01,C0245,R02,Enterprise,Enterprise Suite,100107.51,0,0,0,0,100107.51,100107.51
2026-05-01,C0245,R02,Enterprise,Enterprise Suite,100107.51,0,0,0,0,100107.51,100107.51
2026-06-01,C0245,R02,Enterprise,Enterprise Suite,100107.51,0,11685.07,0,0,111792.58,105950.04
2024-11-01,C0246,R03,SMB,Core,0,3846.9,0,0,0,3846.9,1923.45
2024-12-01,C0246,R03,SMB,Core,3846.9,0,0,0,0,3846.9,3846.9
2025-01-01,C0246,R03,SMB,Core,3846.9,0,0,0,0,3846.9,3846.9
2025-02-01,C0246,R03,SMB,Core,3846.9,0,0,0,0,3846.9,3846.9
2025-03-01,C0246,R03,SMB,Core,3846.9,0,0,0,0,3846.9,3846.9
2025-04-01,C0246,R03,SMB,Core,3846.9,0,0,0,0,3846.9,3846.9
2025-05-01,C0246,R03,SMB,Core,3846.9,0,0,0,0,3846.9,3846.9
2025-06-01,C0246,R03,SMB,Core,3846.9,0,0,0,0,3846.9,3846.9
2025-07-01,C0246,R03,SMB,Core,3846.9,0,0,0,0,3846.9,3846.9
2025-08-01,C0246,R03,SMB,Core,3846.9,0,0,0,0,3846.9,3846.9
2025-09-01,C0246,R03,SMB,Core,3846.9,0,0,0,0,3846.9,3846.9
2025-10-01,C0246,R03,SMB,Core,3846.9,0,0,0,0,3846.9,3846.9
2025-11-01,C0246,R03,SMB,Core,3846.9,0,173.11,0,0,4020.01,3933.45
2025-12-01,C0246,R03,SMB,Core,4020.01,0,0,0,0,4020.01,4020.01
2026-01-01,C0246,R03,SMB,Core,4020.01,0,0,0,0,4020.01,4020.01
2026-02-01,C0246,R03,SMB,Core,4020.01,0,0,0,0,4020.01,4020.01
2026-03-01,C0246,R03,SMB,Core,4020.01,0,0,0,0,4020.01,4020.01
2026-04-01,C0246,R03,SMB,Core,4020.01,0,0,0,0,4020.01,4020.01
2026-05-01,C0246,R03,SMB,Core,4020.01,0,0,0,0,4020.01,4020.01
2026-06-01,C0246,R03,SMB,Core,4020.01,0,0,0,0,4020.01,4020.01
2023-10-01,C0247,R01,Enterprise,Enterprise Suite,0,106193.2,0,0,0,106193.2,53096.6
2023-11-01,C0247,R01,Enterprise,Enterprise Suite,106193.2,0,0,0,0,106193.2,106193.2
2023-12-01,C0247,R01,Enterprise,Enterprise Suite,106193.2,0,0,0,0,106193.2,106193.2
2024-01-01,C0247,R01,Enterprise,Enterprise Suite,106193.2,0,0,0,0,106193.2,106193.2
2024-02-01,C0247,R01,Enterprise,Enterprise Suite,106193.2,0,0,0,0,106193.2,106193.2
2024-03-01,C0247,R01,Enterprise,Enterprise Suite,106193.2,0,0,0,0,106193.2,106193.2
2024-04-01,C0247,R01,Enterprise,Enterprise Suite,106193.2,0,0,0,0,106193.2,106193.2
2024-05-01,C0247,R01,Enterprise,Enterprise Suite,106193.2,0,0,0,0,106193.2,106193.2
2024-06-01,C0247,R01,Enterprise,Enterprise Suite,106193.2,0,0,0,0,106193.2,106193.2
2024-07-01,C0247,R01,Enterprise,Enterprise Suite,106193.2,0,0,0,0,106193.2,106193.2
2024-08-01,C0247,R01,Enterprise,Enterprise Suite,106193.2,0,0,0,0,106193.2,106193.2
2024-09-01,C0247,R01,Enterprise,Enterprise Suite,106193.2,0,0,0,0,106193.2,106193.2
2024-10-01,C0247,R01,Enterprise,Enterprise Suite,106193.2,0,14028.3,3275.77,0,116945.73,111569.47
2024-11-01,C0247,R01,Enterprise,Enterprise Suite,116945.73,0,0,0,0,116945.73,116945.73
2024-12-01,C0247,R01,Enterprise,Enterprise Suite,116945.73,0,0,0,0,116945.73,116945.73
2025-01-01,C0247,R01,Enterprise,Enterprise Suite,116945.73,0,0,0,0,116945.73,116945.73
2025-02-01,C0247,R01,Enterprise,Enterprise Suite,116945.73,0,0,0,0,116945.73,116945.73
2025-03-01,C0247,R01,Enterprise,Enterprise Suite,116945.73,0,0,0,0,116945.73,116945.73
2025-04-01,C0247,R01,Enterprise,Enterprise Suite,116945.73,0,0,0,0,116945.73,116945.73
2025-05-01,C0247,R01,Enterprise,Enterprise Suite,116945.73,0,0,0,0,116945.73,116945.73
2025-06-01,C0247,R01,Enterprise,Enterprise Suite,116945.73,0,0,0,0,116945.73,116945.73
2025-07-01,C0247,R01,Enterprise,Enterprise Suite,116945.73,0,0,0,0,116945.73,116945.73
2025-08-01,C0247,R01,Enterprise,Enterprise Suite,116945.73,0,0,0,0,116945.73,116945.73
2025-09-01,C0247,R01,Enterprise,Enterprise Suite,116945.73,0,0,0,0,116945.73,116945.73
2025-10-01,C0247,R01,Enterprise,Enterprise Suite,116945.73,0,3508.37,0,0,120454.11,118699.92
2025-11-01,C0247,R01,Enterprise,Enterprise Suite,120454.11,0,0,0,0,120454.11,120454.11
2025-12-01,C0247,R01,Enterprise,Enterprise Suite,120454.11,0,0,0,0,120454.11,120454.11
2026-01-01,C0247,R01,Enterprise,Enterprise Suite,120454.11,0,0,0,0,120454.11,120454.11
2026-02-01,C0247,R01,Enterprise,Enterprise Suite,120454.11,0,0,0,0,120454.11,120454.11
2026-03-01,C0247,R01,Enterprise,Enterprise Suite,120454.11,0,0,0,0,120454.11,120454.11
2026-04-01,C0247,R01,Enterprise,Enterprise Suite,120454.11,0,0,0,0,120454.11,120454.11
2026-05-01,C0247,R01,Enterprise,Enterprise Suite,120454.11,0,0,0,0,120454.11,120454.11
2026-06-01,C0247,R01,Enterprise,Enterprise Suite,120454.11,0,0,0,0,120454.11,120454.11
2024-08-01,C0248,R02,Mid-Market,Business,0,17573.49,0,0,0,17573.49,8786.74
2024-09-01,C0248,R02,Mid-Market,Business,17573.49,0,0,0,0,17573.49,17573.49
2024-10-01,C0248,R02,Mid-Market,Business,17573.49,0,0,0,0,17573.49,17573.49
2024-11-01,C0248,R02,Mid-Market,Business,17573.49,0,0,0,0,17573.49,17573.49
2024-12-01,C0248,R02,Mid-Market,Business,17573.49,0,0,0,0,17573.49,17573.49
2025-01-01,C0248,R02,Mid-Market,Business,17573.49,0,0,0,0,17573.49,17573.49
2025-02-01,C0248,R02,Mid-Market,Business,17573.49,0,0,0,0,17573.49,17573.49
2025-03-01,C0248,R02,Mid-Market,Business,17573.49,0,0,0,0,17573.49,17573.49
2025-04-01,C0248,R02,Mid-Market,Business,17573.49,0,0,0,0,17573.49,17573.49
2025-05-01,C0248,R02,Mid-Market,Business,17573.49,0,0,0,0,17573.49,17573.49
2025-06-01,C0248,R02,Mid-Market,Business,17573.49,0,0,0,0,17573.49,17573.49
2025-07-01,C0248,R02,Mid-Market,Business,17573.49,0,0,0,0,17573.49,17573.49
2025-08-01,C0248,R02,Mid-Market,Business,17573.49,0,1776.03,0,0,19349.52,18461.5
2025-09-01,C0248,R02,Mid-Market,Business,19349.52,0,0,0,0,19349.52,19349.52
2025-10-01,C0248,R02,Mid-Market,Business,19349.52,0,0,0,0,19349.52,19349.52
2025-11-01,C0248,R02,Mid-Market,Business,19349.52,0,0,0,0,19349.52,19349.52
2025-12-01,C0248,R02,Mid-Market,Business,19349.52,0,0,0,0,19349.52,19349.52
2026-01-01,C0248,R02,Mid-Market,Business,19349.52,0,0,0,0,19349.52,19349.52
2026-02-01,C0248,R02,Mid-Market,Business,19349.52,0,0,0,0,19349.52,19349.52
2026-03-01,C0248,R02,Mid-Market,Business,19349.52,0,0,0,0,19349.52,19349.52
2026-04-01,C0248,R02,Mid-Market,Business,19349.52,0,0,0,0,19349.52,19349.52
2026-05-01,C0248,R02,Mid-Market,Business,19349.52,0,0,0,0,19349.52,19349.52
2026-06-01,C0248,R02,Mid-Market,Business,19349.52,0,0,0,0,19349.52,19349.52
2023-01-01,C0249,R02,Enterprise,Enterprise Suite,62378.39,0,0,0,0,62378.39,62378.39
2023-02-01,C0249,R02,Enterprise,Enterprise Suite,62378.39,0,0,0,0,62378.39,62378.39
2023-03-01,C0249,R02,Enterprise,Enterprise Suite,62378.39,0,0,0,0,62378.39,62378.39
2023-04-01,C0249,R02,Enterprise,Enterprise Suite,62378.39,0,0,0,0,62378.39,62378.39
2023-05-01,C0249,R02,Enterprise,Enterprise Suite,62378.39,0,0,0,0,62378.39,62378.39
2023-06-01,C0249,R02,Enterprise,Enterprise Suite,62378.39,0,0,0,0,62378.39,62378.39
2023-07-01,C0249,R02,Enterprise,Enterprise Suite,62378.39,0,0,0,0,62378.39,62378.39
2023-08-01,C0249,R02,Enterprise,Enterprise Suite,62378.39,0,0,0,0,62378.39,62378.39
2023-09-01,C0249,R02,Enterprise,Enterprise Suite,62378.39,0,0,0,0,62378.39,62378.39
2023-10-01,C0249,R02,Enterprise,Enterprise Suite,62378.39,0,0,0,0,62378.39,62378.39
2023-11-01,C0249,R02,Enterprise,Enterprise Suite,62378.39,0,6502.41,0,0,68880.8,65629.6
2023-12-01,C0249,R02,Enterprise,Enterprise Suite,68880.8,0,0,0,0,68880.8,68880.8
2024-01-01,C0249,R02,Enterprise,Enterprise Suite,68880.8,0,0,0,0,68880.8,68880.8
2024-02-01,C0249,R02,Enterprise,Enterprise Suite,68880.8,0,0,0,0,68880.8,68880.8
2024-03-01,C0249,R02,Enterprise,Enterprise Suite,68880.8,0,0,0,0,68880.8,68880.8
2024-04-01,C0249,R02,Enterprise,Enterprise Suite,68880.8,0,0,0,0,68880.8,68880.8
2024-05-01,C0249,R02,Enterprise,Enterprise Suite,68880.8,0,0,0,0,68880.8,68880.8
2024-06-01,C0249,R02,Enterprise,Enterprise Suite,68880.8,0,0,0,0,68880.8,68880.8
2024-07-01,C0249,R02,Enterprise,Enterprise Suite,68880.8,0,0,0,0,68880.8,68880.8
2024-08-01,C0249,R02,Enterprise,Enterprise Suite,68880.8,0,0,0,0,68880.8,68880.8
2024-09-01,C0249,R02,Enterprise,Enterprise Suite,68880.8,0,0,0,0,68880.8,68880.8
2024-10-01,C0249,R02,Enterprise,Enterprise Suite,68880.8,0,0,0,0,68880.8,68880.8
2024-11-01,C0249,R02,Enterprise,Enterprise Suite,68880.8,0,7786.76,0,0,76667.57,72774.18
2024-12-01,C0249,R02,Enterprise,Enterprise Suite,76667.57,0,0,0,0,76667.57,76667.57
2025-01-01,C0249,R02,Enterprise,Enterprise Suite,76667.57,0,0,0,0,76667.57,76667.57
2025-02-01,C0249,R02,Enterprise,Enterprise Suite,76667.57,0,0,0,0,76667.57,76667.57
2025-03-01,C0249,R02,Enterprise,Enterprise Suite,76667.57,0,0,0,0,76667.57,76667.57
2025-04-01,C0249,R02,Enterprise,Enterprise Suite,76667.57,0,0,0,0,76667.57,76667.57
2025-05-01,C0249,R02,Enterprise,Enterprise Suite,76667.57,0,0,0,0,76667.57,76667.57
2025-06-01,C0249,R02,Enterprise,Enterprise Suite,76667.57,0,0,0,0,76667.57,76667.57
2025-07-01,C0249,R02,Enterprise,Enterprise Suite,76667.57,0,0,0,0,76667.57,76667.57
2025-08-01,C0249,R02,Enterprise,Enterprise Suite,76667.57,0,0,0,0,76667.57,76667.57
2025-09-01,C0249,R02,Enterprise,Enterprise Suite,76667.57,0,0,0,0,76667.57,76667.57
2025-10-01,C0249,R02,Enterprise,Enterprise Suite,76667.57,0,0,0,0,76667.57,76667.57
2025-11-01,C0249,R02,Enterprise,Enterprise Suite,76667.57,0,4315.98,0,0,80983.55,78825.56
2025-12-01,C0249,R02,Enterprise,Enterprise Suite,80983.55,0,0,0,0,80983.55,80983.55
2026-01-01,C0249,R02,Enterprise,Enterprise Suite,80983.55,0,0,0,0,80983.55,80983.55
2026-02-01,C0249,R02,Enterprise,Enterprise Suite,80983.55,0,0,0,0,80983.55,80983.55
2026-03-01,C0249,R02,Enterprise,Enterprise Suite,80983.55,0,0,0,0,80983.55,80983.55
2026-04-01,C0249,R02,Enterprise,Enterprise Suite,80983.55,0,0,0,0,80983.55,80983.55
2026-05-01,C0249,R02,Enterprise,Enterprise Suite,80983.55,0,0,0,0,80983.55,80983.55
2026-06-01,C0249,R02,Enterprise,Enterprise Suite,80983.55,0,0,0,0,80983.55,80983.55
2023-01-01,C0250,R04,SMB,Core,4595.5,0,0,0,0,4595.5,4595.5
2023-02-01,C0250,R04,SMB,Core,4595.5,0,0,0,0,4595.5,4595.5
2023-03-01,C0250,R04,SMB,Core,4595.5,0,0,0,0,4595.5,4595.5
2023-04-01,C0250,R04,SMB,Core,4595.5,0,0,0,0,4595.5,4595.5
2023-05-01,C0250,R04,SMB,Core,4595.5,0,0,0,0,4595.5,4595.5
2023-06-01,C0250,R04,SMB,Core,4595.5,0,0,0,0,4595.5,4595.5
2023-07-01,C0250,R04,SMB,Core,4595.5,0,137.87,0,0,4733.37,4664.43
2023-08-01,C0250,R04,SMB,Core,4733.37,0,0,0,0,4733.37,4733.37
2023-09-01,C0250,R04,SMB,Core,4733.37,0,0,0,0,4733.37,4733.37
2023-10-01,C0250,R04,SMB,Core,4733.37,0,0,0,0,4733.37,4733.37
2023-11-01,C0250,R04,SMB,Core,4733.37,0,0,0,0,4733.37,4733.37
2023-12-01,C0250,R04,SMB,Core,4733.37,0,0,0,0,4733.37,4733.37
2024-01-01,C0250,R04,SMB,Core,4733.37,0,0,0,0,4733.37,4733.37
2024-02-01,C0250,R04,SMB,Core,4733.37,0,0,0,0,4733.37,4733.37
2024-03-01,C0250,R04,SMB,Core,4733.37,0,0,0,0,4733.37,4733.37
2024-04-01,C0250,R04,SMB,Core,4733.37,0,0,0,0,4733.37,4733.37
2024-05-01,C0250,R04,SMB,Core,4733.37,0,0,0,0,4733.37,4733.37
2024-06-01,C0250,R04,SMB,Core,4733.37,0,0,0,0,4733.37,4733.37
2024-07-01,C0250,R04,SMB,Core,4733.37,0,455.32,163.35,0,5025.34,4879.36
2024-08-01,C0250,R04,SMB,Core,5025.34,0,0,0,0,5025.34,5025.34
2024-09-01,C0250,R04,SMB,Core,5025.34,0,0,0,0,5025.34,5025.34
2024-10-01,C0250,R04,SMB,Core,5025.34,0,0,0,0,5025.34,5025.34
2024-11-01,C0250,R04,SMB,Core,5025.34,0,0,0,0,5025.34,5025.34
2024-12-01,C0250,R04,SMB,Core,5025.34,0,0,0,0,5025.34,5025.34
2025-01-01,C0250,R04,SMB,Core,5025.34,0,0,0,0,5025.34,5025.34
2025-02-01,C0250,R04,SMB,Core,5025.34,0,0,0,0,5025.34,5025.34
2025-03-01,C0250,R04,SMB,Core,5025.34,0,0,0,0,5025.34,5025.34
2025-04-01,C0250,R04,SMB,Core,5025.34,0,0,0,0,5025.34,5025.34
2025-05-01,C0250,R04,SMB,Core,5025.34,0,0,0,0,5025.34,5025.34
2025-06-01,C0250,R04,SMB,Core,5025.34,0,0,0,0,5025.34,5025.34
2025-07-01,C0250,R04,SMB,Core,5025.34,0,522.35,0,0,5547.7,5286.52
2025-08-01,C0250,R04,SMB,Core,5547.7,0,0,0,0,5547.7,5547.7
2025-09-01,C0250,R04,SMB,Core,5547.7,0,0,0,0,5547.7,5547.7
2025-10-01,C0250,R04,SMB,Core,5547.7,0,0,0,0,5547.7,5547.7
2025-11-01,C0250,R04,SMB,Core,5547.7,0,0,0,0,5547.7,5547.7
2025-12-01,C0250,R04,SMB,Core,5547.7,0,0,0,0,5547.7,5547.7
2026-01-01,C0250,R04,SMB,Core,5547.7,0,0,0,0,5547.7,5547.7
2026-02-01,C0250,R04,SMB,Core,5547.7,0,0,0,0,5547.7,5547.7
2026-03-01,C0250,R04,SMB,Core,5547.7,0,0,0,0,5547.7,5547.7
2026-04-01,C0250,R04,SMB,Core,5547.7,0,0,0,0,5547.7,5547.7
2026-05-01,C0250,R04,SMB,Core,5547.7,0,0,0,0,5547.7,5547.7
2026-06-01,C0250,R04,SMB,Core,5547.7,0,0,0,0,5547.7,5547.7
2024-12-01,C0251,R02,SMB,Core,0,3324.49,0,0,0,3324.49,1662.25
2025-01-01,C0251,R02,SMB,Core,3324.49,0,0,0,0,3324.49,3324.49
2025-02-01,C0251,R02,SMB,Core,3324.49,0,0,0,0,3324.49,3324.49
2025-03-01,C0251,R02,SMB,Core,3324.49,0,0,0,0,3324.49,3324.49
2025-04-01,C0251,R02,SMB,Core,3324.49,0,0,0,0,3324.49,3324.49
2025-05-01,C0251,R02,SMB,Core,3324.49,0,0,0,0,3324.49,3324.49
2025-06-01,C0251,R02,SMB,Core,3324.49,0,0,0,0,3324.49,3324.49
2025-07-01,C0251,R02,SMB,Core,3324.49,0,0,0,0,3324.49,3324.49
2025-08-01,C0251,R02,SMB,Core,3324.49,0,0,0,0,3324.49,3324.49
2025-09-01,C0251,R02,SMB,Core,3324.49,0,0,0,0,3324.49,3324.49
2025-10-01,C0251,R02,SMB,Core,3324.49,0,0,0,0,3324.49,3324.49
2025-11-01,C0251,R02,SMB,Core,3324.49,0,0,0,0,3324.49,3324.49
2025-12-01,C0251,R02,SMB,Core,3324.49,0,352.2,0,0,3676.69,3500.59
2026-01-01,C0251,R02,SMB,Core,3676.69,0,0,0,0,3676.69,3676.69
2026-02-01,C0251,R02,SMB,Core,3676.69,0,0,0,0,3676.69,3676.69
2026-03-01,C0251,R02,SMB,Core,3676.69,0,0,0,0,3676.69,3676.69
2026-04-01,C0251,R02,SMB,Core,3676.69,0,0,0,0,3676.69,3676.69
2026-05-01,C0251,R02,SMB,Core,3676.69,0,0,0,0,3676.69,3676.69
2026-06-01,C0251,R02,SMB,Core,3676.69,0,0,0,0,3676.69,3676.69
2023-01-01,C0252,R01,SMB,Core,4853.13,0,0,0,0,4853.13,4853.13
2023-02-01,C0252,R01,SMB,Core,4853.13,0,0,0,0,4853.13,4853.13
2023-03-01,C0252,R01,SMB,Core,4853.13,0,0,0,0,4853.13,4853.13
2023-04-01,C0252,R01,SMB,Core,4853.13,0,0,0,0,4853.13,4853.13
2023-05-01,C0252,R01,SMB,Core,4853.13,0,0,0,0,4853.13,4853.13
2023-06-01,C0252,R01,SMB,Core,4853.13,0,0,0,0,4853.13,4853.13
2023-07-01,C0252,R01,SMB,Core,4853.13,0,0,0,0,4853.13,4853.13
2023-08-01,C0252,R01,SMB,Core,4853.13,0,0,0,0,4853.13,4853.13
2023-09-01,C0252,R01,SMB,Core,4853.13,0,0,0,0,4853.13,4853.13
2023-10-01,C0252,R01,SMB,Core,4853.13,0,0,0,0,4853.13,4853.13
2023-11-01,C0252,R01,SMB,Core,4853.13,0,145.59,0,0,4998.72,4925.92
2023-12-01,C0252,R01,SMB,Core,4998.72,0,0,0,0,4998.72,4998.72
2024-01-01,C0252,R01,SMB,Core,4998.72,0,0,0,0,4998.72,4998.72
2024-02-01,C0252,R01,SMB,Core,4998.72,0,0,0,0,4998.72,4998.72
2024-03-01,C0252,R01,SMB,Core,4998.72,0,0,0,0,4998.72,4998.72
2024-04-01,C0252,R01,SMB,Core,4998.72,0,0,0,0,4998.72,4998.72
2024-05-01,C0252,R01,SMB,Core,4998.72,0,0,0,0,4998.72,4998.72
2024-06-01,C0252,R01,SMB,Core,4998.72,0,0,0,0,4998.72,4998.72
2024-07-01,C0252,R01,SMB,Core,4998.72,0,0,0,0,4998.72,4998.72
2024-08-01,C0252,R01,SMB,Core,4998.72,0,0,0,0,4998.72,4998.72
2024-09-01,C0252,R01,SMB,Core,4998.72,0,0,0,0,4998.72,4998.72
2024-10-01,C0252,R01,SMB,Core,4998.72,0,0,0,0,4998.72,4998.72
2024-11-01,C0252,R01,SMB,Core,4998.72,0,149.96,0,0,5148.68,5073.7
2024-12-01,C0252,R01,SMB,Core,5148.68,0,0,0,0,5148.68,5148.68
2025-01-01,C0252,R01,SMB,Core,5148.68,0,0,0,0,5148.68,5148.68
2025-02-01,C0252,R01,SMB,Core,5148.68,0,0,0,0,5148.68,5148.68
2025-03-01,C0252,R01,SMB,Core,5148.68,0,0,0,0,5148.68,5148.68
2025-04-01,C0252,R01,SMB,Core,5148.68,0,0,0,0,5148.68,5148.68
2025-05-01,C0252,R01,SMB,Core,5148.68,0,0,0,0,5148.68,5148.68
2025-06-01,C0252,R01,SMB,Core,5148.68,0,0,0,0,5148.68,5148.68
2025-07-01,C0252,R01,SMB,Core,5148.68,0,0,0,0,5148.68,5148.68
2025-08-01,C0252,R01,SMB,Core,5148.68,0,0,0,0,5148.68,5148.68
2025-09-01,C0252,R01,SMB,Core,5148.68,0,0,0,0,5148.68,5148.68
2025-10-01,C0252,R01,SMB,Core,5148.68,0,0,0,0,5148.68,5148.68
2025-11-01,C0252,R01,SMB,Core,5148.68,0,154.46,0,0,5303.14,5225.91
2025-12-01,C0252,R01,SMB,Core,5303.14,0,0,0,0,5303.14,5303.14
2026-01-01,C0252,R01,SMB,Core,5303.14,0,0,0,0,5303.14,5303.14
2026-02-01,C0252,R01,SMB,Core,5303.14,0,0,0,0,5303.14,5303.14
2026-03-01,C0252,R01,SMB,Core,5303.14,0,0,0,0,5303.14,5303.14
2026-04-01,C0252,R01,SMB,Core,5303.14,0,0,0,0,5303.14,5303.14
2026-05-01,C0252,R01,SMB,Core,5303.14,0,0,0,0,5303.14,5303.14
2026-06-01,C0252,R01,SMB,Core,5303.14,0,0,0,0,5303.14,5303.14
2023-01-01,C0253,R01,Enterprise,Enterprise Suite,86728.79,0,0,0,0,86728.79,86728.79
2023-02-01,C0253,R01,Enterprise,Enterprise Suite,86728.79,0,9168.4,0,0,95897.18,91312.99
2023-03-01,C0253,R01,Enterprise,Enterprise Suite,95897.18,0,0,0,0,95897.18,95897.18
2023-04-01,C0253,R01,Enterprise,Enterprise Suite,95897.18,0,0,0,0,95897.18,95897.18
2023-05-01,C0253,R01,Enterprise,Enterprise Suite,95897.18,0,0,0,0,95897.18,95897.18
2023-06-01,C0253,R01,Enterprise,Enterprise Suite,95897.18,0,0,0,0,95897.18,95897.18
2023-07-01,C0253,R01,Enterprise,Enterprise Suite,95897.18,0,0,0,0,95897.18,95897.18
2023-08-01,C0253,R01,Enterprise,Enterprise Suite,95897.18,0,0,0,0,95897.18,95897.18
2023-09-01,C0253,R01,Enterprise,Enterprise Suite,95897.18,0,0,0,0,95897.18,95897.18
2023-10-01,C0253,R01,Enterprise,Enterprise Suite,95897.18,0,0,0,0,95897.18,95897.18
2023-11-01,C0253,R01,Enterprise,Enterprise Suite,95897.18,0,0,0,0,95897.18,95897.18
2023-12-01,C0253,R01,Enterprise,Enterprise Suite,95897.18,0,0,0,0,95897.18,95897.18
2024-01-01,C0253,R01,Enterprise,Enterprise Suite,95897.18,0,0,0,0,95897.18,95897.18
2024-02-01,C0253,R01,Enterprise,Enterprise Suite,95897.18,0,7244.7,0,0,103141.89,99519.54
2024-03-01,C0253,R01,Enterprise,Enterprise Suite,103141.89,0,0,0,0,103141.89,103141.89
2024-04-01,C0253,R01,Enterprise,Enterprise Suite,103141.89,0,0,0,0,103141.89,103141.89
2024-05-01,C0253,R01,Enterprise,Enterprise Suite,103141.89,0,0,0,0,103141.89,103141.89
2024-06-01,C0253,R01,Enterprise,Enterprise Suite,103141.89,0,0,0,0,103141.89,103141.89
2024-07-01,C0253,R01,Enterprise,Enterprise Suite,103141.89,0,0,0,0,103141.89,103141.89
2024-08-01,C0253,R01,Enterprise,Enterprise Suite,103141.89,0,0,0,0,103141.89,103141.89
2024-09-01,C0253,R01,Enterprise,Enterprise Suite,103141.89,0,0,0,0,103141.89,103141.89
2024-10-01,C0253,R01,Enterprise,Enterprise Suite,103141.89,0,0,0,0,103141.89,103141.89
2024-11-01,C0253,R01,Enterprise,Enterprise Suite,103141.89,0,0,0,0,103141.89,103141.89
2024-12-01,C0253,R01,Enterprise,Enterprise Suite,103141.89,0,0,0,0,103141.89,103141.89
2025-01-01,C0253,R01,Enterprise,Enterprise Suite,103141.89,0,0,0,0,103141.89,103141.89
2025-02-01,C0253,R01,Enterprise,Enterprise Suite,103141.89,0,5108.82,0,0,108250.71,105696.3
2025-03-01,C0253,R01,Enterprise,Enterprise Suite,108250.71,0,0,0,0,108250.71,108250.71
2025-04-01,C0253,R01,Enterprise,Enterprise Suite,108250.71,0,0,0,0,108250.71,108250.71
2025-05-01,C0253,R01,Enterprise,Enterprise Suite,108250.71,0,0,0,0,108250.71,108250.71
2025-06-01,C0253,R01,Enterprise,Enterprise Suite,108250.71,0,0,0,0,108250.71,108250.71
2025-07-01,C0253,R01,Enterprise,Enterprise Suite,108250.71,0,0,0,0,108250.71,108250.71
2025-08-01,C0253,R01,Enterprise,Enterprise Suite,108250.71,0,0,0,0,108250.71,108250.71
2025-09-01,C0253,R01,Enterprise,Enterprise Suite,108250.71,0,0,0,0,108250.71,108250.71
2025-10-01,C0253,R01,Enterprise,Enterprise Suite,108250.71,0,0,0,0,108250.71,108250.71
2025-11-01,C0253,R01,Enterprise,Enterprise Suite,108250.71,0,0,0,0,108250.71,108250.71
2025-12-01,C0253,R01,Enterprise,Enterprise Suite,108250.71,0,0,0,0,108250.71,108250.71
2026-01-01,C0253,R01,Enterprise,Enterprise Suite,108250.71,0,0,0,0,108250.71,108250.71
2026-02-01,C0253,R01,Enterprise,Enterprise Suite,108250.71,0,10604.56,0,0,118855.28,113552.99
2026-03-01,C0253,R01,Enterprise,Enterprise Suite,118855.28,0,0,0,0,118855.28,118855.28
2026-04-01,C0253,R01,Enterprise,Enterprise Suite,118855.28,0,0,0,0,118855.28,118855.28
2026-05-01,C0253,R01,Enterprise,Enterprise Suite,118855.28,0,0,0,0,118855.28,118855.28
2026-06-01,C0253,R01,Enterprise,Enterprise Suite,118855.28,0,0,0,0,118855.28,118855.28
2025-11-01,C0254,R01,Mid-Market,Business,0,13934.4,0,0,0,13934.4,6967.2
2025-12-01,C0254,R01,Mid-Market,Business,13934.4,0,0,0,0,13934.4,13934.4
2026-01-01,C0254,R01,Mid-Market,Business,13934.4,0,0,0,0,13934.4,13934.4
2026-02-01,C0254,R01,Mid-Market,Business,13934.4,0,0,0,0,13934.4,13934.4
2026-03-01,C0254,R01,Mid-Market,Business,13934.4,0,0,0,0,13934.4,13934.4
2026-04-01,C0254,R01,Mid-Market,Business,13934.4,0,0,0,0,13934.4,13934.4
2026-05-01,C0254,R01,Mid-Market,Business,13934.4,0,0,0,0,13934.4,13934.4
2026-06-01,C0254,R01,Mid-Market,Business,13934.4,0,0,0,0,13934.4,13934.4
2026-02-01,C0255,R01,Mid-Market,Business,0,9901.41,0,0,0,9901.41,4950.7
2026-03-01,C0255,R01,Mid-Market,Business,9901.41,0,0,0,0,9901.41,9901.41
2026-04-01,C0255,R01,Mid-Market,Business,9901.41,0,0,0,0,9901.41,9901.41
2026-05-01,C0255,R01,Mid-Market,Business,9901.41,0,0,0,0,9901.41,9901.41
2026-06-01,C0255,R01,Mid-Market,Business,9901.41,0,0,0,0,9901.41,9901.41
2024-06-01,C0256,R01,Mid-Market,Business,0,7233.94,0,0,0,7233.94,3616.97
2024-07-01,C0256,R01,Mid-Market,Business,7233.94,0,0,0,0,7233.94,7233.94
2024-08-01,C0256,R01,Mid-Market,Business,7233.94,0,0,0,0,7233.94,7233.94
2024-09-01,C0256,R01,Mid-Market,Business,7233.94,0,0,0,0,7233.94,7233.94
2024-10-01,C0256,R01,Mid-Market,Business,7233.94,0,0,0,0,7233.94,7233.94
2024-11-01,C0256,R01,Mid-Market,Business,7233.94,0,0,0,0,7233.94,7233.94
2024-12-01,C0256,R01,Mid-Market,Business,7233.94,0,0,0,0,7233.94,7233.94
2025-01-01,C0256,R01,Mid-Market,Business,7233.94,0,0,0,0,7233.94,7233.94
2025-02-01,C0256,R01,Mid-Market,Business,7233.94,0,0,0,0,7233.94,7233.94
2025-03-01,C0256,R01,Mid-Market,Business,7233.94,0,0,0,0,7233.94,7233.94
2025-04-01,C0256,R01,Mid-Market,Business,7233.94,0,0,0,0,7233.94,7233.94
2025-05-01,C0256,R01,Mid-Market,Business,7233.94,0,0,0,0,7233.94,7233.94
2025-06-01,C0256,R01,Mid-Market,Business,7233.94,0,667.28,508.6,0,7392.62,7313.28
2025-07-01,C0256,R01,Mid-Market,Business,7392.62,0,0,0,0,7392.62,7392.62
2025-08-01,C0256,R01,Mid-Market,Business,7392.62,0,0,0,0,7392.62,7392.62
2025-09-01,C0256,R01,Mid-Market,Business,7392.62,0,0,0,0,7392.62,7392.62
2025-10-01,C0256,R01,Mid-Market,Business,7392.62,0,0,0,0,7392.62,7392.62
2025-11-01,C0256,R01,Mid-Market,Business,7392.62,0,0,0,0,7392.62,7392.62
2025-12-01,C0256,R01,Mid-Market,Business,7392.62,0,0,0,0,7392.62,7392.62
2026-01-01,C0256,R01,Mid-Market,Business,7392.62,0,0,0,0,7392.62,7392.62
2026-02-01,C0256,R01,Mid-Market,Business,7392.62,0,0,0,0,7392.62,7392.62
2026-03-01,C0256,R01,Mid-Market,Business,7392.62,0,0,0,0,7392.62,7392.62
2026-04-01,C0256,R01,Mid-Market,Business,7392.62,0,0,0,0,7392.62,7392.62
2026-05-01,C0256,R01,Mid-Market,Business,7392.62,0,0,0,0,7392.62,7392.62
2026-06-01,C0256,R01,Mid-Market,Business,7392.62,0,746.15,0,0,8138.77,7765.69
2023-01-01,C0257,R01,Enterprise,Enterprise Suite,55332.52,0,0,0,0,55332.52,55332.52
2023-02-01,C0257,R01,Enterprise,Enterprise Suite,55332.52,0,0,0,0,55332.52,55332.52
2023-03-01,C0257,R01,Enterprise,Enterprise Suite,55332.52,0,0,0,0,55332.52,55332.52
2023-04-01,C0257,R01,Enterprise,Enterprise Suite,55332.52,0,0,0,0,55332.52,55332.52
2023-05-01,C0257,R01,Enterprise,Enterprise Suite,55332.52,0,0,0,0,55332.52,55332.52
2023-06-01,C0257,R01,Enterprise,Enterprise Suite,55332.52,0,0,0,0,55332.52,55332.52
2023-07-01,C0257,R01,Enterprise,Enterprise Suite,55332.52,0,0,0,0,55332.52,55332.52
2023-08-01,C0257,R01,Enterprise,Enterprise Suite,55332.52,0,0,0,0,55332.52,55332.52
2023-09-01,C0257,R01,Enterprise,Enterprise Suite,55332.52,0,4686.59,0,0,60019.11,57675.81
2023-10-01,C0257,R01,Enterprise,Enterprise Suite,60019.11,0,0,0,0,60019.11,60019.11
2023-11-01,C0257,R01,Enterprise,Enterprise Suite,60019.11,0,0,0,0,60019.11,60019.11
2023-12-01,C0257,R01,Enterprise,Enterprise Suite,60019.11,0,0,0,0,60019.11,60019.11
2024-01-01,C0257,R01,Enterprise,Enterprise Suite,60019.11,0,0,0,0,60019.11,60019.11
2024-02-01,C0257,R01,Enterprise,Enterprise Suite,60019.11,0,0,0,0,60019.11,60019.11
2024-03-01,C0257,R01,Enterprise,Enterprise Suite,60019.11,0,0,0,0,60019.11,60019.11
2024-04-01,C0257,R01,Enterprise,Enterprise Suite,60019.11,0,0,0,0,60019.11,60019.11
2024-05-01,C0257,R01,Enterprise,Enterprise Suite,60019.11,0,0,0,0,60019.11,60019.11
2024-06-01,C0257,R01,Enterprise,Enterprise Suite,60019.11,0,0,0,0,60019.11,60019.11
2024-07-01,C0257,R01,Enterprise,Enterprise Suite,60019.11,0,0,0,0,60019.11,60019.11
2024-08-01,C0257,R01,Enterprise,Enterprise Suite,60019.11,0,0,0,0,60019.11,60019.11
2024-09-01,C0257,R01,Enterprise,Enterprise Suite,60019.11,0,4956.63,0,0,64975.74,62497.43
2024-10-01,C0257,R01,Enterprise,Enterprise Suite,64975.74,0,0,0,0,64975.74,64975.74
2024-11-01,C0257,R01,Enterprise,Enterprise Suite,64975.74,0,0,0,0,64975.74,64975.74
2024-12-01,C0257,R01,Enterprise,Enterprise Suite,64975.74,0,0,0,0,64975.74,64975.74
2025-01-01,C0257,R01,Enterprise,Enterprise Suite,64975.74,0,0,0,0,64975.74,64975.74
2025-02-01,C0257,R01,Enterprise,Enterprise Suite,64975.74,0,0,0,0,64975.74,64975.74
2025-03-01,C0257,R01,Enterprise,Enterprise Suite,64975.74,0,0,0,0,64975.74,64975.74
2025-04-01,C0257,R01,Enterprise,Enterprise Suite,64975.74,0,0,0,0,64975.74,64975.74
2025-05-01,C0257,R01,Enterprise,Enterprise Suite,64975.74,0,0,0,0,64975.74,64975.74
2025-06-01,C0257,R01,Enterprise,Enterprise Suite,64975.74,0,0,0,0,64975.74,64975.74
2025-07-01,C0257,R01,Enterprise,Enterprise Suite,64975.74,0,0,0,0,64975.74,64975.74
2025-08-01,C0257,R01,Enterprise,Enterprise Suite,64975.74,0,0,0,0,64975.74,64975.74
2025-09-01,C0257,R01,Enterprise,Enterprise Suite,64975.74,0,1949.27,0,0,66925.01,65950.38
2025-10-01,C0257,R01,Enterprise,Enterprise Suite,66925.01,0,0,0,0,66925.01,66925.01
2025-11-01,C0257,R01,Enterprise,Enterprise Suite,66925.01,0,0,0,0,66925.01,66925.01
2025-12-01,C0257,R01,Enterprise,Enterprise Suite,66925.01,0,0,0,0,66925.01,66925.01
2026-01-01,C0257,R01,Enterprise,Enterprise Suite,66925.01,0,0,0,0,66925.01,66925.01
2026-02-01,C0257,R01,Enterprise,Enterprise Suite,66925.01,0,0,0,0,66925.01,66925.01
2026-03-01,C0257,R01,Enterprise,Enterprise Suite,66925.01,0,0,0,0,66925.01,66925.01
2026-04-01,C0257,R01,Enterprise,Enterprise Suite,66925.01,0,0,0,0,66925.01,66925.01
2026-05-01,C0257,R01,Enterprise,Enterprise Suite,66925.01,0,0,0,0,66925.01,66925.01
2026-06-01,C0257,R01,Enterprise,Enterprise Suite,66925.01,0,0,0,0,66925.01,66925.01
2025-08-01,C0258,R03,Mid-Market,Business,0,7382.13,0,0,0,7382.13,3691.07
2025-09-01,C0258,R03,Mid-Market,Business,7382.13,0,0,0,0,7382.13,7382.13
2025-10-01,C0258,R03,Mid-Market,Business,7382.13,0,0,0,0,7382.13,7382.13
2025-11-01,C0258,R03,Mid-Market,Business,7382.13,0,0,0,0,7382.13,7382.13
2025-12-01,C0258,R03,Mid-Market,Business,7382.13,0,0,0,0,7382.13,7382.13
2026-01-01,C0258,R03,Mid-Market,Business,7382.13,0,0,0,0,7382.13,7382.13
2026-02-01,C0258,R03,Mid-Market,Business,7382.13,0,0,0,0,7382.13,7382.13
2026-03-01,C0258,R03,Mid-Market,Business,7382.13,0,0,0,0,7382.13,7382.13
2026-04-01,C0258,R03,Mid-Market,Business,7382.13,0,0,0,0,7382.13,7382.13
2026-05-01,C0258,R03,Mid-Market,Business,7382.13,0,0,0,0,7382.13,7382.13
2026-06-01,C0258,R03,Mid-Market,Business,7382.13,0,0,0,0,7382.13,7382.13
2023-01-01,C0259,R03,Mid-Market,Business,15679.08,0,0,0,0,15679.08,15679.08
2023-02-01,C0259,R03,Mid-Market,Business,15679.08,0,0,0,0,15679.08,15679.08
2023-03-01,C0259,R03,Mid-Market,Business,15679.08,0,0,0,0,15679.08,15679.08
2023-04-01,C0259,R03,Mid-Market,Business,15679.08,0,0,0,0,15679.08,15679.08
2023-05-01,C0259,R03,Mid-Market,Business,15679.08,0,0,0,0,15679.08,15679.08
2023-06-01,C0259,R03,Mid-Market,Business,15679.08,0,0,0,0,15679.08,15679.08
2023-07-01,C0259,R03,Mid-Market,Business,15679.08,0,0,0,0,15679.08,15679.08
2023-08-01,C0259,R03,Mid-Market,Business,15679.08,0,0,0,0,15679.08,15679.08
2023-09-01,C0259,R03,Mid-Market,Business,15679.08,0,0,0,0,15679.08,15679.08
2023-10-01,C0259,R03,Mid-Market,Business,15679.08,0,1286.1,0,0,16965.18,16322.13
2023-11-01,C0259,R03,Mid-Market,Business,16965.18,0,0,0,0,16965.18,16965.18
2023-12-01,C0259,R03,Mid-Market,Business,16965.18,0,0,0,0,16965.18,16965.18
2024-01-01,C0259,R03,Mid-Market,Business,16965.18,0,0,0,0,16965.18,16965.18
2024-02-01,C0259,R03,Mid-Market,Business,16965.18,0,0,0,0,16965.18,16965.18
2024-03-01,C0259,R03,Mid-Market,Business,16965.18,0,0,0,0,16965.18,16965.18
2024-04-01,C0259,R03,Mid-Market,Business,16965.18,0,0,0,0,16965.18,16965.18
2024-05-01,C0259,R03,Mid-Market,Business,16965.18,0,0,0,0,16965.18,16965.18
2024-06-01,C0259,R03,Mid-Market,Business,16965.18,0,0,0,0,16965.18,16965.18
2024-07-01,C0259,R03,Mid-Market,Business,16965.18,0,0,0,0,16965.18,16965.18
2024-08-01,C0259,R03,Mid-Market,Business,16965.18,0,0,0,0,16965.18,16965.18
2024-09-01,C0259,R03,Mid-Market,Business,16965.18,0,0,0,0,16965.18,16965.18
2024-10-01,C0259,R03,Mid-Market,Business,16965.18,0,508.96,964.52,0,16509.61,16737.39
2024-11-01,C0259,R03,Mid-Market,Business,16509.61,0,0,0,0,16509.61,16509.61
2024-12-01,C0259,R03,Mid-Market,Business,16509.61,0,0,0,0,16509.61,16509.61
2025-01-01,C0259,R03,Mid-Market,Business,16509.61,0,0,0,0,16509.61,16509.61
2025-02-01,C0259,R03,Mid-Market,Business,16509.61,0,0,0,0,16509.61,16509.61
2025-03-01,C0259,R03,Mid-Market,Business,16509.61,0,0,0,0,16509.61,16509.61
2025-04-01,C0259,R03,Mid-Market,Business,16509.61,0,0,0,0,16509.61,16509.61
2025-05-01,C0259,R03,Mid-Market,Business,16509.61,0,0,0,0,16509.61,16509.61
2025-06-01,C0259,R03,Mid-Market,Business,16509.61,0,0,0,0,16509.61,16509.61
2025-07-01,C0259,R03,Mid-Market,Business,16509.61,0,0,0,0,16509.61,16509.61
2025-08-01,C0259,R03,Mid-Market,Business,16509.61,0,0,0,0,16509.61,16509.61
2025-09-01,C0259,R03,Mid-Market,Business,16509.61,0,0,0,0,16509.61,16509.61
2025-10-01,C0259,R03,Mid-Market,Business,16509.61,0,2151.7,0,0,18661.32,17585.46
2025-11-01,C0259,R03,Mid-Market,Business,18661.32,0,0,0,0,18661.32,18661.32
2025-12-01,C0259,R03,Mid-Market,Business,18661.32,0,0,0,0,18661.32,18661.32
2026-01-01,C0259,R03,Mid-Market,Business,18661.32,0,0,0,0,18661.32,18661.32
2026-02-01,C0259,R03,Mid-Market,Business,18661.32,0,0,0,0,18661.32,18661.32
2026-03-01,C0259,R03,Mid-Market,Business,18661.32,0,0,0,0,18661.32,18661.32
2026-04-01,C0259,R03,Mid-Market,Business,18661.32,0,0,0,0,18661.32,18661.32
2026-05-01,C0259,R03,Mid-Market,Business,18661.32,0,0,0,0,18661.32,18661.32
2026-06-01,C0259,R03,Mid-Market,Business,18661.32,0,0,0,0,18661.32,18661.32
2023-01-01,C0260,R03,Mid-Market,Business,13867.37,0,0,0,0,13867.37,13867.37
2023-02-01,C0260,R03,Mid-Market,Business,13867.37,0,0,0,0,13867.37,13867.37
2023-03-01,C0260,R03,Mid-Market,Business,13867.37,0,416.02,0,0,14283.39,14075.38
2023-04-01,C0260,R03,Mid-Market,Business,14283.39,0,0,0,0,14283.39,14283.39
2023-05-01,C0260,R03,Mid-Market,Business,14283.39,0,0,0,0,14283.39,14283.39
2023-06-01,C0260,R03,Mid-Market,Business,14283.39,0,0,0,0,14283.39,14283.39
2023-07-01,C0260,R03,Mid-Market,Business,14283.39,0,0,0,0,14283.39,14283.39
2023-08-01,C0260,R03,Mid-Market,Business,14283.39,0,0,0,0,14283.39,14283.39
2023-09-01,C0260,R03,Mid-Market,Business,14283.39,0,0,0,0,14283.39,14283.39
2023-10-01,C0260,R03,Mid-Market,Business,14283.39,0,0,0,0,14283.39,14283.39
2023-11-01,C0260,R03,Mid-Market,Business,14283.39,0,0,0,0,14283.39,14283.39
2023-12-01,C0260,R03,Mid-Market,Business,14283.39,0,0,0,0,14283.39,14283.39
2024-01-01,C0260,R03,Mid-Market,Business,14283.39,0,0,0,0,14283.39,14283.39
2024-02-01,C0260,R03,Mid-Market,Business,14283.39,0,0,0,0,14283.39,14283.39
2024-03-01,C0260,R03,Mid-Market,Business,14283.39,0,428.5,0,0,14711.9,14497.64
2024-04-01,C0260,R03,Mid-Market,Business,14711.9,0,0,0,0,14711.9,14711.9
2024-05-01,C0260,R03,Mid-Market,Business,14711.9,0,0,0,0,14711.9,14711.9
2024-06-01,C0260,R03,Mid-Market,Business,14711.9,0,0,0,0,14711.9,14711.9
2024-07-01,C0260,R03,Mid-Market,Business,14711.9,0,0,0,0,14711.9,14711.9
2024-08-01,C0260,R03,Mid-Market,Business,14711.9,0,0,0,0,14711.9,14711.9
2024-09-01,C0260,R03,Mid-Market,Business,14711.9,0,0,0,0,14711.9,14711.9
2024-10-01,C0260,R03,Mid-Market,Business,14711.9,0,0,0,0,14711.9,14711.9
2024-11-01,C0260,R03,Mid-Market,Business,14711.9,0,0,0,0,14711.9,14711.9
2024-12-01,C0260,R03,Mid-Market,Business,14711.9,0,0,0,0,14711.9,14711.9
2025-01-01,C0260,R03,Mid-Market,Business,14711.9,0,0,0,0,14711.9,14711.9
2025-02-01,C0260,R03,Mid-Market,Business,14711.9,0,0,0,0,14711.9,14711.9
2025-03-01,C0260,R03,Mid-Market,Business,14711.9,0,674.53,0,0,15386.43,15049.16
2025-04-01,C0260,R03,Mid-Market,Business,15386.43,0,0,0,0,15386.43,15386.43
2025-05-01,C0260,R03,Mid-Market,Business,15386.43,0,0,0,0,15386.43,15386.43
2025-06-01,C0260,R03,Mid-Market,Business,15386.43,0,0,0,0,15386.43,15386.43
2025-07-01,C0260,R03,Mid-Market,Business,15386.43,0,0,0,0,15386.43,15386.43
2025-08-01,C0260,R03,Mid-Market,Business,15386.43,0,0,0,0,15386.43,15386.43
2025-09-01,C0260,R03,Mid-Market,Business,15386.43,0,0,0,0,15386.43,15386.43
2025-10-01,C0260,R03,Mid-Market,Business,15386.43,0,0,0,0,15386.43,15386.43
2025-11-01,C0260,R03,Mid-Market,Business,15386.43,0,0,0,0,15386.43,15386.43
2025-12-01,C0260,R03,Mid-Market,Business,15386.43,0,0,0,0,15386.43,15386.43
2026-01-01,C0260,R03,Mid-Market,Business,15386.43,0,0,0,0,15386.43,15386.43
2026-02-01,C0260,R03,Mid-Market,Business,15386.43,0,0,0,0,15386.43,15386.43
2026-03-01,C0260,R03,Mid-Market,Business,15386.43,0,461.59,0,15848.02,0,7693.21
2025-02-01,C0261,R03,SMB,Core,0,4250.88,0,0,0,4250.88,2125.44
2025-03-01,C0261,R03,SMB,Core,4250.88,0,0,0,0,4250.88,4250.88
2025-04-01,C0261,R03,SMB,Core,4250.88,0,0,0,0,4250.88,4250.88
2025-05-01,C0261,R03,SMB,Core,4250.88,0,0,0,0,4250.88,4250.88
2025-06-01,C0261,R03,SMB,Core,4250.88,0,0,0,0,4250.88,4250.88
2025-07-01,C0261,R03,SMB,Core,4250.88,0,0,0,0,4250.88,4250.88
2025-08-01,C0261,R03,SMB,Core,4250.88,0,0,0,0,4250.88,4250.88
2025-09-01,C0261,R03,SMB,Core,4250.88,0,0,0,0,4250.88,4250.88
2025-10-01,C0261,R03,SMB,Core,4250.88,0,0,0,0,4250.88,4250.88
2025-11-01,C0261,R03,SMB,Core,4250.88,0,0,0,0,4250.88,4250.88
2025-12-01,C0261,R03,SMB,Core,4250.88,0,0,0,0,4250.88,4250.88
2026-01-01,C0261,R03,SMB,Core,4250.88,0,0,0,0,4250.88,4250.88
2026-02-01,C0261,R03,SMB,Core,4250.88,0,127.53,250.95,0,4127.45,4189.17
2026-03-01,C0261,R03,SMB,Core,4127.45,0,0,0,0,4127.45,4127.45
2026-04-01,C0261,R03,SMB,Core,4127.45,0,0,0,0,4127.45,4127.45
2026-05-01,C0261,R03,SMB,Core,4127.45,0,0,0,0,4127.45,4127.45
2026-06-01,C0261,R03,SMB,Core,4127.45,0,0,0,0,4127.45,4127.45
2023-01-01,C0262,R01,SMB,Core,2419.23,0,0,0,0,2419.23,2419.23
2023-02-01,C0262,R01,SMB,Core,2419.23,0,0,0,0,2419.23,2419.23
2023-03-01,C0262,R01,SMB,Core,2419.23,0,0,0,0,2419.23,2419.23
2023-04-01,C0262,R01,SMB,Core,2419.23,0,0,0,0,2419.23,2419.23
2023-05-01,C0262,R01,SMB,Core,2419.23,0,0,0,0,2419.23,2419.23
2023-06-01,C0262,R01,SMB,Core,2419.23,0,0,0,0,2419.23,2419.23
2023-07-01,C0262,R01,SMB,Core,2419.23,0,72.58,0,2491.81,0,1209.62
2025-12-01,C0263,R01,Mid-Market,Business,0,11726.94,0,0,0,11726.94,5863.47
2026-01-01,C0263,R01,Mid-Market,Business,11726.94,0,0,0,0,11726.94,11726.94
2026-02-01,C0263,R01,Mid-Market,Business,11726.94,0,0,0,0,11726.94,11726.94
2026-03-01,C0263,R01,Mid-Market,Business,11726.94,0,0,0,0,11726.94,11726.94
2026-04-01,C0263,R01,Mid-Market,Business,11726.94,0,0,0,0,11726.94,11726.94
2026-05-01,C0263,R01,Mid-Market,Business,11726.94,0,0,0,0,11726.94,11726.94
2026-06-01,C0263,R01,Mid-Market,Business,11726.94,0,0,0,0,11726.94,11726.94
2023-01-01,C0264,R01,Mid-Market,Business,17212.15,0,0,0,0,17212.15,17212.15
2023-02-01,C0264,R01,Mid-Market,Business,17212.15,0,0,0,0,17212.15,17212.15
2023-03-01,C0264,R01,Mid-Market,Business,17212.15,0,0,0,0,17212.15,17212.15
2023-04-01,C0264,R01,Mid-Market,Business,17212.15,0,0,0,0,17212.15,17212.15
2023-05-01,C0264,R01,Mid-Market,Business,17212.15,0,0,0,0,17212.15,17212.15
2023-06-01,C0264,R01,Mid-Market,Business,17212.15,0,0,0,0,17212.15,17212.15
2023-07-01,C0264,R01,Mid-Market,Business,17212.15,0,0,0,0,17212.15,17212.15
2023-08-01,C0264,R01,Mid-Market,Business,17212.15,0,778.92,0,0,17991.08,17601.61
2023-09-01,C0264,R01,Mid-Market,Business,17991.08,0,0,0,0,17991.08,17991.08
2023-10-01,C0264,R01,Mid-Market,Business,17991.08,0,0,0,0,17991.08,17991.08
2023-11-01,C0264,R01,Mid-Market,Business,17991.08,0,0,0,0,17991.08,17991.08
2023-12-01,C0264,R01,Mid-Market,Business,17991.08,0,0,0,0,17991.08,17991.08
2024-01-01,C0264,R01,Mid-Market,Business,17991.08,0,0,0,0,17991.08,17991.08
2024-02-01,C0264,R01,Mid-Market,Business,17991.08,0,0,0,0,17991.08,17991.08
2024-03-01,C0264,R01,Mid-Market,Business,17991.08,0,0,0,0,17991.08,17991.08
2024-04-01,C0264,R01,Mid-Market,Business,17991.08,0,0,0,0,17991.08,17991.08
2024-05-01,C0264,R01,Mid-Market,Business,17991.08,0,0,0,0,17991.08,17991.08
2024-06-01,C0264,R01,Mid-Market,Business,17991.08,0,0,0,0,17991.08,17991.08
2024-07-01,C0264,R01,Mid-Market,Business,17991.08,0,0,0,0,17991.08,17991.08
2024-08-01,C0264,R01,Mid-Market,Business,17991.08,0,1179.68,0,0,19170.76,18580.92
2024-09-01,C0264,R01,Mid-Market,Business,19170.76,0,0,0,0,19170.76,19170.76
2024-10-01,C0264,R01,Mid-Market,Business,19170.76,0,0,0,0,19170.76,19170.76
2024-11-01,C0264,R01,Mid-Market,Business,19170.76,0,0,0,0,19170.76,19170.76
2024-12-01,C0264,R01,Mid-Market,Business,19170.76,0,0,0,0,19170.76,19170.76
2025-01-01,C0264,R01,Mid-Market,Business,19170.76,0,0,0,0,19170.76,19170.76
2025-02-01,C0264,R01,Mid-Market,Business,19170.76,0,0,0,0,19170.76,19170.76
2025-03-01,C0264,R01,Mid-Market,Business,19170.76,0,0,0,0,19170.76,19170.76
2025-04-01,C0264,R01,Mid-Market,Business,19170.76,0,0,0,0,19170.76,19170.76
2025-05-01,C0264,R01,Mid-Market,Business,19170.76,0,0,0,0,19170.76,19170.76
2025-06-01,C0264,R01,Mid-Market,Business,19170.76,0,0,0,0,19170.76,19170.76
2025-07-01,C0264,R01,Mid-Market,Business,19170.76,0,0,0,0,19170.76,19170.76
2025-08-01,C0264,R01,Mid-Market,Business,19170.76,0,1736.94,0,0,20907.7,20039.23
2025-09-01,C0264,R01,Mid-Market,Business,20907.7,0,0,0,0,20907.7,20907.7
2025-10-01,C0264,R01,Mid-Market,Business,20907.7,0,0,0,0,20907.7,20907.7
2025-11-01,C0264,R01,Mid-Market,Business,20907.7,0,0,0,0,20907.7,20907.7
2025-12-01,C0264,R01,Mid-Market,Business,20907.7,0,0,0,0,20907.7,20907.7
2026-01-01,C0264,R01,Mid-Market,Business,20907.7,0,0,0,0,20907.7,20907.7
2026-02-01,C0264,R01,Mid-Market,Business,20907.7,0,0,0,0,20907.7,20907.7
2026-03-01,C0264,R01,Mid-Market,Business,20907.7,0,0,0,0,20907.7,20907.7
2026-04-01,C0264,R01,Mid-Market,Business,20907.7,0,0,0,0,20907.7,20907.7
2026-05-01,C0264,R01,Mid-Market,Business,20907.7,0,0,0,0,20907.7,20907.7
2026-06-01,C0264,R01,Mid-Market,Business,20907.7,0,0,0,0,20907.7,20907.7
2023-01-01,C0265,R03,Enterprise,Enterprise Suite,76191.57,0,0,0,0,76191.57,76191.57
2023-02-01,C0265,R03,Enterprise,Enterprise Suite,76191.57,0,0,0,0,76191.57,76191.57
2023-03-01,C0265,R03,Enterprise,Enterprise Suite,76191.57,0,0,0,0,76191.57,76191.57
2023-04-01,C0265,R03,Enterprise,Enterprise Suite,76191.57,0,0,0,0,76191.57,76191.57
2023-05-01,C0265,R03,Enterprise,Enterprise Suite,76191.57,0,0,0,0,76191.57,76191.57
2023-06-01,C0265,R03,Enterprise,Enterprise Suite,76191.57,0,0,0,0,76191.57,76191.57
2023-07-01,C0265,R03,Enterprise,Enterprise Suite,76191.57,0,0,0,0,76191.57,76191.57
2023-08-01,C0265,R03,Enterprise,Enterprise Suite,76191.57,0,0,0,0,76191.57,76191.57
2023-09-01,C0265,R03,Enterprise,Enterprise Suite,76191.57,0,9432.45,0,0,85624.02,80907.8
2023-10-01,C0265,R03,Enterprise,Enterprise Suite,85624.02,0,0,0,0,85624.02,85624.02
2023-11-01,C0265,R03,Enterprise,Enterprise Suite,85624.02,0,0,0,0,85624.02,85624.02
2023-12-01,C0265,R03,Enterprise,Enterprise Suite,85624.02,0,0,0,0,85624.02,85624.02
2024-01-01,C0265,R03,Enterprise,Enterprise Suite,85624.02,0,0,0,0,85624.02,85624.02
2024-02-01,C0265,R03,Enterprise,Enterprise Suite,85624.02,0,0,0,0,85624.02,85624.02
2024-03-01,C0265,R03,Enterprise,Enterprise Suite,85624.02,0,0,0,0,85624.02,85624.02
2024-04-01,C0265,R03,Enterprise,Enterprise Suite,85624.02,0,0,0,0,85624.02,85624.02
2024-05-01,C0265,R03,Enterprise,Enterprise Suite,85624.02,0,0,0,0,85624.02,85624.02
2024-06-01,C0265,R03,Enterprise,Enterprise Suite,85624.02,0,0,0,0,85624.02,85624.02
2024-07-01,C0265,R03,Enterprise,Enterprise Suite,85624.02,0,0,0,0,85624.02,85624.02
2024-08-01,C0265,R03,Enterprise,Enterprise Suite,85624.02,0,0,0,0,85624.02,85624.02
2024-09-01,C0265,R03,Enterprise,Enterprise Suite,85624.02,0,7782.59,0,0,93406.61,89515.32
2024-10-01,C0265,R03,Enterprise,Enterprise Suite,93406.61,0,0,0,0,93406.61,93406.61
2024-11-01,C0265,R03,Enterprise,Enterprise Suite,93406.61,0,0,0,0,93406.61,93406.61
2024-12-01,C0265,R03,Enterprise,Enterprise Suite,93406.61,0,0,0,0,93406.61,93406.61
2025-01-01,C0265,R03,Enterprise,Enterprise Suite,93406.61,0,0,0,0,93406.61,93406.61
2025-02-01,C0265,R03,Enterprise,Enterprise Suite,93406.61,0,0,0,0,93406.61,93406.61
2025-03-01,C0265,R03,Enterprise,Enterprise Suite,93406.61,0,0,0,0,93406.61,93406.61
2025-04-01,C0265,R03,Enterprise,Enterprise Suite,93406.61,0,0,0,0,93406.61,93406.61
2025-05-01,C0265,R03,Enterprise,Enterprise Suite,93406.61,0,0,0,0,93406.61,93406.61
2025-06-01,C0265,R03,Enterprise,Enterprise Suite,93406.61,0,0,0,0,93406.61,93406.61
2025-07-01,C0265,R03,Enterprise,Enterprise Suite,93406.61,0,0,0,0,93406.61,93406.61
2025-08-01,C0265,R03,Enterprise,Enterprise Suite,93406.61,0,0,0,0,93406.61,93406.61
2025-09-01,C0265,R03,Enterprise,Enterprise Suite,93406.61,0,2802.2,0,0,96208.81,94807.71
2025-10-01,C0265,R03,Enterprise,Enterprise Suite,96208.81,0,0,0,0,96208.81,96208.81
2025-11-01,C0265,R03,Enterprise,Enterprise Suite,96208.81,0,0,0,0,96208.81,96208.81
2025-12-01,C0265,R03,Enterprise,Enterprise Suite,96208.81,0,0,0,0,96208.81,96208.81
2026-01-01,C0265,R03,Enterprise,Enterprise Suite,96208.81,0,0,0,0,96208.81,96208.81
2026-02-01,C0265,R03,Enterprise,Enterprise Suite,96208.81,0,0,0,0,96208.81,96208.81
2026-03-01,C0265,R03,Enterprise,Enterprise Suite,96208.81,0,0,0,0,96208.81,96208.81
2026-04-01,C0265,R03,Enterprise,Enterprise Suite,96208.81,0,0,0,0,96208.81,96208.81
2026-05-01,C0265,R03,Enterprise,Enterprise Suite,96208.81,0,0,0,0,96208.81,96208.81
2026-06-01,C0265,R03,Enterprise,Enterprise Suite,96208.81,0,0,0,0,96208.81,96208.81
2023-01-01,C0266,R03,Enterprise,Enterprise Suite,44818.99,0,0,0,0,44818.99,44818.99
2023-02-01,C0266,R03,Enterprise,Enterprise Suite,44818.99,0,0,0,0,44818.99,44818.99
2023-03-01,C0266,R03,Enterprise,Enterprise Suite,44818.99,0,0,0,0,44818.99,44818.99
2023-04-01,C0266,R03,Enterprise,Enterprise Suite,44818.99,0,6178.87,0,0,50997.86,47908.42
2023-05-01,C0266,R03,Enterprise,Enterprise Suite,50997.86,0,0,0,0,50997.86,50997.86
2023-06-01,C0266,R03,Enterprise,Enterprise Suite,50997.86,0,0,0,0,50997.86,50997.86
2023-07-01,C0266,R03,Enterprise,Enterprise Suite,50997.86,0,0,0,0,50997.86,50997.86
2023-08-01,C0266,R03,Enterprise,Enterprise Suite,50997.86,0,0,0,0,50997.86,50997.86
2023-09-01,C0266,R03,Enterprise,Enterprise Suite,50997.86,0,0,0,0,50997.86,50997.86
2023-10-01,C0266,R03,Enterprise,Enterprise Suite,50997.86,0,0,0,0,50997.86,50997.86
2023-11-01,C0266,R03,Enterprise,Enterprise Suite,50997.86,0,0,0,0,50997.86,50997.86
2023-12-01,C0266,R03,Enterprise,Enterprise Suite,50997.86,0,0,0,0,50997.86,50997.86
2024-01-01,C0266,R03,Enterprise,Enterprise Suite,50997.86,0,0,0,0,50997.86,50997.86
2024-02-01,C0266,R03,Enterprise,Enterprise Suite,50997.86,0,0,0,0,50997.86,50997.86
2024-03-01,C0266,R03,Enterprise,Enterprise Suite,50997.86,0,0,0,0,50997.86,50997.86
2024-04-01,C0266,R03,Enterprise,Enterprise Suite,50997.86,0,5453.96,0,0,56451.82,53724.84
2024-05-01,C0266,R03,Enterprise,Enterprise Suite,56451.82,0,0,0,0,56451.82,56451.82
2024-06-01,C0266,R03,Enterprise,Enterprise Suite,56451.82,0,0,0,0,56451.82,56451.82
2024-07-01,C0266,R03,Enterprise,Enterprise Suite,56451.82,0,0,0,0,56451.82,56451.82
2024-08-01,C0266,R03,Enterprise,Enterprise Suite,56451.82,0,0,0,0,56451.82,56451.82
2024-09-01,C0266,R03,Enterprise,Enterprise Suite,56451.82,0,0,0,0,56451.82,56451.82
2024-10-01,C0266,R03,Enterprise,Enterprise Suite,56451.82,0,0,0,0,56451.82,56451.82
2024-11-01,C0266,R03,Enterprise,Enterprise Suite,56451.82,0,0,0,0,56451.82,56451.82
2024-12-01,C0266,R03,Enterprise,Enterprise Suite,56451.82,0,0,0,0,56451.82,56451.82
2025-01-01,C0266,R03,Enterprise,Enterprise Suite,56451.82,0,0,0,0,56451.82,56451.82
2025-02-01,C0266,R03,Enterprise,Enterprise Suite,56451.82,0,0,0,0,56451.82,56451.82
2025-03-01,C0266,R03,Enterprise,Enterprise Suite,56451.82,0,0,0,0,56451.82,56451.82
2025-04-01,C0266,R03,Enterprise,Enterprise Suite,56451.82,0,1693.55,5376.98,0,52768.39,54610.11
2025-05-01,C0266,R03,Enterprise,Enterprise Suite,52768.39,0,0,0,0,52768.39,52768.39
2025-06-01,C0266,R03,Enterprise,Enterprise Suite,52768.39,0,0,0,0,52768.39,52768.39
2025-07-01,C0266,R03,Enterprise,Enterprise Suite,52768.39,0,0,0,0,52768.39,52768.39
2025-08-01,C0266,R03,Enterprise,Enterprise Suite,52768.39,0,0,0,0,52768.39,52768.39
2025-09-01,C0266,R03,Enterprise,Enterprise Suite,52768.39,0,0,0,0,52768.39,52768.39
2025-10-01,C0266,R03,Enterprise,Enterprise Suite,52768.39,0,0,0,0,52768.39,52768.39
2025-11-01,C0266,R03,Enterprise,Enterprise Suite,52768.39,0,0,0,0,52768.39,52768.39
2025-12-01,C0266,R03,Enterprise,Enterprise Suite,52768.39,0,0,0,0,52768.39,52768.39
2026-01-01,C0266,R03,Enterprise,Enterprise Suite,52768.39,0,0,0,0,52768.39,52768.39
2026-02-01,C0266,R03,Enterprise,Enterprise Suite,52768.39,0,0,0,0,52768.39,52768.39
2026-03-01,C0266,R03,Enterprise,Enterprise Suite,52768.39,0,0,0,0,52768.39,52768.39
2026-04-01,C0266,R03,Enterprise,Enterprise Suite,52768.39,0,5627.38,0,0,58395.77,55582.08
2026-05-01,C0266,R03,Enterprise,Enterprise Suite,58395.77,0,0,0,0,58395.77,58395.77
2026-06-01,C0266,R03,Enterprise,Enterprise Suite,58395.77,0,0,0,0,58395.77,58395.77
2023-01-01,C0267,R03,SMB,Core,3294.64,0,0,0,0,3294.64,3294.64
2023-02-01,C0267,R03,SMB,Core,3294.64,0,0,0,0,3294.64,3294.64
2023-03-01,C0267,R03,SMB,Core,3294.64,0,0,0,0,3294.64,3294.64
2023-04-01,C0267,R03,SMB,Core,3294.64,0,0,0,0,3294.64,3294.64
2023-05-01,C0267,R03,SMB,Core,3294.64,0,0,0,0,3294.64,3294.64
2023-06-01,C0267,R03,SMB,Core,3294.64,0,0,0,0,3294.64,3294.64
2023-07-01,C0267,R03,SMB,Core,3294.64,0,386.25,0,0,3680.89,3487.76
2023-08-01,C0267,R03,SMB,Core,3680.89,0,0,0,0,3680.89,3680.89
2023-09-01,C0267,R03,SMB,Core,3680.89,0,0,0,0,3680.89,3680.89
2023-10-01,C0267,R03,SMB,Core,3680.89,0,0,0,0,3680.89,3680.89
2023-11-01,C0267,R03,SMB,Core,3680.89,0,0,0,0,3680.89,3680.89
2023-12-01,C0267,R03,SMB,Core,3680.89,0,0,0,0,3680.89,3680.89
2024-01-01,C0267,R03,SMB,Core,3680.89,0,0,0,0,3680.89,3680.89
2024-02-01,C0267,R03,SMB,Core,3680.89,0,0,0,0,3680.89,3680.89
2024-03-01,C0267,R03,SMB,Core,3680.89,0,0,0,0,3680.89,3680.89
2024-04-01,C0267,R03,SMB,Core,3680.89,0,0,0,0,3680.89,3680.89
2024-05-01,C0267,R03,SMB,Core,3680.89,0,0,0,0,3680.89,3680.89
2024-06-01,C0267,R03,SMB,Core,3680.89,0,0,0,0,3680.89,3680.89
2024-07-01,C0267,R03,SMB,Core,3680.89,0,110.43,0,0,3791.31,3736.1
2024-08-01,C0267,R03,SMB,Core,3791.31,0,0,0,0,3791.31,3791.31
2024-09-01,C0267,R03,SMB,Core,3791.31,0,0,0,0,3791.31,3791.31
2024-10-01,C0267,R03,SMB,Core,3791.31,0,0,0,0,3791.31,3791.31
2024-11-01,C0267,R03,SMB,Core,3791.31,0,0,0,0,3791.31,3791.31
2024-12-01,C0267,R03,SMB,Core,3791.31,0,0,0,0,3791.31,3791.31
2025-01-01,C0267,R03,SMB,Core,3791.31,0,0,0,0,3791.31,3791.31
2025-02-01,C0267,R03,SMB,Core,3791.31,0,0,0,0,3791.31,3791.31
2025-03-01,C0267,R03,SMB,Core,3791.31,0,0,0,0,3791.31,3791.31
2025-04-01,C0267,R03,SMB,Core,3791.31,0,0,0,0,3791.31,3791.31
2025-05-01,C0267,R03,SMB,Core,3791.31,0,0,0,0,3791.31,3791.31
2025-06-01,C0267,R03,SMB,Core,3791.31,0,0,0,0,3791.31,3791.31
2025-07-01,C0267,R03,SMB,Core,3791.31,0,113.74,0,0,3905.05,3848.18
2025-08-01,C0267,R03,SMB,Core,3905.05,0,0,0,0,3905.05,3905.05
2025-09-01,C0267,R03,SMB,Core,3905.05,0,0,0,0,3905.05,3905.05
2025-10-01,C0267,R03,SMB,Core,3905.05,0,0,0,0,3905.05,3905.05
2025-11-01,C0267,R03,SMB,Core,3905.05,0,0,0,0,3905.05,3905.05
2025-12-01,C0267,R03,SMB,Core,3905.05,0,0,0,0,3905.05,3905.05
2026-01-01,C0267,R03,SMB,Core,3905.05,0,0,0,0,3905.05,3905.05
2026-02-01,C0267,R03,SMB,Core,3905.05,0,0,0,0,3905.05,3905.05
2026-03-01,C0267,R03,SMB,Core,3905.05,0,0,0,0,3905.05,3905.05
2026-04-01,C0267,R03,SMB,Core,3905.05,0,0,0,0,3905.05,3905.05
2026-05-01,C0267,R03,SMB,Core,3905.05,0,0,0,0,3905.05,3905.05
2026-06-01,C0267,R03,SMB,Core,3905.05,0,0,0,0,3905.05,3905.05
2023-07-01,C0268,R01,Enterprise,Enterprise Suite,0,40057.77,0,0,0,40057.77,20028.88
2023-08-01,C0268,R01,Enterprise,Enterprise Suite,40057.77,0,0,0,0,40057.77,40057.77
2023-09-01,C0268,R01,Enterprise,Enterprise Suite,40057.77,0,0,0,0,40057.77,40057.77
2023-10-01,C0268,R01,Enterprise,Enterprise Suite,40057.77,0,0,0,0,40057.77,40057.77
2023-11-01,C0268,R01,Enterprise,Enterprise Suite,40057.77,0,0,0,0,40057.77,40057.77
2023-12-01,C0268,R01,Enterprise,Enterprise Suite,40057.77,0,0,0,0,40057.77,40057.77
2024-01-01,C0268,R01,Enterprise,Enterprise Suite,40057.77,0,0,0,0,40057.77,40057.77
2024-02-01,C0268,R01,Enterprise,Enterprise Suite,40057.77,0,0,0,0,40057.77,40057.77
2024-03-01,C0268,R01,Enterprise,Enterprise Suite,40057.77,0,0,0,0,40057.77,40057.77
2024-04-01,C0268,R01,Enterprise,Enterprise Suite,40057.77,0,0,0,0,40057.77,40057.77
2024-05-01,C0268,R01,Enterprise,Enterprise Suite,40057.77,0,0,0,0,40057.77,40057.77
2024-06-01,C0268,R01,Enterprise,Enterprise Suite,40057.77,0,0,0,0,40057.77,40057.77
2024-07-01,C0268,R01,Enterprise,Enterprise Suite,40057.77,0,3672.2,0,0,43729.97,41893.87
2024-08-01,C0268,R01,Enterprise,Enterprise Suite,43729.97,0,0,0,0,43729.97,43729.97
2024-09-01,C0268,R01,Enterprise,Enterprise Suite,43729.97,0,0,0,0,43729.97,43729.97
2024-10-01,C0268,R01,Enterprise,Enterprise Suite,43729.97,0,0,0,0,43729.97,43729.97
2024-11-01,C0268,R01,Enterprise,Enterprise Suite,43729.97,0,0,0,0,43729.97,43729.97
2024-12-01,C0268,R01,Enterprise,Enterprise Suite,43729.97,0,0,0,0,43729.97,43729.97
2025-01-01,C0268,R01,Enterprise,Enterprise Suite,43729.97,0,0,0,0,43729.97,43729.97
2025-02-01,C0268,R01,Enterprise,Enterprise Suite,43729.97,0,0,0,0,43729.97,43729.97
2025-03-01,C0268,R01,Enterprise,Enterprise Suite,43729.97,0,0,0,0,43729.97,43729.97
2025-04-01,C0268,R01,Enterprise,Enterprise Suite,43729.97,0,0,0,0,43729.97,43729.97
2025-05-01,C0268,R01,Enterprise,Enterprise Suite,43729.97,0,0,0,0,43729.97,43729.97
2025-06-01,C0268,R01,Enterprise,Enterprise Suite,43729.97,0,0,0,0,43729.97,43729.97
2025-07-01,C0268,R01,Enterprise,Enterprise Suite,43729.97,0,3521.3,0,0,47251.27,45490.62
2025-08-01,C0268,R01,Enterprise,Enterprise Suite,47251.27,0,0,0,0,47251.27,47251.27
2025-09-01,C0268,R01,Enterprise,Enterprise Suite,47251.27,0,0,0,0,47251.27,47251.27
2025-10-01,C0268,R01,Enterprise,Enterprise Suite,47251.27,0,0,0,0,47251.27,47251.27
2025-11-01,C0268,R01,Enterprise,Enterprise Suite,47251.27,0,0,0,0,47251.27,47251.27
2025-12-01,C0268,R01,Enterprise,Enterprise Suite,47251.27,0,0,0,0,47251.27,47251.27
2026-01-01,C0268,R01,Enterprise,Enterprise Suite,47251.27,0,0,0,0,47251.27,47251.27
2026-02-01,C0268,R01,Enterprise,Enterprise Suite,47251.27,0,0,0,0,47251.27,47251.27
2026-03-01,C0268,R01,Enterprise,Enterprise Suite,47251.27,0,0,0,0,47251.27,47251.27
2026-04-01,C0268,R01,Enterprise,Enterprise Suite,47251.27,0,0,0,0,47251.27,47251.27
2026-05-01,C0268,R01,Enterprise,Enterprise Suite,47251.27,0,0,0,0,47251.27,47251.27
2026-06-01,C0268,R01,Enterprise,Enterprise Suite,47251.27,0,0,0,0,47251.27,47251.27
2023-01-01,C0269,R01,SMB,Core,2565.74,0,0,0,0,2565.74,2565.74
2023-02-01,C0269,R01,SMB,Core,2565.74,0,0,0,0,2565.74,2565.74
2023-03-01,C0269,R01,SMB,Core,2565.74,0,0,0,0,2565.74,2565.74
2023-04-01,C0269,R01,SMB,Core,2565.74,0,0,0,0,2565.74,2565.74
2023-05-01,C0269,R01,SMB,Core,2565.74,0,0,0,0,2565.74,2565.74
2023-06-01,C0269,R01,SMB,Core,2565.74,0,0,0,0,2565.74,2565.74
2023-07-01,C0269,R01,SMB,Core,2565.74,0,0,0,0,2565.74,2565.74
2023-08-01,C0269,R01,SMB,Core,2565.74,0,0,0,0,2565.74,2565.74
2023-09-01,C0269,R01,SMB,Core,2565.74,0,0,0,0,2565.74,2565.74
2023-10-01,C0269,R01,SMB,Core,2565.74,0,0,0,0,2565.74,2565.74
2023-11-01,C0269,R01,SMB,Core,2565.74,0,166.4,0,2732.14,0,1282.87
2023-01-01,C0270,R01,Enterprise,Enterprise Suite,45091.21,0,0,0,0,45091.21,45091.21
2023-02-01,C0270,R01,Enterprise,Enterprise Suite,45091.21,0,0,0,0,45091.21,45091.21
2023-03-01,C0270,R01,Enterprise,Enterprise Suite,45091.21,0,6192.07,0,0,51283.28,48187.25
2023-04-01,C0270,R01,Enterprise,Enterprise Suite,51283.28,0,0,0,0,51283.28,51283.28
2023-05-01,C0270,R01,Enterprise,Enterprise Suite,51283.28,0,0,0,0,51283.28,51283.28
2023-06-01,C0270,R01,Enterprise,Enterprise Suite,51283.28,0,0,0,0,51283.28,51283.28
2023-07-01,C0270,R01,Enterprise,Enterprise Suite,51283.28,0,0,0,0,51283.28,51283.28
2023-08-01,C0270,R01,Enterprise,Enterprise Suite,51283.28,0,0,0,0,51283.28,51283.28
2023-09-01,C0270,R01,Enterprise,Enterprise Suite,51283.28,0,0,0,0,51283.28,51283.28
2023-10-01,C0270,R01,Enterprise,Enterprise Suite,51283.28,0,0,0,0,51283.28,51283.28
2023-11-01,C0270,R01,Enterprise,Enterprise Suite,51283.28,0,0,0,0,51283.28,51283.28
2023-12-01,C0270,R01,Enterprise,Enterprise Suite,51283.28,0,0,0,0,51283.28,51283.28
2024-01-01,C0270,R01,Enterprise,Enterprise Suite,51283.28,0,0,0,0,51283.28,51283.28
2024-02-01,C0270,R01,Enterprise,Enterprise Suite,51283.28,0,0,0,0,51283.28,51283.28
2024-03-01,C0270,R01,Enterprise,Enterprise Suite,51283.28,0,5669.54,0,0,56952.82,54118.05
2024-04-01,C0270,R01,Enterprise,Enterprise Suite,56952.82,0,0,0,0,56952.82,56952.82
2024-05-01,C0270,R01,Enterprise,Enterprise Suite,56952.82,0,0,0,0,56952.82,56952.82
2024-06-01,C0270,R01,Enterprise,Enterprise Suite,56952.82,0,0,0,0,56952.82,56952.82
2024-07-01,C0270,R01,Enterprise,Enterprise Suite,56952.82,0,0,0,0,56952.82,56952.82
2024-08-01,C0270,R01,Enterprise,Enterprise Suite,56952.82,0,0,0,0,56952.82,56952.82
2024-09-01,C0270,R01,Enterprise,Enterprise Suite,56952.82,0,0,0,0,56952.82,56952.82
2024-10-01,C0270,R01,Enterprise,Enterprise Suite,56952.82,0,0,0,0,56952.82,56952.82
2024-11-01,C0270,R01,Enterprise,Enterprise Suite,56952.82,0,0,0,0,56952.82,56952.82
2024-12-01,C0270,R01,Enterprise,Enterprise Suite,56952.82,0,0,0,0,56952.82,56952.82
2025-01-01,C0270,R01,Enterprise,Enterprise Suite,56952.82,0,0,0,0,56952.82,56952.82
2025-02-01,C0270,R01,Enterprise,Enterprise Suite,56952.82,0,0,0,0,56952.82,56952.82
2025-03-01,C0270,R01,Enterprise,Enterprise Suite,56952.82,0,1708.58,0,0,58661.41,57807.12
2025-04-01,C0270,R01,Enterprise,Enterprise Suite,58661.41,0,0,0,0,58661.41,58661.41
2025-05-01,C0270,R01,Enterprise,Enterprise Suite,58661.41,0,0,0,0,58661.41,58661.41
2025-06-01,C0270,R01,Enterprise,Enterprise Suite,58661.41,0,0,0,0,58661.41,58661.41
2025-07-01,C0270,R01,Enterprise,Enterprise Suite,58661.41,0,0,0,0,58661.41,58661.41
2025-08-01,C0270,R01,Enterprise,Enterprise Suite,58661.41,0,0,0,0,58661.41,58661.41
2025-09-01,C0270,R01,Enterprise,Enterprise Suite,58661.41,0,0,0,0,58661.41,58661.41
2025-10-01,C0270,R01,Enterprise,Enterprise Suite,58661.41,0,0,0,0,58661.41,58661.41
2025-11-01,C0270,R01,Enterprise,Enterprise Suite,58661.41,0,0,0,0,58661.41,58661.41
2025-12-01,C0270,R01,Enterprise,Enterprise Suite,58661.41,0,0,0,0,58661.41,58661.41
2026-01-01,C0270,R01,Enterprise,Enterprise Suite,58661.41,0,0,0,0,58661.41,58661.41
2026-02-01,C0270,R01,Enterprise,Enterprise Suite,58661.41,0,0,0,0,58661.41,58661.41
2026-03-01,C0270,R01,Enterprise,Enterprise Suite,58661.41,0,6167.84,0,0,64829.25,61745.33
2026-04-01,C0270,R01,Enterprise,Enterprise Suite,64829.25,0,0,0,0,64829.25,64829.25
2026-05-01,C0270,R01,Enterprise,Enterprise Suite,64829.25,0,0,0,0,64829.25,64829.25
2026-06-01,C0270,R01,Enterprise,Enterprise Suite,64829.25,0,0,0,0,64829.25,64829.25
2026-02-01,C0271,R03,SMB,Core,0,1556.73,0,0,0,1556.73,778.36
2026-03-01,C0271,R03,SMB,Core,1556.73,0,0,0,0,1556.73,1556.73
2026-04-01,C0271,R03,SMB,Core,1556.73,0,0,0,0,1556.73,1556.73
2026-05-01,C0271,R03,SMB,Core,1556.73,0,0,0,0,1556.73,1556.73
2026-06-01,C0271,R03,SMB,Core,1556.73,0,0,0,0,1556.73,1556.73
2025-02-01,C0272,R04,Mid-Market,Business,0,16096.66,0,0,0,16096.66,8048.33
2025-03-01,C0272,R04,Mid-Market,Business,16096.66,0,0,0,0,16096.66,16096.66
2025-04-01,C0272,R04,Mid-Market,Business,16096.66,0,0,0,0,16096.66,16096.66
2025-05-01,C0272,R04,Mid-Market,Business,16096.66,0,0,0,0,16096.66,16096.66
2025-06-01,C0272,R04,Mid-Market,Business,16096.66,0,0,0,0,16096.66,16096.66
2025-07-01,C0272,R04,Mid-Market,Business,16096.66,0,0,0,0,16096.66,16096.66
2025-08-01,C0272,R04,Mid-Market,Business,16096.66,0,0,0,0,16096.66,16096.66
2025-09-01,C0272,R04,Mid-Market,Business,16096.66,0,0,0,0,16096.66,16096.66
2025-10-01,C0272,R04,Mid-Market,Business,16096.66,0,0,0,0,16096.66,16096.66
2025-11-01,C0272,R04,Mid-Market,Business,16096.66,0,0,0,0,16096.66,16096.66
2025-12-01,C0272,R04,Mid-Market,Business,16096.66,0,0,0,0,16096.66,16096.66
2026-01-01,C0272,R04,Mid-Market,Business,16096.66,0,0,0,0,16096.66,16096.66
2026-02-01,C0272,R04,Mid-Market,Business,16096.66,0,1368.38,0,0,17465.04,16780.85
2026-03-01,C0272,R04,Mid-Market,Business,17465.04,0,0,0,0,17465.04,17465.04
2026-04-01,C0272,R04,Mid-Market,Business,17465.04,0,0,0,0,17465.04,17465.04
2026-05-01,C0272,R04,Mid-Market,Business,17465.04,0,0,0,0,17465.04,17465.04
2026-06-01,C0272,R04,Mid-Market,Business,17465.04,0,0,0,0,17465.04,17465.04
2023-01-01,C0273,R03,Enterprise,Enterprise Suite,49648.36,0,0,0,0,49648.36,49648.36
2023-02-01,C0273,R03,Enterprise,Enterprise Suite,49648.36,0,0,0,0,49648.36,49648.36
2023-03-01,C0273,R03,Enterprise,Enterprise Suite,49648.36,0,0,0,0,49648.36,49648.36
2023-04-01,C0273,R03,Enterprise,Enterprise Suite,49648.36,0,0,0,0,49648.36,49648.36
2023-05-01,C0273,R03,Enterprise,Enterprise Suite,49648.36,0,5005.12,0,0,54653.48,52150.92
2023-06-01,C0273,R03,Enterprise,Enterprise Suite,54653.48,0,0,0,0,54653.48,54653.48
2023-07-01,C0273,R03,Enterprise,Enterprise Suite,54653.48,0,0,0,0,54653.48,54653.48
2023-08-01,C0273,R03,Enterprise,Enterprise Suite,54653.48,0,0,0,0,54653.48,54653.48
2023-09-01,C0273,R03,Enterprise,Enterprise Suite,54653.48,0,0,0,0,54653.48,54653.48
2023-10-01,C0273,R03,Enterprise,Enterprise Suite,54653.48,0,0,0,0,54653.48,54653.48
2023-11-01,C0273,R03,Enterprise,Enterprise Suite,54653.48,0,0,0,0,54653.48,54653.48
2023-12-01,C0273,R03,Enterprise,Enterprise Suite,54653.48,0,0,0,0,54653.48,54653.48
2024-01-01,C0273,R03,Enterprise,Enterprise Suite,54653.48,0,0,0,0,54653.48,54653.48
2024-02-01,C0273,R03,Enterprise,Enterprise Suite,54653.48,0,0,0,0,54653.48,54653.48
2024-03-01,C0273,R03,Enterprise,Enterprise Suite,54653.48,0,0,0,0,54653.48,54653.48
2024-04-01,C0273,R03,Enterprise,Enterprise Suite,54653.48,0,0,0,0,54653.48,54653.48
2024-05-01,C0273,R03,Enterprise,Enterprise Suite,54653.48,0,5434.14,0,0,60087.62,57370.55
2024-06-01,C0273,R03,Enterprise,Enterprise Suite,60087.62,0,0,0,0,60087.62,60087.62
2024-07-01,C0273,R03,Enterprise,Enterprise Suite,60087.62,0,0,0,0,60087.62,60087.62
2024-08-01,C0273,R03,Enterprise,Enterprise Suite,60087.62,0,0,0,0,60087.62,60087.62
2024-09-01,C0273,R03,Enterprise,Enterprise Suite,60087.62,0,0,0,0,60087.62,60087.62
2024-10-01,C0273,R03,Enterprise,Enterprise Suite,60087.62,0,0,0,0,60087.62,60087.62
2024-11-01,C0273,R03,Enterprise,Enterprise Suite,60087.62,0,0,0,0,60087.62,60087.62
2024-12-01,C0273,R03,Enterprise,Enterprise Suite,60087.62,0,0,0,0,60087.62,60087.62
2025-01-01,C0273,R03,Enterprise,Enterprise Suite,60087.62,0,0,0,0,60087.62,60087.62
2025-02-01,C0273,R03,Enterprise,Enterprise Suite,60087.62,0,0,0,0,60087.62,60087.62
2025-03-01,C0273,R03,Enterprise,Enterprise Suite,60087.62,0,0,0,0,60087.62,60087.62
2025-04-01,C0273,R03,Enterprise,Enterprise Suite,60087.62,0,0,0,0,60087.62,60087.62
2025-05-01,C0273,R03,Enterprise,Enterprise Suite,60087.62,0,1802.63,0,0,61890.25,60988.93
2025-06-01,C0273,R03,Enterprise,Enterprise Suite,61890.25,0,0,0,0,61890.25,61890.25
2025-07-01,C0273,R03,Enterprise,Enterprise Suite,61890.25,0,0,0,0,61890.25,61890.25
2025-08-01,C0273,R03,Enterprise,Enterprise Suite,61890.25,0,0,0,0,61890.25,61890.25
2025-09-01,C0273,R03,Enterprise,Enterprise Suite,61890.25,0,0,0,0,61890.25,61890.25
2025-10-01,C0273,R03,Enterprise,Enterprise Suite,61890.25,0,0,0,0,61890.25,61890.25
2025-11-01,C0273,R03,Enterprise,Enterprise Suite,61890.25,0,0,0,0,61890.25,61890.25
2025-12-01,C0273,R03,Enterprise,Enterprise Suite,61890.25,0,0,0,0,61890.25,61890.25
2026-01-01,C0273,R03,Enterprise,Enterprise Suite,61890.25,0,0,0,0,61890.25,61890.25
2026-02-01,C0273,R03,Enterprise,Enterprise Suite,61890.25,0,0,0,0,61890.25,61890.25
2026-03-01,C0273,R03,Enterprise,Enterprise Suite,61890.25,0,0,0,0,61890.25,61890.25
2026-04-01,C0273,R03,Enterprise,Enterprise Suite,61890.25,0,0,0,0,61890.25,61890.25
2026-05-01,C0273,R03,Enterprise,Enterprise Suite,61890.25,0,8044.35,0,0,69934.6,65912.42
2026-06-01,C0273,R03,Enterprise,Enterprise Suite,69934.6,0,0,0,0,69934.6,69934.6
2023-01-01,C0274,R03,SMB,Core,3317.63,0,0,0,0,3317.63,3317.63
2023-02-01,C0274,R03,SMB,Core,3317.63,0,0,0,0,3317.63,3317.63
2023-03-01,C0274,R03,SMB,Core,3317.63,0,0,0,0,3317.63,3317.63
2023-04-01,C0274,R03,SMB,Core,3317.63,0,0,0,0,3317.63,3317.63
2023-05-01,C0274,R03,SMB,Core,3317.63,0,0,0,0,3317.63,3317.63
2023-06-01,C0274,R03,SMB,Core,3317.63,0,0,0,0,3317.63,3317.63
2023-07-01,C0274,R03,SMB,Core,3317.63,0,273.43,0,0,3591.07,3454.35
2023-08-01,C0274,R03,SMB,Core,3591.07,0,0,0,0,3591.07,3591.07
2023-09-01,C0274,R03,SMB,Core,3591.07,0,0,0,0,3591.07,3591.07
2023-10-01,C0274,R03,SMB,Core,3591.07,0,0,0,0,3591.07,3591.07
2023-11-01,C0274,R03,SMB,Core,3591.07,0,0,0,0,3591.07,3591.07
2023-12-01,C0274,R03,SMB,Core,3591.07,0,0,0,0,3591.07,3591.07
2024-01-01,C0274,R03,SMB,Core,3591.07,0,0,0,0,3591.07,3591.07
2024-02-01,C0274,R03,SMB,Core,3591.07,0,0,0,0,3591.07,3591.07
2024-03-01,C0274,R03,SMB,Core,3591.07,0,0,0,0,3591.07,3591.07
2024-04-01,C0274,R03,SMB,Core,3591.07,0,0,0,0,3591.07,3591.07
2024-05-01,C0274,R03,SMB,Core,3591.07,0,0,0,0,3591.07,3591.07
2024-06-01,C0274,R03,SMB,Core,3591.07,0,0,0,0,3591.07,3591.07
2024-07-01,C0274,R03,SMB,Core,3591.07,0,107.73,0,0,3698.8,3644.93
2024-08-01,C0274,R03,SMB,Core,3698.8,0,0,0,0,3698.8,3698.8
2024-09-01,C0274,R03,SMB,Core,3698.8,0,0,0,0,3698.8,3698.8
2024-10-01,C0274,R03,SMB,Core,3698.8,0,0,0,0,3698.8,3698.8
2024-11-01,C0274,R03,SMB,Core,3698.8,0,0,0,0,3698.8,3698.8
2024-12-01,C0274,R03,SMB,Core,3698.8,0,0,0,0,3698.8,3698.8
2025-01-01,C0274,R03,SMB,Core,3698.8,0,0,0,0,3698.8,3698.8
2025-02-01,C0274,R03,SMB,Core,3698.8,0,0,0,0,3698.8,3698.8
2025-03-01,C0274,R03,SMB,Core,3698.8,0,0,0,0,3698.8,3698.8
2025-04-01,C0274,R03,SMB,Core,3698.8,0,0,0,0,3698.8,3698.8
2025-05-01,C0274,R03,SMB,Core,3698.8,0,0,0,0,3698.8,3698.8
2025-06-01,C0274,R03,SMB,Core,3698.8,0,0,0,0,3698.8,3698.8
2025-07-01,C0274,R03,SMB,Core,3698.8,0,110.96,0,0,3809.76,3754.28
2025-08-01,C0274,R03,SMB,Core,3809.76,0,0,0,0,3809.76,3809.76
2025-09-01,C0274,R03,SMB,Core,3809.76,0,0,0,0,3809.76,3809.76
2025-10-01,C0274,R03,SMB,Core,3809.76,0,0,0,0,3809.76,3809.76
2025-11-01,C0274,R03,SMB,Core,3809.76,0,0,0,0,3809.76,3809.76
2025-12-01,C0274,R03,SMB,Core,3809.76,0,0,0,0,3809.76,3809.76
2026-01-01,C0274,R03,SMB,Core,3809.76,0,0,0,0,3809.76,3809.76
2026-02-01,C0274,R03,SMB,Core,3809.76,0,0,0,0,3809.76,3809.76
2026-03-01,C0274,R03,SMB,Core,3809.76,0,0,0,0,3809.76,3809.76
2026-04-01,C0274,R03,SMB,Core,3809.76,0,0,0,0,3809.76,3809.76
2026-05-01,C0274,R03,SMB,Core,3809.76,0,0,0,0,3809.76,3809.76
2026-06-01,C0274,R03,SMB,Core,3809.76,0,0,0,0,3809.76,3809.76
2023-01-01,C0275,R03,Mid-Market,Business,11385.5,0,0,0,0,11385.5,11385.5
2023-02-01,C0275,R03,Mid-Market,Business,11385.5,0,0,0,0,11385.5,11385.5
2023-03-01,C0275,R03,Mid-Market,Business,11385.5,0,0,0,0,11385.5,11385.5
2023-04-01,C0275,R03,Mid-Market,Business,11385.5,0,341.57,0,0,11727.07,11556.29
2023-05-01,C0275,R03,Mid-Market,Business,11727.07,0,0,0,0,11727.07,11727.07
2023-06-01,C0275,R03,Mid-Market,Business,11727.07,0,0,0,0,11727.07,11727.07
2023-07-01,C0275,R03,Mid-Market,Business,11727.07,0,0,0,0,11727.07,11727.07
2023-08-01,C0275,R03,Mid-Market,Business,11727.07,0,0,0,0,11727.07,11727.07
2023-09-01,C0275,R03,Mid-Market,Business,11727.07,0,0,0,0,11727.07,11727.07
2023-10-01,C0275,R03,Mid-Market,Business,11727.07,0,0,0,0,11727.07,11727.07
2023-11-01,C0275,R03,Mid-Market,Business,11727.07,0,0,0,0,11727.07,11727.07
2023-12-01,C0275,R03,Mid-Market,Business,11727.07,0,0,0,0,11727.07,11727.07
2024-01-01,C0275,R03,Mid-Market,Business,11727.07,0,0,0,0,11727.07,11727.07
2024-02-01,C0275,R03,Mid-Market,Business,11727.07,0,0,0,0,11727.07,11727.07
2024-03-01,C0275,R03,Mid-Market,Business,11727.07,0,0,0,0,11727.07,11727.07
2024-04-01,C0275,R03,Mid-Market,Business,11727.07,0,1106.98,0,0,12834.04,12280.56
2024-05-01,C0275,R03,Mid-Market,Business,12834.04,0,0,0,0,12834.04,12834.04
2024-06-01,C0275,R03,Mid-Market,Business,12834.04,0,0,0,0,12834.04,12834.04
2024-07-01,C0275,R03,Mid-Market,Business,12834.04,0,0,0,0,12834.04,12834.04
2024-08-01,C0275,R03,Mid-Market,Business,12834.04,0,0,0,0,12834.04,12834.04
2024-09-01,C0275,R03,Mid-Market,Business,12834.04,0,0,0,0,12834.04,12834.04
2024-10-01,C0275,R03,Mid-Market,Business,12834.04,0,0,0,0,12834.04,12834.04
2024-11-01,C0275,R03,Mid-Market,Business,12834.04,0,0,0,0,12834.04,12834.04
2024-12-01,C0275,R03,Mid-Market,Business,12834.04,0,0,0,0,12834.04,12834.04
2025-01-01,C0275,R03,Mid-Market,Business,12834.04,0,0,0,0,12834.04,12834.04
2025-02-01,C0275,R03,Mid-Market,Business,12834.04,0,0,0,0,12834.04,12834.04
2025-03-01,C0275,R03,Mid-Market,Business,12834.04,0,0,0,0,12834.04,12834.04
2025-04-01,C0275,R03,Mid-Market,Business,12834.04,0,917.98,0,0,13752.02,13293.03
2025-05-01,C0275,R03,Mid-Market,Business,13752.02,0,0,0,0,13752.02,13752.02
2025-06-01,C0275,R03,Mid-Market,Business,13752.02,0,0,0,0,13752.02,13752.02
2025-07-01,C0275,R03,Mid-Market,Business,13752.02,0,0,0,0,13752.02,13752.02
2025-08-01,C0275,R03,Mid-Market,Business,13752.02,0,0,0,0,13752.02,13752.02
2025-09-01,C0275,R03,Mid-Market,Business,13752.02,0,0,0,0,13752.02,13752.02
2025-10-01,C0275,R03,Mid-Market,Business,13752.02,0,0,0,0,13752.02,13752.02
2025-11-01,C0275,R03,Mid-Market,Business,13752.02,0,0,0,0,13752.02,13752.02
2025-12-01,C0275,R03,Mid-Market,Business,13752.02,0,0,0,0,13752.02,13752.02
2026-01-01,C0275,R03,Mid-Market,Business,13752.02,0,0,0,0,13752.02,13752.02
2026-02-01,C0275,R03,Mid-Market,Business,13752.02,0,0,0,0,13752.02,13752.02
2026-03-01,C0275,R03,Mid-Market,Business,13752.02,0,0,0,0,13752.02,13752.02
2026-04-01,C0275,R03,Mid-Market,Business,13752.02,0,412.56,0,14164.58,0,6876.01
2023-01-01,C0276,R03,SMB,Core,4021.92,0,0,0,0,4021.92,4021.92
2023-02-01,C0276,R03,SMB,Core,4021.92,0,0,0,0,4021.92,4021.92
2023-03-01,C0276,R03,SMB,Core,4021.92,0,0,0,0,4021.92,4021.92
2023-04-01,C0276,R03,SMB,Core,4021.92,0,0,0,0,4021.92,4021.92
2023-05-01,C0276,R03,SMB,Core,4021.92,0,0,0,0,4021.92,4021.92
2023-06-01,C0276,R03,SMB,Core,4021.92,0,0,0,0,4021.92,4021.92
2023-07-01,C0276,R03,SMB,Core,4021.92,0,0,0,0,4021.92,4021.92
2023-08-01,C0276,R03,SMB,Core,4021.92,0,0,0,0,4021.92,4021.92
2023-09-01,C0276,R03,SMB,Core,4021.92,0,0,0,0,4021.92,4021.92
2023-10-01,C0276,R03,SMB,Core,4021.92,0,0,0,0,4021.92,4021.92
2023-11-01,C0276,R03,SMB,Core,4021.92,0,120.66,0,0,4142.58,4082.25
2023-12-01,C0276,R03,SMB,Core,4142.58,0,0,0,0,4142.58,4142.58
2024-01-01,C0276,R03,SMB,Core,4142.58,0,0,0,0,4142.58,4142.58
2024-02-01,C0276,R03,SMB,Core,4142.58,0,0,0,0,4142.58,4142.58
2024-03-01,C0276,R03,SMB,Core,4142.58,0,0,0,0,4142.58,4142.58
2024-04-01,C0276,R03,SMB,Core,4142.58,0,0,0,0,4142.58,4142.58
2024-05-01,C0276,R03,SMB,Core,4142.58,0,0,0,0,4142.58,4142.58
2024-06-01,C0276,R03,SMB,Core,4142.58,0,0,0,0,4142.58,4142.58
2024-07-01,C0276,R03,SMB,Core,4142.58,0,0,0,0,4142.58,4142.58
2024-08-01,C0276,R03,SMB,Core,4142.58,0,0,0,0,4142.58,4142.58
2024-09-01,C0276,R03,SMB,Core,4142.58,0,0,0,0,4142.58,4142.58
2024-10-01,C0276,R03,SMB,Core,4142.58,0,0,0,0,4142.58,4142.58
2024-11-01,C0276,R03,SMB,Core,4142.58,0,124.28,201.68,0,4065.17,4103.87
2024-12-01,C0276,R03,SMB,Core,4065.17,0,0,0,0,4065.17,4065.17
2025-01-01,C0276,R03,SMB,Core,4065.17,0,0,0,0,4065.17,4065.17
2025-02-01,C0276,R03,SMB,Core,4065.17,0,0,0,0,4065.17,4065.17
2025-03-01,C0276,R03,SMB,Core,4065.17,0,0,0,0,4065.17,4065.17
2025-04-01,C0276,R03,SMB,Core,4065.17,0,0,0,0,4065.17,4065.17
2025-05-01,C0276,R03,SMB,Core,4065.17,0,0,0,0,4065.17,4065.17
2025-06-01,C0276,R03,SMB,Core,4065.17,0,0,0,0,4065.17,4065.17
2025-07-01,C0276,R03,SMB,Core,4065.17,0,0,0,0,4065.17,4065.17
2025-08-01,C0276,R03,SMB,Core,4065.17,0,0,0,0,4065.17,4065.17
2025-09-01,C0276,R03,SMB,Core,4065.17,0,0,0,0,4065.17,4065.17
2025-10-01,C0276,R03,SMB,Core,4065.17,0,0,0,0,4065.17,4065.17
2025-11-01,C0276,R03,SMB,Core,4065.17,0,229.47,0,0,4294.64,4179.9
2025-12-01,C0276,R03,SMB,Core,4294.64,0,0,0,0,4294.64,4294.64
2026-01-01,C0276,R03,SMB,Core,4294.64,0,0,0,0,4294.64,4294.64
2026-02-01,C0276,R03,SMB,Core,4294.64,0,0,0,0,4294.64,4294.64
2026-03-01,C0276,R03,SMB,Core,4294.64,0,0,0,0,4294.64,4294.64
2026-04-01,C0276,R03,SMB,Core,4294.64,0,0,0,0,4294.64,4294.64
2026-05-01,C0276,R03,SMB,Core,4294.64,0,0,0,0,4294.64,4294.64
2026-06-01,C0276,R03,SMB,Core,4294.64,0,0,0,0,4294.64,4294.64
2024-05-01,C0277,R01,SMB,Core,0,3490.53,0,0,0,3490.53,1745.26
2024-06-01,C0277,R01,SMB,Core,3490.53,0,0,0,0,3490.53,3490.53
2024-07-01,C0277,R01,SMB,Core,3490.53,0,0,0,0,3490.53,3490.53
2024-08-01,C0277,R01,SMB,Core,3490.53,0,0,0,0,3490.53,3490.53
2024-09-01,C0277,R01,SMB,Core,3490.53,0,0,0,0,3490.53,3490.53
2024-10-01,C0277,R01,SMB,Core,3490.53,0,0,0,0,3490.53,3490.53
2024-11-01,C0277,R01,SMB,Core,3490.53,0,0,0,0,3490.53,3490.53
2024-12-01,C0277,R01,SMB,Core,3490.53,0,0,0,0,3490.53,3490.53
2025-01-01,C0277,R01,SMB,Core,3490.53,0,0,0,0,3490.53,3490.53
2025-02-01,C0277,R01,SMB,Core,3490.53,0,0,0,0,3490.53,3490.53
2025-03-01,C0277,R01,SMB,Core,3490.53,0,0,0,0,3490.53,3490.53
2025-04-01,C0277,R01,SMB,Core,3490.53,0,0,0,0,3490.53,3490.53
2025-05-01,C0277,R01,SMB,Core,3490.53,0,104.72,222.75,0,3372.5,3431.51
2025-06-01,C0277,R01,SMB,Core,3372.5,0,0,0,0,3372.5,3372.5
2025-07-01,C0277,R01,SMB,Core,3372.5,0,0,0,0,3372.5,3372.5
2025-08-01,C0277,R01,SMB,Core,3372.5,0,0,0,0,3372.5,3372.5
2025-09-01,C0277,R01,SMB,Core,3372.5,0,0,0,0,3372.5,3372.5
2025-10-01,C0277,R01,SMB,Core,3372.5,0,0,0,0,3372.5,3372.5
2025-11-01,C0277,R01,SMB,Core,3372.5,0,0,0,0,3372.5,3372.5
2025-12-01,C0277,R01,SMB,Core,3372.5,0,0,0,0,3372.5,3372.5
2026-01-01,C0277,R01,SMB,Core,3372.5,0,0,0,0,3372.5,3372.5
2026-02-01,C0277,R01,SMB,Core,3372.5,0,0,0,0,3372.5,3372.5
2026-03-01,C0277,R01,SMB,Core,3372.5,0,0,0,0,3372.5,3372.5
2026-04-01,C0277,R01,SMB,Core,3372.5,0,0,0,0,3372.5,3372.5
2026-05-01,C0277,R01,SMB,Core,3372.5,0,101.17,0,0,3473.67,3423.09
2026-06-01,C0277,R01,SMB,Core,3473.67,0,0,0,0,3473.67,3473.67
2023-01-01,C0278,R02,Enterprise,Enterprise Suite,137149.09,0,0,0,0,137149.09,137149.09
2023-02-01,C0278,R02,Enterprise,Enterprise Suite,137149.09,0,0,0,0,137149.09,137149.09
2023-03-01,C0278,R02,Enterprise,Enterprise Suite,137149.09,0,11306.76,0,0,148455.85,142802.47
2023-04-01,C0278,R02,Enterprise,Enterprise Suite,148455.85,0,0,0,0,148455.85,148455.85
2023-05-01,C0278,R02,Enterprise,Enterprise Suite,148455.85,0,0,0,0,148455.85,148455.85
2023-06-01,C0278,R02,Enterprise,Enterprise Suite,148455.85,0,0,0,0,148455.85,148455.85
2023-07-01,C0278,R02,Enterprise,Enterprise Suite,148455.85,0,0,0,0,148455.85,148455.85
2023-08-01,C0278,R02,Enterprise,Enterprise Suite,148455.85,0,0,0,0,148455.85,148455.85
2023-09-01,C0278,R02,Enterprise,Enterprise Suite,148455.85,0,0,0,0,148455.85,148455.85
2023-10-01,C0278,R02,Enterprise,Enterprise Suite,148455.85,0,0,0,0,148455.85,148455.85
2023-11-01,C0278,R02,Enterprise,Enterprise Suite,148455.85,0,0,0,0,148455.85,148455.85
2023-12-01,C0278,R02,Enterprise,Enterprise Suite,148455.85,0,0,0,0,148455.85,148455.85
2024-01-01,C0278,R02,Enterprise,Enterprise Suite,148455.85,0,0,0,0,148455.85,148455.85
2024-02-01,C0278,R02,Enterprise,Enterprise Suite,148455.85,0,0,0,0,148455.85,148455.85
2024-03-01,C0278,R02,Enterprise,Enterprise Suite,148455.85,0,12718.63,0,0,161174.47,154815.16
2024-04-01,C0278,R02,Enterprise,Enterprise Suite,161174.47,0,0,0,0,161174.47,161174.47
2024-05-01,C0278,R02,Enterprise,Enterprise Suite,161174.47,0,0,0,0,161174.47,161174.47
2024-06-01,C0278,R02,Enterprise,Enterprise Suite,161174.47,0,0,0,0,161174.47,161174.47
2024-07-01,C0278,R02,Enterprise,Enterprise Suite,161174.47,0,0,0,0,161174.47,161174.47
2024-08-01,C0278,R02,Enterprise,Enterprise Suite,161174.47,0,0,0,0,161174.47,161174.47
2024-09-01,C0278,R02,Enterprise,Enterprise Suite,161174.47,0,0,0,0,161174.47,161174.47
2024-10-01,C0278,R02,Enterprise,Enterprise Suite,161174.47,0,0,0,0,161174.47,161174.47
2024-11-01,C0278,R02,Enterprise,Enterprise Suite,161174.47,0,0,0,0,161174.47,161174.47
2024-12-01,C0278,R02,Enterprise,Enterprise Suite,161174.47,0,0,0,0,161174.47,161174.47
2025-01-01,C0278,R02,Enterprise,Enterprise Suite,161174.47,0,0,0,0,161174.47,161174.47
2025-02-01,C0278,R02,Enterprise,Enterprise Suite,161174.47,0,0,0,0,161174.47,161174.47
2025-03-01,C0278,R02,Enterprise,Enterprise Suite,161174.47,0,14296.08,0,0,175470.55,168322.51
2025-04-01,C0278,R02,Enterprise,Enterprise Suite,175470.55,0,0,0,0,175470.55,175470.55
2025-05-01,C0278,R02,Enterprise,Enterprise Suite,175470.55,0,0,0,0,175470.55,175470.55
2025-06-01,C0278,R02,Enterprise,Enterprise Suite,175470.55,0,0,0,0,175470.55,175470.55
2025-07-01,C0278,R02,Enterprise,Enterprise Suite,175470.55,0,0,0,0,175470.55,175470.55
2025-08-01,C0278,R02,Enterprise,Enterprise Suite,175470.55,0,0,0,0,175470.55,175470.55
2025-09-01,C0278,R02,Enterprise,Enterprise Suite,175470.55,0,0,0,0,175470.55,175470.55
2025-10-01,C0278,R02,Enterprise,Enterprise Suite,175470.55,0,0,0,0,175470.55,175470.55
2025-11-01,C0278,R02,Enterprise,Enterprise Suite,175470.55,0,0,0,0,175470.55,175470.55
2025-12-01,C0278,R02,Enterprise,Enterprise Suite,175470.55,0,0,0,0,175470.55,175470.55
2026-01-01,C0278,R02,Enterprise,Enterprise Suite,175470.55,0,0,0,0,175470.55,175470.55
2026-02-01,C0278,R02,Enterprise,Enterprise Suite,175470.55,0,0,0,0,175470.55,175470.55
2026-03-01,C0278,R02,Enterprise,Enterprise Suite,175470.55,0,16890.19,6086.47,0,186274.27,180872.41
2026-04-01,C0278,R02,Enterprise,Enterprise Suite,186274.27,0,0,0,0,186274.27,186274.27
2026-05-01,C0278,R02,Enterprise,Enterprise Suite,186274.27,0,0,0,0,186274.27,186274.27
2026-06-01,C0278,R02,Enterprise,Enterprise Suite,186274.27,0,0,0,0,186274.27,186274.27
2023-05-01,C0279,R03,SMB,Core,0,2406.32,0,0,0,2406.32,1203.16
2023-06-01,C0279,R03,SMB,Core,2406.32,0,0,0,0,2406.32,2406.32
2023-07-01,C0279,R03,SMB,Core,2406.32,0,0,0,0,2406.32,2406.32
2023-08-01,C0279,R03,SMB,Core,2406.32,0,0,0,0,2406.32,2406.32
2023-09-01,C0279,R03,SMB,Core,2406.32,0,0,0,0,2406.32,2406.32
2023-10-01,C0279,R03,SMB,Core,2406.32,0,0,0,0,2406.32,2406.32
2023-11-01,C0279,R03,SMB,Core,2406.32,0,0,0,0,2406.32,2406.32
2023-12-01,C0279,R03,SMB,Core,2406.32,0,0,0,0,2406.32,2406.32
2024-01-01,C0279,R03,SMB,Core,2406.32,0,0,0,0,2406.32,2406.32
2024-02-01,C0279,R03,SMB,Core,2406.32,0,0,0,0,2406.32,2406.32
2024-03-01,C0279,R03,SMB,Core,2406.32,0,0,0,0,2406.32,2406.32
2024-04-01,C0279,R03,SMB,Core,2406.32,0,0,0,0,2406.32,2406.32
2024-05-01,C0279,R03,SMB,Core,2406.32,0,130.77,0,0,2537.09,2471.71
2024-06-01,C0279,R03,SMB,Core,2537.09,0,0,0,0,2537.09,2537.09
2024-07-01,C0279,R03,SMB,Core,2537.09,0,0,0,0,2537.09,2537.09
2024-08-01,C0279,R03,SMB,Core,2537.09,0,0,0,0,2537.09,2537.09
2024-09-01,C0279,R03,SMB,Core,2537.09,0,0,0,0,2537.09,2537.09
2024-10-01,C0279,R03,SMB,Core,2537.09,0,0,0,0,2537.09,2537.09
2024-11-01,C0279,R03,SMB,Core,2537.09,0,0,0,0,2537.09,2537.09
2024-12-01,C0279,R03,SMB,Core,2537.09,0,0,0,0,2537.09,2537.09
2025-01-01,C0279,R03,SMB,Core,2537.09,0,0,0,0,2537.09,2537.09
2025-02-01,C0279,R03,SMB,Core,2537.09,0,0,0,0,2537.09,2537.09
2025-03-01,C0279,R03,SMB,Core,2537.09,0,0,0,0,2537.09,2537.09
2025-04-01,C0279,R03,SMB,Core,2537.09,0,0,0,0,2537.09,2537.09
2025-05-01,C0279,R03,SMB,Core,2537.09,0,76.11,0,0,2613.21,2575.15
2025-06-01,C0279,R03,SMB,Core,2613.21,0,0,0,0,2613.21,2613.21
2025-07-01,C0279,R03,SMB,Core,2613.21,0,0,0,0,2613.21,2613.21
2025-08-01,C0279,R03,SMB,Core,2613.21,0,0,0,0,2613.21,2613.21
2025-09-01,C0279,R03,SMB,Core,2613.21,0,0,0,0,2613.21,2613.21
2025-10-01,C0279,R03,SMB,Core,2613.21,0,0,0,0,2613.21,2613.21
2025-11-01,C0279,R03,SMB,Core,2613.21,0,0,0,0,2613.21,2613.21
2025-12-01,C0279,R03,SMB,Core,2613.21,0,0,0,0,2613.21,2613.21
2026-01-01,C0279,R03,SMB,Core,2613.21,0,0,0,0,2613.21,2613.21
2026-02-01,C0279,R03,SMB,Core,2613.21,0,0,0,0,2613.21,2613.21
2026-03-01,C0279,R03,SMB,Core,2613.21,0,0,0,0,2613.21,2613.21
2026-04-01,C0279,R03,SMB,Core,2613.21,0,0,0,0,2613.21,2613.21
2026-05-01,C0279,R03,SMB,Core,2613.21,0,78.4,0,0,2691.6,2652.41
2026-06-01,C0279,R03,SMB,Core,2691.6,0,0,0,0,2691.6,2691.6
2025-05-01,C0280,R04,Mid-Market,Business,0,29139.84,0,0,0,29139.84,14569.92
2025-06-01,C0280,R04,Mid-Market,Business,29139.84,0,0,0,0,29139.84,29139.84
2025-07-01,C0280,R04,Mid-Market,Business,29139.84,0,0,0,0,29139.84,29139.84
2025-08-01,C0280,R04,Mid-Market,Business,29139.84,0,0,0,0,29139.84,29139.84
2025-09-01,C0280,R04,Mid-Market,Business,29139.84,0,0,0,0,29139.84,29139.84
2025-10-01,C0280,R04,Mid-Market,Business,29139.84,0,0,0,0,29139.84,29139.84
2025-11-01,C0280,R04,Mid-Market,Business,29139.84,0,0,0,0,29139.84,29139.84
2025-12-01,C0280,R04,Mid-Market,Business,29139.84,0,0,0,0,29139.84,29139.84
2026-01-01,C0280,R04,Mid-Market,Business,29139.84,0,0,0,0,29139.84,29139.84
2026-02-01,C0280,R04,Mid-Market,Business,29139.84,0,0,0,0,29139.84,29139.84
2026-03-01,C0280,R04,Mid-Market,Business,29139.84,0,0,0,0,29139.84,29139.84
2026-04-01,C0280,R04,Mid-Market,Business,29139.84,0,0,0,0,29139.84,29139.84
2026-05-01,C0280,R04,Mid-Market,Business,29139.84,0,3991.53,0,0,33131.37,31135.6
2026-06-01,C0280,R04,Mid-Market,Business,33131.37,0,0,0,0,33131.37,33131.37
2024-01-01,C0281,R01,Mid-Market,Business,0,7578.86,0,0,0,7578.86,3789.43
2024-02-01,C0281,R01,Mid-Market,Business,7578.86,0,0,0,0,7578.86,7578.86
2024-03-01,C0281,R01,Mid-Market,Business,7578.86,0,0,0,0,7578.86,7578.86
2024-04-01,C0281,R01,Mid-Market,Business,7578.86,0,0,0,0,7578.86,7578.86
2024-05-01,C0281,R01,Mid-Market,Business,7578.86,0,0,0,0,7578.86,7578.86
2024-06-01,C0281,R01,Mid-Market,Business,7578.86,0,0,0,0,7578.86,7578.86
2024-07-01,C0281,R01,Mid-Market,Business,7578.86,0,0,0,0,7578.86,7578.86
2024-08-01,C0281,R01,Mid-Market,Business,7578.86,0,0,0,0,7578.86,7578.86
2024-09-01,C0281,R01,Mid-Market,Business,7578.86,0,0,0,0,7578.86,7578.86
2024-10-01,C0281,R01,Mid-Market,Business,7578.86,0,0,0,0,7578.86,7578.86
2024-11-01,C0281,R01,Mid-Market,Business,7578.86,0,0,0,0,7578.86,7578.86
2024-12-01,C0281,R01,Mid-Market,Business,7578.86,0,0,0,0,7578.86,7578.86
2025-01-01,C0281,R01,Mid-Market,Business,7578.86,0,227.37,218.01,0,7588.21,7583.54
2025-02-01,C0281,R01,Mid-Market,Business,7588.21,0,0,0,0,7588.21,7588.21
2025-03-01,C0281,R01,Mid-Market,Business,7588.21,0,0,0,0,7588.21,7588.21
2025-04-01,C0281,R01,Mid-Market,Business,7588.21,0,0,0,0,7588.21,7588.21
2025-05-01,C0281,R01,Mid-Market,Business,7588.21,0,0,0,0,7588.21,7588.21
2025-06-01,C0281,R01,Mid-Market,Business,7588.21,0,0,0,0,7588.21,7588.21
2025-07-01,C0281,R01,Mid-Market,Business,7588.21,0,0,0,0,7588.21,7588.21
2025-08-01,C0281,R01,Mid-Market,Business,7588.21,0,0,0,0,7588.21,7588.21
2025-09-01,C0281,R01,Mid-Market,Business,7588.21,0,0,0,0,7588.21,7588.21
2025-10-01,C0281,R01,Mid-Market,Business,7588.21,0,0,0,0,7588.21,7588.21
2025-11-01,C0281,R01,Mid-Market,Business,7588.21,0,0,0,0,7588.21,7588.21
2025-12-01,C0281,R01,Mid-Market,Business,7588.21,0,0,0,0,7588.21,7588.21
2026-01-01,C0281,R01,Mid-Market,Business,7588.21,0,227.65,0,0,7815.86,7702.04
2026-02-01,C0281,R01,Mid-Market,Business,7815.86,0,0,0,0,7815.86,7815.86
2026-03-01,C0281,R01,Mid-Market,Business,7815.86,0,0,0,0,7815.86,7815.86
2026-04-01,C0281,R01,Mid-Market,Business,7815.86,0,0,0,0,7815.86,7815.86
2026-05-01,C0281,R01,Mid-Market,Business,7815.86,0,0,0,0,7815.86,7815.86
2026-06-01,C0281,R01,Mid-Market,Business,7815.86,0,0,0,0,7815.86,7815.86
2023-03-01,C0282,R01,Mid-Market,Business,0,11126.18,0,0,0,11126.18,5563.09
2023-04-01,C0282,R01,Mid-Market,Business,11126.18,0,0,0,0,11126.18,11126.18
2023-05-01,C0282,R01,Mid-Market,Business,11126.18,0,0,0,0,11126.18,11126.18
2023-06-01,C0282,R01,Mid-Market,Business,11126.18,0,0,0,0,11126.18,11126.18
2023-07-01,C0282,R01,Mid-Market,Business,11126.18,0,0,0,0,11126.18,11126.18
2023-08-01,C0282,R01,Mid-Market,Business,11126.18,0,0,0,0,11126.18,11126.18
2023-09-01,C0282,R01,Mid-Market,Business,11126.18,0,0,0,0,11126.18,11126.18
2023-10-01,C0282,R01,Mid-Market,Business,11126.18,0,0,0,0,11126.18,11126.18
2023-11-01,C0282,R01,Mid-Market,Business,11126.18,0,0,0,0,11126.18,11126.18
2023-12-01,C0282,R01,Mid-Market,Business,11126.18,0,0,0,0,11126.18,11126.18
2024-01-01,C0282,R01,Mid-Market,Business,11126.18,0,0,0,0,11126.18,11126.18
2024-02-01,C0282,R01,Mid-Market,Business,11126.18,0,0,0,0,11126.18,11126.18
2024-03-01,C0282,R01,Mid-Market,Business,11126.18,0,500.68,0,0,11626.86,11376.52
2024-04-01,C0282,R01,Mid-Market,Business,11626.86,0,0,0,0,11626.86,11626.86
2024-05-01,C0282,R01,Mid-Market,Business,11626.86,0,0,0,0,11626.86,11626.86
2024-06-01,C0282,R01,Mid-Market,Business,11626.86,0,0,0,0,11626.86,11626.86
2024-07-01,C0282,R01,Mid-Market,Business,11626.86,0,0,0,0,11626.86,11626.86
2024-08-01,C0282,R01,Mid-Market,Business,11626.86,0,0,0,0,11626.86,11626.86
2024-09-01,C0282,R01,Mid-Market,Business,11626.86,0,0,0,0,11626.86,11626.86
2024-10-01,C0282,R01,Mid-Market,Business,11626.86,0,0,0,0,11626.86,11626.86
2024-11-01,C0282,R01,Mid-Market,Business,11626.86,0,0,0,0,11626.86,11626.86
2024-12-01,C0282,R01,Mid-Market,Business,11626.86,0,0,0,0,11626.86,11626.86
2025-01-01,C0282,R01,Mid-Market,Business,11626.86,0,0,0,0,11626.86,11626.86
2025-02-01,C0282,R01,Mid-Market,Business,11626.86,0,0,0,0,11626.86,11626.86
2025-03-01,C0282,R01,Mid-Market,Business,11626.86,0,348.81,0,0,11975.67,11801.26
2025-04-01,C0282,R01,Mid-Market,Business,11975.67,0,0,0,0,11975.67,11975.67
2025-05-01,C0282,R01,Mid-Market,Business,11975.67,0,0,0,0,11975.67,11975.67
2025-06-01,C0282,R01,Mid-Market,Business,11975.67,0,0,0,0,11975.67,11975.67
2025-07-01,C0282,R01,Mid-Market,Business,11975.67,0,0,0,0,11975.67,11975.67
2025-08-01,C0282,R01,Mid-Market,Business,11975.67,0,0,0,0,11975.67,11975.67
2025-09-01,C0282,R01,Mid-Market,Business,11975.67,0,0,0,0,11975.67,11975.67
2025-10-01,C0282,R01,Mid-Market,Business,11975.67,0,0,0,0,11975.67,11975.67
2025-11-01,C0282,R01,Mid-Market,Business,11975.67,0,0,0,0,11975.67,11975.67
2025-12-01,C0282,R01,Mid-Market,Business,11975.67,0,0,0,0,11975.67,11975.67
2026-01-01,C0282,R01,Mid-Market,Business,11975.67,0,0,0,0,11975.67,11975.67
2026-02-01,C0282,R01,Mid-Market,Business,11975.67,0,0,0,0,11975.67,11975.67
2026-03-01,C0282,R01,Mid-Market,Business,11975.67,0,1142.36,0,0,13118.03,12546.85
2026-04-01,C0282,R01,Mid-Market,Business,13118.03,0,0,0,0,13118.03,13118.03
2026-05-01,C0282,R01,Mid-Market,Business,13118.03,0,0,0,0,13118.03,13118.03
2026-06-01,C0282,R01,Mid-Market,Business,13118.03,0,0,0,0,13118.03,13118.03
2023-01-01,C0283,R02,Enterprise,Enterprise Suite,106456.82,0,7014.2,0,0,113471.02,109963.92
2023-02-01,C0283,R02,Enterprise,Enterprise Suite,113471.02,0,0,0,0,113471.02,113471.02
2023-03-01,C0283,R02,Enterprise,Enterprise Suite,113471.02,0,0,0,0,113471.02,113471.02
2023-04-01,C0283,R02,Enterprise,Enterprise Suite,113471.02,0,0,0,0,113471.02,113471.02
2023-05-01,C0283,R02,Enterprise,Enterprise Suite,113471.02,0,0,0,0,113471.02,113471.02
2023-06-01,C0283,R02,Enterprise,Enterprise Suite,113471.02,0,0,0,0,113471.02,113471.02
2023-07-01,C0283,R02,Enterprise,Enterprise Suite,113471.02,0,0,0,0,113471.02,113471.02
2023-08-01,C0283,R02,Enterprise,Enterprise Suite,113471.02,0,0,0,0,113471.02,113471.02
2023-09-01,C0283,R02,Enterprise,Enterprise Suite,113471.02,0,0,0,0,113471.02,113471.02
2023-10-01,C0283,R02,Enterprise,Enterprise Suite,113471.02,0,0,0,0,113471.02,113471.02
2023-11-01,C0283,R02,Enterprise,Enterprise Suite,113471.02,0,0,0,0,113471.02,113471.02
2023-12-01,C0283,R02,Enterprise,Enterprise Suite,113471.02,0,0,0,0,113471.02,113471.02
2024-01-01,C0283,R02,Enterprise,Enterprise Suite,113471.02,0,3404.13,0,0,116875.15,115173.09
2024-02-01,C0283,R02,Enterprise,Enterprise Suite,116875.15,0,0,0,0,116875.15,116875.15
2024-03-01,C0283,R02,Enterprise,Enterprise Suite,116875.15,0,0,0,0,116875.15,116875.15
2024-04-01,C0283,R02,Enterprise,Enterprise Suite,116875.15,0,0,0,0,116875.15,116875.15
2024-05-01,C0283,R02,Enterprise,Enterprise Suite,116875.15,0,0,0,0,116875.15,116875.15
2024-06-01,C0283,R02,Enterprise,Enterprise Suite,116875.15,0,0,0,0,116875.15,116875.15
2024-07-01,C0283,R02,Enterprise,Enterprise Suite,116875.15,0,0,0,0,116875.15,116875.15
2024-08-01,C0283,R02,Enterprise,Enterprise Suite,116875.15,0,0,0,0,116875.15,116875.15
2024-09-01,C0283,R02,Enterprise,Enterprise Suite,116875.15,0,0,0,0,116875.15,116875.15
2024-10-01,C0283,R02,Enterprise,Enterprise Suite,116875.15,0,0,0,0,116875.15,116875.15
2024-11-01,C0283,R02,Enterprise,Enterprise Suite,116875.15,0,0,0,0,116875.15,116875.15
2024-12-01,C0283,R02,Enterprise,Enterprise Suite,116875.15,0,0,0,0,116875.15,116875.15
2025-01-01,C0283,R02,Enterprise,Enterprise Suite,116875.15,0,14874.13,0,0,131749.28,124312.22
2025-02-01,C0283,R02,Enterprise,Enterprise Suite,131749.28,0,0,0,0,131749.28,131749.28
2025-03-01,C0283,R02,Enterprise,Enterprise Suite,131749.28,0,0,0,0,131749.28,131749.28
2025-04-01,C0283,R02,Enterprise,Enterprise Suite,131749.28,0,0,0,0,131749.28,131749.28
2025-05-01,C0283,R02,Enterprise,Enterprise Suite,131749.28,0,0,0,0,131749.28,131749.28
2025-06-01,C0283,R02,Enterprise,Enterprise Suite,131749.28,0,0,0,0,131749.28,131749.28
2025-07-01,C0283,R02,Enterprise,Enterprise Suite,131749.28,0,0,0,0,131749.28,131749.28
2025-08-01,C0283,R02,Enterprise,Enterprise Suite,131749.28,0,0,0,0,131749.28,131749.28
2025-09-01,C0283,R02,Enterprise,Enterprise Suite,131749.28,0,0,0,0,131749.28,131749.28
2025-10-01,C0283,R02,Enterprise,Enterprise Suite,131749.28,0,0,0,0,131749.28,131749.28
2025-11-01,C0283,R02,Enterprise,Enterprise Suite,131749.28,0,0,0,0,131749.28,131749.28
2025-12-01,C0283,R02,Enterprise,Enterprise Suite,131749.28,0,0,0,0,131749.28,131749.28
2026-01-01,C0283,R02,Enterprise,Enterprise Suite,131749.28,0,11101.2,0,0,142850.49,137299.88
2026-02-01,C0283,R02,Enterprise,Enterprise Suite,142850.49,0,0,0,0,142850.49,142850.49
2026-03-01,C0283,R02,Enterprise,Enterprise Suite,142850.49,0,0,0,0,142850.49,142850.49
2026-04-01,C0283,R02,Enterprise,Enterprise Suite,142850.49,0,0,0,0,142850.49,142850.49
2026-05-01,C0283,R02,Enterprise,Enterprise Suite,142850.49,0,0,0,0,142850.49,142850.49
2026-06-01,C0283,R02,Enterprise,Enterprise Suite,142850.49,0,0,0,0,142850.49,142850.49
2023-01-01,C0284,R01,Mid-Market,Business,21105.46,0,0,0,0,21105.46,21105.46
2023-02-01,C0284,R01,Mid-Market,Business,21105.46,0,0,0,0,21105.46,21105.46
2023-03-01,C0284,R01,Mid-Market,Business,21105.46,0,0,0,0,21105.46,21105.46
2023-04-01,C0284,R01,Mid-Market,Business,21105.46,0,0,0,0,21105.46,21105.46
2023-05-01,C0284,R01,Mid-Market,Business,21105.46,0,0,0,0,21105.46,21105.46
2023-06-01,C0284,R01,Mid-Market,Business,21105.46,0,0,0,0,21105.46,21105.46
2023-07-01,C0284,R01,Mid-Market,Business,21105.46,0,0,0,0,21105.46,21105.46
2023-08-01,C0284,R01,Mid-Market,Business,21105.46,0,0,0,0,21105.46,21105.46
2023-09-01,C0284,R01,Mid-Market,Business,21105.46,0,0,0,0,21105.46,21105.46
2023-10-01,C0284,R01,Mid-Market,Business,21105.46,0,0,0,0,21105.46,21105.46
2023-11-01,C0284,R01,Mid-Market,Business,21105.46,0,633.16,0,0,21738.62,21422.04
2023-12-01,C0284,R01,Mid-Market,Business,21738.62,0,0,0,0,21738.62,21738.62
2024-01-01,C0284,R01,Mid-Market,Business,21738.62,0,0,0,0,21738.62,21738.62
2024-02-01,C0284,R01,Mid-Market,Business,21738.62,0,0,0,0,21738.62,21738.62
2024-03-01,C0284,R01,Mid-Market,Business,21738.62,0,0,0,0,21738.62,21738.62
2024-04-01,C0284,R01,Mid-Market,Business,21738.62,0,0,0,0,21738.62,21738.62
2024-05-01,C0284,R01,Mid-Market,Business,21738.62,0,0,0,0,21738.62,21738.62
2024-06-01,C0284,R01,Mid-Market,Business,21738.62,0,0,0,0,21738.62,21738.62
2024-07-01,C0284,R01,Mid-Market,Business,21738.62,0,0,0,0,21738.62,21738.62
2024-08-01,C0284,R01,Mid-Market,Business,21738.62,0,0,0,0,21738.62,21738.62
2024-09-01,C0284,R01,Mid-Market,Business,21738.62,0,0,0,0,21738.62,21738.62
2024-10-01,C0284,R01,Mid-Market,Business,21738.62,0,0,0,0,21738.62,21738.62
2024-11-01,C0284,R01,Mid-Market,Business,21738.62,0,1504.58,0,0,23243.21,22490.92
2024-12-01,C0284,R01,Mid-Market,Business,23243.21,0,0,0,0,23243.21,23243.21
2025-01-01,C0284,R01,Mid-Market,Business,23243.21,0,0,0,0,23243.21,23243.21
2025-02-01,C0284,R01,Mid-Market,Business,23243.21,0,0,0,0,23243.21,23243.21
2025-03-01,C0284,R01,Mid-Market,Business,23243.21,0,0,0,0,23243.21,23243.21
2025-04-01,C0284,R01,Mid-Market,Business,23243.21,0,0,0,0,23243.21,23243.21
2025-05-01,C0284,R01,Mid-Market,Business,23243.21,0,0,0,0,23243.21,23243.21
2025-06-01,C0284,R01,Mid-Market,Business,23243.21,0,0,0,0,23243.21,23243.21
2025-07-01,C0284,R01,Mid-Market,Business,23243.21,0,0,0,0,23243.21,23243.21
2025-08-01,C0284,R01,Mid-Market,Business,23243.21,0,0,0,0,23243.21,23243.21
2025-09-01,C0284,R01,Mid-Market,Business,23243.21,0,0,0,0,23243.21,23243.21
2025-10-01,C0284,R01,Mid-Market,Business,23243.21,0,0,0,0,23243.21,23243.21
2025-11-01,C0284,R01,Mid-Market,Business,23243.21,0,697.3,0,0,23940.51,23591.86
2025-12-01,C0284,R01,Mid-Market,Business,23940.51,0,0,0,0,23940.51,23940.51
2026-01-01,C0284,R01,Mid-Market,Business,23940.51,0,0,0,0,23940.51,23940.51
2026-02-01,C0284,R01,Mid-Market,Business,23940.51,0,0,0,0,23940.51,23940.51
2026-03-01,C0284,R01,Mid-Market,Business,23940.51,0,0,0,0,23940.51,23940.51
2026-04-01,C0284,R01,Mid-Market,Business,23940.51,0,0,0,0,23940.51,23940.51
2026-05-01,C0284,R01,Mid-Market,Business,23940.51,0,0,0,0,23940.51,23940.51
2026-06-01,C0284,R01,Mid-Market,Business,23940.51,0,0,0,0,23940.51,23940.51
2023-01-01,C0285,R02,Mid-Market,Business,5624.43,0,0,0,0,5624.43,5624.43
2023-02-01,C0285,R02,Mid-Market,Business,5624.43,0,0,0,0,5624.43,5624.43
2023-03-01,C0285,R02,Mid-Market,Business,5624.43,0,0,0,0,5624.43,5624.43
2023-04-01,C0285,R02,Mid-Market,Business,5624.43,0,168.73,0,0,5793.16,5708.79
2023-05-01,C0285,R02,Mid-Market,Business,5793.16,0,0,0,0,5793.16,5793.16
2023-06-01,C0285,R02,Mid-Market,Business,5793.16,0,0,0,0,5793.16,5793.16
2023-07-01,C0285,R02,Mid-Market,Business,5793.16,0,0,0,0,5793.16,5793.16
2023-08-01,C0285,R02,Mid-Market,Business,5793.16,0,0,0,0,5793.16,5793.16
2023-09-01,C0285,R02,Mid-Market,Business,5793.16,0,0,0,0,5793.16,5793.16
2023-10-01,C0285,R02,Mid-Market,Business,5793.16,0,0,0,0,5793.16,5793.16
2023-11-01,C0285,R02,Mid-Market,Business,5793.16,0,0,0,0,5793.16,5793.16
2023-12-01,C0285,R02,Mid-Market,Business,5793.16,0,0,0,0,5793.16,5793.16
2024-01-01,C0285,R02,Mid-Market,Business,5793.16,0,0,0,0,5793.16,5793.16
2024-02-01,C0285,R02,Mid-Market,Business,5793.16,0,0,0,0,5793.16,5793.16
2024-03-01,C0285,R02,Mid-Market,Business,5793.16,0,0,0,0,5793.16,5793.16
2024-04-01,C0285,R02,Mid-Market,Business,5793.16,0,720.33,362.79,0,6150.69,5971.93
2024-05-01,C0285,R02,Mid-Market,Business,6150.69,0,0,0,0,6150.69,6150.69
2024-06-01,C0285,R02,Mid-Market,Business,6150.69,0,0,0,0,6150.69,6150.69
2024-07-01,C0285,R02,Mid-Market,Business,6150.69,0,0,0,0,6150.69,6150.69
2024-08-01,C0285,R02,Mid-Market,Business,6150.69,0,0,0,0,6150.69,6150.69
2024-09-01,C0285,R02,Mid-Market,Business,6150.69,0,0,0,0,6150.69,6150.69
2024-10-01,C0285,R02,Mid-Market,Business,6150.69,0,0,0,0,6150.69,6150.69
2024-11-01,C0285,R02,Mid-Market,Business,6150.69,0,0,0,0,6150.69,6150.69
2024-12-01,C0285,R02,Mid-Market,Business,6150.69,0,0,0,0,6150.69,6150.69
2025-01-01,C0285,R02,Mid-Market,Business,6150.69,0,0,0,0,6150.69,6150.69
2025-02-01,C0285,R02,Mid-Market,Business,6150.69,0,0,0,0,6150.69,6150.69
2025-03-01,C0285,R02,Mid-Market,Business,6150.69,0,0,0,0,6150.69,6150.69
2025-04-01,C0285,R02,Mid-Market,Business,6150.69,0,446.28,0,0,6596.98,6373.84
2025-05-01,C0285,R02,Mid-Market,Business,6596.98,0,0,0,0,6596.98,6596.98
2025-06-01,C0285,R02,Mid-Market,Business,6596.98,0,0,0,0,6596.98,6596.98
2025-07-01,C0285,R02,Mid-Market,Business,6596.98,0,0,0,0,6596.98,6596.98
2025-08-01,C0285,R02,Mid-Market,Business,6596.98,0,0,0,0,6596.98,6596.98
2025-09-01,C0285,R02,Mid-Market,Business,6596.98,0,0,0,0,6596.98,6596.98
2025-10-01,C0285,R02,Mid-Market,Business,6596.98,0,0,0,0,6596.98,6596.98
2025-11-01,C0285,R02,Mid-Market,Business,6596.98,0,0,0,0,6596.98,6596.98
2025-12-01,C0285,R02,Mid-Market,Business,6596.98,0,0,0,0,6596.98,6596.98
2026-01-01,C0285,R02,Mid-Market,Business,6596.98,0,0,0,0,6596.98,6596.98
2026-02-01,C0285,R02,Mid-Market,Business,6596.98,0,0,0,0,6596.98,6596.98
2026-03-01,C0285,R02,Mid-Market,Business,6596.98,0,0,0,0,6596.98,6596.98
2026-04-01,C0285,R02,Mid-Market,Business,6596.98,0,730.11,0,0,7327.09,6962.03
2026-05-01,C0285,R02,Mid-Market,Business,7327.09,0,0,0,0,7327.09,7327.09
2026-06-01,C0285,R02,Mid-Market,Business,7327.09,0,0,0,0,7327.09,7327.09
2023-01-01,C0286,R01,Mid-Market,Business,0,10762.3,0,0,0,10762.3,5381.15
2023-02-01,C0286,R01,Mid-Market,Business,10762.3,0,0,0,0,10762.3,10762.3
2023-03-01,C0286,R01,Mid-Market,Business,10762.3,0,0,0,0,10762.3,10762.3
2023-04-01,C0286,R01,Mid-Market,Business,10762.3,0,0,0,0,10762.3,10762.3
2023-05-01,C0286,R01,Mid-Market,Business,10762.3,0,0,0,0,10762.3,10762.3
2023-06-01,C0286,R01,Mid-Market,Business,10762.3,0,0,0,0,10762.3,10762.3
2023-07-01,C0286,R01,Mid-Market,Business,10762.3,0,0,0,0,10762.3,10762.3
2023-08-01,C0286,R01,Mid-Market,Business,10762.3,0,0,0,0,10762.3,10762.3
2023-09-01,C0286,R01,Mid-Market,Business,10762.3,0,0,0,0,10762.3,10762.3
2023-10-01,C0286,R01,Mid-Market,Business,10762.3,0,0,0,0,10762.3,10762.3
2023-11-01,C0286,R01,Mid-Market,Business,10762.3,0,0,0,0,10762.3,10762.3
2023-12-01,C0286,R01,Mid-Market,Business,10762.3,0,0,0,0,10762.3,10762.3
2024-01-01,C0286,R01,Mid-Market,Business,10762.3,0,322.87,254.35,0,10830.82,10796.56
2024-02-01,C0286,R01,Mid-Market,Business,10830.82,0,0,0,0,10830.82,10830.82
2024-03-01,C0286,R01,Mid-Market,Business,10830.82,0,0,0,0,10830.82,10830.82
2024-04-01,C0286,R01,Mid-Market,Business,10830.82,0,0,0,0,10830.82,10830.82
2024-05-01,C0286,R01,Mid-Market,Business,10830.82,0,0,0,0,10830.82,10830.82
2024-06-01,C0286,R01,Mid-Market,Business,10830.82,0,0,0,0,10830.82,10830.82
2024-07-01,C0286,R01,Mid-Market,Business,10830.82,0,0,0,0,10830.82,10830.82
2024-08-01,C0286,R01,Mid-Market,Business,10830.82,0,0,0,0,10830.82,10830.82
2024-09-01,C0286,R01,Mid-Market,Business,10830.82,0,0,0,0,10830.82,10830.82
2024-10-01,C0286,R01,Mid-Market,Business,10830.82,0,0,0,0,10830.82,10830.82
2024-11-01,C0286,R01,Mid-Market,Business,10830.82,0,0,0,0,10830.82,10830.82
2024-12-01,C0286,R01,Mid-Market,Business,10830.82,0,0,0,0,10830.82,10830.82
2025-01-01,C0286,R01,Mid-Market,Business,10830.82,0,324.92,0,0,11155.75,10993.28
2025-02-01,C0286,R01,Mid-Market,Business,11155.75,0,0,0,0,11155.75,11155.75
2025-03-01,C0286,R01,Mid-Market,Business,11155.75,0,0,0,0,11155.75,11155.75
2025-04-01,C0286,R01,Mid-Market,Business,11155.75,0,0,0,0,11155.75,11155.75
2025-05-01,C0286,R01,Mid-Market,Business,11155.75,0,0,0,0,11155.75,11155.75
2025-06-01,C0286,R01,Mid-Market,Business,11155.75,0,0,0,0,11155.75,11155.75
2025-07-01,C0286,R01,Mid-Market,Business,11155.75,0,0,0,0,11155.75,11155.75
2025-08-01,C0286,R01,Mid-Market,Business,11155.75,0,0,0,0,11155.75,11155.75
2025-09-01,C0286,R01,Mid-Market,Business,11155.75,0,0,0,0,11155.75,11155.75
2025-10-01,C0286,R01,Mid-Market,Business,11155.75,0,0,0,0,11155.75,11155.75
2025-11-01,C0286,R01,Mid-Market,Business,11155.75,0,0,0,0,11155.75,11155.75
2025-12-01,C0286,R01,Mid-Market,Business,11155.75,0,0,0,0,11155.75,11155.75
2026-01-01,C0286,R01,Mid-Market,Business,11155.75,0,1318.11,0,12473.86,0,5577.87
2023-01-01,C0287,R03,Enterprise,Enterprise Suite,67879.14,0,0,0,0,67879.14,67879.14
2023-02-01,C0287,R03,Enterprise,Enterprise Suite,67879.14,0,0,0,0,67879.14,67879.14
2023-03-01,C0287,R03,Enterprise,Enterprise Suite,67879.14,0,0,0,0,67879.14,67879.14
2023-04-01,C0287,R03,Enterprise,Enterprise Suite,67879.14,0,0,0,0,67879.14,67879.14
2023-05-01,C0287,R03,Enterprise,Enterprise Suite,67879.14,0,8452.02,0,0,76331.16,72105.15
2023-06-01,C0287,R03,Enterprise,Enterprise Suite,76331.16,0,0,0,0,76331.16,76331.16
2023-07-01,C0287,R03,Enterprise,Enterprise Suite,76331.16,0,0,0,0,76331.16,76331.16
2023-08-01,C0287,R03,Enterprise,Enterprise Suite,76331.16,0,0,0,0,76331.16,76331.16
2023-09-01,C0287,R03,Enterprise,Enterprise Suite,76331.16,0,0,0,0,76331.16,76331.16
2023-10-01,C0287,R03,Enterprise,Enterprise Suite,76331.16,0,0,0,0,76331.16,76331.16
2023-11-01,C0287,R03,Enterprise,Enterprise Suite,76331.16,0,0,0,0,76331.16,76331.16
2023-12-01,C0287,R03,Enterprise,Enterprise Suite,76331.16,0,0,0,0,76331.16,76331.16
2024-01-01,C0287,R03,Enterprise,Enterprise Suite,76331.16,0,0,0,0,76331.16,76331.16
2024-02-01,C0287,R03,Enterprise,Enterprise Suite,76331.16,0,0,0,0,76331.16,76331.16
2024-03-01,C0287,R03,Enterprise,Enterprise Suite,76331.16,0,0,0,0,76331.16,76331.16
2024-04-01,C0287,R03,Enterprise,Enterprise Suite,76331.16,0,0,0,0,76331.16,76331.16
2024-05-01,C0287,R03,Enterprise,Enterprise Suite,76331.16,0,2289.93,0,0,78621.09,77476.13
2024-06-01,C0287,R03,Enterprise,Enterprise Suite,78621.09,0,0,0,0,78621.09,78621.09
2024-07-01,C0287,R03,Enterprise,Enterprise Suite,78621.09,0,0,0,0,78621.09,78621.09
2024-08-01,C0287,R03,Enterprise,Enterprise Suite,78621.09,0,0,0,0,78621.09,78621.09
2024-09-01,C0287,R03,Enterprise,Enterprise Suite,78621.09,0,0,0,0,78621.09,78621.09
2024-10-01,C0287,R03,Enterprise,Enterprise Suite,78621.09,0,0,0,0,78621.09,78621.09
2024-11-01,C0287,R03,Enterprise,Enterprise Suite,78621.09,0,0,0,0,78621.09,78621.09
2024-12-01,C0287,R03,Enterprise,Enterprise Suite,78621.09,0,0,0,0,78621.09,78621.09
2025-01-01,C0287,R03,Enterprise,Enterprise Suite,78621.09,0,0,0,0,78621.09,78621.09
2025-02-01,C0287,R03,Enterprise,Enterprise Suite,78621.09,0,0,0,0,78621.09,78621.09
2025-03-01,C0287,R03,Enterprise,Enterprise Suite,78621.09,0,0,0,0,78621.09,78621.09
2025-04-01,C0287,R03,Enterprise,Enterprise Suite,78621.09,0,0,0,0,78621.09,78621.09
2025-05-01,C0287,R03,Enterprise,Enterprise Suite,78621.09,0,6143.82,3736.65,0,81028.26,79824.68
2025-06-01,C0287,R03,Enterprise,Enterprise Suite,81028.26,0,0,0,0,81028.26,81028.26
2025-07-01,C0287,R03,Enterprise,Enterprise Suite,81028.26,0,0,0,0,81028.26,81028.26
2025-08-01,C0287,R03,Enterprise,Enterprise Suite,81028.26,0,0,0,0,81028.26,81028.26
2025-09-01,C0287,R03,Enterprise,Enterprise Suite,81028.26,0,0,0,0,81028.26,81028.26
2025-10-01,C0287,R03,Enterprise,Enterprise Suite,81028.26,0,0,0,0,81028.26,81028.26
2025-11-01,C0287,R03,Enterprise,Enterprise Suite,81028.26,0,0,0,0,81028.26,81028.26
2025-12-01,C0287,R03,Enterprise,Enterprise Suite,81028.26,0,0,0,0,81028.26,81028.26
2026-01-01,C0287,R03,Enterprise,Enterprise Suite,81028.26,0,0,0,0,81028.26,81028.26
2026-02-01,C0287,R03,Enterprise,Enterprise Suite,81028.26,0,0,0,0,81028.26,81028.26
2026-03-01,C0287,R03,Enterprise,Enterprise Suite,81028.26,0,0,0,0,81028.26,81028.26
2026-04-01,C0287,R03,Enterprise,Enterprise Suite,81028.26,0,0,0,0,81028.26,81028.26
2026-05-01,C0287,R03,Enterprise,Enterprise Suite,81028.26,0,8241.4,0,0,89269.66,85148.96
2026-06-01,C0287,R03,Enterprise,Enterprise Suite,89269.66,0,0,0,0,89269.66,89269.66
2023-01-01,C0288,R01,Enterprise,Enterprise Suite,101455.68,0,0,0,0,101455.68,101455.68
2023-02-01,C0288,R01,Enterprise,Enterprise Suite,101455.68,0,0,0,0,101455.68,101455.68
2023-03-01,C0288,R01,Enterprise,Enterprise Suite,101455.68,0,0,0,0,101455.68,101455.68
2023-04-01,C0288,R01,Enterprise,Enterprise Suite,101455.68,0,0,0,0,101455.68,101455.68
2023-05-01,C0288,R01,Enterprise,Enterprise Suite,101455.68,0,0,0,0,101455.68,101455.68
2023-06-01,C0288,R01,Enterprise,Enterprise Suite,101455.68,0,0,0,0,101455.68,101455.68
2023-07-01,C0288,R01,Enterprise,Enterprise Suite,101455.68,0,0,0,0,101455.68,101455.68
2023-08-01,C0288,R01,Enterprise,Enterprise Suite,101455.68,0,0,0,0,101455.68,101455.68
2023-09-01,C0288,R01,Enterprise,Enterprise Suite,101455.68,0,0,0,0,101455.68,101455.68
2023-10-01,C0288,R01,Enterprise,Enterprise Suite,101455.68,0,10582.47,0,0,112038.15,106746.91
2023-11-01,C0288,R01,Enterprise,Enterprise Suite,112038.15,0,0,0,0,112038.15,112038.15
2023-12-01,C0288,R01,Enterprise,Enterprise Suite,112038.15,0,0,0,0,112038.15,112038.15
2024-01-01,C0288,R01,Enterprise,Enterprise Suite,112038.15,0,0,0,0,112038.15,112038.15
2024-02-01,C0288,R01,Enterprise,Enterprise Suite,112038.15,0,0,0,0,112038.15,112038.15
2024-03-01,C0288,R01,Enterprise,Enterprise Suite,112038.15,0,0,0,0,112038.15,112038.15
2024-04-01,C0288,R01,Enterprise,Enterprise Suite,112038.15,0,0,0,0,112038.15,112038.15
2024-05-01,C0288,R01,Enterprise,Enterprise Suite,112038.15,0,0,0,0,112038.15,112038.15
2024-06-01,C0288,R01,Enterprise,Enterprise Suite,112038.15,0,0,0,0,112038.15,112038.15
2024-07-01,C0288,R01,Enterprise,Enterprise Suite,112038.15,0,0,0,0,112038.15,112038.15
2024-08-01,C0288,R01,Enterprise,Enterprise Suite,112038.15,0,0,0,0,112038.15,112038.15
2024-09-01,C0288,R01,Enterprise,Enterprise Suite,112038.15,0,0,0,0,112038.15,112038.15
2024-10-01,C0288,R01,Enterprise,Enterprise Suite,112038.15,0,10813.32,4652.62,0,118198.85,115118.5
2024-11-01,C0288,R01,Enterprise,Enterprise Suite,118198.85,0,0,0,0,118198.85,118198.85
2024-12-01,C0288,R01,Enterprise,Enterprise Suite,118198.85,0,0,0,0,118198.85,118198.85
2025-01-01,C0288,R01,Enterprise,Enterprise Suite,118198.85,0,0,0,0,118198.85,118198.85
2025-02-01,C0288,R01,Enterprise,Enterprise Suite,118198.85,0,0,0,0,118198.85,118198.85
2025-03-01,C0288,R01,Enterprise,Enterprise Suite,118198.85,0,0,0,0,118198.85,118198.85
2025-04-01,C0288,R01,Enterprise,Enterprise Suite,118198.85,0,0,0,0,118198.85,118198.85
2025-05-01,C0288,R01,Enterprise,Enterprise Suite,118198.85,0,0,0,0,118198.85,118198.85
2025-06-01,C0288,R01,Enterprise,Enterprise Suite,118198.85,0,0,0,0,118198.85,118198.85
2025-07-01,C0288,R01,Enterprise,Enterprise Suite,118198.85,0,0,0,0,118198.85,118198.85
2025-08-01,C0288,R01,Enterprise,Enterprise Suite,118198.85,0,0,0,0,118198.85,118198.85
2025-09-01,C0288,R01,Enterprise,Enterprise Suite,118198.85,0,0,0,0,118198.85,118198.85
2025-10-01,C0288,R01,Enterprise,Enterprise Suite,118198.85,0,10321.55,0,0,128520.4,123359.63
2025-11-01,C0288,R01,Enterprise,Enterprise Suite,128520.4,0,0,0,0,128520.4,128520.4
2025-12-01,C0288,R01,Enterprise,Enterprise Suite,128520.4,0,0,0,0,128520.4,128520.4
2026-01-01,C0288,R01,Enterprise,Enterprise Suite,128520.4,0,0,0,0,128520.4,128520.4
2026-02-01,C0288,R01,Enterprise,Enterprise Suite,128520.4,0,0,0,0,128520.4,128520.4
2026-03-01,C0288,R01,Enterprise,Enterprise Suite,128520.4,0,0,0,0,128520.4,128520.4
2026-04-01,C0288,R01,Enterprise,Enterprise Suite,128520.4,0,0,0,0,128520.4,128520.4
2026-05-01,C0288,R01,Enterprise,Enterprise Suite,128520.4,0,0,0,0,128520.4,128520.4
2026-06-01,C0288,R01,Enterprise,Enterprise Suite,128520.4,0,0,0,0,128520.4,128520.4
2023-01-01,C0289,R04,Mid-Market,Business,11297.35,0,0,0,0,11297.35,11297.35
2023-02-01,C0289,R04,Mid-Market,Business,11297.35,0,0,0,0,11297.35,11297.35
2023-03-01,C0289,R04,Mid-Market,Business,11297.35,0,0,0,0,11297.35,11297.35
2023-04-01,C0289,R04,Mid-Market,Business,11297.35,0,0,0,0,11297.35,11297.35
2023-05-01,C0289,R04,Mid-Market,Business,11297.35,0,0,0,0,11297.35,11297.35
2023-06-01,C0289,R04,Mid-Market,Business,11297.35,0,0,0,0,11297.35,11297.35
2023-07-01,C0289,R04,Mid-Market,Business,11297.35,0,0,0,0,11297.35,11297.35
2023-08-01,C0289,R04,Mid-Market,Business,11297.35,0,1004.75,0,0,12302.1,11799.73
2023-09-01,C0289,R04,Mid-Market,Business,12302.1,0,0,0,0,12302.1,12302.1
2023-10-01,C0289,R04,Mid-Market,Business,12302.1,0,0,0,0,12302.1,12302.1
2023-11-01,C0289,R04,Mid-Market,Business,12302.1,0,0,0,0,12302.1,12302.1
2023-12-01,C0289,R04,Mid-Market,Business,12302.1,0,0,0,0,12302.1,12302.1
2024-01-01,C0289,R04,Mid-Market,Business,12302.1,0,0,0,0,12302.1,12302.1
2024-02-01,C0289,R04,Mid-Market,Business,12302.1,0,0,0,0,12302.1,12302.1
2024-03-01,C0289,R04,Mid-Market,Business,12302.1,0,0,0,0,12302.1,12302.1
2024-04-01,C0289,R04,Mid-Market,Business,12302.1,0,0,0,0,12302.1,12302.1
2024-05-01,C0289,R04,Mid-Market,Business,12302.1,0,0,0,0,12302.1,12302.1
2024-06-01,C0289,R04,Mid-Market,Business,12302.1,0,0,0,0,12302.1,12302.1
2024-07-01,C0289,R04,Mid-Market,Business,12302.1,0,0,0,0,12302.1,12302.1
2024-08-01,C0289,R04,Mid-Market,Business,12302.1,0,925.71,0,0,13227.81,12764.96
2024-09-01,C0289,R04,Mid-Market,Business,13227.81,0,0,0,0,13227.81,13227.81
2024-10-01,C0289,R04,Mid-Market,Business,13227.81,0,0,0,0,13227.81,13227.81
2024-11-01,C0289,R04,Mid-Market,Business,13227.81,0,0,0,0,13227.81,13227.81
2024-12-01,C0289,R04,Mid-Market,Business,13227.81,0,0,0,0,13227.81,13227.81
2025-01-01,C0289,R04,Mid-Market,Business,13227.81,0,0,0,0,13227.81,13227.81
2025-02-01,C0289,R04,Mid-Market,Business,13227.81,0,0,0,0,13227.81,13227.81
2025-03-01,C0289,R04,Mid-Market,Business,13227.81,0,0,0,0,13227.81,13227.81
2025-04-01,C0289,R04,Mid-Market,Business,13227.81,0,0,0,0,13227.81,13227.81
2025-05-01,C0289,R04,Mid-Market,Business,13227.81,0,0,0,0,13227.81,13227.81
2025-06-01,C0289,R04,Mid-Market,Business,13227.81,0,0,0,0,13227.81,13227.81
2025-07-01,C0289,R04,Mid-Market,Business,13227.81,0,0,0,0,13227.81,13227.81
2025-08-01,C0289,R04,Mid-Market,Business,13227.81,0,1080.18,0,0,14307.99,13767.9
2025-09-01,C0289,R04,Mid-Market,Business,14307.99,0,0,0,0,14307.99,14307.99
2025-10-01,C0289,R04,Mid-Market,Business,14307.99,0,0,0,0,14307.99,14307.99
2025-11-01,C0289,R04,Mid-Market,Business,14307.99,0,0,0,0,14307.99,14307.99
2025-12-01,C0289,R04,Mid-Market,Business,14307.99,0,0,0,0,14307.99,14307.99
2026-01-01,C0289,R04,Mid-Market,Business,14307.99,0,0,0,0,14307.99,14307.99
2026-02-01,C0289,R04,Mid-Market,Business,14307.99,0,0,0,0,14307.99,14307.99
2026-03-01,C0289,R04,Mid-Market,Business,14307.99,0,0,0,0,14307.99,14307.99
2026-04-01,C0289,R04,Mid-Market,Business,14307.99,0,0,0,0,14307.99,14307.99
2026-05-01,C0289,R04,Mid-Market,Business,14307.99,0,0,0,0,14307.99,14307.99
2026-06-01,C0289,R04,Mid-Market,Business,14307.99,0,0,0,0,14307.99,14307.99
2023-01-01,C0290,R02,Enterprise,Enterprise Suite,59588.3,0,0,0,0,59588.3,59588.3
2023-02-01,C0290,R02,Enterprise,Enterprise Suite,59588.3,0,0,0,0,59588.3,59588.3
2023-03-01,C0290,R02,Enterprise,Enterprise Suite,59588.3,0,0,0,0,59588.3,59588.3
2023-04-01,C0290,R02,Enterprise,Enterprise Suite,59588.3,0,0,0,0,59588.3,59588.3
2023-05-01,C0290,R02,Enterprise,Enterprise Suite,59588.3,0,6912.31,0,0,66500.61,63044.46
2023-06-01,C0290,R02,Enterprise,Enterprise Suite,66500.61,0,0,0,0,66500.61,66500.61
2023-07-01,C0290,R02,Enterprise,Enterprise Suite,66500.61,0,0,0,0,66500.61,66500.61
2023-08-01,C0290,R02,Enterprise,Enterprise Suite,66500.61,0,0,0,0,66500.61,66500.61
2023-09-01,C0290,R02,Enterprise,Enterprise Suite,66500.61,0,0,0,0,66500.61,66500.61
2023-10-01,C0290,R02,Enterprise,Enterprise Suite,66500.61,0,0,0,0,66500.61,66500.61
2023-11-01,C0290,R02,Enterprise,Enterprise Suite,66500.61,0,0,0,0,66500.61,66500.61
2023-12-01,C0290,R02,Enterprise,Enterprise Suite,66500.61,0,0,0,0,66500.61,66500.61
2024-01-01,C0290,R02,Enterprise,Enterprise Suite,66500.61,0,0,0,0,66500.61,66500.61
2024-02-01,C0290,R02,Enterprise,Enterprise Suite,66500.61,0,0,0,0,66500.61,66500.61
2024-03-01,C0290,R02,Enterprise,Enterprise Suite,66500.61,0,0,0,0,66500.61,66500.61
2024-04-01,C0290,R02,Enterprise,Enterprise Suite,66500.61,0,0,0,0,66500.61,66500.61
2024-05-01,C0290,R02,Enterprise,Enterprise Suite,66500.61,0,6488.19,0,0,72988.8,69744.71
2024-06-01,C0290,R02,Enterprise,Enterprise Suite,72988.8,0,0,0,0,72988.8,72988.8
2024-07-01,C0290,R02,Enterprise,Enterprise Suite,72988.8,0,0,0,0,72988.8,72988.8
2024-08-01,C0290,R02,Enterprise,Enterprise Suite,72988.8,0,0,0,0,72988.8,72988.8
2024-09-01,C0290,R02,Enterprise,Enterprise Suite,72988.8,0,0,0,0,72988.8,72988.8
2024-10-01,C0290,R02,Enterprise,Enterprise Suite,72988.8,0,0,0,0,72988.8,72988.8
2024-11-01,C0290,R02,Enterprise,Enterprise Suite,72988.8,0,0,0,0,72988.8,72988.8
2024-12-01,C0290,R02,Enterprise,Enterprise Suite,72988.8,0,0,0,0,72988.8,72988.8
2025-01-01,C0290,R02,Enterprise,Enterprise Suite,72988.8,0,0,0,0,72988.8,72988.8
2025-02-01,C0290,R02,Enterprise,Enterprise Suite,72988.8,0,0,0,0,72988.8,72988.8
2025-03-01,C0290,R02,Enterprise,Enterprise Suite,72988.8,0,0,0,0,72988.8,72988.8
2025-04-01,C0290,R02,Enterprise,Enterprise Suite,72988.8,0,0,0,0,72988.8,72988.8
2025-05-01,C0290,R02,Enterprise,Enterprise Suite,72988.8,0,2189.66,3499.09,0,71679.38,72334.09
2025-06-01,C0290,R02,Enterprise,Enterprise Suite,71679.38,0,0,0,0,71679.38,71679.38
2025-07-01,C0290,R02,Enterprise,Enterprise Suite,71679.38,0,0,0,0,71679.38,71679.38
2025-08-01,C0290,R02,Enterprise,Enterprise Suite,71679.38,0,0,0,0,71679.38,71679.38
2025-09-01,C0290,R02,Enterprise,Enterprise Suite,71679.38,0,0,0,0,71679.38,71679.38
2025-10-01,C0290,R02,Enterprise,Enterprise Suite,71679.38,0,0,0,0,71679.38,71679.38
2025-11-01,C0290,R02,Enterprise,Enterprise Suite,71679.38,0,0,0,0,71679.38,71679.38
2025-12-01,C0290,R02,Enterprise,Enterprise Suite,71679.38,0,0,0,0,71679.38,71679.38
2026-01-01,C0290,R02,Enterprise,Enterprise Suite,71679.38,0,0,0,0,71679.38,71679.38
2026-02-01,C0290,R02,Enterprise,Enterprise Suite,71679.38,0,0,0,0,71679.38,71679.38
2026-03-01,C0290,R02,Enterprise,Enterprise Suite,71679.38,0,0,0,0,71679.38,71679.38
2026-04-01,C0290,R02,Enterprise,Enterprise Suite,71679.38,0,0,0,0,71679.38,71679.38
2026-05-01,C0290,R02,Enterprise,Enterprise Suite,71679.38,0,8070.02,0,0,79749.4,75714.39
2026-06-01,C0290,R02,Enterprise,Enterprise Suite,79749.4,0,0,0,0,79749.4,79749.4
2023-01-01,C0291,R03,Enterprise,Enterprise Suite,50664.04,0,0,0,0,50664.04,50664.04
2023-02-01,C0291,R03,Enterprise,Enterprise Suite,50664.04,0,0,0,0,50664.04,50664.04
2023-03-01,C0291,R03,Enterprise,Enterprise Suite,50664.04,0,0,0,0,50664.04,50664.04
2023-04-01,C0291,R03,Enterprise,Enterprise Suite,50664.04,0,0,0,0,50664.04,50664.04
2023-05-01,C0291,R03,Enterprise,Enterprise Suite,50664.04,0,6801.28,0,0,57465.32,54064.68
2023-06-01,C0291,R03,Enterprise,Enterprise Suite,57465.32,0,0,0,0,57465.32,57465.32
2023-07-01,C0291,R03,Enterprise,Enterprise Suite,57465.32,0,0,0,0,57465.32,57465.32
2023-08-01,C0291,R03,Enterprise,Enterprise Suite,57465.32,0,0,0,0,57465.32,57465.32
2023-09-01,C0291,R03,Enterprise,Enterprise Suite,57465.32,0,0,0,0,57465.32,57465.32
2023-10-01,C0291,R03,Enterprise,Enterprise Suite,57465.32,0,0,0,0,57465.32,57465.32
2023-11-01,C0291,R03,Enterprise,Enterprise Suite,57465.32,0,0,0,0,57465.32,57465.32
2023-12-01,C0291,R03,Enterprise,Enterprise Suite,57465.32,0,0,0,0,57465.32,57465.32
2024-01-01,C0291,R03,Enterprise,Enterprise Suite,57465.32,0,0,0,0,57465.32,57465.32
2024-02-01,C0291,R03,Enterprise,Enterprise Suite,57465.32,0,0,0,0,57465.32,57465.32
2024-03-01,C0291,R03,Enterprise,Enterprise Suite,57465.32,0,0,0,0,57465.32,57465.32
2024-04-01,C0291,R03,Enterprise,Enterprise Suite,57465.32,0,0,0,0,57465.32,57465.32
2024-05-01,C0291,R03,Enterprise,Enterprise Suite,57465.32,0,1723.96,0,0,59189.28,58327.3
2024-06-01,C0291,R03,Enterprise,Enterprise Suite,59189.28,0,0,0,0,59189.28,59189.28
2024-07-01,C0291,R03,Enterprise,Enterprise Suite,59189.28,0,0,0,0,59189.28,59189.28
2024-08-01,C0291,R03,Enterprise,Enterprise Suite,59189.28,0,0,0,0,59189.28,59189.28
2024-09-01,C0291,R03,Enterprise,Enterprise Suite,59189.28,0,0,0,0,59189.28,59189.28
2024-10-01,C0291,R03,Enterprise,Enterprise Suite,59189.28,0,0,0,0,59189.28,59189.28
2024-11-01,C0291,R03,Enterprise,Enterprise Suite,59189.28,0,0,0,0,59189.28,59189.28
2024-12-01,C0291,R03,Enterprise,Enterprise Suite,59189.28,0,0,0,0,59189.28,59189.28
2025-01-01,C0291,R03,Enterprise,Enterprise Suite,59189.28,0,0,0,0,59189.28,59189.28
2025-02-01,C0291,R03,Enterprise,Enterprise Suite,59189.28,0,0,0,0,59189.28,59189.28
2025-03-01,C0291,R03,Enterprise,Enterprise Suite,59189.28,0,0,0,0,59189.28,59189.28
2025-04-01,C0291,R03,Enterprise,Enterprise Suite,59189.28,0,0,0,0,59189.28,59189.28
2025-05-01,C0291,R03,Enterprise,Enterprise Suite,59189.28,0,6876.51,0,0,66065.79,62627.53
2025-06-01,C0291,R03,Enterprise,Enterprise Suite,66065.79,0,0,0,0,66065.79,66065.79
2025-07-01,C0291,R03,Enterprise,Enterprise Suite,66065.79,0,0,0,0,66065.79,66065.79
2025-08-01,C0291,R03,Enterprise,Enterprise Suite,66065.79,0,0,0,0,66065.79,66065.79
2025-09-01,C0291,R03,Enterprise,Enterprise Suite,66065.79,0,0,0,0,66065.79,66065.79
2025-10-01,C0291,R03,Enterprise,Enterprise Suite,66065.79,0,0,0,0,66065.79,66065.79
2025-11-01,C0291,R03,Enterprise,Enterprise Suite,66065.79,0,0,0,0,66065.79,66065.79
2025-12-01,C0291,R03,Enterprise,Enterprise Suite,66065.79,0,0,0,0,66065.79,66065.79
2026-01-01,C0291,R03,Enterprise,Enterprise Suite,66065.79,0,0,0,0,66065.79,66065.79
2026-02-01,C0291,R03,Enterprise,Enterprise Suite,66065.79,0,0,0,0,66065.79,66065.79
2026-03-01,C0291,R03,Enterprise,Enterprise Suite,66065.79,0,0,0,0,66065.79,66065.79
2026-04-01,C0291,R03,Enterprise,Enterprise Suite,66065.79,0,0,0,0,66065.79,66065.79
2026-05-01,C0291,R03,Enterprise,Enterprise Suite,66065.79,0,1981.97,0,0,68047.76,67056.77
2026-06-01,C0291,R03,Enterprise,Enterprise Suite,68047.76,0,0,0,0,68047.76,68047.76
2023-01-01,C0292,R04,Mid-Market,Business,10881.16,0,0,0,0,10881.16,10881.16
2023-02-01,C0292,R04,Mid-Market,Business,10881.16,0,326.43,326.25,0,10881.35,10881.25
2023-03-01,C0292,R04,Mid-Market,Business,10881.35,0,0,0,0,10881.35,10881.35
2023-04-01,C0292,R04,Mid-Market,Business,10881.35,0,0,0,0,10881.35,10881.35
2023-05-01,C0292,R04,Mid-Market,Business,10881.35,0,0,0,0,10881.35,10881.35
2023-06-01,C0292,R04,Mid-Market,Business,10881.35,0,0,0,0,10881.35,10881.35
2023-07-01,C0292,R04,Mid-Market,Business,10881.35,0,0,0,0,10881.35,10881.35
2023-08-01,C0292,R04,Mid-Market,Business,10881.35,0,0,0,0,10881.35,10881.35
2023-09-01,C0292,R04,Mid-Market,Business,10881.35,0,0,0,0,10881.35,10881.35
2023-10-01,C0292,R04,Mid-Market,Business,10881.35,0,0,0,0,10881.35,10881.35
2023-11-01,C0292,R04,Mid-Market,Business,10881.35,0,0,0,0,10881.35,10881.35
2023-12-01,C0292,R04,Mid-Market,Business,10881.35,0,0,0,0,10881.35,10881.35
2024-01-01,C0292,R04,Mid-Market,Business,10881.35,0,0,0,0,10881.35,10881.35
2024-02-01,C0292,R04,Mid-Market,Business,10881.35,0,995.41,0,0,11876.76,11379.05
2024-03-01,C0292,R04,Mid-Market,Business,11876.76,0,0,0,0,11876.76,11876.76
2024-04-01,C0292,R04,Mid-Market,Business,11876.76,0,0,0,0,11876.76,11876.76
2024-05-01,C0292,R04,Mid-Market,Business,11876.76,0,0,0,0,11876.76,11876.76
2024-06-01,C0292,R04,Mid-Market,Business,11876.76,0,0,0,0,11876.76,11876.76
2024-07-01,C0292,R04,Mid-Market,Business,11876.76,0,0,0,0,11876.76,11876.76
2024-08-01,C0292,R04,Mid-Market,Business,11876.76,0,0,0,0,11876.76,11876.76
2024-09-01,C0292,R04,Mid-Market,Business,11876.76,0,0,0,0,11876.76,11876.76
2024-10-01,C0292,R04,Mid-Market,Business,11876.76,0,0,0,0,11876.76,11876.76
2024-11-01,C0292,R04,Mid-Market,Business,11876.76,0,0,0,0,11876.76,11876.76
2024-12-01,C0292,R04,Mid-Market,Business,11876.76,0,0,0,0,11876.76,11876.76
2025-01-01,C0292,R04,Mid-Market,Business,11876.76,0,0,0,0,11876.76,11876.76
2025-02-01,C0292,R04,Mid-Market,Business,11876.76,0,356.3,0,0,12233.06,12054.91
2025-03-01,C0292,R04,Mid-Market,Business,12233.06,0,0,0,0,12233.06,12233.06
2025-04-01,C0292,R04,Mid-Market,Business,12233.06,0,0,0,0,12233.06,12233.06
2025-05-01,C0292,R04,Mid-Market,Business,12233.06,0,0,0,0,12233.06,12233.06
2025-06-01,C0292,R04,Mid-Market,Business,12233.06,0,0,0,0,12233.06,12233.06
2025-07-01,C0292,R04,Mid-Market,Business,12233.06,0,0,0,0,12233.06,12233.06
2025-08-01,C0292,R04,Mid-Market,Business,12233.06,0,0,0,0,12233.06,12233.06
2025-09-01,C0292,R04,Mid-Market,Business,12233.06,0,0,0,0,12233.06,12233.06
2025-10-01,C0292,R04,Mid-Market,Business,12233.06,0,0,0,0,12233.06,12233.06
2025-11-01,C0292,R04,Mid-Market,Business,12233.06,0,0,0,0,12233.06,12233.06
2025-12-01,C0292,R04,Mid-Market,Business,12233.06,0,0,0,0,12233.06,12233.06
2026-01-01,C0292,R04,Mid-Market,Business,12233.06,0,0,0,0,12233.06,12233.06
2026-02-01,C0292,R04,Mid-Market,Business,12233.06,0,1075.97,0,0,13309.03,12771.05
2026-03-01,C0292,R04,Mid-Market,Business,13309.03,0,0,0,0,13309.03,13309.03
2026-04-01,C0292,R04,Mid-Market,Business,13309.03,0,0,0,0,13309.03,13309.03
2026-05-01,C0292,R04,Mid-Market,Business,13309.03,0,0,0,0,13309.03,13309.03
2026-06-01,C0292,R04,Mid-Market,Business,13309.03,0,0,0,0,13309.03,13309.03
2023-01-01,C0293,R02,Enterprise,Enterprise Suite,42569.28,0,0,0,0,42569.28,42569.28
2023-02-01,C0293,R02,Enterprise,Enterprise Suite,42569.28,0,0,0,0,42569.28,42569.28
2023-03-01,C0293,R02,Enterprise,Enterprise Suite,42569.28,0,0,0,0,42569.28,42569.28
2023-04-01,C0293,R02,Enterprise,Enterprise Suite,42569.28,0,0,0,0,42569.28,42569.28
2023-05-01,C0293,R02,Enterprise,Enterprise Suite,42569.28,0,5865.94,0,0,48435.23,45502.26
2023-06-01,C0293,R02,Enterprise,Enterprise Suite,48435.23,0,0,0,0,48435.23,48435.23
2023-07-01,C0293,R02,Enterprise,Enterprise Suite,48435.23,0,0,0,0,48435.23,48435.23
2023-08-01,C0293,R02,Enterprise,Enterprise Suite,48435.23,0,0,0,0,48435.23,48435.23
2023-09-01,C0293,R02,Enterprise,Enterprise Suite,48435.23,0,0,0,0,48435.23,48435.23
2023-10-01,C0293,R02,Enterprise,Enterprise Suite,48435.23,0,0,0,0,48435.23,48435.23
2023-11-01,C0293,R02,Enterprise,Enterprise Suite,48435.23,0,0,0,0,48435.23,48435.23
2023-12-01,C0293,R02,Enterprise,Enterprise Suite,48435.23,0,0,0,0,48435.23,48435.23
2024-01-01,C0293,R02,Enterprise,Enterprise Suite,48435.23,0,0,0,0,48435.23,48435.23
2024-02-01,C0293,R02,Enterprise,Enterprise Suite,48435.23,0,0,0,0,48435.23,48435.23
2024-03-01,C0293,R02,Enterprise,Enterprise Suite,48435.23,0,0,0,0,48435.23,48435.23
2024-04-01,C0293,R02,Enterprise,Enterprise Suite,48435.23,0,0,0,0,48435.23,48435.23
2024-05-01,C0293,R02,Enterprise,Enterprise Suite,48435.23,0,5000.87,0,0,53436.1,50935.66
2024-06-01,C0293,R02,Enterprise,Enterprise Suite,53436.1,0,0,0,0,53436.1,53436.1
2024-07-01,C0293,R02,Enterprise,Enterprise Suite,53436.1,0,0,0,0,53436.1,53436.1
2024-08-01,C0293,R02,Enterprise,Enterprise Suite,53436.1,0,0,0,0,53436.1,53436.1
2024-09-01,C0293,R02,Enterprise,Enterprise Suite,53436.1,0,0,0,0,53436.1,53436.1
2024-10-01,C0293,R02,Enterprise,Enterprise Suite,53436.1,0,0,0,0,53436.1,53436.1
2024-11-01,C0293,R02,Enterprise,Enterprise Suite,53436.1,0,0,0,0,53436.1,53436.1
2024-12-01,C0293,R02,Enterprise,Enterprise Suite,53436.1,0,0,0,0,53436.1,53436.1
2025-01-01,C0293,R02,Enterprise,Enterprise Suite,53436.1,0,0,0,0,53436.1,53436.1
2025-02-01,C0293,R02,Enterprise,Enterprise Suite,53436.1,0,0,0,0,53436.1,53436.1
2025-03-01,C0293,R02,Enterprise,Enterprise Suite,53436.1,0,0,0,0,53436.1,53436.1
2025-04-01,C0293,R02,Enterprise,Enterprise Suite,53436.1,0,0,0,0,53436.1,53436.1
2025-05-01,C0293,R02,Enterprise,Enterprise Suite,53436.1,0,6689.11,2744.73,0,57380.49,55408.29
2025-06-01,C0293,R02,Enterprise,Enterprise Suite,57380.49,0,0,0,0,57380.49,57380.49
2025-07-01,C0293,R02,Enterprise,Enterprise Suite,57380.49,0,0,0,0,57380.49,57380.49
2025-08-01,C0293,R02,Enterprise,Enterprise Suite,57380.49,0,0,0,0,57380.49,57380.49
2025-09-01,C0293,R02,Enterprise,Enterprise Suite,57380.49,0,0,0,0,57380.49,57380.49
2025-10-01,C0293,R02,Enterprise,Enterprise Suite,57380.49,0,0,0,0,57380.49,57380.49
2025-11-01,C0293,R02,Enterprise,Enterprise Suite,57380.49,0,0,0,0,57380.49,57380.49
2025-12-01,C0293,R02,Enterprise,Enterprise Suite,57380.49,0,0,0,0,57380.49,57380.49
2026-01-01,C0293,R02,Enterprise,Enterprise Suite,57380.49,0,0,0,0,57380.49,57380.49
2026-02-01,C0293,R02,Enterprise,Enterprise Suite,57380.49,0,0,0,0,57380.49,57380.49
2026-03-01,C0293,R02,Enterprise,Enterprise Suite,57380.49,0,0,0,0,57380.49,57380.49
2026-04-01,C0293,R02,Enterprise,Enterprise Suite,57380.49,0,0,0,0,57380.49,57380.49
2026-05-01,C0293,R02,Enterprise,Enterprise Suite,57380.49,0,1721.41,0,0,59101.9,58241.19
2026-06-01,C0293,R02,Enterprise,Enterprise Suite,59101.9,0,0,0,0,59101.9,59101.9
2023-01-01,C0294,R03,Enterprise,Enterprise Suite,64415.71,0,0,0,0,64415.71,64415.71
2023-02-01,C0294,R03,Enterprise,Enterprise Suite,64415.71,0,0,0,0,64415.71,64415.71
2023-03-01,C0294,R03,Enterprise,Enterprise Suite,64415.71,0,0,0,0,64415.71,64415.71
2023-04-01,C0294,R03,Enterprise,Enterprise Suite,64415.71,0,0,0,0,64415.71,64415.71
2023-05-01,C0294,R03,Enterprise,Enterprise Suite,64415.71,0,0,0,0,64415.71,64415.71
2023-06-01,C0294,R03,Enterprise,Enterprise Suite,64415.71,0,0,0,0,64415.71,64415.71
2023-07-01,C0294,R03,Enterprise,Enterprise Suite,64415.71,0,0,0,0,64415.71,64415.71
2023-08-01,C0294,R03,Enterprise,Enterprise Suite,64415.71,0,0,0,0,64415.71,64415.71
2023-09-01,C0294,R03,Enterprise,Enterprise Suite,64415.71,0,0,0,0,64415.71,64415.71
2023-10-01,C0294,R03,Enterprise,Enterprise Suite,64415.71,0,0,0,0,64415.71,64415.71
2023-11-01,C0294,R03,Enterprise,Enterprise Suite,64415.71,0,7203.28,0,0,71618.99,68017.35
2023-12-01,C0294,R03,Enterprise,Enterprise Suite,71618.99,0,0,0,0,71618.99,71618.99
2024-01-01,C0294,R03,Enterprise,Enterprise Suite,71618.99,0,0,0,0,71618.99,71618.99
2024-02-01,C0294,R03,Enterprise,Enterprise Suite,71618.99,0,0,0,0,71618.99,71618.99
2024-03-01,C0294,R03,Enterprise,Enterprise Suite,71618.99,0,0,0,0,71618.99,71618.99
2024-04-01,C0294,R03,Enterprise,Enterprise Suite,71618.99,0,0,0,0,71618.99,71618.99
2024-05-01,C0294,R03,Enterprise,Enterprise Suite,71618.99,0,0,0,0,71618.99,71618.99
2024-06-01,C0294,R03,Enterprise,Enterprise Suite,71618.99,0,0,0,0,71618.99,71618.99
2024-07-01,C0294,R03,Enterprise,Enterprise Suite,71618.99,0,0,0,0,71618.99,71618.99
2024-08-01,C0294,R03,Enterprise,Enterprise Suite,71618.99,0,0,0,0,71618.99,71618.99
2024-09-01,C0294,R03,Enterprise,Enterprise Suite,71618.99,0,0,0,0,71618.99,71618.99
2024-10-01,C0294,R03,Enterprise,Enterprise Suite,71618.99,0,0,0,0,71618.99,71618.99
2024-11-01,C0294,R03,Enterprise,Enterprise Suite,71618.99,0,4231.7,0,0,75850.69,73734.84
2024-12-01,C0294,R03,Enterprise,Enterprise Suite,75850.69,0,0,0,0,75850.69,75850.69
2025-01-01,C0294,R03,Enterprise,Enterprise Suite,75850.69,0,0,0,0,75850.69,75850.69
2025-02-01,C0294,R03,Enterprise,Enterprise Suite,75850.69,0,0,0,0,75850.69,75850.69
2025-03-01,C0294,R03,Enterprise,Enterprise Suite,75850.69,0,0,0,0,75850.69,75850.69
2025-04-01,C0294,R03,Enterprise,Enterprise Suite,75850.69,0,0,0,0,75850.69,75850.69
2025-05-01,C0294,R03,Enterprise,Enterprise Suite,75850.69,0,0,0,0,75850.69,75850.69
2025-06-01,C0294,R03,Enterprise,Enterprise Suite,75850.69,0,0,0,0,75850.69,75850.69
2025-07-01,C0294,R03,Enterprise,Enterprise Suite,75850.69,0,0,0,0,75850.69,75850.69
2025-08-01,C0294,R03,Enterprise,Enterprise Suite,75850.69,0,0,0,0,75850.69,75850.69
2025-09-01,C0294,R03,Enterprise,Enterprise Suite,75850.69,0,0,0,0,75850.69,75850.69
2025-10-01,C0294,R03,Enterprise,Enterprise Suite,75850.69,0,0,0,0,75850.69,75850.69
2025-11-01,C0294,R03,Enterprise,Enterprise Suite,75850.69,0,2275.52,0,0,78126.21,76988.45
2025-12-01,C0294,R03,Enterprise,Enterprise Suite,78126.21,0,0,0,0,78126.21,78126.21
2026-01-01,C0294,R03,Enterprise,Enterprise Suite,78126.21,0,0,0,0,78126.21,78126.21
2026-02-01,C0294,R03,Enterprise,Enterprise Suite,78126.21,0,0,0,0,78126.21,78126.21
2026-03-01,C0294,R03,Enterprise,Enterprise Suite,78126.21,0,0,0,0,78126.21,78126.21
2026-04-01,C0294,R03,Enterprise,Enterprise Suite,78126.21,0,0,0,0,78126.21,78126.21
2026-05-01,C0294,R03,Enterprise,Enterprise Suite,78126.21,0,0,0,0,78126.21,78126.21
2026-06-01,C0294,R03,Enterprise,Enterprise Suite,78126.21,0,0,0,0,78126.21,78126.21
2023-01-01,C0295,R03,Enterprise,Enterprise Suite,71808.23,0,0,0,0,71808.23,71808.23
2023-02-01,C0295,R03,Enterprise,Enterprise Suite,71808.23,0,0,0,0,71808.23,71808.23
2023-03-01,C0295,R03,Enterprise,Enterprise Suite,71808.23,0,0,0,0,71808.23,71808.23
2023-04-01,C0295,R03,Enterprise,Enterprise Suite,71808.23,0,0,0,0,71808.23,71808.23
2023-05-01,C0295,R03,Enterprise,Enterprise Suite,71808.23,0,0,0,0,71808.23,71808.23
2023-06-01,C0295,R03,Enterprise,Enterprise Suite,71808.23,0,0,0,0,71808.23,71808.23
2023-07-01,C0295,R03,Enterprise,Enterprise Suite,71808.23,0,0,0,0,71808.23,71808.23
2023-08-01,C0295,R03,Enterprise,Enterprise Suite,71808.23,0,0,0,0,71808.23,71808.23
2023-09-01,C0295,R03,Enterprise,Enterprise Suite,71808.23,0,0,0,0,71808.23,71808.23
2023-10-01,C0295,R03,Enterprise,Enterprise Suite,71808.23,0,0,0,0,71808.23,71808.23
2023-11-01,C0295,R03,Enterprise,Enterprise Suite,71808.23,0,0,0,0,71808.23,71808.23
2023-12-01,C0295,R03,Enterprise,Enterprise Suite,71808.23,0,8220.49,0,0,80028.72,75918.48
2024-01-01,C0295,R03,Enterprise,Enterprise Suite,80028.72,0,0,0,0,80028.72,80028.72
2024-02-01,C0295,R03,Enterprise,Enterprise Suite,80028.72,0,0,0,0,80028.72,80028.72
2024-03-01,C0295,R03,Enterprise,Enterprise Suite,80028.72,0,0,0,0,80028.72,80028.72
2024-04-01,C0295,R03,Enterprise,Enterprise Suite,80028.72,0,0,0,0,80028.72,80028.72
2024-05-01,C0295,R03,Enterprise,Enterprise Suite,80028.72,0,0,0,0,80028.72,80028.72
2024-06-01,C0295,R03,Enterprise,Enterprise Suite,80028.72,0,0,0,0,80028.72,80028.72
2024-07-01,C0295,R03,Enterprise,Enterprise Suite,80028.72,0,0,0,0,80028.72,80028.72
2024-08-01,C0295,R03,Enterprise,Enterprise Suite,80028.72,0,0,0,0,80028.72,80028.72
2024-09-01,C0295,R03,Enterprise,Enterprise Suite,80028.72,0,0,0,0,80028.72,80028.72
2024-10-01,C0295,R03,Enterprise,Enterprise Suite,80028.72,0,0,0,0,80028.72,80028.72
2024-11-01,C0295,R03,Enterprise,Enterprise Suite,80028.72,0,0,0,0,80028.72,80028.72
2024-12-01,C0295,R03,Enterprise,Enterprise Suite,80028.72,0,2400.86,0,0,82429.59,81229.15
2025-01-01,C0295,R03,Enterprise,Enterprise Suite,82429.59,0,0,0,0,82429.59,82429.59
2025-02-01,C0295,R03,Enterprise,Enterprise Suite,82429.59,0,0,0,0,82429.59,82429.59
2025-03-01,C0295,R03,Enterprise,Enterprise Suite,82429.59,0,0,0,0,82429.59,82429.59
2025-04-01,C0295,R03,Enterprise,Enterprise Suite,82429.59,0,0,0,0,82429.59,82429.59
2025-05-01,C0295,R03,Enterprise,Enterprise Suite,82429.59,0,0,0,0,82429.59,82429.59
2025-06-01,C0295,R03,Enterprise,Enterprise Suite,82429.59,0,0,0,0,82429.59,82429.59
2025-07-01,C0295,R03,Enterprise,Enterprise Suite,82429.59,0,0,0,0,82429.59,82429.59
2025-08-01,C0295,R03,Enterprise,Enterprise Suite,82429.59,0,0,0,0,82429.59,82429.59
2025-09-01,C0295,R03,Enterprise,Enterprise Suite,82429.59,0,0,0,0,82429.59,82429.59
2025-10-01,C0295,R03,Enterprise,Enterprise Suite,82429.59,0,0,0,0,82429.59,82429.59
2025-11-01,C0295,R03,Enterprise,Enterprise Suite,82429.59,0,0,0,0,82429.59,82429.59
2025-12-01,C0295,R03,Enterprise,Enterprise Suite,82429.59,0,10737.6,0,0,93167.19,87798.39
2026-01-01,C0295,R03,Enterprise,Enterprise Suite,93167.19,0,0,0,0,93167.19,93167.19
2026-02-01,C0295,R03,Enterprise,Enterprise Suite,93167.19,0,0,0,0,93167.19,93167.19
2026-03-01,C0295,R03,Enterprise,Enterprise Suite,93167.19,0,0,0,0,93167.19,93167.19
2026-04-01,C0295,R03,Enterprise,Enterprise Suite,93167.19,0,0,0,0,93167.19,93167.19
2026-05-01,C0295,R03,Enterprise,Enterprise Suite,93167.19,0,0,0,0,93167.19,93167.19
2026-06-01,C0295,R03,Enterprise,Enterprise Suite,93167.19,0,0,0,0,93167.19,93167.19
2023-01-01,C0296,R02,Mid-Market,Business,12506.33,0,0,0,0,12506.33,12506.33
2023-02-01,C0296,R02,Mid-Market,Business,12506.33,0,0,0,0,12506.33,12506.33
2023-03-01,C0296,R02,Mid-Market,Business,12506.33,0,0,0,0,12506.33,12506.33
2023-04-01,C0296,R02,Mid-Market,Business,12506.33,0,0,0,0,12506.33,12506.33
2023-05-01,C0296,R02,Mid-Market,Business,12506.33,0,1192.04,0,0,13698.36,13102.35
2023-06-01,C0296,R02,Mid-Market,Business,13698.36,0,0,0,0,13698.36,13698.36
2023-07-01,C0296,R02,Mid-Market,Business,13698.36,0,0,0,0,13698.36,13698.36
2023-08-01,C0296,R02,Mid-Market,Business,13698.36,0,0,0,0,13698.36,13698.36
2023-09-01,C0296,R02,Mid-Market,Business,13698.36,0,0,0,0,13698.36,13698.36
2023-10-01,C0296,R02,Mid-Market,Business,13698.36,0,0,0,0,13698.36,13698.36
2023-11-01,C0296,R02,Mid-Market,Business,13698.36,0,0,0,0,13698.36,13698.36
2023-12-01,C0296,R02,Mid-Market,Business,13698.36,0,0,0,0,13698.36,13698.36
2024-01-01,C0296,R02,Mid-Market,Business,13698.36,0,0,0,0,13698.36,13698.36
2024-02-01,C0296,R02,Mid-Market,Business,13698.36,0,0,0,0,13698.36,13698.36
2024-03-01,C0296,R02,Mid-Market,Business,13698.36,0,0,0,0,13698.36,13698.36
2024-04-01,C0296,R02,Mid-Market,Business,13698.36,0,0,0,0,13698.36,13698.36
2024-05-01,C0296,R02,Mid-Market,Business,13698.36,0,410.95,0,0,14109.31,13903.84
2024-06-01,C0296,R02,Mid-Market,Business,14109.31,0,0,0,0,14109.31,14109.31
2024-07-01,C0296,R02,Mid-Market,Business,14109.31,0,0,0,0,14109.31,14109.31
2024-08-01,C0296,R02,Mid-Market,Business,14109.31,0,0,0,0,14109.31,14109.31
2024-09-01,C0296,R02,Mid-Market,Business,14109.31,0,0,0,0,14109.31,14109.31
2024-10-01,C0296,R02,Mid-Market,Business,14109.31,0,0,0,0,14109.31,14109.31
2024-11-01,C0296,R02,Mid-Market,Business,14109.31,0,0,0,0,14109.31,14109.31
2024-12-01,C0296,R02,Mid-Market,Business,14109.31,0,0,0,0,14109.31,14109.31
2025-01-01,C0296,R02,Mid-Market,Business,14109.31,0,0,0,0,14109.31,14109.31
2025-02-01,C0296,R02,Mid-Market,Business,14109.31,0,0,0,0,14109.31,14109.31
2025-03-01,C0296,R02,Mid-Market,Business,14109.31,0,0,0,0,14109.31,14109.31
2025-04-01,C0296,R02,Mid-Market,Business,14109.31,0,0,0,0,14109.31,14109.31
2025-05-01,C0296,R02,Mid-Market,Business,14109.31,0,634.92,0,0,14744.23,14426.77
2025-06-01,C0296,R02,Mid-Market,Business,14744.23,0,0,0,0,14744.23,14744.23
2025-07-01,C0296,R02,Mid-Market,Business,14744.23,0,0,0,0,14744.23,14744.23
2025-08-01,C0296,R02,Mid-Market,Business,14744.23,0,0,0,0,14744.23,14744.23
2025-09-01,C0296,R02,Mid-Market,Business,14744.23,0,0,0,0,14744.23,14744.23
2025-10-01,C0296,R02,Mid-Market,Business,14744.23,0,0,0,0,14744.23,14744.23
2025-11-01,C0296,R02,Mid-Market,Business,14744.23,0,0,0,0,14744.23,14744.23
2025-12-01,C0296,R02,Mid-Market,Business,14744.23,0,0,0,0,14744.23,14744.23
2026-01-01,C0296,R02,Mid-Market,Business,14744.23,0,0,0,0,14744.23,14744.23
2026-02-01,C0296,R02,Mid-Market,Business,14744.23,0,0,0,0,14744.23,14744.23
2026-03-01,C0296,R02,Mid-Market,Business,14744.23,0,0,0,0,14744.23,14744.23
2026-04-01,C0296,R02,Mid-Market,Business,14744.23,0,0,0,0,14744.23,14744.23
2026-05-01,C0296,R02,Mid-Market,Business,14744.23,0,1143.64,0,0,15887.87,15316.05
2026-06-01,C0296,R02,Mid-Market,Business,15887.87,0,0,0,0,15887.87,15887.87
2023-01-01,C0297,R03,Mid-Market,Business,16228.68,0,0,0,0,16228.68,16228.68
2023-02-01,C0297,R03,Mid-Market,Business,16228.68,0,0,0,0,16228.68,16228.68
2023-03-01,C0297,R03,Mid-Market,Business,16228.68,0,0,0,0,16228.68,16228.68
2023-04-01,C0297,R03,Mid-Market,Business,16228.68,0,0,0,0,16228.68,16228.68
2023-05-01,C0297,R03,Mid-Market,Business,16228.68,0,0,0,0,16228.68,16228.68
2023-06-01,C0297,R03,Mid-Market,Business,16228.68,0,0,0,0,16228.68,16228.68
2023-07-01,C0297,R03,Mid-Market,Business,16228.68,0,1069.52,0,0,17298.2,16763.44
2023-08-01,C0297,R03,Mid-Market,Business,17298.2,0,0,0,0,17298.2,17298.2
2023-09-01,C0297,R03,Mid-Market,Business,17298.2,0,0,0,0,17298.2,17298.2
2023-10-01,C0297,R03,Mid-Market,Business,17298.2,0,0,0,0,17298.2,17298.2
2023-11-01,C0297,R03,Mid-Market,Business,17298.2,0,0,0,0,17298.2,17298.2
2023-12-01,C0297,R03,Mid-Market,Business,17298.2,0,0,0,0,17298.2,17298.2
2024-01-01,C0297,R03,Mid-Market,Business,17298.2,0,0,0,0,17298.2,17298.2
2024-02-01,C0297,R03,Mid-Market,Business,17298.2,0,0,0,0,17298.2,17298.2
2024-03-01,C0297,R03,Mid-Market,Business,17298.2,0,0,0,0,17298.2,17298.2
2024-04-01,C0297,R03,Mid-Market,Business,17298.2,0,0,0,0,17298.2,17298.2
2024-05-01,C0297,R03,Mid-Market,Business,17298.2,0,0,0,0,17298.2,17298.2
2024-06-01,C0297,R03,Mid-Market,Business,17298.2,0,0,0,0,17298.2,17298.2
2024-07-01,C0297,R03,Mid-Market,Business,17298.2,0,518.95,0,0,17817.14,17557.67
2024-08-01,C0297,R03,Mid-Market,Business,17817.14,0,0,0,0,17817.14,17817.14
2024-09-01,C0297,R03,Mid-Market,Business,17817.14,0,0,0,0,17817.14,17817.14
2024-10-01,C0297,R03,Mid-Market,Business,17817.14,0,0,0,0,17817.14,17817.14
2024-11-01,C0297,R03,Mid-Market,Business,17817.14,0,0,0,0,17817.14,17817.14
2024-12-01,C0297,R03,Mid-Market,Business,17817.14,0,0,0,0,17817.14,17817.14
2025-01-01,C0297,R03,Mid-Market,Business,17817.14,0,0,0,0,17817.14,17817.14
2025-02-01,C0297,R03,Mid-Market,Business,17817.14,0,0,0,0,17817.14,17817.14
2025-03-01,C0297,R03,Mid-Market,Business,17817.14,0,0,0,0,17817.14,17817.14
2025-04-01,C0297,R03,Mid-Market,Business,17817.14,0,0,0,0,17817.14,17817.14
2025-05-01,C0297,R03,Mid-Market,Business,17817.14,0,0,0,0,17817.14,17817.14
2025-06-01,C0297,R03,Mid-Market,Business,17817.14,0,0,0,0,17817.14,17817.14
2025-07-01,C0297,R03,Mid-Market,Business,17817.14,0,1750.07,0,0,19567.21,18692.18
2025-08-01,C0297,R03,Mid-Market,Business,19567.21,0,0,0,0,19567.21,19567.21
2025-09-01,C0297,R03,Mid-Market,Business,19567.21,0,0,0,0,19567.21,19567.21
2025-10-01,C0297,R03,Mid-Market,Business,19567.21,0,0,0,0,19567.21,19567.21
2025-11-01,C0297,R03,Mid-Market,Business,19567.21,0,0,0,0,19567.21,19567.21
2025-12-01,C0297,R03,Mid-Market,Business,19567.21,0,0,0,0,19567.21,19567.21
2026-01-01,C0297,R03,Mid-Market,Business,19567.21,0,0,0,0,19567.21,19567.21
2026-02-01,C0297,R03,Mid-Market,Business,19567.21,0,0,0,0,19567.21,19567.21
2026-03-01,C0297,R03,Mid-Market,Business,19567.21,0,0,0,0,19567.21,19567.21
2026-04-01,C0297,R03,Mid-Market,Business,19567.21,0,0,0,0,19567.21,19567.21
2026-05-01,C0297,R03,Mid-Market,Business,19567.21,0,0,0,0,19567.21,19567.21
2026-06-01,C0297,R03,Mid-Market,Business,19567.21,0,0,0,0,19567.21,19567.21
2023-01-01,C0298,R04,Mid-Market,Business,10466.29,0,0,0,0,10466.29,10466.29
2023-02-01,C0298,R04,Mid-Market,Business,10466.29,0,0,0,0,10466.29,10466.29
2023-03-01,C0298,R04,Mid-Market,Business,10466.29,0,0,0,0,10466.29,10466.29
2023-04-01,C0298,R04,Mid-Market,Business,10466.29,0,0,0,0,10466.29,10466.29
2023-05-01,C0298,R04,Mid-Market,Business,10466.29,0,0,0,0,10466.29,10466.29
2023-06-01,C0298,R04,Mid-Market,Business,10466.29,0,0,0,0,10466.29,10466.29
2023-07-01,C0298,R04,Mid-Market,Business,10466.29,0,0,0,0,10466.29,10466.29
2023-08-01,C0298,R04,Mid-Market,Business,10466.29,0,0,0,0,10466.29,10466.29
2023-09-01,C0298,R04,Mid-Market,Business,10466.29,0,313.99,0,0,10780.28,10623.28
2023-10-01,C0298,R04,Mid-Market,Business,10780.28,0,0,0,0,10780.28,10780.28
2023-11-01,C0298,R04,Mid-Market,Business,10780.28,0,0,0,0,10780.28,10780.28
2023-12-01,C0298,R04,Mid-Market,Business,10780.28,0,0,0,0,10780.28,10780.28
2024-01-01,C0298,R04,Mid-Market,Business,10780.28,0,0,0,0,10780.28,10780.28
2024-02-01,C0298,R04,Mid-Market,Business,10780.28,0,0,0,0,10780.28,10780.28
2024-03-01,C0298,R04,Mid-Market,Business,10780.28,0,0,0,0,10780.28,10780.28
2024-04-01,C0298,R04,Mid-Market,Business,10780.28,0,0,0,0,10780.28,10780.28
2024-05-01,C0298,R04,Mid-Market,Business,10780.28,0,0,0,0,10780.28,10780.28
2024-06-01,C0298,R04,Mid-Market,Business,10780.28,0,0,0,0,10780.28,10780.28
2024-07-01,C0298,R04,Mid-Market,Business,10780.28,0,0,0,0,10780.28,10780.28
2024-08-01,C0298,R04,Mid-Market,Business,10780.28,0,0,0,0,10780.28,10780.28
2024-09-01,C0298,R04,Mid-Market,Business,10780.28,0,323.41,0,0,11103.69,10941.98
2024-10-01,C0298,R04,Mid-Market,Business,11103.69,0,0,0,0,11103.69,11103.69
2024-11-01,C0298,R04,Mid-Market,Business,11103.69,0,0,0,0,11103.69,11103.69
2024-12-01,C0298,R04,Mid-Market,Business,11103.69,0,0,0,0,11103.69,11103.69
2025-01-01,C0298,R04,Mid-Market,Business,11103.69,0,0,0,0,11103.69,11103.69
2025-02-01,C0298,R04,Mid-Market,Business,11103.69,0,0,0,0,11103.69,11103.69
2025-03-01,C0298,R04,Mid-Market,Business,11103.69,0,0,0,0,11103.69,11103.69
2025-04-01,C0298,R04,Mid-Market,Business,11103.69,0,0,0,0,11103.69,11103.69
2025-05-01,C0298,R04,Mid-Market,Business,11103.69,0,0,0,0,11103.69,11103.69
2025-06-01,C0298,R04,Mid-Market,Business,11103.69,0,0,0,0,11103.69,11103.69
2025-07-01,C0298,R04,Mid-Market,Business,11103.69,0,0,0,0,11103.69,11103.69
2025-08-01,C0298,R04,Mid-Market,Business,11103.69,0,0,0,0,11103.69,11103.69
2025-09-01,C0298,R04,Mid-Market,Business,11103.69,0,333.11,0,0,11436.8,11270.24
2025-10-01,C0298,R04,Mid-Market,Business,11436.8,0,0,0,0,11436.8,11436.8
2025-11-01,C0298,R04,Mid-Market,Business,11436.8,0,0,0,0,11436.8,11436.8
2025-12-01,C0298,R04,Mid-Market,Business,11436.8,0,0,0,0,11436.8,11436.8
2026-01-01,C0298,R04,Mid-Market,Business,11436.8,0,0,0,0,11436.8,11436.8
2026-02-01,C0298,R04,Mid-Market,Business,11436.8,0,0,0,0,11436.8,11436.8
2026-03-01,C0298,R04,Mid-Market,Business,11436.8,0,0,0,0,11436.8,11436.8
2026-04-01,C0298,R04,Mid-Market,Business,11436.8,0,0,0,0,11436.8,11436.8
2026-05-01,C0298,R04,Mid-Market,Business,11436.8,0,0,0,0,11436.8,11436.8
2026-06-01,C0298,R04,Mid-Market,Business,11436.8,0,0,0,0,11436.8,11436.8
2023-09-01,C0299,R04,SMB,Core,0,2671.46,0,0,0,2671.46,1335.73
2023-10-01,C0299,R04,SMB,Core,2671.46,0,0,0,0,2671.46,2671.46
2023-11-01,C0299,R04,SMB,Core,2671.46,0,0,0,0,2671.46,2671.46
2023-12-01,C0299,R04,SMB,Core,2671.46,0,0,0,0,2671.46,2671.46
2024-01-01,C0299,R04,SMB,Core,2671.46,0,0,0,0,2671.46,2671.46
2024-02-01,C0299,R04,SMB,Core,2671.46,0,0,0,0,2671.46,2671.46
2024-03-01,C0299,R04,SMB,Core,2671.46,0,0,0,0,2671.46,2671.46
2024-04-01,C0299,R04,SMB,Core,2671.46,0,0,0,0,2671.46,2671.46
2024-05-01,C0299,R04,SMB,Core,2671.46,0,0,0,0,2671.46,2671.46
2024-06-01,C0299,R04,SMB,Core,2671.46,0,0,0,0,2671.46,2671.46
2024-07-01,C0299,R04,SMB,Core,2671.46,0,0,0,0,2671.46,2671.46
2024-08-01,C0299,R04,SMB,Core,2671.46,0,0,0,0,2671.46,2671.46
2024-09-01,C0299,R04,SMB,Core,2671.46,0,299.07,0,0,2970.53,2821
2024-10-01,C0299,R04,SMB,Core,2970.53,0,0,0,0,2970.53,2970.53
2024-11-01,C0299,R04,SMB,Core,2970.53,0,0,0,0,2970.53,2970.53
2024-12-01,C0299,R04,SMB,Core,2970.53,0,0,0,0,2970.53,2970.53
2025-01-01,C0299,R04,SMB,Core,2970.53,0,0,0,0,2970.53,2970.53
2025-02-01,C0299,R04,SMB,Core,2970.53,0,0,0,0,2970.53,2970.53
2025-03-01,C0299,R04,SMB,Core,2970.53,0,0,0,0,2970.53,2970.53
2025-04-01,C0299,R04,SMB,Core,2970.53,0,0,0,0,2970.53,2970.53
2025-05-01,C0299,R04,SMB,Core,2970.53,0,0,0,0,2970.53,2970.53
2025-06-01,C0299,R04,SMB,Core,2970.53,0,0,0,0,2970.53,2970.53
2025-07-01,C0299,R04,SMB,Core,2970.53,0,0,0,0,2970.53,2970.53
2025-08-01,C0299,R04,SMB,Core,2970.53,0,0,0,0,2970.53,2970.53
2025-09-01,C0299,R04,SMB,Core,2970.53,0,89.12,0,0,3059.65,3015.09
2025-10-01,C0299,R04,SMB,Core,3059.65,0,0,0,0,3059.65,3059.65
2025-11-01,C0299,R04,SMB,Core,3059.65,0,0,0,0,3059.65,3059.65
2025-12-01,C0299,R04,SMB,Core,3059.65,0,0,0,0,3059.65,3059.65
2026-01-01,C0299,R04,SMB,Core,3059.65,0,0,0,0,3059.65,3059.65
2026-02-01,C0299,R04,SMB,Core,3059.65,0,0,0,0,3059.65,3059.65
2026-03-01,C0299,R04,SMB,Core,3059.65,0,0,0,0,3059.65,3059.65
2026-04-01,C0299,R04,SMB,Core,3059.65,0,0,0,0,3059.65,3059.65
2026-05-01,C0299,R04,SMB,Core,3059.65,0,0,0,0,3059.65,3059.65
2026-06-01,C0299,R04,SMB,Core,3059.65,0,0,0,0,3059.65,3059.65
2024-04-01,C0300,R02,Enterprise,Enterprise Suite,0,105825.98,0,0,0,105825.98,52912.99
2024-05-01,C0300,R02,Enterprise,Enterprise Suite,105825.98,0,0,0,0,105825.98,105825.98
2024-06-01,C0300,R02,Enterprise,Enterprise Suite,105825.98,0,0,0,0,105825.98,105825.98
2024-07-01,C0300,R02,Enterprise,Enterprise Suite,105825.98,0,0,0,0,105825.98,105825.98
2024-08-01,C0300,R02,Enterprise,Enterprise Suite,105825.98,0,0,0,0,105825.98,105825.98
2024-09-01,C0300,R02,Enterprise,Enterprise Suite,105825.98,0,0,0,0,105825.98,105825.98
2024-10-01,C0300,R02,Enterprise,Enterprise Suite,105825.98,0,0,0,0,105825.98,105825.98
2024-11-01,C0300,R02,Enterprise,Enterprise Suite,105825.98,0,0,0,0,105825.98,105825.98
2024-12-01,C0300,R02,Enterprise,Enterprise Suite,105825.98,0,0,0,0,105825.98,105825.98
2025-01-01,C0300,R02,Enterprise,Enterprise Suite,105825.98,0,0,0,0,105825.98,105825.98
2025-02-01,C0300,R02,Enterprise,Enterprise Suite,105825.98,0,0,0,0,105825.98,105825.98
2025-03-01,C0300,R02,Enterprise,Enterprise Suite,105825.98,0,0,0,0,105825.98,105825.98
2025-04-01,C0300,R02,Enterprise,Enterprise Suite,105825.98,0,10699.95,0,0,116525.94,111175.96
2025-05-01,C0300,R02,Enterprise,Enterprise Suite,116525.94,0,0,0,0,116525.94,116525.94
2025-06-01,C0300,R02,Enterprise,Enterprise Suite,116525.94,0,0,0,0,116525.94,116525.94
2025-07-01,C0300,R02,Enterprise,Enterprise Suite,116525.94,0,0,0,0,116525.94,116525.94
2025-08-01,C0300,R02,Enterprise,Enterprise Suite,116525.94,0,0,0,0,116525.94,116525.94
2025-09-01,C0300,R02,Enterprise,Enterprise Suite,116525.94,0,0,0,0,116525.94,116525.94
2025-10-01,C0300,R02,Enterprise,Enterprise Suite,116525.94,0,0,0,0,116525.94,116525.94
2025-11-01,C0300,R02,Enterprise,Enterprise Suite,116525.94,0,0,0,0,116525.94,116525.94
2025-12-01,C0300,R02,Enterprise,Enterprise Suite,116525.94,0,0,0,0,116525.94,116525.94
2026-01-01,C0300,R02,Enterprise,Enterprise Suite,116525.94,0,0,0,0,116525.94,116525.94
2026-02-01,C0300,R02,Enterprise,Enterprise Suite,116525.94,0,0,0,0,116525.94,116525.94
2026-03-01,C0300,R02,Enterprise,Enterprise Suite,116525.94,0,0,0,0,116525.94,116525.94
2026-04-01,C0300,R02,Enterprise,Enterprise Suite,116525.94,0,11537.22,7366.29,0,120696.87,118611.4
2026-05-01,C0300,R02,Enterprise,Enterprise Suite,120696.87,0,0,0,0,120696.87,120696.87
2026-06-01,C0300,R02,Enterprise,Enterprise Suite,120696.87,0,0,0,0,120696.87,120696.87
