forecast_row_id,forecast_version,month_start,account_id,department_id,region_id,business_line,period_type,amount_usd,forecast_driver
F000001,2026_Q2_Forecast,2026-01-01,A4000,D00,R03,Subscription,Actualized,2704385.78,Closed actual
F000002,2026_Q2_Forecast,2026-02-01,A4000,D00,R03,Subscription,Actualized,2735816.37,Closed actual
F000003,2026_Q2_Forecast,2026-03-01,A4000,D00,R03,Subscription,Actualized,2670512.71,Closed actual
F000004,2026_Q2_Forecast,2026-04-01,A4000,D00,R03,Subscription,Actualized,2604645.91,Closed actual
F000005,2026_Q2_Forecast,2026-05-01,A4000,D00,R03,Subscription,Actualized,2634128.63,Closed actual
F000006,2026_Q2_Forecast,2026-06-01,A4000,D00,R03,Subscription,Actualized,2667539.16,Closed actual
F000007,2026_Q2_Forecast,2026-07-01,A4000,D00,R03,Subscription,Forecast,2885245.58,Q2 reforecast adjustment
F000008,2026_Q2_Forecast,2026-08-01,A4000,D00,R03,Subscription,Forecast,2924218.97,Q2 reforecast adjustment
F000009,2026_Q2_Forecast,2026-09-01,A4000,D00,R03,Subscription,Forecast,2955469.94,Q2 reforecast adjustment
F000010,2026_Q2_Forecast,2026-10-01,A4000,D00,R03,Subscription,Forecast,2969195.96,Q2 reforecast adjustment
F000011,2026_Q2_Forecast,2026-11-01,A4000,D00,R03,Subscription,Forecast,2944453.9,Q2 reforecast adjustment
F000012,2026_Q2_Forecast,2026-12-01,A4000,D00,R03,Subscription,Forecast,2964966.53,Q2 reforecast adjustment
F000013,2026_Q2_Forecast,2026-01-01,A4000,D00,R02,Subscription,Actualized,2724509.71,Closed actual
F000014,2026_Q2_Forecast,2026-02-01,A4000,D00,R02,Subscription,Actualized,2767637.39,Closed actual
F000015,2026_Q2_Forecast,2026-03-01,A4000,D00,R02,Subscription,Actualized,2826862.8,Closed actual
F000016,2026_Q2_Forecast,2026-04-01,A4000,D00,R02,Subscription,Actualized,2765475.93,Closed actual
F000017,2026_Q2_Forecast,2026-05-01,A4000,D00,R02,Subscription,Actualized,2698786.06,Closed actual
F000018,2026_Q2_Forecast,2026-06-01,A4000,D00,R02,Subscription,Actualized,2658620.52,Closed actual
F000019,2026_Q2_Forecast,2026-07-01,A4000,D00,R02,Subscription,Forecast,2904940.39,Q2 reforecast adjustment
F000020,2026_Q2_Forecast,2026-08-01,A4000,D00,R02,Subscription,Forecast,2919282.1,Q2 reforecast adjustment
F000021,2026_Q2_Forecast,2026-09-01,A4000,D00,R02,Subscription,Forecast,2959531.99,Q2 reforecast adjustment
F000022,2026_Q2_Forecast,2026-10-01,A4000,D00,R02,Subscription,Forecast,2996909.42,Q2 reforecast adjustment
F000023,2026_Q2_Forecast,2026-11-01,A4000,D00,R02,Subscription,Forecast,3013953.42,Q2 reforecast adjustment
F000024,2026_Q2_Forecast,2026-12-01,A4000,D00,R02,Subscription,Forecast,3030042.7,Q2 reforecast adjustment
F000025,2026_Q2_Forecast,2026-01-01,A4000,D00,R04,Subscription,Actualized,1386478.44,Closed actual
F000026,2026_Q2_Forecast,2026-02-01,A4000,D00,R04,Subscription,Actualized,1401769.92,Closed actual
F000027,2026_Q2_Forecast,2026-03-01,A4000,D00,R04,Subscription,Actualized,1423582.58,Closed actual
F000028,2026_Q2_Forecast,2026-04-01,A4000,D00,R04,Subscription,Actualized,1438747.11,Closed actual
F000029,2026_Q2_Forecast,2026-05-01,A4000,D00,R04,Subscription,Actualized,1465527.48,Closed actual
F000030,2026_Q2_Forecast,2026-06-01,A4000,D00,R04,Subscription,Actualized,1486317.03,Closed actual
F000031,2026_Q2_Forecast,2026-07-01,A4000,D00,R04,Subscription,Forecast,1590777.44,Q2 reforecast adjustment
F000032,2026_Q2_Forecast,2026-08-01,A4000,D00,R04,Subscription,Forecast,1582121.47,Q2 reforecast adjustment
F000033,2026_Q2_Forecast,2026-09-01,A4000,D00,R04,Subscription,Forecast,1576146.36,Q2 reforecast adjustment
F000034,2026_Q2_Forecast,2026-10-01,A4000,D00,R04,Subscription,Forecast,1579165.6,Q2 reforecast adjustment
F000035,2026_Q2_Forecast,2026-11-01,A4000,D00,R04,Subscription,Forecast,1583422.86,Q2 reforecast adjustment
F000036,2026_Q2_Forecast,2026-12-01,A4000,D00,R04,Subscription,Forecast,1574778.34,Q2 reforecast adjustment
F000037,2026_Q2_Forecast,2026-01-01,A4000,D00,R01,Subscription,Actualized,2908224.31,Closed actual
F000038,2026_Q2_Forecast,2026-02-01,A4000,D00,R01,Subscription,Actualized,2967125.82,Closed actual
F000039,2026_Q2_Forecast,2026-03-01,A4000,D00,R01,Subscription,Actualized,3040770.04,Closed actual
F000040,2026_Q2_Forecast,2026-04-01,A4000,D00,R01,Subscription,Actualized,3060718.78,Closed actual
F000041,2026_Q2_Forecast,2026-05-01,A4000,D00,R01,Subscription,Actualized,3064268.96,Closed actual
F000042,2026_Q2_Forecast,2026-06-01,A4000,D00,R01,Subscription,Actualized,3063575.83,Closed actual
F000043,2026_Q2_Forecast,2026-07-01,A4000,D00,R01,Subscription,Forecast,3039384.97,Q2 reforecast adjustment
F000044,2026_Q2_Forecast,2026-08-01,A4000,D00,R01,Subscription,Forecast,3094644.06,Q2 reforecast adjustment
F000045,2026_Q2_Forecast,2026-09-01,A4000,D00,R01,Subscription,Forecast,3160751.23,Q2 reforecast adjustment
F000046,2026_Q2_Forecast,2026-10-01,A4000,D00,R01,Subscription,Forecast,3189775.85,Q2 reforecast adjustment
F000047,2026_Q2_Forecast,2026-11-01,A4000,D00,R01,Subscription,Forecast,3214898.52,Q2 reforecast adjustment
F000048,2026_Q2_Forecast,2026-12-01,A4000,D00,R01,Subscription,Forecast,3255455.69,Q2 reforecast adjustment
F000049,2026_Q2_Forecast,2026-01-01,A4010,D00,R02,Services,Actualized,139260.8,Closed actual
F000050,2026_Q2_Forecast,2026-02-01,A4010,D00,R02,Services,Actualized,182011.33,Closed actual
F000051,2026_Q2_Forecast,2026-03-01,A4010,D00,R02,Services,Actualized,72964.22,Closed actual
F000052,2026_Q2_Forecast,2026-04-01,A4010,D00,R02,Services,Actualized,78851.52,Closed actual
F000053,2026_Q2_Forecast,2026-05-01,A4010,D00,R02,Services,Actualized,91650.66,Closed actual
F000054,2026_Q2_Forecast,2026-06-01,A4010,D00,R02,Services,Actualized,101847.86,Closed actual
F000055,2026_Q2_Forecast,2026-07-01,A4010,D00,R02,Services,Forecast,240317.86,Q2 reforecast adjustment
F000056,2026_Q2_Forecast,2026-08-01,A4010,D00,R02,Services,Forecast,460804.59,Q2 reforecast adjustment
F000057,2026_Q2_Forecast,2026-09-01,A4010,D00,R02,Services,Forecast,461596.11,Q2 reforecast adjustment
F000058,2026_Q2_Forecast,2026-10-01,A4010,D00,R02,Services,Forecast,454342.14,Q2 reforecast adjustment
F000059,2026_Q2_Forecast,2026-11-01,A4010,D00,R02,Services,Forecast,383752.84,Q2 reforecast adjustment
F000060,2026_Q2_Forecast,2026-12-01,A4010,D00,R02,Services,Forecast,115214.88,Q2 reforecast adjustment
F000061,2026_Q2_Forecast,2026-01-01,A5030,D03,R02,Services,Actualized,8211.67,Closed actual
F000062,2026_Q2_Forecast,2026-02-01,A5030,D03,R02,Services,Actualized,10434.02,Closed actual
F000063,2026_Q2_Forecast,2026-03-01,A5030,D03,R02,Services,Actualized,3346.44,Closed actual
F000064,2026_Q2_Forecast,2026-04-01,A5030,D03,R02,Services,Actualized,6156.41,Closed actual
F000065,2026_Q2_Forecast,2026-05-01,A5030,D03,R02,Services,Actualized,4694.27,Closed actual
F000066,2026_Q2_Forecast,2026-06-01,A5030,D03,R02,Services,Actualized,6719.63,Closed actual
F000067,2026_Q2_Forecast,2026-07-01,A5030,D03,R02,Services,Forecast,16446.36,Q2 reforecast adjustment
F000068,2026_Q2_Forecast,2026-08-01,A5030,D03,R02,Services,Forecast,22441.95,Q2 reforecast adjustment
F000069,2026_Q2_Forecast,2026-09-01,A5030,D03,R02,Services,Forecast,23519.72,Q2 reforecast adjustment
F000070,2026_Q2_Forecast,2026-10-01,A5030,D03,R02,Services,Forecast,22990.51,Q2 reforecast adjustment
F000071,2026_Q2_Forecast,2026-11-01,A5030,D03,R02,Services,Forecast,26329.98,Q2 reforecast adjustment
F000072,2026_Q2_Forecast,2026-12-01,A5030,D03,R02,Services,Forecast,9533.1,Q2 reforecast adjustment
F000073,2026_Q2_Forecast,2026-01-01,A5040,D03,R02,Services,Actualized,2378.36,Closed actual
F000074,2026_Q2_Forecast,2026-02-01,A5040,D03,R02,Services,Actualized,1874.64,Closed actual
F000075,2026_Q2_Forecast,2026-03-01,A5040,D03,R02,Services,Actualized,1016.26,Closed actual
F000076,2026_Q2_Forecast,2026-04-01,A5040,D03,R02,Services,Actualized,1376.66,Closed actual
F000077,2026_Q2_Forecast,2026-05-01,A5040,D03,R02,Services,Actualized,592.13,Closed actual
F000078,2026_Q2_Forecast,2026-06-01,A5040,D03,R02,Services,Actualized,1376.57,Closed actual
F000079,2026_Q2_Forecast,2026-07-01,A5040,D03,R02,Services,Forecast,5000.71,Q2 reforecast adjustment
F000080,2026_Q2_Forecast,2026-08-01,A5040,D03,R02,Services,Forecast,8116.2,Q2 reforecast adjustment
F000081,2026_Q2_Forecast,2026-09-01,A5040,D03,R02,Services,Forecast,8330.42,Q2 reforecast adjustment
F000082,2026_Q2_Forecast,2026-10-01,A5040,D03,R02,Services,Forecast,4712.28,Q2 reforecast adjustment
F000083,2026_Q2_Forecast,2026-11-01,A5040,D03,R02,Services,Forecast,1671.91,Q2 reforecast adjustment
F000084,2026_Q2_Forecast,2026-12-01,A5040,D03,R02,Services,Forecast,849.37,Q2 reforecast adjustment
F000085,2026_Q2_Forecast,2026-01-01,A4010,D00,R01,Services,Actualized,928894.73,Closed actual
F000086,2026_Q2_Forecast,2026-02-01,A4010,D00,R01,Services,Actualized,992670.02,Closed actual
F000087,2026_Q2_Forecast,2026-03-01,A4010,D00,R01,Services,Actualized,939377.67,Closed actual
F000088,2026_Q2_Forecast,2026-04-01,A4010,D00,R01,Services,Actualized,772805.98,Closed actual
F000089,2026_Q2_Forecast,2026-05-01,A4010,D00,R01,Services,Actualized,775675.54,Closed actual
F000090,2026_Q2_Forecast,2026-06-01,A4010,D00,R01,Services,Actualized,606825.47,Closed actual
F000091,2026_Q2_Forecast,2026-07-01,A4010,D00,R01,Services,Forecast,551551.49,Q2 reforecast adjustment
F000092,2026_Q2_Forecast,2026-08-01,A4010,D00,R01,Services,Forecast,564304.91,Q2 reforecast adjustment
F000093,2026_Q2_Forecast,2026-09-01,A4010,D00,R01,Services,Forecast,360576.35,Q2 reforecast adjustment
F000094,2026_Q2_Forecast,2026-10-01,A4010,D00,R01,Services,Forecast,497292.69,Q2 reforecast adjustment
F000095,2026_Q2_Forecast,2026-11-01,A4010,D00,R01,Services,Forecast,698144.35,Q2 reforecast adjustment
F000096,2026_Q2_Forecast,2026-12-01,A4010,D00,R01,Services,Forecast,719994.56,Q2 reforecast adjustment
F000097,2026_Q2_Forecast,2026-01-01,A5030,D03,R01,Services,Actualized,93822.35,Closed actual
F000098,2026_Q2_Forecast,2026-02-01,A5030,D03,R01,Services,Actualized,79179.25,Closed actual
F000099,2026_Q2_Forecast,2026-03-01,A5030,D03,R01,Services,Actualized,76698.91,Closed actual
F000100,2026_Q2_Forecast,2026-04-01,A5030,D03,R01,Services,Actualized,60615.34,Closed actual
F000101,2026_Q2_Forecast,2026-05-01,A5030,D03,R01,Services,Actualized,57933.89,Closed actual
F000102,2026_Q2_Forecast,2026-06-01,A5030,D03,R01,Services,Actualized,31673.5,Closed actual
F000103,2026_Q2_Forecast,2026-07-01,A5030,D03,R01,Services,Forecast,40271.76,Q2 reforecast adjustment
F000104,2026_Q2_Forecast,2026-08-01,A5030,D03,R01,Services,Forecast,48617.32,Q2 reforecast adjustment
F000105,2026_Q2_Forecast,2026-09-01,A5030,D03,R01,Services,Forecast,23617.77,Q2 reforecast adjustment
F000106,2026_Q2_Forecast,2026-10-01,A5030,D03,R01,Services,Forecast,24320.34,Q2 reforecast adjustment
F000107,2026_Q2_Forecast,2026-11-01,A5030,D03,R01,Services,Forecast,41387.3,Q2 reforecast adjustment
F000108,2026_Q2_Forecast,2026-12-01,A5030,D03,R01,Services,Forecast,61498.16,Q2 reforecast adjustment
F000109,2026_Q2_Forecast,2026-01-01,A5040,D03,R01,Services,Actualized,14924.85,Closed actual
F000110,2026_Q2_Forecast,2026-02-01,A5040,D03,R01,Services,Actualized,14230.69,Closed actual
F000111,2026_Q2_Forecast,2026-03-01,A5040,D03,R01,Services,Actualized,10959.08,Closed actual
F000112,2026_Q2_Forecast,2026-04-01,A5040,D03,R01,Services,Actualized,11160.98,Closed actual
F000113,2026_Q2_Forecast,2026-05-01,A5040,D03,R01,Services,Actualized,7009.41,Closed actual
F000114,2026_Q2_Forecast,2026-06-01,A5040,D03,R01,Services,Actualized,7521.37,Closed actual
F000115,2026_Q2_Forecast,2026-07-01,A5040,D03,R01,Services,Forecast,6973.44,Q2 reforecast adjustment
F000116,2026_Q2_Forecast,2026-08-01,A5040,D03,R01,Services,Forecast,9015.25,Q2 reforecast adjustment
F000117,2026_Q2_Forecast,2026-09-01,A5040,D03,R01,Services,Forecast,4954.51,Q2 reforecast adjustment
F000118,2026_Q2_Forecast,2026-10-01,A5040,D03,R01,Services,Forecast,6841.11,Q2 reforecast adjustment
F000119,2026_Q2_Forecast,2026-11-01,A5040,D03,R01,Services,Forecast,7727.16,Q2 reforecast adjustment
F000120,2026_Q2_Forecast,2026-12-01,A5040,D03,R01,Services,Forecast,9611.47,Q2 reforecast adjustment
F000121,2026_Q2_Forecast,2026-01-01,A4010,D00,R03,Services,Actualized,428819.97,Closed actual
F000122,2026_Q2_Forecast,2026-02-01,A4010,D00,R03,Services,Actualized,467204.7,Closed actual
F000123,2026_Q2_Forecast,2026-03-01,A4010,D00,R03,Services,Actualized,445260.66,Closed actual
F000124,2026_Q2_Forecast,2026-04-01,A4010,D00,R03,Services,Actualized,575903.36,Closed actual
F000125,2026_Q2_Forecast,2026-05-01,A4010,D00,R03,Services,Actualized,678621.06,Closed actual
F000126,2026_Q2_Forecast,2026-06-01,A4010,D00,R03,Services,Actualized,519935.62,Closed actual
F000127,2026_Q2_Forecast,2026-07-01,A4010,D00,R03,Services,Forecast,497244.71,Q2 reforecast adjustment
F000128,2026_Q2_Forecast,2026-08-01,A4010,D00,R03,Services,Forecast,454346.16,Q2 reforecast adjustment
F000129,2026_Q2_Forecast,2026-09-01,A4010,D00,R03,Services,Forecast,863762.3,Q2 reforecast adjustment
F000130,2026_Q2_Forecast,2026-10-01,A4010,D00,R03,Services,Forecast,1222140.51,Q2 reforecast adjustment
F000131,2026_Q2_Forecast,2026-11-01,A4010,D00,R03,Services,Forecast,1305135.46,Q2 reforecast adjustment
F000132,2026_Q2_Forecast,2026-12-01,A4010,D00,R03,Services,Forecast,676924.64,Q2 reforecast adjustment
F000133,2026_Q2_Forecast,2026-01-01,A5030,D03,R03,Services,Actualized,33908.65,Closed actual
F000134,2026_Q2_Forecast,2026-02-01,A5030,D03,R03,Services,Actualized,35372.65,Closed actual
F000135,2026_Q2_Forecast,2026-03-01,A5030,D03,R03,Services,Actualized,32287.58,Closed actual
F000136,2026_Q2_Forecast,2026-04-01,A5030,D03,R03,Services,Actualized,39563.32,Closed actual
F000137,2026_Q2_Forecast,2026-05-01,A5030,D03,R03,Services,Actualized,51009.02,Closed actual
F000138,2026_Q2_Forecast,2026-06-01,A5030,D03,R03,Services,Actualized,35382.2,Closed actual
F000139,2026_Q2_Forecast,2026-07-01,A5030,D03,R03,Services,Forecast,42422.07,Q2 reforecast adjustment
F000140,2026_Q2_Forecast,2026-08-01,A5030,D03,R03,Services,Forecast,26394.68,Q2 reforecast adjustment
F000141,2026_Q2_Forecast,2026-09-01,A5030,D03,R03,Services,Forecast,75766.19,Q2 reforecast adjustment
F000142,2026_Q2_Forecast,2026-10-01,A5030,D03,R03,Services,Forecast,77805.34,Q2 reforecast adjustment
F000143,2026_Q2_Forecast,2026-11-01,A5030,D03,R03,Services,Forecast,74366.37,Q2 reforecast adjustment
F000144,2026_Q2_Forecast,2026-12-01,A5030,D03,R03,Services,Forecast,50894.2,Q2 reforecast adjustment
F000145,2026_Q2_Forecast,2026-01-01,A5040,D03,R03,Services,Actualized,4846.55,Closed actual
F000146,2026_Q2_Forecast,2026-02-01,A5040,D03,R03,Services,Actualized,5020.12,Closed actual
F000147,2026_Q2_Forecast,2026-03-01,A5040,D03,R03,Services,Actualized,3832.83,Closed actual
F000148,2026_Q2_Forecast,2026-04-01,A5040,D03,R03,Services,Actualized,10530.94,Closed actual
F000149,2026_Q2_Forecast,2026-05-01,A5040,D03,R03,Services,Actualized,5848.05,Closed actual
F000150,2026_Q2_Forecast,2026-06-01,A5040,D03,R03,Services,Actualized,5367.18,Closed actual
F000151,2026_Q2_Forecast,2026-07-01,A5040,D03,R03,Services,Forecast,4398.56,Q2 reforecast adjustment
F000152,2026_Q2_Forecast,2026-08-01,A5040,D03,R03,Services,Forecast,6917.39,Q2 reforecast adjustment
F000153,2026_Q2_Forecast,2026-09-01,A5040,D03,R03,Services,Forecast,7069.96,Q2 reforecast adjustment
F000154,2026_Q2_Forecast,2026-10-01,A5040,D03,R03,Services,Forecast,8971.43,Q2 reforecast adjustment
F000155,2026_Q2_Forecast,2026-11-01,A5040,D03,R03,Services,Forecast,14898.91,Q2 reforecast adjustment
F000156,2026_Q2_Forecast,2026-12-01,A5040,D03,R03,Services,Forecast,8858.69,Q2 reforecast adjustment
F000157,2026_Q2_Forecast,2026-01-01,A4010,D00,R04,Services,Actualized,142206.59,Closed actual
F000158,2026_Q2_Forecast,2026-02-01,A4010,D00,R04,Services,Actualized,149760.33,Closed actual
F000159,2026_Q2_Forecast,2026-03-01,A4010,D00,R04,Services,Actualized,179601.26,Closed actual
F000160,2026_Q2_Forecast,2026-04-01,A4010,D00,R04,Services,Actualized,222494.87,Closed actual
F000161,2026_Q2_Forecast,2026-05-01,A4010,D00,R04,Services,Actualized,428082.92,Closed actual
F000162,2026_Q2_Forecast,2026-06-01,A4010,D00,R04,Services,Actualized,420451.91,Closed actual
F000163,2026_Q2_Forecast,2026-07-01,A4010,D00,R04,Services,Forecast,146299.73,Q2 reforecast adjustment
F000164,2026_Q2_Forecast,2026-08-01,A4010,D00,R04,Services,Forecast,179419.36,Q2 reforecast adjustment
F000165,2026_Q2_Forecast,2026-09-01,A4010,D00,R04,Services,Forecast,137164.45,Q2 reforecast adjustment
F000166,2026_Q2_Forecast,2026-10-01,A4010,D00,R04,Services,Forecast,148791.38,Q2 reforecast adjustment
F000167,2026_Q2_Forecast,2026-11-01,A4010,D00,R04,Services,Forecast,141104.18,Q2 reforecast adjustment
F000168,2026_Q2_Forecast,2026-12-01,A4010,D00,R04,Services,Forecast,141965.8,Q2 reforecast adjustment
F000169,2026_Q2_Forecast,2026-01-01,A5030,D03,R04,Services,Actualized,4725.57,Closed actual
F000170,2026_Q2_Forecast,2026-02-01,A5030,D03,R04,Services,Actualized,1461.29,Closed actual
F000171,2026_Q2_Forecast,2026-03-01,A5030,D03,R04,Services,Actualized,1802.75,Closed actual
F000172,2026_Q2_Forecast,2026-04-01,A5030,D03,R04,Services,Actualized,7357.08,Closed actual
F000173,2026_Q2_Forecast,2026-05-01,A5030,D03,R04,Services,Actualized,26857.6,Closed actual
F000174,2026_Q2_Forecast,2026-06-01,A5030,D03,R04,Services,Actualized,37905.98,Closed actual
F000175,2026_Q2_Forecast,2026-07-01,A5030,D03,R04,Services,Forecast,7670.99,Q2 reforecast adjustment
F000176,2026_Q2_Forecast,2026-08-01,A5030,D03,R04,Services,Forecast,6898.66,Q2 reforecast adjustment
F000177,2026_Q2_Forecast,2026-09-01,A5030,D03,R04,Services,Forecast,2306.6,Q2 reforecast adjustment
F000178,2026_Q2_Forecast,2026-10-01,A5030,D03,R04,Services,Forecast,6124.79,Q2 reforecast adjustment
F000179,2026_Q2_Forecast,2026-11-01,A5030,D03,R04,Services,Forecast,2860.37,Q2 reforecast adjustment
F000180,2026_Q2_Forecast,2026-12-01,A5030,D03,R04,Services,Forecast,2082.09,Q2 reforecast adjustment
F000181,2026_Q2_Forecast,2026-01-01,A5040,D03,R04,Services,Actualized,1626.93,Closed actual
F000182,2026_Q2_Forecast,2026-02-01,A5040,D03,R04,Services,Actualized,843.75,Closed actual
F000183,2026_Q2_Forecast,2026-03-01,A5040,D03,R04,Services,Actualized,2637.47,Closed actual
F000184,2026_Q2_Forecast,2026-04-01,A5040,D03,R04,Services,Actualized,2074.69,Closed actual
F000185,2026_Q2_Forecast,2026-05-01,A5040,D03,R04,Services,Actualized,4950.01,Closed actual
F000186,2026_Q2_Forecast,2026-06-01,A5040,D03,R04,Services,Actualized,2976.84,Closed actual
F000187,2026_Q2_Forecast,2026-07-01,A5040,D03,R04,Services,Forecast,1508.96,Q2 reforecast adjustment
F000188,2026_Q2_Forecast,2026-08-01,A5040,D03,R04,Services,Forecast,2613.83,Q2 reforecast adjustment
F000189,2026_Q2_Forecast,2026-09-01,A5040,D03,R04,Services,Forecast,1501.78,Q2 reforecast adjustment
F000190,2026_Q2_Forecast,2026-10-01,A5040,D03,R04,Services,Forecast,2750.98,Q2 reforecast adjustment
F000191,2026_Q2_Forecast,2026-11-01,A5040,D03,R04,Services,Forecast,1548.41,Q2 reforecast adjustment
F000192,2026_Q2_Forecast,2026-12-01,A5040,D03,R04,Services,Forecast,1559.43,Q2 reforecast adjustment
F000193,2026_Q2_Forecast,2026-01-01,A4020,D00,R03,Services,Actualized,0,Closed actual
F000194,2026_Q2_Forecast,2026-02-01,A4020,D00,R03,Services,Actualized,0,Closed actual
F000195,2026_Q2_Forecast,2026-03-01,A4020,D00,R03,Services,Actualized,0,Closed actual
F000196,2026_Q2_Forecast,2026-04-01,A4020,D00,R03,Services,Actualized,0,Closed actual
F000197,2026_Q2_Forecast,2026-05-01,A4020,D00,R03,Services,Actualized,0,Closed actual
F000198,2026_Q2_Forecast,2026-06-01,A4020,D00,R03,Services,Actualized,0,Closed actual
F000199,2026_Q2_Forecast,2026-07-01,A4020,D00,R03,Services,Forecast,0,Q2 reforecast adjustment
F000200,2026_Q2_Forecast,2026-08-01,A4020,D00,R03,Services,Forecast,30789.46,Q2 reforecast adjustment
F000201,2026_Q2_Forecast,2026-09-01,A4020,D00,R03,Services,Forecast,0,Q2 reforecast adjustment
F000202,2026_Q2_Forecast,2026-10-01,A4020,D00,R03,Services,Forecast,0,Q2 reforecast adjustment
F000203,2026_Q2_Forecast,2026-11-01,A4020,D00,R03,Services,Forecast,0,Q2 reforecast adjustment
F000204,2026_Q2_Forecast,2026-12-01,A4020,D00,R03,Services,Forecast,0,Q2 reforecast adjustment
F000205,2026_Q2_Forecast,2026-01-01,A4020,D00,R02,Services,Actualized,0,Closed actual
F000206,2026_Q2_Forecast,2026-02-01,A4020,D00,R02,Services,Actualized,0,Closed actual
F000207,2026_Q2_Forecast,2026-03-01,A4020,D00,R02,Services,Actualized,0,Closed actual
F000208,2026_Q2_Forecast,2026-04-01,A4020,D00,R02,Services,Actualized,0,Closed actual
F000209,2026_Q2_Forecast,2026-05-01,A4020,D00,R02,Services,Actualized,0,Closed actual
F000210,2026_Q2_Forecast,2026-06-01,A4020,D00,R02,Services,Actualized,0,Closed actual
F000211,2026_Q2_Forecast,2026-07-01,A4020,D00,R02,Services,Forecast,0,Q2 reforecast adjustment
F000212,2026_Q2_Forecast,2026-08-01,A4020,D00,R02,Services,Forecast,0,Q2 reforecast adjustment
F000213,2026_Q2_Forecast,2026-09-01,A4020,D00,R02,Services,Forecast,0,Q2 reforecast adjustment
F000214,2026_Q2_Forecast,2026-10-01,A4020,D00,R02,Services,Forecast,0,Q2 reforecast adjustment
F000215,2026_Q2_Forecast,2026-11-01,A4020,D00,R02,Services,Forecast,0,Q2 reforecast adjustment
F000216,2026_Q2_Forecast,2026-12-01,A4020,D00,R02,Services,Forecast,0,Q2 reforecast adjustment
F000217,2026_Q2_Forecast,2026-01-01,A4020,D00,R01,Services,Actualized,29410.44,Closed actual
F000218,2026_Q2_Forecast,2026-02-01,A4020,D00,R01,Services,Actualized,29410.44,Closed actual
F000219,2026_Q2_Forecast,2026-03-01,A4020,D00,R01,Services,Actualized,0,Closed actual
F000220,2026_Q2_Forecast,2026-04-01,A4020,D00,R01,Services,Actualized,0,Closed actual
F000221,2026_Q2_Forecast,2026-05-01,A4020,D00,R01,Services,Actualized,0,Closed actual
F000222,2026_Q2_Forecast,2026-06-01,A4020,D00,R01,Services,Actualized,0,Closed actual
F000223,2026_Q2_Forecast,2026-07-01,A4020,D00,R01,Services,Forecast,0,Q2 reforecast adjustment
F000224,2026_Q2_Forecast,2026-08-01,A4020,D00,R01,Services,Forecast,90382.58,Q2 reforecast adjustment
F000225,2026_Q2_Forecast,2026-09-01,A4020,D00,R01,Services,Forecast,0,Q2 reforecast adjustment
F000226,2026_Q2_Forecast,2026-10-01,A4020,D00,R01,Services,Forecast,0,Q2 reforecast adjustment
F000227,2026_Q2_Forecast,2026-11-01,A4020,D00,R01,Services,Forecast,0,Q2 reforecast adjustment
F000228,2026_Q2_Forecast,2026-12-01,A4020,D00,R01,Services,Forecast,0,Q2 reforecast adjustment
F000229,2026_Q2_Forecast,2026-01-01,A4020,D00,R04,Services,Actualized,0,Closed actual
F000230,2026_Q2_Forecast,2026-02-01,A4020,D00,R04,Services,Actualized,0,Closed actual
F000231,2026_Q2_Forecast,2026-03-01,A4020,D00,R04,Services,Actualized,0,Closed actual
F000232,2026_Q2_Forecast,2026-04-01,A4020,D00,R04,Services,Actualized,0,Closed actual
F000233,2026_Q2_Forecast,2026-05-01,A4020,D00,R04,Services,Actualized,0,Closed actual
F000234,2026_Q2_Forecast,2026-06-01,A4020,D00,R04,Services,Actualized,0,Closed actual
F000235,2026_Q2_Forecast,2026-07-01,A4020,D00,R04,Services,Forecast,0,Q2 reforecast adjustment
F000236,2026_Q2_Forecast,2026-08-01,A4020,D00,R04,Services,Forecast,0,Q2 reforecast adjustment
F000237,2026_Q2_Forecast,2026-09-01,A4020,D00,R04,Services,Forecast,0,Q2 reforecast adjustment
F000238,2026_Q2_Forecast,2026-10-01,A4020,D00,R04,Services,Forecast,0,Q2 reforecast adjustment
F000239,2026_Q2_Forecast,2026-11-01,A4020,D00,R04,Services,Forecast,0,Q2 reforecast adjustment
F000240,2026_Q2_Forecast,2026-12-01,A4020,D00,R04,Services,Forecast,0,Q2 reforecast adjustment
F000241,2026_Q2_Forecast,2026-01-01,A6100,D04,R03,Corporate,Actualized,618675.62,Closed actual
F000242,2026_Q2_Forecast,2026-02-01,A6100,D04,R03,Corporate,Actualized,618675.62,Closed actual
F000243,2026_Q2_Forecast,2026-03-01,A6100,D04,R03,Corporate,Actualized,618675.62,Closed actual
F000244,2026_Q2_Forecast,2026-04-01,A6100,D04,R03,Corporate,Actualized,618675.62,Closed actual
F000245,2026_Q2_Forecast,2026-05-01,A6100,D04,R03,Corporate,Actualized,622319.82,Closed actual
F000246,2026_Q2_Forecast,2026-06-01,A6100,D04,R03,Corporate,Actualized,622319.82,Closed actual
F000247,2026_Q2_Forecast,2026-07-01,A6100,D04,R03,Corporate,Forecast,615069.97,Q2 reforecast adjustment
F000248,2026_Q2_Forecast,2026-08-01,A6100,D04,R03,Corporate,Forecast,632687.51,Q2 reforecast adjustment
F000249,2026_Q2_Forecast,2026-09-01,A6100,D04,R03,Corporate,Forecast,632687.51,Q2 reforecast adjustment
F000250,2026_Q2_Forecast,2026-10-01,A6100,D04,R03,Corporate,Forecast,632687.51,Q2 reforecast adjustment
F000251,2026_Q2_Forecast,2026-11-01,A6100,D04,R03,Corporate,Forecast,632687.51,Q2 reforecast adjustment
F000252,2026_Q2_Forecast,2026-12-01,A6100,D04,R03,Corporate,Forecast,648443.74,Q2 reforecast adjustment
F000253,2026_Q2_Forecast,2026-01-01,A6200,D06,R02,Corporate,Actualized,580606.36,Closed actual
F000254,2026_Q2_Forecast,2026-02-01,A6200,D06,R02,Corporate,Actualized,580606.36,Closed actual
F000255,2026_Q2_Forecast,2026-03-01,A6200,D06,R02,Corporate,Actualized,580606.36,Closed actual
F000256,2026_Q2_Forecast,2026-04-01,A6200,D06,R02,Corporate,Actualized,580606.36,Closed actual
F000257,2026_Q2_Forecast,2026-05-01,A6200,D06,R02,Corporate,Actualized,580606.36,Closed actual
F000258,2026_Q2_Forecast,2026-06-01,A6200,D06,R02,Corporate,Actualized,580606.36,Closed actual
F000259,2026_Q2_Forecast,2026-07-01,A6200,D06,R02,Corporate,Forecast,602129.31,Q2 reforecast adjustment
F000260,2026_Q2_Forecast,2026-08-01,A6200,D06,R02,Corporate,Forecast,621900.02,Q2 reforecast adjustment
F000261,2026_Q2_Forecast,2026-09-01,A6200,D06,R02,Corporate,Forecast,621900.02,Q2 reforecast adjustment
F000262,2026_Q2_Forecast,2026-10-01,A6200,D06,R02,Corporate,Forecast,621900.02,Q2 reforecast adjustment
F000263,2026_Q2_Forecast,2026-11-01,A6200,D06,R02,Corporate,Forecast,623207.91,Q2 reforecast adjustment
F000264,2026_Q2_Forecast,2026-12-01,A6200,D06,R02,Corporate,Forecast,610730.55,Q2 reforecast adjustment
F000265,2026_Q2_Forecast,2026-01-01,A5020,D03,R02,Services,Actualized,365856.29,Closed actual
F000266,2026_Q2_Forecast,2026-02-01,A5020,D03,R02,Services,Actualized,365856.29,Closed actual
F000267,2026_Q2_Forecast,2026-03-01,A5020,D03,R02,Services,Actualized,352980.35,Closed actual
F000268,2026_Q2_Forecast,2026-04-01,A5020,D03,R02,Services,Actualized,352980.35,Closed actual
F000269,2026_Q2_Forecast,2026-05-01,A5020,D03,R02,Services,Actualized,352980.35,Closed actual
F000270,2026_Q2_Forecast,2026-06-01,A5020,D03,R02,Services,Actualized,352980.35,Closed actual
F000271,2026_Q2_Forecast,2026-07-01,A5020,D03,R02,Services,Forecast,404857.44,Q2 reforecast adjustment
F000272,2026_Q2_Forecast,2026-08-01,A5020,D03,R02,Services,Forecast,404857.44,Q2 reforecast adjustment
F000273,2026_Q2_Forecast,2026-09-01,A5020,D03,R02,Services,Forecast,404857.44,Q2 reforecast adjustment
F000274,2026_Q2_Forecast,2026-10-01,A5020,D03,R02,Services,Forecast,404857.44,Q2 reforecast adjustment
F000275,2026_Q2_Forecast,2026-11-01,A5020,D03,R02,Services,Forecast,374711.08,Q2 reforecast adjustment
F000276,2026_Q2_Forecast,2026-12-01,A5020,D03,R02,Services,Forecast,374711.08,Q2 reforecast adjustment
F000277,2026_Q2_Forecast,2026-01-01,A5010,D01,R04,Subscription,Actualized,67203,Closed actual
F000278,2026_Q2_Forecast,2026-02-01,A5010,D01,R04,Subscription,Actualized,67203,Closed actual
F000279,2026_Q2_Forecast,2026-03-01,A5010,D01,R04,Subscription,Actualized,67203,Closed actual
F000280,2026_Q2_Forecast,2026-04-01,A5010,D01,R04,Subscription,Actualized,67203,Closed actual
F000281,2026_Q2_Forecast,2026-05-01,A5010,D01,R04,Subscription,Actualized,67203,Closed actual
F000282,2026_Q2_Forecast,2026-06-01,A5010,D01,R04,Subscription,Actualized,67203,Closed actual
F000283,2026_Q2_Forecast,2026-07-01,A5010,D01,R04,Subscription,Forecast,85536.31,Q2 reforecast adjustment
F000284,2026_Q2_Forecast,2026-08-01,A5010,D01,R04,Subscription,Forecast,85536.31,Q2 reforecast adjustment
F000285,2026_Q2_Forecast,2026-09-01,A5010,D01,R04,Subscription,Forecast,85536.31,Q2 reforecast adjustment
F000286,2026_Q2_Forecast,2026-10-01,A5010,D01,R04,Subscription,Forecast,70313.18,Q2 reforecast adjustment
F000287,2026_Q2_Forecast,2026-11-01,A5010,D01,R04,Subscription,Forecast,70313.18,Q2 reforecast adjustment
F000288,2026_Q2_Forecast,2026-12-01,A5010,D01,R04,Subscription,Forecast,70313.18,Q2 reforecast adjustment
F000289,2026_Q2_Forecast,2026-01-01,A6300,D08,R02,Corporate,Actualized,79878.72,Closed actual
F000290,2026_Q2_Forecast,2026-02-01,A6300,D08,R02,Corporate,Actualized,79878.72,Closed actual
F000291,2026_Q2_Forecast,2026-03-01,A6300,D08,R02,Corporate,Actualized,68134.12,Closed actual
F000292,2026_Q2_Forecast,2026-04-01,A6300,D08,R02,Corporate,Actualized,68134.12,Closed actual
F000293,2026_Q2_Forecast,2026-05-01,A6300,D08,R02,Corporate,Actualized,68134.12,Closed actual
F000294,2026_Q2_Forecast,2026-06-01,A6300,D08,R02,Corporate,Actualized,68134.12,Closed actual
F000295,2026_Q2_Forecast,2026-07-01,A6300,D08,R02,Corporate,Forecast,83621.81,Q2 reforecast adjustment
F000296,2026_Q2_Forecast,2026-08-01,A6300,D08,R02,Corporate,Forecast,83621.81,Q2 reforecast adjustment
F000297,2026_Q2_Forecast,2026-09-01,A6300,D08,R02,Corporate,Forecast,83621.81,Q2 reforecast adjustment
F000298,2026_Q2_Forecast,2026-10-01,A6300,D08,R02,Corporate,Forecast,83621.81,Q2 reforecast adjustment
F000299,2026_Q2_Forecast,2026-11-01,A6300,D08,R02,Corporate,Forecast,83621.81,Q2 reforecast adjustment
F000300,2026_Q2_Forecast,2026-12-01,A6300,D08,R02,Corporate,Forecast,83621.81,Q2 reforecast adjustment
F000301,2026_Q2_Forecast,2026-01-01,A6200,D06,R01,Corporate,Actualized,1154534.42,Closed actual
F000302,2026_Q2_Forecast,2026-02-01,A6200,D06,R01,Corporate,Actualized,1154534.42,Closed actual
F000303,2026_Q2_Forecast,2026-03-01,A6200,D06,R01,Corporate,Actualized,1174153.19,Closed actual
F000304,2026_Q2_Forecast,2026-04-01,A6200,D06,R01,Corporate,Actualized,1189504.26,Closed actual
F000305,2026_Q2_Forecast,2026-05-01,A6200,D06,R01,Corporate,Actualized,1189504.26,Closed actual
F000306,2026_Q2_Forecast,2026-06-01,A6200,D06,R01,Corporate,Actualized,1165181,Closed actual
F000307,2026_Q2_Forecast,2026-07-01,A6200,D06,R01,Corporate,Forecast,1204011.29,Q2 reforecast adjustment
F000308,2026_Q2_Forecast,2026-08-01,A6200,D06,R01,Corporate,Forecast,1204011.29,Q2 reforecast adjustment
F000309,2026_Q2_Forecast,2026-09-01,A6200,D06,R01,Corporate,Forecast,1204011.29,Q2 reforecast adjustment
F000310,2026_Q2_Forecast,2026-10-01,A6200,D06,R01,Corporate,Forecast,1187451.14,Q2 reforecast adjustment
F000311,2026_Q2_Forecast,2026-11-01,A6200,D06,R01,Corporate,Forecast,1200290.92,Q2 reforecast adjustment
F000312,2026_Q2_Forecast,2026-12-01,A6200,D06,R01,Corporate,Forecast,1200290.92,Q2 reforecast adjustment
F000313,2026_Q2_Forecast,2026-01-01,A6100,D04,R02,Corporate,Actualized,275487.22,Closed actual
F000314,2026_Q2_Forecast,2026-02-01,A6100,D04,R02,Corporate,Actualized,275487.22,Closed actual
F000315,2026_Q2_Forecast,2026-03-01,A6100,D04,R02,Corporate,Actualized,275487.22,Closed actual
F000316,2026_Q2_Forecast,2026-04-01,A6100,D04,R02,Corporate,Actualized,277812.26,Closed actual
F000317,2026_Q2_Forecast,2026-05-01,A6100,D04,R02,Corporate,Actualized,277812.26,Closed actual
F000318,2026_Q2_Forecast,2026-06-01,A6100,D04,R02,Corporate,Actualized,286384.87,Closed actual
F000319,2026_Q2_Forecast,2026-07-01,A6100,D04,R02,Corporate,Forecast,288742.56,Q2 reforecast adjustment
F000320,2026_Q2_Forecast,2026-08-01,A6100,D04,R02,Corporate,Forecast,288742.56,Q2 reforecast adjustment
F000321,2026_Q2_Forecast,2026-09-01,A6100,D04,R02,Corporate,Forecast,288742.56,Q2 reforecast adjustment
F000322,2026_Q2_Forecast,2026-10-01,A6100,D04,R02,Corporate,Forecast,288742.56,Q2 reforecast adjustment
F000323,2026_Q2_Forecast,2026-11-01,A6100,D04,R02,Corporate,Forecast,288742.56,Q2 reforecast adjustment
F000324,2026_Q2_Forecast,2026-12-01,A6100,D04,R02,Corporate,Forecast,288742.56,Q2 reforecast adjustment
F000325,2026_Q2_Forecast,2026-01-01,A5010,D02,R01,Subscription,Actualized,189598.33,Closed actual
F000326,2026_Q2_Forecast,2026-02-01,A5010,D02,R01,Subscription,Actualized,189598.33,Closed actual
F000327,2026_Q2_Forecast,2026-03-01,A5010,D02,R01,Subscription,Actualized,189598.33,Closed actual
F000328,2026_Q2_Forecast,2026-04-01,A5010,D02,R01,Subscription,Actualized,189598.33,Closed actual
F000329,2026_Q2_Forecast,2026-05-01,A5010,D02,R01,Subscription,Actualized,189598.33,Closed actual
F000330,2026_Q2_Forecast,2026-06-01,A5010,D02,R01,Subscription,Actualized,189598.33,Closed actual
F000331,2026_Q2_Forecast,2026-07-01,A5010,D02,R01,Subscription,Forecast,198372.96,Q2 reforecast adjustment
F000332,2026_Q2_Forecast,2026-08-01,A5010,D02,R01,Subscription,Forecast,198372.96,Q2 reforecast adjustment
F000333,2026_Q2_Forecast,2026-09-01,A5010,D02,R01,Subscription,Forecast,198372.96,Q2 reforecast adjustment
F000334,2026_Q2_Forecast,2026-10-01,A5010,D02,R01,Subscription,Forecast,198372.96,Q2 reforecast adjustment
F000335,2026_Q2_Forecast,2026-11-01,A5010,D02,R01,Subscription,Forecast,198372.96,Q2 reforecast adjustment
F000336,2026_Q2_Forecast,2026-12-01,A5010,D02,R01,Subscription,Forecast,198372.96,Q2 reforecast adjustment
F000337,2026_Q2_Forecast,2026-01-01,A5010,D01,R01,Subscription,Actualized,250271.45,Closed actual
F000338,2026_Q2_Forecast,2026-02-01,A5010,D01,R01,Subscription,Actualized,250271.45,Closed actual
F000339,2026_Q2_Forecast,2026-03-01,A5010,D01,R01,Subscription,Actualized,268856.38,Closed actual
F000340,2026_Q2_Forecast,2026-04-01,A5010,D01,R01,Subscription,Actualized,268856.38,Closed actual
F000341,2026_Q2_Forecast,2026-05-01,A5010,D01,R01,Subscription,Actualized,268856.38,Closed actual
F000342,2026_Q2_Forecast,2026-06-01,A5010,D01,R01,Subscription,Actualized,268856.38,Closed actual
F000343,2026_Q2_Forecast,2026-07-01,A5010,D01,R01,Subscription,Forecast,249937,Q2 reforecast adjustment
F000344,2026_Q2_Forecast,2026-08-01,A5010,D01,R01,Subscription,Forecast,249937,Q2 reforecast adjustment
F000345,2026_Q2_Forecast,2026-09-01,A5010,D01,R01,Subscription,Forecast,249937,Q2 reforecast adjustment
F000346,2026_Q2_Forecast,2026-10-01,A5010,D01,R01,Subscription,Forecast,261854.07,Q2 reforecast adjustment
F000347,2026_Q2_Forecast,2026-11-01,A5010,D01,R01,Subscription,Forecast,261854.07,Q2 reforecast adjustment
F000348,2026_Q2_Forecast,2026-12-01,A5010,D01,R01,Subscription,Forecast,261854.07,Q2 reforecast adjustment
F000349,2026_Q2_Forecast,2026-01-01,A5020,D03,R01,Services,Actualized,310365.85,Closed actual
F000350,2026_Q2_Forecast,2026-02-01,A5020,D03,R01,Services,Actualized,310365.85,Closed actual
F000351,2026_Q2_Forecast,2026-03-01,A5020,D03,R01,Services,Actualized,310365.85,Closed actual
F000352,2026_Q2_Forecast,2026-04-01,A5020,D03,R01,Services,Actualized,310365.85,Closed actual
F000353,2026_Q2_Forecast,2026-05-01,A5020,D03,R01,Services,Actualized,325904.54,Closed actual
F000354,2026_Q2_Forecast,2026-06-01,A5020,D03,R01,Services,Actualized,325904.54,Closed actual
F000355,2026_Q2_Forecast,2026-07-01,A5020,D03,R01,Services,Forecast,317877.59,Q2 reforecast adjustment
F000356,2026_Q2_Forecast,2026-08-01,A5020,D03,R01,Services,Forecast,317877.59,Q2 reforecast adjustment
F000357,2026_Q2_Forecast,2026-09-01,A5020,D03,R01,Services,Forecast,317877.59,Q2 reforecast adjustment
F000358,2026_Q2_Forecast,2026-10-01,A5020,D03,R01,Services,Forecast,317877.59,Q2 reforecast adjustment
F000359,2026_Q2_Forecast,2026-11-01,A5020,D03,R01,Services,Forecast,317877.59,Q2 reforecast adjustment
F000360,2026_Q2_Forecast,2026-12-01,A5020,D03,R01,Services,Forecast,317877.59,Q2 reforecast adjustment
F000361,2026_Q2_Forecast,2026-01-01,A6300,D09,R02,Corporate,Actualized,72432.35,Closed actual
F000362,2026_Q2_Forecast,2026-02-01,A6300,D09,R02,Corporate,Actualized,72432.35,Closed actual
F000363,2026_Q2_Forecast,2026-03-01,A6300,D09,R02,Corporate,Actualized,72432.35,Closed actual
F000364,2026_Q2_Forecast,2026-04-01,A6300,D09,R02,Corporate,Actualized,72432.35,Closed actual
F000365,2026_Q2_Forecast,2026-05-01,A6300,D09,R02,Corporate,Actualized,72432.35,Closed actual
F000366,2026_Q2_Forecast,2026-06-01,A6300,D09,R02,Corporate,Actualized,72432.35,Closed actual
F000367,2026_Q2_Forecast,2026-07-01,A6300,D09,R02,Corporate,Forecast,75826.53,Q2 reforecast adjustment
F000368,2026_Q2_Forecast,2026-08-01,A6300,D09,R02,Corporate,Forecast,75826.53,Q2 reforecast adjustment
F000369,2026_Q2_Forecast,2026-09-01,A6300,D09,R02,Corporate,Forecast,75826.53,Q2 reforecast adjustment
F000370,2026_Q2_Forecast,2026-10-01,A6300,D09,R02,Corporate,Forecast,75826.53,Q2 reforecast adjustment
F000371,2026_Q2_Forecast,2026-11-01,A6300,D09,R02,Corporate,Forecast,75826.53,Q2 reforecast adjustment
F000372,2026_Q2_Forecast,2026-12-01,A6300,D09,R02,Corporate,Forecast,75826.53,Q2 reforecast adjustment
F000373,2026_Q2_Forecast,2026-01-01,A6300,D08,R04,Corporate,Actualized,23917.97,Closed actual
F000374,2026_Q2_Forecast,2026-02-01,A6300,D08,R04,Corporate,Actualized,23917.97,Closed actual
F000375,2026_Q2_Forecast,2026-03-01,A6300,D08,R04,Corporate,Actualized,23917.97,Closed actual
F000376,2026_Q2_Forecast,2026-04-01,A6300,D08,R04,Corporate,Actualized,23917.97,Closed actual
F000377,2026_Q2_Forecast,2026-05-01,A6300,D08,R04,Corporate,Actualized,23917.97,Closed actual
F000378,2026_Q2_Forecast,2026-06-01,A6300,D08,R04,Corporate,Actualized,23917.97,Closed actual
F000379,2026_Q2_Forecast,2026-07-01,A6300,D08,R04,Corporate,Forecast,25038.77,Q2 reforecast adjustment
F000380,2026_Q2_Forecast,2026-08-01,A6300,D08,R04,Corporate,Forecast,25038.77,Q2 reforecast adjustment
F000381,2026_Q2_Forecast,2026-09-01,A6300,D08,R04,Corporate,Forecast,25038.77,Q2 reforecast adjustment
F000382,2026_Q2_Forecast,2026-10-01,A6300,D08,R04,Corporate,Forecast,25038.77,Q2 reforecast adjustment
F000383,2026_Q2_Forecast,2026-11-01,A6300,D08,R04,Corporate,Forecast,25038.77,Q2 reforecast adjustment
F000384,2026_Q2_Forecast,2026-12-01,A6300,D08,R04,Corporate,Forecast,25038.77,Q2 reforecast adjustment
F000385,2026_Q2_Forecast,2026-01-01,A5010,D02,R03,Subscription,Actualized,167462.51,Closed actual
F000386,2026_Q2_Forecast,2026-02-01,A5010,D02,R03,Subscription,Actualized,167462.51,Closed actual
F000387,2026_Q2_Forecast,2026-03-01,A5010,D02,R03,Subscription,Actualized,154900.33,Closed actual
F000388,2026_Q2_Forecast,2026-04-01,A5010,D02,R03,Subscription,Actualized,170783.44,Closed actual
F000389,2026_Q2_Forecast,2026-05-01,A5010,D02,R03,Subscription,Actualized,181784.6,Closed actual
F000390,2026_Q2_Forecast,2026-06-01,A5010,D02,R03,Subscription,Actualized,181784.6,Closed actual
F000391,2026_Q2_Forecast,2026-07-01,A5010,D02,R03,Subscription,Forecast,149129.77,Q2 reforecast adjustment
F000392,2026_Q2_Forecast,2026-08-01,A5010,D02,R03,Subscription,Forecast,149129.77,Q2 reforecast adjustment
F000393,2026_Q2_Forecast,2026-09-01,A5010,D02,R03,Subscription,Forecast,149129.77,Q2 reforecast adjustment
F000394,2026_Q2_Forecast,2026-10-01,A5010,D02,R03,Subscription,Forecast,149129.77,Q2 reforecast adjustment
F000395,2026_Q2_Forecast,2026-11-01,A5010,D02,R03,Subscription,Forecast,149129.77,Q2 reforecast adjustment
F000396,2026_Q2_Forecast,2026-12-01,A5010,D02,R03,Subscription,Forecast,166666.86,Q2 reforecast adjustment
F000397,2026_Q2_Forecast,2026-01-01,A6300,D10,R03,Corporate,Actualized,60333.81,Closed actual
F000398,2026_Q2_Forecast,2026-02-01,A6300,D10,R03,Corporate,Actualized,60333.81,Closed actual
F000399,2026_Q2_Forecast,2026-03-01,A6300,D10,R03,Corporate,Actualized,60333.81,Closed actual
F000400,2026_Q2_Forecast,2026-04-01,A6300,D10,R03,Corporate,Actualized,60333.81,Closed actual
F000401,2026_Q2_Forecast,2026-05-01,A6300,D10,R03,Corporate,Actualized,60333.81,Closed actual
F000402,2026_Q2_Forecast,2026-06-01,A6300,D10,R03,Corporate,Actualized,60333.81,Closed actual
F000403,2026_Q2_Forecast,2026-07-01,A6300,D10,R03,Corporate,Forecast,63161.07,Q2 reforecast adjustment
F000404,2026_Q2_Forecast,2026-08-01,A6300,D10,R03,Corporate,Forecast,63161.07,Q2 reforecast adjustment
F000405,2026_Q2_Forecast,2026-09-01,A6300,D10,R03,Corporate,Forecast,63161.07,Q2 reforecast adjustment
F000406,2026_Q2_Forecast,2026-10-01,A6300,D10,R03,Corporate,Forecast,63161.07,Q2 reforecast adjustment
F000407,2026_Q2_Forecast,2026-11-01,A6300,D10,R03,Corporate,Forecast,63161.07,Q2 reforecast adjustment
F000408,2026_Q2_Forecast,2026-12-01,A6300,D10,R03,Corporate,Forecast,63161.07,Q2 reforecast adjustment
F000409,2026_Q2_Forecast,2026-01-01,A6200,D06,R03,Corporate,Actualized,372066.91,Closed actual
F000410,2026_Q2_Forecast,2026-02-01,A6200,D06,R03,Corporate,Actualized,408165.41,Closed actual
F000411,2026_Q2_Forecast,2026-03-01,A6200,D06,R03,Corporate,Actualized,408165.41,Closed actual
F000412,2026_Q2_Forecast,2026-04-01,A6200,D06,R03,Corporate,Actualized,408165.41,Closed actual
F000413,2026_Q2_Forecast,2026-05-01,A6200,D06,R03,Corporate,Actualized,408165.41,Closed actual
F000414,2026_Q2_Forecast,2026-06-01,A6200,D06,R03,Corporate,Actualized,408165.41,Closed actual
F000415,2026_Q2_Forecast,2026-07-01,A6200,D06,R03,Corporate,Forecast,344651.96,Q2 reforecast adjustment
F000416,2026_Q2_Forecast,2026-08-01,A6200,D06,R03,Corporate,Forecast,364017.08,Q2 reforecast adjustment
F000417,2026_Q2_Forecast,2026-09-01,A6200,D06,R03,Corporate,Forecast,364017.08,Q2 reforecast adjustment
F000418,2026_Q2_Forecast,2026-10-01,A6200,D06,R03,Corporate,Forecast,344799.9,Q2 reforecast adjustment
F000419,2026_Q2_Forecast,2026-11-01,A6200,D06,R03,Corporate,Forecast,344799.9,Q2 reforecast adjustment
F000420,2026_Q2_Forecast,2026-12-01,A6200,D06,R03,Corporate,Forecast,344799.9,Q2 reforecast adjustment
F000421,2026_Q2_Forecast,2026-01-01,A6300,D07,R04,Corporate,Actualized,43268.47,Closed actual
F000422,2026_Q2_Forecast,2026-02-01,A6300,D07,R04,Corporate,Actualized,43268.47,Closed actual
F000423,2026_Q2_Forecast,2026-03-01,A6300,D07,R04,Corporate,Actualized,43268.47,Closed actual
F000424,2026_Q2_Forecast,2026-04-01,A6300,D07,R04,Corporate,Actualized,43268.47,Closed actual
F000425,2026_Q2_Forecast,2026-05-01,A6300,D07,R04,Corporate,Actualized,43268.47,Closed actual
F000426,2026_Q2_Forecast,2026-06-01,A6300,D07,R04,Corporate,Actualized,43268.47,Closed actual
F000427,2026_Q2_Forecast,2026-07-01,A6300,D07,R04,Corporate,Forecast,35126.68,Q2 reforecast adjustment
F000428,2026_Q2_Forecast,2026-08-01,A6300,D07,R04,Corporate,Forecast,35126.68,Q2 reforecast adjustment
F000429,2026_Q2_Forecast,2026-09-01,A6300,D07,R04,Corporate,Forecast,35126.68,Q2 reforecast adjustment
F000430,2026_Q2_Forecast,2026-10-01,A6300,D07,R04,Corporate,Forecast,45296.02,Q2 reforecast adjustment
F000431,2026_Q2_Forecast,2026-11-01,A6300,D07,R04,Corporate,Forecast,45296.02,Q2 reforecast adjustment
F000432,2026_Q2_Forecast,2026-12-01,A6300,D07,R04,Corporate,Forecast,45296.02,Q2 reforecast adjustment
F000433,2026_Q2_Forecast,2026-01-01,A6300,D10,R02,Corporate,Actualized,46426.66,Closed actual
F000434,2026_Q2_Forecast,2026-02-01,A6300,D10,R02,Corporate,Actualized,46426.66,Closed actual
F000435,2026_Q2_Forecast,2026-03-01,A6300,D10,R02,Corporate,Actualized,46426.66,Closed actual
F000436,2026_Q2_Forecast,2026-04-01,A6300,D10,R02,Corporate,Actualized,46426.66,Closed actual
F000437,2026_Q2_Forecast,2026-05-01,A6300,D10,R02,Corporate,Actualized,46426.66,Closed actual
F000438,2026_Q2_Forecast,2026-06-01,A6300,D10,R02,Corporate,Actualized,46426.66,Closed actual
F000439,2026_Q2_Forecast,2026-07-01,A6300,D10,R02,Corporate,Forecast,102441.7,Q2 reforecast adjustment
F000440,2026_Q2_Forecast,2026-08-01,A6300,D10,R02,Corporate,Forecast,102441.7,Q2 reforecast adjustment
F000441,2026_Q2_Forecast,2026-09-01,A6300,D10,R02,Corporate,Forecast,85217.91,Q2 reforecast adjustment
F000442,2026_Q2_Forecast,2026-10-01,A6300,D10,R02,Corporate,Forecast,64278.29,Q2 reforecast adjustment
F000443,2026_Q2_Forecast,2026-11-01,A6300,D10,R02,Corporate,Forecast,48602.2,Q2 reforecast adjustment
F000444,2026_Q2_Forecast,2026-12-01,A6300,D10,R02,Corporate,Forecast,48602.2,Q2 reforecast adjustment
F000445,2026_Q2_Forecast,2026-01-01,A5020,D03,R03,Services,Actualized,325610.38,Closed actual
F000446,2026_Q2_Forecast,2026-02-01,A5020,D03,R03,Services,Actualized,339915.9,Closed actual
F000447,2026_Q2_Forecast,2026-03-01,A5020,D03,R03,Services,Actualized,339915.9,Closed actual
F000448,2026_Q2_Forecast,2026-04-01,A5020,D03,R03,Services,Actualized,339915.9,Closed actual
F000449,2026_Q2_Forecast,2026-05-01,A5020,D03,R03,Services,Actualized,339915.9,Closed actual
F000450,2026_Q2_Forecast,2026-06-01,A5020,D03,R03,Services,Actualized,339915.9,Closed actual
F000451,2026_Q2_Forecast,2026-07-01,A5020,D03,R03,Services,Forecast,336314.36,Q2 reforecast adjustment
F000452,2026_Q2_Forecast,2026-08-01,A5020,D03,R03,Services,Forecast,336314.36,Q2 reforecast adjustment
F000453,2026_Q2_Forecast,2026-09-01,A5020,D03,R03,Services,Forecast,336314.36,Q2 reforecast adjustment
F000454,2026_Q2_Forecast,2026-10-01,A5020,D03,R03,Services,Forecast,349184.67,Q2 reforecast adjustment
F000455,2026_Q2_Forecast,2026-11-01,A5020,D03,R03,Services,Forecast,333491.08,Q2 reforecast adjustment
F000456,2026_Q2_Forecast,2026-12-01,A5020,D03,R03,Services,Forecast,333491.08,Q2 reforecast adjustment
F000457,2026_Q2_Forecast,2026-01-01,A6120,D05,R04,Corporate,Actualized,40027.15,Closed actual
F000458,2026_Q2_Forecast,2026-02-01,A6120,D05,R04,Corporate,Actualized,40027.15,Closed actual
F000459,2026_Q2_Forecast,2026-03-01,A6120,D05,R04,Corporate,Actualized,40027.15,Closed actual
F000460,2026_Q2_Forecast,2026-04-01,A6120,D05,R04,Corporate,Actualized,40027.15,Closed actual
F000461,2026_Q2_Forecast,2026-05-01,A6120,D05,R04,Corporate,Actualized,40027.15,Closed actual
F000462,2026_Q2_Forecast,2026-06-01,A6120,D05,R04,Corporate,Actualized,40027.15,Closed actual
F000463,2026_Q2_Forecast,2026-07-01,A6120,D05,R04,Corporate,Forecast,41639.83,Q2 reforecast adjustment
F000464,2026_Q2_Forecast,2026-08-01,A6120,D05,R04,Corporate,Forecast,41639.83,Q2 reforecast adjustment
F000465,2026_Q2_Forecast,2026-09-01,A6120,D05,R04,Corporate,Forecast,41639.83,Q2 reforecast adjustment
F000466,2026_Q2_Forecast,2026-10-01,A6120,D05,R04,Corporate,Forecast,41639.83,Q2 reforecast adjustment
F000467,2026_Q2_Forecast,2026-11-01,A6120,D05,R04,Corporate,Forecast,41639.83,Q2 reforecast adjustment
F000468,2026_Q2_Forecast,2026-12-01,A6120,D05,R04,Corporate,Forecast,41639.83,Q2 reforecast adjustment
F000469,2026_Q2_Forecast,2026-01-01,A5010,D02,R02,Subscription,Actualized,139271.91,Closed actual
F000470,2026_Q2_Forecast,2026-02-01,A5010,D02,R02,Subscription,Actualized,139271.91,Closed actual
F000471,2026_Q2_Forecast,2026-03-01,A5010,D02,R02,Subscription,Actualized,139271.91,Closed actual
F000472,2026_Q2_Forecast,2026-04-01,A5010,D02,R02,Subscription,Actualized,139271.91,Closed actual
F000473,2026_Q2_Forecast,2026-05-01,A5010,D02,R02,Subscription,Actualized,139271.91,Closed actual
F000474,2026_Q2_Forecast,2026-06-01,A5010,D02,R02,Subscription,Actualized,126668.66,Closed actual
F000475,2026_Q2_Forecast,2026-07-01,A5010,D02,R02,Subscription,Forecast,128218.99,Q2 reforecast adjustment
F000476,2026_Q2_Forecast,2026-08-01,A5010,D02,R02,Subscription,Forecast,145717.43,Q2 reforecast adjustment
F000477,2026_Q2_Forecast,2026-09-01,A5010,D02,R02,Subscription,Forecast,145717.43,Q2 reforecast adjustment
F000478,2026_Q2_Forecast,2026-10-01,A5010,D02,R02,Subscription,Forecast,145717.43,Q2 reforecast adjustment
F000479,2026_Q2_Forecast,2026-11-01,A5010,D02,R02,Subscription,Forecast,145717.43,Q2 reforecast adjustment
F000480,2026_Q2_Forecast,2026-12-01,A5010,D02,R02,Subscription,Forecast,145717.43,Q2 reforecast adjustment
F000481,2026_Q2_Forecast,2026-01-01,A6300,D11,R01,Corporate,Actualized,77735.02,Closed actual
F000482,2026_Q2_Forecast,2026-02-01,A6300,D11,R01,Corporate,Actualized,77735.02,Closed actual
F000483,2026_Q2_Forecast,2026-03-01,A6300,D11,R01,Corporate,Actualized,77735.02,Closed actual
F000484,2026_Q2_Forecast,2026-04-01,A6300,D11,R01,Corporate,Actualized,77735.02,Closed actual
F000485,2026_Q2_Forecast,2026-05-01,A6300,D11,R01,Corporate,Actualized,77735.02,Closed actual
F000486,2026_Q2_Forecast,2026-06-01,A6300,D11,R01,Corporate,Actualized,77735.02,Closed actual
F000487,2026_Q2_Forecast,2026-07-01,A6300,D11,R01,Corporate,Forecast,81377.69,Q2 reforecast adjustment
F000488,2026_Q2_Forecast,2026-08-01,A6300,D11,R01,Corporate,Forecast,81377.69,Q2 reforecast adjustment
F000489,2026_Q2_Forecast,2026-09-01,A6300,D11,R01,Corporate,Forecast,81377.69,Q2 reforecast adjustment
F000490,2026_Q2_Forecast,2026-10-01,A6300,D11,R01,Corporate,Forecast,81377.69,Q2 reforecast adjustment
F000491,2026_Q2_Forecast,2026-11-01,A6300,D11,R01,Corporate,Forecast,81377.69,Q2 reforecast adjustment
F000492,2026_Q2_Forecast,2026-12-01,A6300,D11,R01,Corporate,Forecast,81377.69,Q2 reforecast adjustment
F000493,2026_Q2_Forecast,2026-01-01,A6300,D08,R03,Corporate,Actualized,72849.78,Closed actual
F000494,2026_Q2_Forecast,2026-02-01,A6300,D08,R03,Corporate,Actualized,84225.8,Closed actual
F000495,2026_Q2_Forecast,2026-03-01,A6300,D08,R03,Corporate,Actualized,84225.8,Closed actual
F000496,2026_Q2_Forecast,2026-04-01,A6300,D08,R03,Corporate,Actualized,84225.8,Closed actual
F000497,2026_Q2_Forecast,2026-05-01,A6300,D08,R03,Corporate,Actualized,84225.8,Closed actual
F000498,2026_Q2_Forecast,2026-06-01,A6300,D08,R03,Corporate,Actualized,84225.8,Closed actual
F000499,2026_Q2_Forecast,2026-07-01,A6300,D08,R03,Corporate,Forecast,76263.52,Q2 reforecast adjustment
F000500,2026_Q2_Forecast,2026-08-01,A6300,D08,R03,Corporate,Forecast,76263.52,Q2 reforecast adjustment
F000501,2026_Q2_Forecast,2026-09-01,A6300,D08,R03,Corporate,Forecast,76263.52,Q2 reforecast adjustment
F000502,2026_Q2_Forecast,2026-10-01,A6300,D08,R03,Corporate,Forecast,76263.52,Q2 reforecast adjustment
F000503,2026_Q2_Forecast,2026-11-01,A6300,D08,R03,Corporate,Forecast,76263.52,Q2 reforecast adjustment
F000504,2026_Q2_Forecast,2026-12-01,A6300,D08,R03,Corporate,Forecast,76263.52,Q2 reforecast adjustment
F000505,2026_Q2_Forecast,2026-01-01,A5010,D02,R04,Subscription,Actualized,29269.94,Closed actual
F000506,2026_Q2_Forecast,2026-02-01,A5010,D02,R04,Subscription,Actualized,29269.94,Closed actual
F000507,2026_Q2_Forecast,2026-03-01,A5010,D02,R04,Subscription,Actualized,29269.94,Closed actual
F000508,2026_Q2_Forecast,2026-04-01,A5010,D02,R04,Subscription,Actualized,29269.94,Closed actual
F000509,2026_Q2_Forecast,2026-05-01,A5010,D02,R04,Subscription,Actualized,29269.94,Closed actual
F000510,2026_Q2_Forecast,2026-06-01,A5010,D02,R04,Subscription,Actualized,29269.94,Closed actual
F000511,2026_Q2_Forecast,2026-07-01,A5010,D02,R04,Subscription,Forecast,30624.58,Q2 reforecast adjustment
F000512,2026_Q2_Forecast,2026-08-01,A5010,D02,R04,Subscription,Forecast,30624.58,Q2 reforecast adjustment
F000513,2026_Q2_Forecast,2026-09-01,A5010,D02,R04,Subscription,Forecast,30624.58,Q2 reforecast adjustment
F000514,2026_Q2_Forecast,2026-10-01,A5010,D02,R04,Subscription,Forecast,30624.58,Q2 reforecast adjustment
F000515,2026_Q2_Forecast,2026-11-01,A5010,D02,R04,Subscription,Forecast,30624.58,Q2 reforecast adjustment
F000516,2026_Q2_Forecast,2026-12-01,A5010,D02,R04,Subscription,Forecast,30624.58,Q2 reforecast adjustment
F000517,2026_Q2_Forecast,2026-01-01,A6120,D05,R03,Corporate,Actualized,59239.93,Closed actual
F000518,2026_Q2_Forecast,2026-02-01,A6120,D05,R03,Corporate,Actualized,59239.93,Closed actual
F000519,2026_Q2_Forecast,2026-03-01,A6120,D05,R03,Corporate,Actualized,59239.93,Closed actual
F000520,2026_Q2_Forecast,2026-04-01,A6120,D05,R03,Corporate,Actualized,59239.93,Closed actual
F000521,2026_Q2_Forecast,2026-05-01,A6120,D05,R03,Corporate,Actualized,59239.93,Closed actual
F000522,2026_Q2_Forecast,2026-06-01,A6120,D05,R03,Corporate,Actualized,59239.93,Closed actual
F000523,2026_Q2_Forecast,2026-07-01,A6120,D05,R03,Corporate,Forecast,30762.39,Q2 reforecast adjustment
F000524,2026_Q2_Forecast,2026-08-01,A6120,D05,R03,Corporate,Forecast,30762.39,Q2 reforecast adjustment
F000525,2026_Q2_Forecast,2026-09-01,A6120,D05,R03,Corporate,Forecast,30762.39,Q2 reforecast adjustment
F000526,2026_Q2_Forecast,2026-10-01,A6120,D05,R03,Corporate,Forecast,48132.96,Q2 reforecast adjustment
F000527,2026_Q2_Forecast,2026-11-01,A6120,D05,R03,Corporate,Forecast,48132.96,Q2 reforecast adjustment
F000528,2026_Q2_Forecast,2026-12-01,A6120,D05,R03,Corporate,Forecast,48132.96,Q2 reforecast adjustment
F000529,2026_Q2_Forecast,2026-01-01,A5020,D03,R04,Services,Actualized,62534.35,Closed actual
F000530,2026_Q2_Forecast,2026-02-01,A5020,D03,R04,Services,Actualized,62534.35,Closed actual
F000531,2026_Q2_Forecast,2026-03-01,A5020,D03,R04,Services,Actualized,62534.35,Closed actual
F000532,2026_Q2_Forecast,2026-04-01,A5020,D03,R04,Services,Actualized,62534.35,Closed actual
F000533,2026_Q2_Forecast,2026-05-01,A5020,D03,R04,Services,Actualized,62534.35,Closed actual
F000534,2026_Q2_Forecast,2026-06-01,A5020,D03,R04,Services,Actualized,62534.35,Closed actual
F000535,2026_Q2_Forecast,2026-07-01,A5020,D03,R04,Services,Forecast,52255.73,Q2 reforecast adjustment
F000536,2026_Q2_Forecast,2026-08-01,A5020,D03,R04,Services,Forecast,52255.73,Q2 reforecast adjustment
F000537,2026_Q2_Forecast,2026-09-01,A5020,D03,R04,Services,Forecast,52255.73,Q2 reforecast adjustment
F000538,2026_Q2_Forecast,2026-10-01,A5020,D03,R04,Services,Forecast,52255.73,Q2 reforecast adjustment
F000539,2026_Q2_Forecast,2026-11-01,A5020,D03,R04,Services,Forecast,52255.73,Q2 reforecast adjustment
F000540,2026_Q2_Forecast,2026-12-01,A5020,D03,R04,Services,Forecast,52255.73,Q2 reforecast adjustment
F000541,2026_Q2_Forecast,2026-01-01,A6100,D04,R01,Corporate,Actualized,435085.83,Closed actual
F000542,2026_Q2_Forecast,2026-02-01,A6100,D04,R01,Corporate,Actualized,435085.83,Closed actual
F000543,2026_Q2_Forecast,2026-03-01,A6100,D04,R01,Corporate,Actualized,435085.83,Closed actual
F000544,2026_Q2_Forecast,2026-04-01,A6100,D04,R01,Corporate,Actualized,435085.83,Closed actual
F000545,2026_Q2_Forecast,2026-05-01,A6100,D04,R01,Corporate,Actualized,435085.83,Closed actual
F000546,2026_Q2_Forecast,2026-06-01,A6100,D04,R01,Corporate,Actualized,448696.71,Closed actual
F000547,2026_Q2_Forecast,2026-07-01,A6100,D04,R01,Corporate,Forecast,456020.4,Q2 reforecast adjustment
F000548,2026_Q2_Forecast,2026-08-01,A6100,D04,R01,Corporate,Forecast,456020.4,Q2 reforecast adjustment
F000549,2026_Q2_Forecast,2026-09-01,A6100,D04,R01,Corporate,Forecast,456020.4,Q2 reforecast adjustment
F000550,2026_Q2_Forecast,2026-10-01,A6100,D04,R01,Corporate,Forecast,456020.4,Q2 reforecast adjustment
F000551,2026_Q2_Forecast,2026-11-01,A6100,D04,R01,Corporate,Forecast,456020.4,Q2 reforecast adjustment
F000552,2026_Q2_Forecast,2026-12-01,A6100,D04,R01,Corporate,Forecast,456020.4,Q2 reforecast adjustment
F000553,2026_Q2_Forecast,2026-01-01,A5010,D01,R02,Subscription,Actualized,221042.11,Closed actual
F000554,2026_Q2_Forecast,2026-02-01,A5010,D01,R02,Subscription,Actualized,221042.11,Closed actual
F000555,2026_Q2_Forecast,2026-03-01,A5010,D01,R02,Subscription,Actualized,221042.11,Closed actual
F000556,2026_Q2_Forecast,2026-04-01,A5010,D01,R02,Subscription,Actualized,221042.11,Closed actual
F000557,2026_Q2_Forecast,2026-05-01,A5010,D01,R02,Subscription,Actualized,221042.11,Closed actual
F000558,2026_Q2_Forecast,2026-06-01,A5010,D01,R02,Subscription,Actualized,221042.11,Closed actual
F000559,2026_Q2_Forecast,2026-07-01,A5010,D01,R02,Subscription,Forecast,218852.39,Q2 reforecast adjustment
F000560,2026_Q2_Forecast,2026-08-01,A5010,D01,R02,Subscription,Forecast,218852.39,Q2 reforecast adjustment
F000561,2026_Q2_Forecast,2026-09-01,A5010,D01,R02,Subscription,Forecast,218852.39,Q2 reforecast adjustment
F000562,2026_Q2_Forecast,2026-10-01,A5010,D01,R02,Subscription,Forecast,218852.39,Q2 reforecast adjustment
F000563,2026_Q2_Forecast,2026-11-01,A5010,D01,R02,Subscription,Forecast,231271.95,Q2 reforecast adjustment
F000564,2026_Q2_Forecast,2026-12-01,A5010,D01,R02,Subscription,Forecast,231271.95,Q2 reforecast adjustment
F000565,2026_Q2_Forecast,2026-01-01,A6300,D07,R02,Corporate,Actualized,88503.01,Closed actual
F000566,2026_Q2_Forecast,2026-02-01,A6300,D07,R02,Corporate,Actualized,79584.82,Closed actual
F000567,2026_Q2_Forecast,2026-03-01,A6300,D07,R02,Corporate,Actualized,79584.82,Closed actual
F000568,2026_Q2_Forecast,2026-04-01,A6300,D07,R02,Corporate,Actualized,79584.82,Closed actual
F000569,2026_Q2_Forecast,2026-05-01,A6300,D07,R02,Corporate,Actualized,79584.82,Closed actual
F000570,2026_Q2_Forecast,2026-06-01,A6300,D07,R02,Corporate,Actualized,79584.82,Closed actual
F000571,2026_Q2_Forecast,2026-07-01,A6300,D07,R02,Corporate,Forecast,92650.26,Q2 reforecast adjustment
F000572,2026_Q2_Forecast,2026-08-01,A6300,D07,R02,Corporate,Forecast,92650.26,Q2 reforecast adjustment
F000573,2026_Q2_Forecast,2026-09-01,A6300,D07,R02,Corporate,Forecast,92650.26,Q2 reforecast adjustment
F000574,2026_Q2_Forecast,2026-10-01,A6300,D07,R02,Corporate,Forecast,92650.26,Q2 reforecast adjustment
F000575,2026_Q2_Forecast,2026-11-01,A6300,D07,R02,Corporate,Forecast,92650.26,Q2 reforecast adjustment
F000576,2026_Q2_Forecast,2026-12-01,A6300,D07,R02,Corporate,Forecast,92650.26,Q2 reforecast adjustment
F000577,2026_Q2_Forecast,2026-01-01,A6200,D06,R04,Corporate,Actualized,202150.28,Closed actual
F000578,2026_Q2_Forecast,2026-02-01,A6200,D06,R04,Corporate,Actualized,202150.28,Closed actual
F000579,2026_Q2_Forecast,2026-03-01,A6200,D06,R04,Corporate,Actualized,202150.28,Closed actual
F000580,2026_Q2_Forecast,2026-04-01,A6200,D06,R04,Corporate,Actualized,202150.28,Closed actual
F000581,2026_Q2_Forecast,2026-05-01,A6200,D06,R04,Corporate,Actualized,202150.28,Closed actual
F000582,2026_Q2_Forecast,2026-06-01,A6200,D06,R04,Corporate,Actualized,202150.28,Closed actual
F000583,2026_Q2_Forecast,2026-07-01,A6200,D06,R04,Corporate,Forecast,181846.78,Q2 reforecast adjustment
F000584,2026_Q2_Forecast,2026-08-01,A6200,D06,R04,Corporate,Forecast,181846.78,Q2 reforecast adjustment
F000585,2026_Q2_Forecast,2026-09-01,A6200,D06,R04,Corporate,Forecast,198271.64,Q2 reforecast adjustment
F000586,2026_Q2_Forecast,2026-10-01,A6200,D06,R04,Corporate,Forecast,198271.64,Q2 reforecast adjustment
F000587,2026_Q2_Forecast,2026-11-01,A6200,D06,R04,Corporate,Forecast,212638.67,Q2 reforecast adjustment
F000588,2026_Q2_Forecast,2026-12-01,A6200,D06,R04,Corporate,Forecast,212638.67,Q2 reforecast adjustment
F000589,2026_Q2_Forecast,2026-01-01,A5010,D01,R03,Subscription,Actualized,18589.4,Closed actual
F000590,2026_Q2_Forecast,2026-02-01,A5010,D01,R03,Subscription,Actualized,18589.4,Closed actual
F000591,2026_Q2_Forecast,2026-03-01,A5010,D01,R03,Subscription,Actualized,18589.4,Closed actual
F000592,2026_Q2_Forecast,2026-04-01,A5010,D01,R03,Subscription,Actualized,18589.4,Closed actual
F000593,2026_Q2_Forecast,2026-05-01,A5010,D01,R03,Subscription,Actualized,18589.4,Closed actual
F000594,2026_Q2_Forecast,2026-06-01,A5010,D01,R03,Subscription,Actualized,18589.4,Closed actual
F000595,2026_Q2_Forecast,2026-07-01,A5010,D01,R03,Subscription,Forecast,19449.72,Q2 reforecast adjustment
F000596,2026_Q2_Forecast,2026-08-01,A5010,D01,R03,Subscription,Forecast,19449.72,Q2 reforecast adjustment
F000597,2026_Q2_Forecast,2026-09-01,A5010,D01,R03,Subscription,Forecast,19449.72,Q2 reforecast adjustment
F000598,2026_Q2_Forecast,2026-10-01,A5010,D01,R03,Subscription,Forecast,19449.72,Q2 reforecast adjustment
F000599,2026_Q2_Forecast,2026-11-01,A5010,D01,R03,Subscription,Forecast,19449.72,Q2 reforecast adjustment
F000600,2026_Q2_Forecast,2026-12-01,A5010,D01,R03,Subscription,Forecast,19449.72,Q2 reforecast adjustment
F000601,2026_Q2_Forecast,2026-01-01,A6100,D04,R04,Corporate,Actualized,81277.51,Closed actual
F000602,2026_Q2_Forecast,2026-02-01,A6100,D04,R04,Corporate,Actualized,66147.07,Closed actual
F000603,2026_Q2_Forecast,2026-03-01,A6100,D04,R04,Corporate,Actualized,66147.07,Closed actual
F000604,2026_Q2_Forecast,2026-04-01,A6100,D04,R04,Corporate,Actualized,74237.36,Closed actual
F000605,2026_Q2_Forecast,2026-05-01,A6100,D04,R04,Corporate,Actualized,74237.36,Closed actual
F000606,2026_Q2_Forecast,2026-06-01,A6100,D04,R04,Corporate,Actualized,74237.36,Closed actual
F000607,2026_Q2_Forecast,2026-07-01,A6100,D04,R04,Corporate,Forecast,85188.28,Q2 reforecast adjustment
F000608,2026_Q2_Forecast,2026-08-01,A6100,D04,R04,Corporate,Forecast,85188.28,Q2 reforecast adjustment
F000609,2026_Q2_Forecast,2026-09-01,A6100,D04,R04,Corporate,Forecast,85188.28,Q2 reforecast adjustment
F000610,2026_Q2_Forecast,2026-10-01,A6100,D04,R04,Corporate,Forecast,85188.28,Q2 reforecast adjustment
F000611,2026_Q2_Forecast,2026-11-01,A6100,D04,R04,Corporate,Forecast,85188.28,Q2 reforecast adjustment
F000612,2026_Q2_Forecast,2026-12-01,A6100,D04,R04,Corporate,Forecast,85188.28,Q2 reforecast adjustment
F000613,2026_Q2_Forecast,2026-01-01,A6300,D11,R02,Corporate,Actualized,56813.45,Closed actual
F000614,2026_Q2_Forecast,2026-02-01,A6300,D11,R02,Corporate,Actualized,56813.45,Closed actual
F000615,2026_Q2_Forecast,2026-03-01,A6300,D11,R02,Corporate,Actualized,56813.45,Closed actual
F000616,2026_Q2_Forecast,2026-04-01,A6300,D11,R02,Corporate,Actualized,56813.45,Closed actual
F000617,2026_Q2_Forecast,2026-05-01,A6300,D11,R02,Corporate,Actualized,56813.45,Closed actual
F000618,2026_Q2_Forecast,2026-06-01,A6300,D11,R02,Corporate,Actualized,56813.45,Closed actual
F000619,2026_Q2_Forecast,2026-07-01,A6300,D11,R02,Corporate,Forecast,59475.71,Q2 reforecast adjustment
F000620,2026_Q2_Forecast,2026-08-01,A6300,D11,R02,Corporate,Forecast,59475.71,Q2 reforecast adjustment
F000621,2026_Q2_Forecast,2026-09-01,A6300,D11,R02,Corporate,Forecast,59475.71,Q2 reforecast adjustment
F000622,2026_Q2_Forecast,2026-10-01,A6300,D11,R02,Corporate,Forecast,59475.71,Q2 reforecast adjustment
F000623,2026_Q2_Forecast,2026-11-01,A6300,D11,R02,Corporate,Forecast,59475.71,Q2 reforecast adjustment
F000624,2026_Q2_Forecast,2026-12-01,A6300,D11,R02,Corporate,Forecast,59475.71,Q2 reforecast adjustment
F000625,2026_Q2_Forecast,2026-01-01,A6300,D09,R03,Corporate,Actualized,116963.53,Closed actual
F000626,2026_Q2_Forecast,2026-02-01,A6300,D09,R03,Corporate,Actualized,116963.53,Closed actual
F000627,2026_Q2_Forecast,2026-03-01,A6300,D09,R03,Corporate,Actualized,116963.53,Closed actual
F000628,2026_Q2_Forecast,2026-04-01,A6300,D09,R03,Corporate,Actualized,116963.53,Closed actual
F000629,2026_Q2_Forecast,2026-05-01,A6300,D09,R03,Corporate,Actualized,116963.53,Closed actual
F000630,2026_Q2_Forecast,2026-06-01,A6300,D09,R03,Corporate,Actualized,116963.53,Closed actual
F000631,2026_Q2_Forecast,2026-07-01,A6300,D09,R03,Corporate,Forecast,96462.02,Q2 reforecast adjustment
F000632,2026_Q2_Forecast,2026-08-01,A6300,D09,R03,Corporate,Forecast,96462.02,Q2 reforecast adjustment
F000633,2026_Q2_Forecast,2026-09-01,A6300,D09,R03,Corporate,Forecast,122444.44,Q2 reforecast adjustment
F000634,2026_Q2_Forecast,2026-10-01,A6300,D09,R03,Corporate,Forecast,122444.44,Q2 reforecast adjustment
F000635,2026_Q2_Forecast,2026-11-01,A6300,D09,R03,Corporate,Forecast,122444.44,Q2 reforecast adjustment
F000636,2026_Q2_Forecast,2026-12-01,A6300,D09,R03,Corporate,Forecast,122444.44,Q2 reforecast adjustment
F000637,2026_Q2_Forecast,2026-01-01,A6120,D05,R01,Corporate,Actualized,50179.86,Closed actual
F000638,2026_Q2_Forecast,2026-02-01,A6120,D05,R01,Corporate,Actualized,50179.86,Closed actual
F000639,2026_Q2_Forecast,2026-03-01,A6120,D05,R01,Corporate,Actualized,50179.86,Closed actual
F000640,2026_Q2_Forecast,2026-04-01,A6120,D05,R01,Corporate,Actualized,50179.86,Closed actual
F000641,2026_Q2_Forecast,2026-05-01,A6120,D05,R01,Corporate,Actualized,50179.86,Closed actual
F000642,2026_Q2_Forecast,2026-06-01,A6120,D05,R01,Corporate,Actualized,50179.86,Closed actual
F000643,2026_Q2_Forecast,2026-07-01,A6120,D05,R01,Corporate,Forecast,72039.64,Q2 reforecast adjustment
F000644,2026_Q2_Forecast,2026-08-01,A6120,D05,R01,Corporate,Forecast,72039.64,Q2 reforecast adjustment
F000645,2026_Q2_Forecast,2026-09-01,A6120,D05,R01,Corporate,Forecast,52201.61,Q2 reforecast adjustment
F000646,2026_Q2_Forecast,2026-10-01,A6120,D05,R01,Corporate,Forecast,52201.61,Q2 reforecast adjustment
F000647,2026_Q2_Forecast,2026-11-01,A6120,D05,R01,Corporate,Forecast,52201.61,Q2 reforecast adjustment
F000648,2026_Q2_Forecast,2026-12-01,A6120,D05,R01,Corporate,Forecast,52201.61,Q2 reforecast adjustment
F000649,2026_Q2_Forecast,2026-01-01,A6300,D07,R03,Corporate,Actualized,88423.86,Closed actual
F000650,2026_Q2_Forecast,2026-02-01,A6300,D07,R03,Corporate,Actualized,88423.86,Closed actual
F000651,2026_Q2_Forecast,2026-03-01,A6300,D07,R03,Corporate,Actualized,88423.86,Closed actual
F000652,2026_Q2_Forecast,2026-04-01,A6300,D07,R03,Corporate,Actualized,88423.86,Closed actual
F000653,2026_Q2_Forecast,2026-05-01,A6300,D07,R03,Corporate,Actualized,101565.88,Closed actual
F000654,2026_Q2_Forecast,2026-06-01,A6300,D07,R03,Corporate,Actualized,101565.88,Closed actual
F000655,2026_Q2_Forecast,2026-07-01,A6300,D07,R03,Corporate,Forecast,92567.4,Q2 reforecast adjustment
F000656,2026_Q2_Forecast,2026-08-01,A6300,D07,R03,Corporate,Forecast,92567.4,Q2 reforecast adjustment
F000657,2026_Q2_Forecast,2026-09-01,A6300,D07,R03,Corporate,Forecast,92567.4,Q2 reforecast adjustment
F000658,2026_Q2_Forecast,2026-10-01,A6300,D07,R03,Corporate,Forecast,92567.4,Q2 reforecast adjustment
F000659,2026_Q2_Forecast,2026-11-01,A6300,D07,R03,Corporate,Forecast,92567.4,Q2 reforecast adjustment
F000660,2026_Q2_Forecast,2026-12-01,A6300,D07,R03,Corporate,Forecast,92567.4,Q2 reforecast adjustment
F000661,2026_Q2_Forecast,2026-01-01,A6120,D05,R02,Corporate,Actualized,114558.55,Closed actual
F000662,2026_Q2_Forecast,2026-02-01,A6120,D05,R02,Corporate,Actualized,104155.24,Closed actual
F000663,2026_Q2_Forecast,2026-03-01,A6120,D05,R02,Corporate,Actualized,104155.24,Closed actual
F000664,2026_Q2_Forecast,2026-04-01,A6120,D05,R02,Corporate,Actualized,104155.24,Closed actual
F000665,2026_Q2_Forecast,2026-05-01,A6120,D05,R02,Corporate,Actualized,104155.24,Closed actual
F000666,2026_Q2_Forecast,2026-06-01,A6120,D05,R02,Corporate,Actualized,104155.24,Closed actual
F000667,2026_Q2_Forecast,2026-07-01,A6120,D05,R02,Corporate,Forecast,99616.86,Q2 reforecast adjustment
F000668,2026_Q2_Forecast,2026-08-01,A6120,D05,R02,Corporate,Forecast,99616.86,Q2 reforecast adjustment
F000669,2026_Q2_Forecast,2026-09-01,A6120,D05,R02,Corporate,Forecast,99616.86,Q2 reforecast adjustment
F000670,2026_Q2_Forecast,2026-10-01,A6120,D05,R02,Corporate,Forecast,99616.86,Q2 reforecast adjustment
F000671,2026_Q2_Forecast,2026-11-01,A6120,D05,R02,Corporate,Forecast,107923.38,Q2 reforecast adjustment
F000672,2026_Q2_Forecast,2026-12-01,A6120,D05,R02,Corporate,Forecast,107923.38,Q2 reforecast adjustment
F000673,2026_Q2_Forecast,2026-01-01,A6300,D08,R01,Corporate,Actualized,19420.47,Closed actual
F000674,2026_Q2_Forecast,2026-02-01,A6300,D08,R01,Corporate,Actualized,19420.47,Closed actual
F000675,2026_Q2_Forecast,2026-03-01,A6300,D08,R01,Corporate,Actualized,19420.47,Closed actual
F000676,2026_Q2_Forecast,2026-04-01,A6300,D08,R01,Corporate,Actualized,19420.47,Closed actual
F000677,2026_Q2_Forecast,2026-05-01,A6300,D08,R01,Corporate,Actualized,19420.47,Closed actual
F000678,2026_Q2_Forecast,2026-06-01,A6300,D08,R01,Corporate,Actualized,19420.47,Closed actual
F000679,2026_Q2_Forecast,2026-07-01,A6300,D08,R01,Corporate,Forecast,20330.51,Q2 reforecast adjustment
F000680,2026_Q2_Forecast,2026-08-01,A6300,D08,R01,Corporate,Forecast,20330.51,Q2 reforecast adjustment
F000681,2026_Q2_Forecast,2026-09-01,A6300,D08,R01,Corporate,Forecast,20330.51,Q2 reforecast adjustment
F000682,2026_Q2_Forecast,2026-10-01,A6300,D08,R01,Corporate,Forecast,20330.51,Q2 reforecast adjustment
F000683,2026_Q2_Forecast,2026-11-01,A6300,D08,R01,Corporate,Forecast,20330.51,Q2 reforecast adjustment
F000684,2026_Q2_Forecast,2026-12-01,A6300,D08,R01,Corporate,Forecast,20330.51,Q2 reforecast adjustment
F000685,2026_Q2_Forecast,2026-01-01,A6300,D10,R04,Corporate,Actualized,39843.08,Closed actual
F000686,2026_Q2_Forecast,2026-02-01,A6300,D10,R04,Corporate,Actualized,39843.08,Closed actual
F000687,2026_Q2_Forecast,2026-03-01,A6300,D10,R04,Corporate,Actualized,39843.08,Closed actual
F000688,2026_Q2_Forecast,2026-04-01,A6300,D10,R04,Corporate,Actualized,39843.08,Closed actual
F000689,2026_Q2_Forecast,2026-05-01,A6300,D10,R04,Corporate,Actualized,39843.08,Closed actual
F000690,2026_Q2_Forecast,2026-06-01,A6300,D10,R04,Corporate,Actualized,51979.36,Closed actual
F000691,2026_Q2_Forecast,2026-07-01,A6300,D10,R04,Corporate,Forecast,41710.13,Q2 reforecast adjustment
F000692,2026_Q2_Forecast,2026-08-01,A6300,D10,R04,Corporate,Forecast,41710.13,Q2 reforecast adjustment
F000693,2026_Q2_Forecast,2026-09-01,A6300,D10,R04,Corporate,Forecast,41710.13,Q2 reforecast adjustment
F000694,2026_Q2_Forecast,2026-10-01,A6300,D10,R04,Corporate,Forecast,41710.13,Q2 reforecast adjustment
F000695,2026_Q2_Forecast,2026-11-01,A6300,D10,R04,Corporate,Forecast,41710.13,Q2 reforecast adjustment
F000696,2026_Q2_Forecast,2026-12-01,A6300,D10,R04,Corporate,Forecast,41710.13,Q2 reforecast adjustment
F000697,2026_Q2_Forecast,2026-01-01,A6300,D10,R01,Corporate,Actualized,18349.04,Closed actual
F000698,2026_Q2_Forecast,2026-02-01,A6300,D10,R01,Corporate,Actualized,18349.04,Closed actual
F000699,2026_Q2_Forecast,2026-03-01,A6300,D10,R01,Corporate,Actualized,18349.04,Closed actual
F000700,2026_Q2_Forecast,2026-04-01,A6300,D10,R01,Corporate,Actualized,18349.04,Closed actual
F000701,2026_Q2_Forecast,2026-05-01,A6300,D10,R01,Corporate,Actualized,18349.04,Closed actual
F000702,2026_Q2_Forecast,2026-06-01,A6300,D10,R01,Corporate,Actualized,18349.04,Closed actual
F000703,2026_Q2_Forecast,2026-07-01,A6300,D10,R01,Corporate,Forecast,19208.87,Q2 reforecast adjustment
F000704,2026_Q2_Forecast,2026-08-01,A6300,D10,R01,Corporate,Forecast,19208.87,Q2 reforecast adjustment
F000705,2026_Q2_Forecast,2026-09-01,A6300,D10,R01,Corporate,Forecast,19208.87,Q2 reforecast adjustment
F000706,2026_Q2_Forecast,2026-10-01,A6300,D10,R01,Corporate,Forecast,19208.87,Q2 reforecast adjustment
F000707,2026_Q2_Forecast,2026-11-01,A6300,D10,R01,Corporate,Forecast,19208.87,Q2 reforecast adjustment
F000708,2026_Q2_Forecast,2026-12-01,A6300,D10,R01,Corporate,Forecast,19208.87,Q2 reforecast adjustment
F000709,2026_Q2_Forecast,2026-01-01,A6300,D07,R01,Corporate,Actualized,12346.49,Closed actual
F000710,2026_Q2_Forecast,2026-02-01,A6300,D07,R01,Corporate,Actualized,12346.49,Closed actual
F000711,2026_Q2_Forecast,2026-03-01,A6300,D07,R01,Corporate,Actualized,12346.49,Closed actual
F000712,2026_Q2_Forecast,2026-04-01,A6300,D07,R01,Corporate,Actualized,12346.49,Closed actual
F000713,2026_Q2_Forecast,2026-05-01,A6300,D07,R01,Corporate,Actualized,12346.49,Closed actual
F000714,2026_Q2_Forecast,2026-06-01,A6300,D07,R01,Corporate,Actualized,12346.49,Closed actual
F000715,2026_Q2_Forecast,2026-07-01,A6300,D07,R01,Corporate,Forecast,12925.04,Q2 reforecast adjustment
F000716,2026_Q2_Forecast,2026-08-01,A6300,D07,R01,Corporate,Forecast,12925.04,Q2 reforecast adjustment
F000717,2026_Q2_Forecast,2026-09-01,A6300,D07,R01,Corporate,Forecast,12925.04,Q2 reforecast adjustment
F000718,2026_Q2_Forecast,2026-10-01,A6300,D07,R01,Corporate,Forecast,12925.04,Q2 reforecast adjustment
F000719,2026_Q2_Forecast,2026-11-01,A6300,D07,R01,Corporate,Forecast,12925.04,Q2 reforecast adjustment
F000720,2026_Q2_Forecast,2026-12-01,A6300,D07,R01,Corporate,Forecast,12925.04,Q2 reforecast adjustment
F000721,2026_Q2_Forecast,2026-01-01,A6300,D09,R04,Corporate,Actualized,10773.26,Closed actual
F000722,2026_Q2_Forecast,2026-02-01,A6300,D09,R04,Corporate,Actualized,0,Closed actual
F000723,2026_Q2_Forecast,2026-03-01,A6300,D09,R04,Corporate,Actualized,0,Closed actual
F000724,2026_Q2_Forecast,2026-04-01,A6300,D09,R04,Corporate,Actualized,0,Closed actual
F000725,2026_Q2_Forecast,2026-05-01,A6300,D09,R04,Corporate,Actualized,0,Closed actual
F000726,2026_Q2_Forecast,2026-06-01,A6300,D09,R04,Corporate,Actualized,0,Closed actual
F000727,2026_Q2_Forecast,2026-07-01,A6300,D09,R04,Corporate,Forecast,30660.55,Q2 reforecast adjustment
F000728,2026_Q2_Forecast,2026-08-01,A6300,D09,R04,Corporate,Forecast,30660.55,Q2 reforecast adjustment
F000729,2026_Q2_Forecast,2026-09-01,A6300,D09,R04,Corporate,Forecast,30660.55,Q2 reforecast adjustment
F000730,2026_Q2_Forecast,2026-10-01,A6300,D09,R04,Corporate,Forecast,30660.55,Q2 reforecast adjustment
F000731,2026_Q2_Forecast,2026-11-01,A6300,D09,R04,Corporate,Forecast,11278.1,Q2 reforecast adjustment
F000732,2026_Q2_Forecast,2026-12-01,A6300,D09,R04,Corporate,Forecast,11278.1,Q2 reforecast adjustment
F000733,2026_Q2_Forecast,2026-01-01,A6300,D09,R01,Corporate,Actualized,18121.79,Closed actual
F000734,2026_Q2_Forecast,2026-02-01,A6300,D09,R01,Corporate,Actualized,18121.79,Closed actual
F000735,2026_Q2_Forecast,2026-03-01,A6300,D09,R01,Corporate,Actualized,18121.79,Closed actual
F000736,2026_Q2_Forecast,2026-04-01,A6300,D09,R01,Corporate,Actualized,18121.79,Closed actual
F000737,2026_Q2_Forecast,2026-05-01,A6300,D09,R01,Corporate,Actualized,38925.51,Closed actual
F000738,2026_Q2_Forecast,2026-06-01,A6300,D09,R01,Corporate,Actualized,38925.51,Closed actual
F000739,2026_Q2_Forecast,2026-07-01,A6300,D09,R01,Corporate,Forecast,0,Q2 reforecast adjustment
F000740,2026_Q2_Forecast,2026-08-01,A6300,D09,R01,Corporate,Forecast,0,Q2 reforecast adjustment
F000741,2026_Q2_Forecast,2026-09-01,A6300,D09,R01,Corporate,Forecast,0,Q2 reforecast adjustment
F000742,2026_Q2_Forecast,2026-10-01,A6300,D09,R01,Corporate,Forecast,0,Q2 reforecast adjustment
F000743,2026_Q2_Forecast,2026-11-01,A6300,D09,R01,Corporate,Forecast,0,Q2 reforecast adjustment
F000744,2026_Q2_Forecast,2026-12-01,A6300,D09,R01,Corporate,Forecast,18970.97,Q2 reforecast adjustment
F000745,2026_Q2_Forecast,2026-01-01,A6300,D11,R03,Corporate,Actualized,26323.62,Closed actual
F000746,2026_Q2_Forecast,2026-02-01,A6300,D11,R03,Corporate,Actualized,26323.62,Closed actual
F000747,2026_Q2_Forecast,2026-03-01,A6300,D11,R03,Corporate,Actualized,26323.62,Closed actual
F000748,2026_Q2_Forecast,2026-04-01,A6300,D11,R03,Corporate,Actualized,26323.62,Closed actual
F000749,2026_Q2_Forecast,2026-05-01,A6300,D11,R03,Corporate,Actualized,26323.62,Closed actual
F000750,2026_Q2_Forecast,2026-06-01,A6300,D11,R03,Corporate,Actualized,26323.62,Closed actual
F000751,2026_Q2_Forecast,2026-07-01,A6300,D11,R03,Corporate,Forecast,27557.15,Q2 reforecast adjustment
F000752,2026_Q2_Forecast,2026-08-01,A6300,D11,R03,Corporate,Forecast,27557.15,Q2 reforecast adjustment
F000753,2026_Q2_Forecast,2026-09-01,A6300,D11,R03,Corporate,Forecast,27557.15,Q2 reforecast adjustment
F000754,2026_Q2_Forecast,2026-10-01,A6300,D11,R03,Corporate,Forecast,27557.15,Q2 reforecast adjustment
F000755,2026_Q2_Forecast,2026-11-01,A6300,D11,R03,Corporate,Forecast,27557.15,Q2 reforecast adjustment
F000756,2026_Q2_Forecast,2026-12-01,A6300,D11,R03,Corporate,Forecast,27557.15,Q2 reforecast adjustment
F000757,2026_Q2_Forecast,2026-01-01,A5000,D01,R01,Subscription,Actualized,311870.31,Closed actual
F000758,2026_Q2_Forecast,2026-02-01,A5000,D01,R01,Subscription,Actualized,323354.63,Closed actual
F000759,2026_Q2_Forecast,2026-03-01,A5000,D01,R01,Subscription,Actualized,324798.26,Closed actual
F000760,2026_Q2_Forecast,2026-04-01,A5000,D01,R01,Subscription,Actualized,319881.99,Closed actual
F000761,2026_Q2_Forecast,2026-05-01,A5000,D01,R01,Subscription,Actualized,294938.9,Closed actual
F000762,2026_Q2_Forecast,2026-06-01,A5000,D01,R01,Subscription,Actualized,297076.52,Closed actual
F000763,2026_Q2_Forecast,2026-07-01,A5000,D01,R01,Subscription,Forecast,288198.57,Q2 reforecast adjustment
F000764,2026_Q2_Forecast,2026-08-01,A5000,D01,R01,Subscription,Forecast,301282.69,Q2 reforecast adjustment
F000765,2026_Q2_Forecast,2026-09-01,A5000,D01,R01,Subscription,Forecast,299940.17,Q2 reforecast adjustment
F000766,2026_Q2_Forecast,2026-10-01,A5000,D01,R01,Subscription,Forecast,305570.79,Q2 reforecast adjustment
F000767,2026_Q2_Forecast,2026-11-01,A5000,D01,R01,Subscription,Forecast,301193.58,Q2 reforecast adjustment
F000768,2026_Q2_Forecast,2026-12-01,A5000,D01,R01,Subscription,Forecast,311151.19,Q2 reforecast adjustment
F000769,2026_Q2_Forecast,2026-01-01,A5050,D01,R01,Subscription,Actualized,40715.14,Closed actual
F000770,2026_Q2_Forecast,2026-02-01,A5050,D01,R01,Subscription,Actualized,41539.76,Closed actual
F000771,2026_Q2_Forecast,2026-03-01,A5050,D01,R01,Subscription,Actualized,42570.78,Closed actual
F000772,2026_Q2_Forecast,2026-04-01,A5050,D01,R01,Subscription,Actualized,42850.06,Closed actual
F000773,2026_Q2_Forecast,2026-05-01,A5050,D01,R01,Subscription,Actualized,42899.77,Closed actual
F000774,2026_Q2_Forecast,2026-06-01,A5050,D01,R01,Subscription,Actualized,42890.06,Closed actual
F000775,2026_Q2_Forecast,2026-07-01,A5050,D01,R01,Subscription,Forecast,41388.4,Q2 reforecast adjustment
F000776,2026_Q2_Forecast,2026-08-01,A5050,D01,R01,Subscription,Forecast,42140.86,Q2 reforecast adjustment
F000777,2026_Q2_Forecast,2026-09-01,A5050,D01,R01,Subscription,Forecast,43041.07,Q2 reforecast adjustment
F000778,2026_Q2_Forecast,2026-10-01,A5050,D01,R01,Subscription,Forecast,43436.32,Q2 reforecast adjustment
F000779,2026_Q2_Forecast,2026-11-01,A5050,D01,R01,Subscription,Forecast,43778.42,Q2 reforecast adjustment
F000780,2026_Q2_Forecast,2026-12-01,A5050,D01,R01,Subscription,Forecast,44330.7,Q2 reforecast adjustment
F000781,2026_Q2_Forecast,2026-01-01,A6110,D04,R01,Corporate,Actualized,155852.65,Closed actual
F000782,2026_Q2_Forecast,2026-02-01,A6110,D04,R01,Corporate,Actualized,159896.52,Closed actual
F000783,2026_Q2_Forecast,2026-03-01,A6110,D04,R01,Corporate,Actualized,161703.75,Closed actual
F000784,2026_Q2_Forecast,2026-04-01,A6110,D04,R01,Corporate,Actualized,159309.9,Closed actual
F000785,2026_Q2_Forecast,2026-05-01,A6110,D04,R01,Corporate,Actualized,159534.15,Closed actual
F000786,2026_Q2_Forecast,2026-06-01,A6110,D04,R01,Corporate,Actualized,156124.57,Closed actual
F000787,2026_Q2_Forecast,2026-07-01,A6110,D04,R01,Corporate,Forecast,149981.04,Q2 reforecast adjustment
F000788,2026_Q2_Forecast,2026-08-01,A6110,D04,R01,Corporate,Forecast,154607.54,Q2 reforecast adjustment
F000789,2026_Q2_Forecast,2026-09-01,A6110,D04,R01,Corporate,Forecast,151532.48,Q2 reforecast adjustment
F000790,2026_Q2_Forecast,2026-10-01,A6110,D04,R01,Corporate,Forecast,155703.25,Q2 reforecast adjustment
F000791,2026_Q2_Forecast,2026-11-01,A6110,D04,R01,Corporate,Forecast,161032.38,Q2 reforecast adjustment
F000792,2026_Q2_Forecast,2026-12-01,A6110,D04,R01,Corporate,Forecast,163335.6,Q2 reforecast adjustment
F000793,2026_Q2_Forecast,2026-01-01,A6130,D05,R01,Corporate,Actualized,148861.38,Closed actual
F000794,2026_Q2_Forecast,2026-02-01,A6130,D05,R01,Corporate,Actualized,153584.44,Closed actual
F000795,2026_Q2_Forecast,2026-03-01,A6130,D05,R01,Corporate,Actualized,153235.69,Closed actual
F000796,2026_Q2_Forecast,2026-04-01,A6130,D05,R01,Corporate,Actualized,123439.5,Closed actual
F000797,2026_Q2_Forecast,2026-05-01,A6130,D05,R01,Corporate,Actualized,123646.21,Closed actual
F000798,2026_Q2_Forecast,2026-06-01,A6130,D05,R01,Corporate,Actualized,118186.92,Closed actual
F000799,2026_Q2_Forecast,2026-07-01,A6130,D05,R01,Corporate,Forecast,116442.14,Q2 reforecast adjustment
F000800,2026_Q2_Forecast,2026-08-01,A6130,D05,R01,Corporate,Forecast,121700.27,Q2 reforecast adjustment
F000801,2026_Q2_Forecast,2026-09-01,A6130,D05,R01,Corporate,Forecast,113754.55,Q2 reforecast adjustment
F000802,2026_Q2_Forecast,2026-10-01,A6130,D05,R01,Corporate,Forecast,160923.16,Q2 reforecast adjustment
F000803,2026_Q2_Forecast,2026-11-01,A6130,D05,R01,Corporate,Forecast,171334.09,Q2 reforecast adjustment
F000804,2026_Q2_Forecast,2026-12-01,A6130,D05,R01,Corporate,Forecast,174101.1,Q2 reforecast adjustment
F000805,2026_Q2_Forecast,2026-01-01,A6350,D07,R01,Corporate,Actualized,15466.12,Closed actual
F000806,2026_Q2_Forecast,2026-02-01,A6350,D07,R01,Corporate,Actualized,15956.83,Closed actual
F000807,2026_Q2_Forecast,2026-03-01,A6350,D07,R01,Corporate,Actualized,15920.59,Closed actual
F000808,2026_Q2_Forecast,2026-04-01,A6350,D07,R01,Corporate,Actualized,15334.1,Closed actual
F000809,2026_Q2_Forecast,2026-05-01,A6350,D07,R01,Corporate,Actualized,15359.78,Closed actual
F000810,2026_Q2_Forecast,2026-06-01,A6350,D07,R01,Corporate,Actualized,14681.61,Closed actual
F000811,2026_Q2_Forecast,2026-07-01,A6350,D07,R01,Corporate,Forecast,13330.36,Q2 reforecast adjustment
F000812,2026_Q2_Forecast,2026-08-01,A6350,D07,R01,Corporate,Forecast,13932.31,Q2 reforecast adjustment
F000813,2026_Q2_Forecast,2026-09-01,A6350,D07,R01,Corporate,Forecast,13022.68,Q2 reforecast adjustment
F000814,2026_Q2_Forecast,2026-10-01,A6350,D07,R01,Corporate,Forecast,13668.36,Q2 reforecast adjustment
F000815,2026_Q2_Forecast,2026-11-01,A6350,D07,R01,Corporate,Forecast,14552.64,Q2 reforecast adjustment
F000816,2026_Q2_Forecast,2026-12-01,A6350,D07,R01,Corporate,Forecast,9242.29,Q2 reforecast adjustment
F000817,2026_Q2_Forecast,2026-01-01,A6360,D07,R01,Corporate,Actualized,11599.59,Closed actual
F000818,2026_Q2_Forecast,2026-02-01,A6360,D07,R01,Corporate,Actualized,11967.62,Closed actual
F000819,2026_Q2_Forecast,2026-03-01,A6360,D07,R01,Corporate,Actualized,11940.44,Closed actual
F000820,2026_Q2_Forecast,2026-04-01,A6360,D07,R01,Corporate,Actualized,11500.57,Closed actual
F000821,2026_Q2_Forecast,2026-05-01,A6360,D07,R01,Corporate,Actualized,11519.83,Closed actual
F000822,2026_Q2_Forecast,2026-06-01,A6360,D07,R01,Corporate,Actualized,11011.2,Closed actual
F000823,2026_Q2_Forecast,2026-07-01,A6360,D07,R01,Corporate,Forecast,11912.24,Q2 reforecast adjustment
F000824,2026_Q2_Forecast,2026-08-01,A6360,D07,R01,Corporate,Forecast,12450.16,Q2 reforecast adjustment
F000825,2026_Q2_Forecast,2026-09-01,A6360,D07,R01,Corporate,Forecast,11637.3,Q2 reforecast adjustment
F000826,2026_Q2_Forecast,2026-10-01,A6360,D07,R01,Corporate,Forecast,12214.28,Q2 reforecast adjustment
F000827,2026_Q2_Forecast,2026-11-01,A6360,D07,R01,Corporate,Forecast,13004.49,Q2 reforecast adjustment
F000828,2026_Q2_Forecast,2026-12-01,A6360,D07,R01,Corporate,Forecast,13214.51,Q2 reforecast adjustment
F000829,2026_Q2_Forecast,2026-01-01,A6210,D06,R01,Corporate,Actualized,103857.01,Closed actual
F000830,2026_Q2_Forecast,2026-02-01,A6210,D06,R01,Corporate,Actualized,104122.07,Closed actual
F000831,2026_Q2_Forecast,2026-03-01,A6210,D06,R01,Corporate,Actualized,107353.47,Closed actual
F000832,2026_Q2_Forecast,2026-04-01,A6210,D06,R01,Corporate,Actualized,108893.23,Closed actual
F000833,2026_Q2_Forecast,2026-05-01,A6210,D06,R01,Corporate,Actualized,108909.21,Closed actual
F000834,2026_Q2_Forecast,2026-06-01,A6210,D06,R01,Corporate,Actualized,107456.09,Closed actual
F000835,2026_Q2_Forecast,2026-07-01,A6210,D06,R01,Corporate,Forecast,109767.72,Q2 reforecast adjustment
F000836,2026_Q2_Forecast,2026-08-01,A6210,D06,R01,Corporate,Forecast,110009.94,Q2 reforecast adjustment
F000837,2026_Q2_Forecast,2026-09-01,A6210,D06,R01,Corporate,Forecast,110299.68,Q2 reforecast adjustment
F000838,2026_Q2_Forecast,2026-10-01,A6210,D06,R01,Corporate,Forecast,110426.89,Q2 reforecast adjustment
F000839,2026_Q2_Forecast,2026-11-01,A6210,D06,R01,Corporate,Forecast,112128.52,Q2 reforecast adjustment
F000840,2026_Q2_Forecast,2026-12-01,A6210,D06,R01,Corporate,Forecast,112306.29,Q2 reforecast adjustment
F000841,2026_Q2_Forecast,2026-01-01,A6310,D10,R01,Corporate,Actualized,96672,Closed actual
F000842,2026_Q2_Forecast,2026-02-01,A6310,D10,R01,Corporate,Actualized,96672,Closed actual
F000843,2026_Q2_Forecast,2026-03-01,A6310,D10,R01,Corporate,Actualized,98192,Closed actual
F000844,2026_Q2_Forecast,2026-04-01,A6310,D10,R01,Corporate,Actualized,98952,Closed actual
F000845,2026_Q2_Forecast,2026-05-01,A6310,D10,R01,Corporate,Actualized,100472,Closed actual
F000846,2026_Q2_Forecast,2026-06-01,A6310,D10,R01,Corporate,Actualized,100472,Closed actual
F000847,2026_Q2_Forecast,2026-07-01,A6310,D10,R01,Corporate,Forecast,100861.12,Q2 reforecast adjustment
F000848,2026_Q2_Forecast,2026-08-01,A6310,D10,R01,Corporate,Forecast,100861.12,Q2 reforecast adjustment
F000849,2026_Q2_Forecast,2026-09-01,A6310,D10,R01,Corporate,Forecast,100055.52,Q2 reforecast adjustment
F000850,2026_Q2_Forecast,2026-10-01,A6310,D10,R01,Corporate,Forecast,100055.52,Q2 reforecast adjustment
F000851,2026_Q2_Forecast,2026-11-01,A6310,D10,R01,Corporate,Forecast,100861.12,Q2 reforecast adjustment
F000852,2026_Q2_Forecast,2026-12-01,A6310,D10,R01,Corporate,Forecast,101666.72,Q2 reforecast adjustment
F000853,2026_Q2_Forecast,2026-01-01,A6320,D10,R01,Corporate,Actualized,52152,Closed actual
F000854,2026_Q2_Forecast,2026-02-01,A6320,D10,R01,Corporate,Actualized,52152,Closed actual
F000855,2026_Q2_Forecast,2026-03-01,A6320,D10,R01,Corporate,Actualized,52972,Closed actual
F000856,2026_Q2_Forecast,2026-04-01,A6320,D10,R01,Corporate,Actualized,53382,Closed actual
F000857,2026_Q2_Forecast,2026-05-01,A6320,D10,R01,Corporate,Actualized,54202,Closed actual
F000858,2026_Q2_Forecast,2026-06-01,A6320,D10,R01,Corporate,Actualized,54202,Closed actual
F000859,2026_Q2_Forecast,2026-07-01,A6320,D10,R01,Corporate,Forecast,57548.31,Q2 reforecast adjustment
F000860,2026_Q2_Forecast,2026-08-01,A6320,D10,R01,Corporate,Forecast,57548.31,Q2 reforecast adjustment
F000861,2026_Q2_Forecast,2026-09-01,A6320,D10,R01,Corporate,Forecast,57088.65,Q2 reforecast adjustment
F000862,2026_Q2_Forecast,2026-10-01,A6320,D10,R01,Corporate,Forecast,57088.65,Q2 reforecast adjustment
F000863,2026_Q2_Forecast,2026-11-01,A6320,D10,R01,Corporate,Forecast,57548.31,Q2 reforecast adjustment
F000864,2026_Q2_Forecast,2026-12-01,A6320,D10,R01,Corporate,Forecast,58007.96,Q2 reforecast adjustment
F000865,2026_Q2_Forecast,2026-01-01,A6340,D08,R01,Corporate,Actualized,11873.04,Closed actual
F000866,2026_Q2_Forecast,2026-02-01,A6340,D08,R01,Corporate,Actualized,0,Closed actual
F000867,2026_Q2_Forecast,2026-03-01,A6340,D08,R01,Corporate,Actualized,22746.67,Closed actual
F000868,2026_Q2_Forecast,2026-04-01,A6340,D08,R01,Corporate,Actualized,11744.33,Closed actual
F000869,2026_Q2_Forecast,2026-05-01,A6340,D08,R01,Corporate,Actualized,20880.98,Closed actual
F000870,2026_Q2_Forecast,2026-06-01,A6340,D08,R01,Corporate,Actualized,11665.52,Closed actual
F000871,2026_Q2_Forecast,2026-07-01,A6340,D08,R01,Corporate,Forecast,8063.27,Q2 reforecast adjustment
F000872,2026_Q2_Forecast,2026-08-01,A6340,D08,R01,Corporate,Forecast,0,Q2 reforecast adjustment
F000873,2026_Q2_Forecast,2026-09-01,A6340,D08,R01,Corporate,Forecast,0,Q2 reforecast adjustment
F000874,2026_Q2_Forecast,2026-10-01,A6340,D08,R01,Corporate,Forecast,9238.88,Q2 reforecast adjustment
F000875,2026_Q2_Forecast,2026-11-01,A6340,D08,R01,Corporate,Forecast,23463.54,Q2 reforecast adjustment
F000876,2026_Q2_Forecast,2026-12-01,A6340,D08,R01,Corporate,Forecast,10632.29,Q2 reforecast adjustment
F000877,2026_Q2_Forecast,2026-01-01,A5000,D01,R02,Subscription,Actualized,300178.66,Closed actual
F000878,2026_Q2_Forecast,2026-02-01,A5000,D01,R02,Subscription,Actualized,300734.39,Closed actual
F000879,2026_Q2_Forecast,2026-03-01,A5000,D01,R02,Subscription,Actualized,317231.46,Closed actual
F000880,2026_Q2_Forecast,2026-04-01,A5000,D01,R02,Subscription,Actualized,297145.08,Closed actual
F000881,2026_Q2_Forecast,2026-05-01,A5000,D01,R02,Subscription,Actualized,262767.2,Closed actual
F000882,2026_Q2_Forecast,2026-06-01,A5000,D01,R02,Subscription,Actualized,255893.4,Closed actual
F000883,2026_Q2_Forecast,2026-07-01,A5000,D01,R02,Subscription,Forecast,273268.01,Q2 reforecast adjustment
F000884,2026_Q2_Forecast,2026-08-01,A5000,D01,R02,Subscription,Forecast,282188.92,Q2 reforecast adjustment
F000885,2026_Q2_Forecast,2026-09-01,A5000,D01,R02,Subscription,Forecast,279831.74,Q2 reforecast adjustment
F000886,2026_Q2_Forecast,2026-10-01,A5000,D01,R02,Subscription,Forecast,292684.48,Q2 reforecast adjustment
F000887,2026_Q2_Forecast,2026-11-01,A5000,D01,R02,Subscription,Forecast,291549.39,Q2 reforecast adjustment
F000888,2026_Q2_Forecast,2026-12-01,A5000,D01,R02,Subscription,Forecast,293275.2,Q2 reforecast adjustment
F000889,2026_Q2_Forecast,2026-01-01,A5050,D01,R02,Subscription,Actualized,38143.14,Closed actual
F000890,2026_Q2_Forecast,2026-02-01,A5050,D01,R02,Subscription,Actualized,38746.92,Closed actual
F000891,2026_Q2_Forecast,2026-03-01,A5050,D01,R02,Subscription,Actualized,39576.08,Closed actual
F000892,2026_Q2_Forecast,2026-04-01,A5050,D01,R02,Subscription,Actualized,38716.66,Closed actual
F000893,2026_Q2_Forecast,2026-05-01,A5050,D01,R02,Subscription,Actualized,37783,Closed actual
F000894,2026_Q2_Forecast,2026-06-01,A5050,D01,R02,Subscription,Actualized,37220.69,Closed actual
F000895,2026_Q2_Forecast,2026-07-01,A5050,D01,R02,Subscription,Forecast,39557.61,Q2 reforecast adjustment
F000896,2026_Q2_Forecast,2026-08-01,A5050,D01,R02,Subscription,Forecast,39752.91,Q2 reforecast adjustment
F000897,2026_Q2_Forecast,2026-09-01,A5050,D01,R02,Subscription,Forecast,40301,Q2 reforecast adjustment
F000898,2026_Q2_Forecast,2026-10-01,A5050,D01,R02,Subscription,Forecast,40809.99,Q2 reforecast adjustment
F000899,2026_Q2_Forecast,2026-11-01,A5050,D01,R02,Subscription,Forecast,41042.09,Q2 reforecast adjustment
F000900,2026_Q2_Forecast,2026-12-01,A5050,D01,R02,Subscription,Forecast,41261.17,Q2 reforecast adjustment
F000901,2026_Q2_Forecast,2026-01-01,A6110,D04,R02,Corporate,Actualized,130837.17,Closed actual
F000902,2026_Q2_Forecast,2026-02-01,A6110,D04,R02,Corporate,Actualized,133719.18,Closed actual
F000903,2026_Q2_Forecast,2026-03-01,A6110,D04,R02,Corporate,Actualized,134321.84,Closed actual
F000904,2026_Q2_Forecast,2026-04-01,A6110,D04,R02,Corporate,Actualized,131554.4,Closed actual
F000905,2026_Q2_Forecast,2026-05-01,A6110,D04,R02,Corporate,Actualized,128675.96,Closed actual
F000906,2026_Q2_Forecast,2026-06-01,A6110,D04,R02,Corporate,Actualized,126992.12,Closed actual
F000907,2026_Q2_Forecast,2026-07-01,A6110,D04,R02,Corporate,Forecast,137371.01,Q2 reforecast adjustment
F000908,2026_Q2_Forecast,2026-08-01,A6110,D04,R02,Corporate,Forecast,142617.96,Q2 reforecast adjustment
F000909,2026_Q2_Forecast,2026-09-01,A6110,D04,R02,Corporate,Forecast,144468.46,Q2 reforecast adjustment
F000910,2026_Q2_Forecast,2026-10-01,A6110,D04,R02,Corporate,Forecast,146020.43,Q2 reforecast adjustment
F000911,2026_Q2_Forecast,2026-11-01,A6110,D04,R02,Corporate,Forecast,145326.45,Q2 reforecast adjustment
F000912,2026_Q2_Forecast,2026-12-01,A6110,D04,R02,Corporate,Forecast,140465.02,Q2 reforecast adjustment
F000913,2026_Q2_Forecast,2026-01-01,A6130,D05,R02,Corporate,Actualized,110255.16,Closed actual
F000914,2026_Q2_Forecast,2026-02-01,A6130,D05,R02,Corporate,Actualized,113561.48,Closed actual
F000915,2026_Q2_Forecast,2026-03-01,A6130,D05,R02,Corporate,Actualized,111643.34,Closed actual
F000916,2026_Q2_Forecast,2026-04-01,A6130,D05,R02,Corporate,Actualized,91587.34,Closed actual
F000917,2026_Q2_Forecast,2026-05-01,A6130,D05,R02,Corporate,Actualized,89852.06,Closed actual
F000918,2026_Q2_Forecast,2026-06-01,A6130,D05,R02,Corporate,Actualized,88887.08,Closed actual
F000919,2026_Q2_Forecast,2026-07-01,A6130,D05,R02,Corporate,Forecast,101410.66,Q2 reforecast adjustment
F000920,2026_Q2_Forecast,2026-08-01,A6130,D05,R02,Corporate,Forecast,109465.66,Q2 reforecast adjustment
F000921,2026_Q2_Forecast,2026-09-01,A6130,D05,R02,Corporate,Forecast,110783.33,Q2 reforecast adjustment
F000922,2026_Q2_Forecast,2026-10-01,A6130,D05,R02,Corporate,Forecast,150594.99,Q2 reforecast adjustment
F000923,2026_Q2_Forecast,2026-11-01,A6130,D05,R02,Corporate,Forecast,148054.09,Q2 reforecast adjustment
F000924,2026_Q2_Forecast,2026-12-01,A6130,D05,R02,Corporate,Forecast,136281.36,Q2 reforecast adjustment
F000925,2026_Q2_Forecast,2026-01-01,A6350,D07,R02,Corporate,Actualized,11455.08,Closed actual
F000926,2026_Q2_Forecast,2026-02-01,A6350,D07,R02,Corporate,Actualized,11798.59,Closed actual
F000927,2026_Q2_Forecast,2026-03-01,A6350,D07,R02,Corporate,Actualized,11599.31,Closed actual
F000928,2026_Q2_Forecast,2026-04-01,A6350,D07,R02,Corporate,Actualized,11377.31,Closed actual
F000929,2026_Q2_Forecast,2026-05-01,A6350,D07,R02,Corporate,Actualized,11161.75,Closed actual
F000930,2026_Q2_Forecast,2026-06-01,A6350,D07,R02,Corporate,Actualized,11041.87,Closed actual
F000931,2026_Q2_Forecast,2026-07-01,A6350,D07,R02,Corporate,Forecast,11609.55,Q2 reforecast adjustment
F000932,2026_Q2_Forecast,2026-08-01,A6350,D07,R02,Corporate,Forecast,12531.69,Q2 reforecast adjustment
F000933,2026_Q2_Forecast,2026-09-01,A6350,D07,R02,Corporate,Forecast,12682.54,Q2 reforecast adjustment
F000934,2026_Q2_Forecast,2026-10-01,A6350,D07,R02,Corporate,Forecast,12791.12,Q2 reforecast adjustment
F000935,2026_Q2_Forecast,2026-11-01,A6350,D07,R02,Corporate,Forecast,12575.3,Q2 reforecast adjustment
F000936,2026_Q2_Forecast,2026-12-01,A6350,D07,R02,Corporate,Forecast,7234.6,Q2 reforecast adjustment
F000937,2026_Q2_Forecast,2026-01-01,A6360,D07,R02,Corporate,Actualized,8591.31,Closed actual
F000938,2026_Q2_Forecast,2026-02-01,A6360,D07,R02,Corporate,Actualized,8848.95,Closed actual
F000939,2026_Q2_Forecast,2026-03-01,A6360,D07,R02,Corporate,Actualized,8699.48,Closed actual
F000940,2026_Q2_Forecast,2026-04-01,A6360,D07,R02,Corporate,Actualized,8532.98,Closed actual
F000941,2026_Q2_Forecast,2026-05-01,A6360,D07,R02,Corporate,Actualized,8371.31,Closed actual
F000942,2026_Q2_Forecast,2026-06-01,A6360,D07,R02,Corporate,Actualized,8281.41,Closed actual
F000943,2026_Q2_Forecast,2026-07-01,A6360,D07,R02,Corporate,Forecast,10374.49,Q2 reforecast adjustment
F000944,2026_Q2_Forecast,2026-08-01,A6360,D07,R02,Corporate,Forecast,11198.54,Q2 reforecast adjustment
F000945,2026_Q2_Forecast,2026-09-01,A6360,D07,R02,Corporate,Forecast,11333.33,Q2 reforecast adjustment
F000946,2026_Q2_Forecast,2026-10-01,A6360,D07,R02,Corporate,Forecast,11430.36,Q2 reforecast adjustment
F000947,2026_Q2_Forecast,2026-11-01,A6360,D07,R02,Corporate,Forecast,11237.5,Q2 reforecast adjustment
F000948,2026_Q2_Forecast,2026-12-01,A6360,D07,R02,Corporate,Forecast,10343.94,Q2 reforecast adjustment
F000949,2026_Q2_Forecast,2026-01-01,A6210,D06,R02,Corporate,Actualized,76350.29,Closed actual
F000950,2026_Q2_Forecast,2026-02-01,A6210,D06,R02,Corporate,Actualized,76544.37,Closed actual
F000951,2026_Q2_Forecast,2026-03-01,A6210,D06,R02,Corporate,Actualized,76810.88,Closed actual
F000952,2026_Q2_Forecast,2026-04-01,A6210,D06,R02,Corporate,Actualized,76534.64,Closed actual
F000953,2026_Q2_Forecast,2026-05-01,A6210,D06,R02,Corporate,Actualized,76234.54,Closed actual
F000954,2026_Q2_Forecast,2026-06-01,A6210,D06,R02,Corporate,Actualized,76053.79,Closed actual
F000955,2026_Q2_Forecast,2026-07-01,A6210,D06,R02,Corporate,Forecast,81486.01,Q2 reforecast adjustment
F000956,2026_Q2_Forecast,2026-08-01,A6210,D06,R02,Corporate,Forecast,83140.39,Q2 reforecast adjustment
F000957,2026_Q2_Forecast,2026-09-01,A6210,D06,R02,Corporate,Forecast,83316.81,Q2 reforecast adjustment
F000958,2026_Q2_Forecast,2026-10-01,A6210,D06,R02,Corporate,Forecast,83480.63,Q2 reforecast adjustment
F000959,2026_Q2_Forecast,2026-11-01,A6210,D06,R02,Corporate,Forecast,85146.86,Q2 reforecast adjustment
F000960,2026_Q2_Forecast,2026-12-01,A6210,D06,R02,Corporate,Forecast,83625.86,Q2 reforecast adjustment
F000961,2026_Q2_Forecast,2026-01-01,A6310,D10,R02,Corporate,Actualized,80358,Closed actual
F000962,2026_Q2_Forecast,2026-02-01,A6310,D10,R02,Corporate,Actualized,79178,Closed actual
F000963,2026_Q2_Forecast,2026-03-01,A6310,D10,R02,Corporate,Actualized,77998,Closed actual
F000964,2026_Q2_Forecast,2026-04-01,A6310,D10,R02,Corporate,Actualized,77998,Closed actual
F000965,2026_Q2_Forecast,2026-05-01,A6310,D10,R02,Corporate,Actualized,77998,Closed actual
F000966,2026_Q2_Forecast,2026-06-01,A6310,D10,R02,Corporate,Actualized,77998,Closed actual
F000967,2026_Q2_Forecast,2026-07-01,A6310,D10,R02,Corporate,Forecast,85179.48,Q2 reforecast adjustment
F000968,2026_Q2_Forecast,2026-08-01,A6310,D10,R02,Corporate,Forecast,87055.68,Q2 reforecast adjustment
F000969,2026_Q2_Forecast,2026-09-01,A6310,D10,R02,Corporate,Forecast,86430.28,Q2 reforecast adjustment
F000970,2026_Q2_Forecast,2026-10-01,A6310,D10,R02,Corporate,Forecast,85804.88,Q2 reforecast adjustment
F000971,2026_Q2_Forecast,2026-11-01,A6310,D10,R02,Corporate,Forecast,85179.48,Q2 reforecast adjustment
F000972,2026_Q2_Forecast,2026-12-01,A6310,D10,R02,Corporate,Forecast,84554.08,Q2 reforecast adjustment
F000973,2026_Q2_Forecast,2026-01-01,A6320,D10,R02,Corporate,Actualized,55842,Closed actual
F000974,2026_Q2_Forecast,2026-02-01,A6320,D10,R02,Corporate,Actualized,55022,Closed actual
F000975,2026_Q2_Forecast,2026-03-01,A6320,D10,R02,Corporate,Actualized,54202,Closed actual
F000976,2026_Q2_Forecast,2026-04-01,A6320,D10,R02,Corporate,Actualized,54202,Closed actual
F000977,2026_Q2_Forecast,2026-05-01,A6320,D10,R02,Corporate,Actualized,54202,Closed actual
F000978,2026_Q2_Forecast,2026-06-01,A6320,D10,R02,Corporate,Actualized,54202,Closed actual
F000979,2026_Q2_Forecast,2026-07-01,A6320,D10,R02,Corporate,Forecast,62604.47,Q2 reforecast adjustment
F000980,2026_Q2_Forecast,2026-08-01,A6320,D10,R02,Corporate,Forecast,63983.42,Q2 reforecast adjustment
F000981,2026_Q2_Forecast,2026-09-01,A6320,D10,R02,Corporate,Forecast,63523.77,Q2 reforecast adjustment
F000982,2026_Q2_Forecast,2026-10-01,A6320,D10,R02,Corporate,Forecast,63064.12,Q2 reforecast adjustment
F000983,2026_Q2_Forecast,2026-11-01,A6320,D10,R02,Corporate,Forecast,62604.47,Q2 reforecast adjustment
F000984,2026_Q2_Forecast,2026-12-01,A6320,D10,R02,Corporate,Forecast,62144.82,Q2 reforecast adjustment
F000985,2026_Q2_Forecast,2026-01-01,A5000,D01,R03,Subscription,Actualized,289223.45,Closed actual
F000986,2026_Q2_Forecast,2026-02-01,A5000,D01,R03,Subscription,Actualized,300139.82,Closed actual
F000987,2026_Q2_Forecast,2026-03-01,A5000,D01,R03,Subscription,Actualized,296441.7,Closed actual
F000988,2026_Q2_Forecast,2026-04-01,A5000,D01,R03,Subscription,Actualized,277172.8,Closed actual
F000989,2026_Q2_Forecast,2026-05-01,A5000,D01,R03,Subscription,Actualized,254183.25,Closed actual
F000990,2026_Q2_Forecast,2026-06-01,A5000,D01,R03,Subscription,Actualized,257490.88,Closed actual
F000991,2026_Q2_Forecast,2026-07-01,A5000,D01,R03,Subscription,Forecast,275478.32,Q2 reforecast adjustment
F000992,2026_Q2_Forecast,2026-08-01,A5000,D01,R03,Subscription,Forecast,275893.4,Q2 reforecast adjustment
F000993,2026_Q2_Forecast,2026-09-01,A5000,D01,R03,Subscription,Forecast,285111.27,Q2 reforecast adjustment
F000994,2026_Q2_Forecast,2026-10-01,A5000,D01,R03,Subscription,Forecast,284783.32,Q2 reforecast adjustment
F000995,2026_Q2_Forecast,2026-11-01,A5000,D01,R03,Subscription,Forecast,276589.1,Q2 reforecast adjustment
F000996,2026_Q2_Forecast,2026-12-01,A5000,D01,R03,Subscription,Forecast,281854.21,Q2 reforecast adjustment
F000997,2026_Q2_Forecast,2026-01-01,A5050,D01,R03,Subscription,Actualized,37861.4,Closed actual
F000998,2026_Q2_Forecast,2026-02-01,A5050,D01,R03,Subscription,Actualized,38301.43,Closed actual
F000999,2026_Q2_Forecast,2026-03-01,A5050,D01,R03,Subscription,Actualized,37387.18,Closed actual
F001000,2026_Q2_Forecast,2026-04-01,A5050,D01,R03,Subscription,Actualized,36465.04,Closed actual
F001001,2026_Q2_Forecast,2026-05-01,A5050,D01,R03,Subscription,Actualized,36877.8,Closed actual
F001002,2026_Q2_Forecast,2026-06-01,A5050,D01,R03,Subscription,Actualized,37345.55,Closed actual
F001003,2026_Q2_Forecast,2026-07-01,A5050,D01,R03,Subscription,Forecast,39289.42,Q2 reforecast adjustment
F001004,2026_Q2_Forecast,2026-08-01,A5050,D01,R03,Subscription,Forecast,39820.13,Q2 reforecast adjustment
F001005,2026_Q2_Forecast,2026-09-01,A5050,D01,R03,Subscription,Forecast,40245.69,Q2 reforecast adjustment
F001006,2026_Q2_Forecast,2026-10-01,A5050,D01,R03,Subscription,Forecast,40432.61,Q2 reforecast adjustment
F001007,2026_Q2_Forecast,2026-11-01,A5050,D01,R03,Subscription,Forecast,40095.68,Q2 reforecast adjustment
F001008,2026_Q2_Forecast,2026-12-01,A5050,D01,R03,Subscription,Forecast,40375.01,Q2 reforecast adjustment
F001009,2026_Q2_Forecast,2026-01-01,A6110,D04,R03,Corporate,Actualized,135682.53,Closed actual
F001010,2026_Q2_Forecast,2026-02-01,A6110,D04,R03,Corporate,Actualized,137927.46,Closed actual
F001011,2026_Q2_Forecast,2026-03-01,A6110,D04,R03,Corporate,Actualized,134419.31,Closed actual
F001012,2026_Q2_Forecast,2026-04-01,A6110,D04,R03,Corporate,Actualized,133936.42,Closed actual
F001013,2026_Q2_Forecast,2026-05-01,A6110,D04,R03,Corporate,Actualized,137376.47,Closed actual
F001014,2026_Q2_Forecast,2026-06-01,A6110,D04,R03,Corporate,Actualized,135773.05,Closed actual
F001015,2026_Q2_Forecast,2026-07-01,A6110,D04,R03,Corporate,Forecast,141826.25,Q2 reforecast adjustment
F001016,2026_Q2_Forecast,2026-08-01,A6110,D04,R03,Corporate,Forecast,143336.16,Q2 reforecast adjustment
F001017,2026_Q2_Forecast,2026-09-01,A6110,D04,R03,Corporate,Forecast,152661.83,Q2 reforecast adjustment
F001018,2026_Q2_Forecast,2026-10-01,A6110,D04,R03,Corporate,Forecast,160753.46,Q2 reforecast adjustment
F001019,2026_Q2_Forecast,2026-11-01,A6110,D04,R03,Corporate,Forecast,161355.15,Q2 reforecast adjustment
F001020,2026_Q2_Forecast,2026-12-01,A6110,D04,R03,Corporate,Forecast,149202.09,Q2 reforecast adjustment
F001021,2026_Q2_Forecast,2026-01-01,A6130,D05,R03,Corporate,Actualized,120628.42,Closed actual
F001022,2026_Q2_Forecast,2026-02-01,A6130,D05,R03,Corporate,Actualized,123316.31,Closed actual
F001023,2026_Q2_Forecast,2026-03-01,A6130,D05,R03,Corporate,Actualized,119957.27,Closed actual
F001024,2026_Q2_Forecast,2026-04-01,A6130,D05,R03,Corporate,Actualized,102413.69,Closed actual
F001025,2026_Q2_Forecast,2026-05-01,A6130,D05,R03,Corporate,Actualized,106670.54,Closed actual
F001026,2026_Q2_Forecast,2026-06-01,A6130,D05,R03,Corporate,Actualized,102636.69,Closed actual
F001027,2026_Q2_Forecast,2026-07-01,A6130,D05,R03,Corporate,Forecast,109629.71,Q2 reforecast adjustment
F001028,2026_Q2_Forecast,2026-08-01,A6130,D05,R03,Corporate,Forecast,110439.5,Q2 reforecast adjustment
F001029,2026_Q2_Forecast,2026-09-01,A6130,D05,R03,Corporate,Forecast,124506.67,Q2 reforecast adjustment
F001030,2026_Q2_Forecast,2026-10-01,A6130,D05,R03,Corporate,Forecast,185045.62,Q2 reforecast adjustment
F001031,2026_Q2_Forecast,2026-11-01,A6130,D05,R03,Corporate,Forecast,187829.86,Q2 reforecast adjustment
F001032,2026_Q2_Forecast,2026-12-01,A6130,D05,R03,Corporate,Forecast,159548.99,Q2 reforecast adjustment
F001033,2026_Q2_Forecast,2026-01-01,A6350,D07,R03,Corporate,Actualized,12532.82,Closed actual
F001034,2026_Q2_Forecast,2026-02-01,A6350,D07,R03,Corporate,Actualized,12812.08,Closed actual
F001035,2026_Q2_Forecast,2026-03-01,A6350,D07,R03,Corporate,Actualized,12463.09,Closed actual
F001036,2026_Q2_Forecast,2026-04-01,A6350,D07,R03,Corporate,Actualized,12722.2,Closed actual
F001037,2026_Q2_Forecast,2026-05-01,A6350,D07,R03,Corporate,Actualized,13251,Closed actual
F001038,2026_Q2_Forecast,2026-06-01,A6350,D07,R03,Corporate,Actualized,12749.9,Closed actual
F001039,2026_Q2_Forecast,2026-07-01,A6350,D07,R03,Corporate,Forecast,12550.48,Q2 reforecast adjustment
F001040,2026_Q2_Forecast,2026-08-01,A6350,D07,R03,Corporate,Forecast,12643.17,Q2 reforecast adjustment
F001041,2026_Q2_Forecast,2026-09-01,A6350,D07,R03,Corporate,Forecast,14253.6,Q2 reforecast adjustment
F001042,2026_Q2_Forecast,2026-10-01,A6350,D07,R03,Corporate,Forecast,15717.25,Q2 reforecast adjustment
F001043,2026_Q2_Forecast,2026-11-01,A6350,D07,R03,Corporate,Forecast,15953.75,Q2 reforecast adjustment
F001044,2026_Q2_Forecast,2026-12-01,A6350,D07,R03,Corporate,Forecast,8469.78,Q2 reforecast adjustment
F001045,2026_Q2_Forecast,2026-01-01,A6360,D07,R03,Corporate,Actualized,9399.62,Closed actual
F001046,2026_Q2_Forecast,2026-02-01,A6360,D07,R03,Corporate,Actualized,9609.06,Closed actual
F001047,2026_Q2_Forecast,2026-03-01,A6360,D07,R03,Corporate,Actualized,9347.32,Closed actual
F001048,2026_Q2_Forecast,2026-04-01,A6360,D07,R03,Corporate,Actualized,9541.65,Closed actual
F001049,2026_Q2_Forecast,2026-05-01,A6360,D07,R03,Corporate,Actualized,9938.25,Closed actual
F001050,2026_Q2_Forecast,2026-06-01,A6360,D07,R03,Corporate,Actualized,9562.42,Closed actual
F001051,2026_Q2_Forecast,2026-07-01,A6360,D07,R03,Corporate,Forecast,11215.31,Q2 reforecast adjustment
F001052,2026_Q2_Forecast,2026-08-01,A6360,D07,R03,Corporate,Forecast,11298.16,Q2 reforecast adjustment
F001053,2026_Q2_Forecast,2026-09-01,A6360,D07,R03,Corporate,Forecast,12737.25,Q2 reforecast adjustment
F001054,2026_Q2_Forecast,2026-10-01,A6360,D07,R03,Corporate,Forecast,14045.21,Q2 reforecast adjustment
F001055,2026_Q2_Forecast,2026-11-01,A6360,D07,R03,Corporate,Forecast,14256.53,Q2 reforecast adjustment
F001056,2026_Q2_Forecast,2026-12-01,A6360,D07,R03,Corporate,Forecast,12109.98,Q2 reforecast adjustment
F001057,2026_Q2_Forecast,2026-01-01,A6210,D06,R03,Corporate,Actualized,37689.74,Closed actual
F001058,2026_Q2_Forecast,2026-02-01,A6210,D06,R03,Corporate,Actualized,40731.17,Closed actual
F001059,2026_Q2_Forecast,2026-03-01,A6210,D06,R03,Corporate,Actualized,40437.31,Closed actual
F001060,2026_Q2_Forecast,2026-04-01,A6210,D06,R03,Corporate,Actualized,40140.91,Closed actual
F001061,2026_Q2_Forecast,2026-05-01,A6210,D06,R03,Corporate,Actualized,40273.58,Closed actual
F001062,2026_Q2_Forecast,2026-06-01,A6210,D06,R03,Corporate,Actualized,40423.93,Closed actual
F001063,2026_Q2_Forecast,2026-07-01,A6210,D06,R03,Corporate,Forecast,39065.25,Q2 reforecast adjustment
F001064,2026_Q2_Forecast,2026-08-01,A6210,D06,R03,Corporate,Forecast,40827.59,Q2 reforecast adjustment
F001065,2026_Q2_Forecast,2026-09-01,A6210,D06,R03,Corporate,Forecast,40964.57,Q2 reforecast adjustment
F001066,2026_Q2_Forecast,2026-10-01,A6210,D06,R03,Corporate,Forecast,39433.21,Q2 reforecast adjustment
F001067,2026_Q2_Forecast,2026-11-01,A6210,D06,R03,Corporate,Forecast,39324.77,Q2 reforecast adjustment
F001068,2026_Q2_Forecast,2026-12-01,A6210,D06,R03,Corporate,Forecast,39414.67,Q2 reforecast adjustment
F001069,2026_Q2_Forecast,2026-01-01,A6310,D10,R03,Corporate,Actualized,79952,Closed actual
F001070,2026_Q2_Forecast,2026-02-01,A6310,D10,R03,Corporate,Actualized,82992,Closed actual
F001071,2026_Q2_Forecast,2026-03-01,A6310,D10,R03,Corporate,Actualized,82232,Closed actual
F001072,2026_Q2_Forecast,2026-04-01,A6310,D10,R03,Corporate,Actualized,82992,Closed actual
F001073,2026_Q2_Forecast,2026-05-01,A6310,D10,R03,Corporate,Actualized,85272,Closed actual
F001074,2026_Q2_Forecast,2026-06-01,A6310,D10,R03,Corporate,Actualized,85272,Closed actual
F001075,2026_Q2_Forecast,2026-07-01,A6310,D10,R03,Corporate,Forecast,78304.32,Q2 reforecast adjustment
F001076,2026_Q2_Forecast,2026-08-01,A6310,D10,R03,Corporate,Forecast,79915.52,Q2 reforecast adjustment
F001077,2026_Q2_Forecast,2026-09-01,A6310,D10,R03,Corporate,Forecast,80721.12,Q2 reforecast adjustment
F001078,2026_Q2_Forecast,2026-10-01,A6310,D10,R03,Corporate,Forecast,81526.72,Q2 reforecast adjustment
F001079,2026_Q2_Forecast,2026-11-01,A6310,D10,R03,Corporate,Forecast,80721.12,Q2 reforecast adjustment
F001080,2026_Q2_Forecast,2026-12-01,A6310,D10,R03,Corporate,Forecast,82332.32,Q2 reforecast adjustment
F001081,2026_Q2_Forecast,2026-01-01,A6320,D10,R03,Corporate,Actualized,43132,Closed actual
F001082,2026_Q2_Forecast,2026-02-01,A6320,D10,R03,Corporate,Actualized,44772,Closed actual
F001083,2026_Q2_Forecast,2026-03-01,A6320,D10,R03,Corporate,Actualized,44362,Closed actual
F001084,2026_Q2_Forecast,2026-04-01,A6320,D10,R03,Corporate,Actualized,44772,Closed actual
F001085,2026_Q2_Forecast,2026-05-01,A6320,D10,R03,Corporate,Actualized,46002,Closed actual
F001086,2026_Q2_Forecast,2026-06-01,A6320,D10,R03,Corporate,Actualized,46002,Closed actual
F001087,2026_Q2_Forecast,2026-07-01,A6320,D10,R03,Corporate,Forecast,44678.08,Q2 reforecast adjustment
F001088,2026_Q2_Forecast,2026-08-01,A6320,D10,R03,Corporate,Forecast,45597.38,Q2 reforecast adjustment
F001089,2026_Q2_Forecast,2026-09-01,A6320,D10,R03,Corporate,Forecast,46057.03,Q2 reforecast adjustment
F001090,2026_Q2_Forecast,2026-10-01,A6320,D10,R03,Corporate,Forecast,46516.68,Q2 reforecast adjustment
F001091,2026_Q2_Forecast,2026-11-01,A6320,D10,R03,Corporate,Forecast,46057.03,Q2 reforecast adjustment
F001092,2026_Q2_Forecast,2026-12-01,A6320,D10,R03,Corporate,Forecast,46976.33,Q2 reforecast adjustment
F001093,2026_Q2_Forecast,2026-01-01,A5000,D01,R04,Subscription,Actualized,149643.58,Closed actual
F001094,2026_Q2_Forecast,2026-02-01,A5000,D01,R04,Subscription,Actualized,150185.93,Closed actual
F001095,2026_Q2_Forecast,2026-03-01,A5000,D01,R04,Subscription,Actualized,156512.22,Closed actual
F001096,2026_Q2_Forecast,2026-04-01,A5000,D01,R04,Subscription,Actualized,148265.33,Closed actual
F001097,2026_Q2_Forecast,2026-05-01,A5000,D01,R04,Subscription,Actualized,139470,Closed actual
F001098,2026_Q2_Forecast,2026-06-01,A5000,D01,R04,Subscription,Actualized,142221.13,Closed actual
F001099,2026_Q2_Forecast,2026-07-01,A5000,D01,R04,Subscription,Forecast,153955.42,Q2 reforecast adjustment
F001100,2026_Q2_Forecast,2026-08-01,A5000,D01,R04,Subscription,Forecast,151459.18,Q2 reforecast adjustment
F001101,2026_Q2_Forecast,2026-09-01,A5000,D01,R04,Subscription,Forecast,150359.03,Q2 reforecast adjustment
F001102,2026_Q2_Forecast,2026-10-01,A5000,D01,R04,Subscription,Forecast,153702.25,Q2 reforecast adjustment
F001103,2026_Q2_Forecast,2026-11-01,A5000,D01,R04,Subscription,Forecast,148657.45,Q2 reforecast adjustment
F001104,2026_Q2_Forecast,2026-12-01,A5000,D01,R04,Subscription,Forecast,150300.28,Q2 reforecast adjustment
F001105,2026_Q2_Forecast,2026-01-01,A5050,D01,R04,Subscription,Actualized,19410.7,Closed actual
F001106,2026_Q2_Forecast,2026-02-01,A5050,D01,R04,Subscription,Actualized,19624.78,Closed actual
F001107,2026_Q2_Forecast,2026-03-01,A5050,D01,R04,Subscription,Actualized,19930.16,Closed actual
F001108,2026_Q2_Forecast,2026-04-01,A5050,D01,R04,Subscription,Actualized,20142.46,Closed actual
F001109,2026_Q2_Forecast,2026-05-01,A5050,D01,R04,Subscription,Actualized,20517.38,Closed actual
F001110,2026_Q2_Forecast,2026-06-01,A5050,D01,R04,Subscription,Actualized,20808.44,Closed actual
F001111,2026_Q2_Forecast,2026-07-01,A5050,D01,R04,Subscription,Forecast,21662.18,Q2 reforecast adjustment
F001112,2026_Q2_Forecast,2026-08-01,A5050,D01,R04,Subscription,Forecast,21544.32,Q2 reforecast adjustment
F001113,2026_Q2_Forecast,2026-09-01,A5050,D01,R04,Subscription,Forecast,21462.96,Q2 reforecast adjustment
F001114,2026_Q2_Forecast,2026-10-01,A5050,D01,R04,Subscription,Forecast,21504.06,Q2 reforecast adjustment
F001115,2026_Q2_Forecast,2026-11-01,A5050,D01,R04,Subscription,Forecast,21562.03,Q2 reforecast adjustment
F001116,2026_Q2_Forecast,2026-12-01,A5050,D01,R04,Subscription,Forecast,21444.32,Q2 reforecast adjustment
F001117,2026_Q2_Forecast,2026-01-01,A6110,D04,R04,Corporate,Actualized,68008.62,Closed actual
F001118,2026_Q2_Forecast,2026-02-01,A6110,D04,R04,Corporate,Actualized,68878.39,Closed actual
F001119,2026_Q2_Forecast,2026-03-01,A6110,D04,R04,Corporate,Actualized,70500.41,Closed actual
F001120,2026_Q2_Forecast,2026-04-01,A6110,D04,R04,Corporate,Actualized,72071.01,Closed actual
F001121,2026_Q2_Forecast,2026-05-01,A6110,D04,R04,Corporate,Actualized,77441.45,Closed actual
F001122,2026_Q2_Forecast,2026-06-01,A6110,D04,R04,Corporate,Actualized,78265.94,Closed actual
F001123,2026_Q2_Forecast,2026-07-01,A6110,D04,R04,Corporate,Forecast,75532.11,Q2 reforecast adjustment
F001124,2026_Q2_Forecast,2026-08-01,A6110,D04,R04,Corporate,Forecast,75827.69,Q2 reforecast adjustment
F001125,2026_Q2_Forecast,2026-09-01,A6110,D04,R04,Corporate,Forecast,74675.13,Q2 reforecast adjustment
F001126,2026_Q2_Forecast,2026-10-01,A6110,D04,R04,Corporate,Forecast,75054.92,Q2 reforecast adjustment
F001127,2026_Q2_Forecast,2026-11-01,A6110,D04,R04,Corporate,Forecast,75088.76,Q2 reforecast adjustment
F001128,2026_Q2_Forecast,2026-12-01,A6110,D04,R04,Corporate,Forecast,74712.82,Q2 reforecast adjustment
F001129,2026_Q2_Forecast,2026-01-01,A6130,D05,R04,Corporate,Actualized,58854.37,Closed actual
F001130,2026_Q2_Forecast,2026-02-01,A6130,D05,R04,Corporate,Actualized,59733.91,Closed actual
F001131,2026_Q2_Forecast,2026-03-01,A6130,D05,R04,Corporate,Actualized,61722.58,Closed actual
F001132,2026_Q2_Forecast,2026-04-01,A6130,D05,R04,Corporate,Actualized,53491.99,Closed actual
F001133,2026_Q2_Forecast,2026-05-01,A6130,D05,R04,Corporate,Actualized,60974.25,Closed actual
F001134,2026_Q2_Forecast,2026-06-01,A6130,D05,R04,Corporate,Actualized,61397.96,Closed actual
F001135,2026_Q2_Forecast,2026-07-01,A6130,D05,R04,Corporate,Forecast,56039.95,Q2 reforecast adjustment
F001136,2026_Q2_Forecast,2026-08-01,A6130,D05,R04,Corporate,Forecast,56903.32,Q2 reforecast adjustment
F001137,2026_Q2_Forecast,2026-09-01,A6130,D05,R04,Corporate,Forecast,55256.18,Q2 reforecast adjustment
F001138,2026_Q2_Forecast,2026-10-01,A6130,D05,R04,Corporate,Forecast,75146.02,Q2 reforecast adjustment
F001139,2026_Q2_Forecast,2026-11-01,A6130,D05,R04,Corporate,Forecast,74973.07,Q2 reforecast adjustment
F001140,2026_Q2_Forecast,2026-12-01,A6130,D05,R04,Corporate,Forecast,74639.54,Q2 reforecast adjustment
F001141,2026_Q2_Forecast,2026-01-01,A6350,D07,R04,Corporate,Actualized,6114.74,Closed actual
F001142,2026_Q2_Forecast,2026-02-01,A6350,D07,R04,Corporate,Actualized,6206.12,Closed actual
F001143,2026_Q2_Forecast,2026-03-01,A6350,D07,R04,Corporate,Actualized,6412.74,Closed actual
F001144,2026_Q2_Forecast,2026-04-01,A6350,D07,R04,Corporate,Actualized,6644.97,Closed actual
F001145,2026_Q2_Forecast,2026-05-01,A6350,D07,R04,Corporate,Actualized,7574.44,Closed actual
F001146,2026_Q2_Forecast,2026-06-01,A6350,D07,R04,Corporate,Actualized,7627.08,Closed actual
F001147,2026_Q2_Forecast,2026-07-01,A6350,D07,R04,Corporate,Forecast,6415.48,Q2 reforecast adjustment
F001148,2026_Q2_Forecast,2026-08-01,A6350,D07,R04,Corporate,Forecast,6514.32,Q2 reforecast adjustment
F001149,2026_Q2_Forecast,2026-09-01,A6350,D07,R04,Corporate,Forecast,6325.77,Q2 reforecast adjustment
F001150,2026_Q2_Forecast,2026-10-01,A6350,D07,R04,Corporate,Forecast,6382.69,Q2 reforecast adjustment
F001151,2026_Q2_Forecast,2026-11-01,A6350,D07,R04,Corporate,Forecast,6368,Q2 reforecast adjustment
F001152,2026_Q2_Forecast,2026-12-01,A6350,D07,R04,Corporate,Forecast,3962.3,Q2 reforecast adjustment
F001153,2026_Q2_Forecast,2026-01-01,A6360,D07,R04,Corporate,Actualized,4586.06,Closed actual
F001154,2026_Q2_Forecast,2026-02-01,A6360,D07,R04,Corporate,Actualized,4654.59,Closed actual
F001155,2026_Q2_Forecast,2026-03-01,A6360,D07,R04,Corporate,Actualized,4809.55,Closed actual
F001156,2026_Q2_Forecast,2026-04-01,A6360,D07,R04,Corporate,Actualized,4983.73,Closed actual
F001157,2026_Q2_Forecast,2026-05-01,A6360,D07,R04,Corporate,Actualized,5680.83,Closed actual
F001158,2026_Q2_Forecast,2026-06-01,A6360,D07,R04,Corporate,Actualized,5720.31,Closed actual
F001159,2026_Q2_Forecast,2026-07-01,A6360,D07,R04,Corporate,Forecast,5732.99,Q2 reforecast adjustment
F001160,2026_Q2_Forecast,2026-08-01,A6360,D07,R04,Corporate,Forecast,5821.31,Q2 reforecast adjustment
F001161,2026_Q2_Forecast,2026-09-01,A6360,D07,R04,Corporate,Forecast,5652.81,Q2 reforecast adjustment
F001162,2026_Q2_Forecast,2026-10-01,A6360,D07,R04,Corporate,Forecast,5703.68,Q2 reforecast adjustment
F001163,2026_Q2_Forecast,2026-11-01,A6360,D07,R04,Corporate,Forecast,5690.56,Q2 reforecast adjustment
F001164,2026_Q2_Forecast,2026-12-01,A6360,D07,R04,Corporate,Forecast,5665.24,Q2 reforecast adjustment
F001165,2026_Q2_Forecast,2026-01-01,A6210,D06,R04,Corporate,Actualized,30889.15,Closed actual
F001166,2026_Q2_Forecast,2026-02-01,A6210,D06,R04,Corporate,Actualized,30957.96,Closed actual
F001167,2026_Q2_Forecast,2026-03-01,A6210,D06,R04,Corporate,Actualized,31056.12,Closed actual
F001168,2026_Q2_Forecast,2026-04-01,A6210,D06,R04,Corporate,Actualized,31124.36,Closed actual
F001169,2026_Q2_Forecast,2026-05-01,A6210,D06,R04,Corporate,Actualized,31244.87,Closed actual
F001170,2026_Q2_Forecast,2026-06-01,A6210,D06,R04,Corporate,Actualized,31338.43,Closed actual
F001171,2026_Q2_Forecast,2026-07-01,A6210,D06,R04,Corporate,Forecast,32436.7,Q2 reforecast adjustment
F001172,2026_Q2_Forecast,2026-08-01,A6210,D06,R04,Corporate,Forecast,32398.76,Q2 reforecast adjustment
F001173,2026_Q2_Forecast,2026-09-01,A6210,D06,R04,Corporate,Forecast,33964.1,Q2 reforecast adjustment
F001174,2026_Q2_Forecast,2026-10-01,A6210,D06,R04,Corporate,Forecast,32385.8,Q2 reforecast adjustment
F001175,2026_Q2_Forecast,2026-11-01,A6210,D06,R04,Corporate,Forecast,33995.97,Q2 reforecast adjustment
F001176,2026_Q2_Forecast,2026-12-01,A6210,D06,R04,Corporate,Forecast,33958.09,Q2 reforecast adjustment
F001177,2026_Q2_Forecast,2026-01-01,A6310,D10,R04,Corporate,Actualized,27140,Closed actual
F001178,2026_Q2_Forecast,2026-02-01,A6310,D10,R04,Corporate,Actualized,25960,Closed actual
F001179,2026_Q2_Forecast,2026-03-01,A6310,D10,R04,Corporate,Actualized,25960,Closed actual
F001180,2026_Q2_Forecast,2026-04-01,A6310,D10,R04,Corporate,Actualized,26550,Closed actual
F001181,2026_Q2_Forecast,2026-05-01,A6310,D10,R04,Corporate,Actualized,26550,Closed actual
F001182,2026_Q2_Forecast,2026-06-01,A6310,D10,R04,Corporate,Actualized,27140,Closed actual
F001183,2026_Q2_Forecast,2026-07-01,A6310,D10,R04,Corporate,Forecast,27517.6,Q2 reforecast adjustment
F001184,2026_Q2_Forecast,2026-08-01,A6310,D10,R04,Corporate,Forecast,27517.6,Q2 reforecast adjustment
F001185,2026_Q2_Forecast,2026-09-01,A6310,D10,R04,Corporate,Forecast,28143,Q2 reforecast adjustment
F001186,2026_Q2_Forecast,2026-10-01,A6310,D10,R04,Corporate,Forecast,28143,Q2 reforecast adjustment
F001187,2026_Q2_Forecast,2026-11-01,A6310,D10,R04,Corporate,Forecast,28143,Q2 reforecast adjustment
F001188,2026_Q2_Forecast,2026-12-01,A6310,D10,R04,Corporate,Forecast,28143,Q2 reforecast adjustment
F001189,2026_Q2_Forecast,2026-01-01,A6320,D10,R04,Corporate,Actualized,18860,Closed actual
F001190,2026_Q2_Forecast,2026-02-01,A6320,D10,R04,Corporate,Actualized,18040,Closed actual
F001191,2026_Q2_Forecast,2026-03-01,A6320,D10,R04,Corporate,Actualized,18040,Closed actual
F001192,2026_Q2_Forecast,2026-04-01,A6320,D10,R04,Corporate,Actualized,18450,Closed actual
F001193,2026_Q2_Forecast,2026-05-01,A6320,D10,R04,Corporate,Actualized,18450,Closed actual
F001194,2026_Q2_Forecast,2026-06-01,A6320,D10,R04,Corporate,Actualized,18860,Closed actual
F001195,2026_Q2_Forecast,2026-07-01,A6320,D10,R04,Corporate,Forecast,20224.64,Q2 reforecast adjustment
F001196,2026_Q2_Forecast,2026-08-01,A6320,D10,R04,Corporate,Forecast,20224.64,Q2 reforecast adjustment
F001197,2026_Q2_Forecast,2026-09-01,A6320,D10,R04,Corporate,Forecast,20684.3,Q2 reforecast adjustment
F001198,2026_Q2_Forecast,2026-10-01,A6320,D10,R04,Corporate,Forecast,20684.3,Q2 reforecast adjustment
F001199,2026_Q2_Forecast,2026-11-01,A6320,D10,R04,Corporate,Forecast,20684.3,Q2 reforecast adjustment
F001200,2026_Q2_Forecast,2026-12-01,A6320,D10,R04,Corporate,Forecast,20684.3,Q2 reforecast adjustment
F001201,2026_Q2_Forecast,2026-01-01,A6330,D07,R02,Corporate,Actualized,205059.43,Closed actual
F001202,2026_Q2_Forecast,2026-02-01,A6330,D07,R02,Corporate,Actualized,210481.31,Closed actual
F001203,2026_Q2_Forecast,2026-03-01,A6330,D07,R02,Corporate,Actualized,208780.77,Closed actual
F001204,2026_Q2_Forecast,2026-04-01,A6330,D07,R02,Corporate,Actualized,138235.72,Closed actual
F001205,2026_Q2_Forecast,2026-05-01,A6330,D07,R02,Corporate,Actualized,142040.9,Closed actual
F001206,2026_Q2_Forecast,2026-06-01,A6330,D07,R02,Corporate,Actualized,138301.36,Closed actual
F001207,2026_Q2_Forecast,2026-07-01,A6330,D07,R02,Corporate,Forecast,148583.59,Q2 reforecast adjustment
F001208,2026_Q2_Forecast,2026-08-01,A6330,D07,R02,Corporate,Forecast,154389.54,Q2 reforecast adjustment
F001209,2026_Q2_Forecast,2026-09-01,A6330,D07,R02,Corporate,Forecast,156633.47,Q2 reforecast adjustment
F001210,2026_Q2_Forecast,2026-10-01,A6330,D07,R02,Corporate,Forecast,164331.87,Q2 reforecast adjustment
F001211,2026_Q2_Forecast,2026-11-01,A6330,D07,R02,Corporate,Forecast,167344.62,Q2 reforecast adjustment
F001212,2026_Q2_Forecast,2026-12-01,A6330,D07,R02,Corporate,Forecast,156531.12,Q2 reforecast adjustment
F001213,2026_Q2_Forecast,2026-01-01,A6370,D10,R02,Corporate,Actualized,205059.43,Closed actual
F001214,2026_Q2_Forecast,2026-02-01,A6370,D10,R02,Corporate,Actualized,210481.31,Closed actual
F001215,2026_Q2_Forecast,2026-03-01,A6370,D10,R02,Corporate,Actualized,208780.77,Closed actual
F001216,2026_Q2_Forecast,2026-04-01,A6370,D10,R02,Corporate,Actualized,207353.58,Closed actual
F001217,2026_Q2_Forecast,2026-05-01,A6370,D10,R02,Corporate,Actualized,213061.34,Closed actual
F001218,2026_Q2_Forecast,2026-06-01,A6370,D10,R02,Corporate,Actualized,207452.04,Closed actual
F001219,2026_Q2_Forecast,2026-07-01,A6370,D10,R02,Corporate,Forecast,208085.81,Q2 reforecast adjustment
F001220,2026_Q2_Forecast,2026-08-01,A6370,D10,R02,Corporate,Forecast,216216.83,Q2 reforecast adjustment
F001221,2026_Q2_Forecast,2026-09-01,A6370,D10,R02,Corporate,Forecast,219359.37,Q2 reforecast adjustment
F001222,2026_Q2_Forecast,2026-10-01,A6370,D10,R02,Corporate,Forecast,230140.7,Q2 reforecast adjustment
F001223,2026_Q2_Forecast,2026-11-01,A6370,D10,R02,Corporate,Forecast,234359.94,Q2 reforecast adjustment
F001224,2026_Q2_Forecast,2026-12-01,A6370,D10,R02,Corporate,Forecast,219216.04,Q2 reforecast adjustment
F001225,2026_Q2_Forecast,2026-01-01,A6340,D08,R02,Corporate,Actualized,9013.21,Closed actual
F001226,2026_Q2_Forecast,2026-02-01,A6340,D08,R02,Corporate,Actualized,0,Closed actual
F001227,2026_Q2_Forecast,2026-03-01,A6340,D08,R02,Corporate,Actualized,0,Closed actual
F001228,2026_Q2_Forecast,2026-04-01,A6340,D08,R02,Corporate,Actualized,10629.15,Closed actual
F001229,2026_Q2_Forecast,2026-05-01,A6340,D08,R02,Corporate,Actualized,0,Closed actual
F001230,2026_Q2_Forecast,2026-06-01,A6340,D08,R02,Corporate,Actualized,14757.04,Closed actual
F001231,2026_Q2_Forecast,2026-07-01,A6340,D08,R02,Corporate,Forecast,0,Q2 reforecast adjustment
F001232,2026_Q2_Forecast,2026-08-01,A6340,D08,R02,Corporate,Forecast,24185.48,Q2 reforecast adjustment
F001233,2026_Q2_Forecast,2026-09-01,A6340,D08,R02,Corporate,Forecast,0,Q2 reforecast adjustment
F001234,2026_Q2_Forecast,2026-10-01,A6340,D08,R02,Corporate,Forecast,0,Q2 reforecast adjustment
F001235,2026_Q2_Forecast,2026-11-01,A6340,D08,R02,Corporate,Forecast,32771.91,Q2 reforecast adjustment
F001236,2026_Q2_Forecast,2026-12-01,A6340,D08,R02,Corporate,Forecast,0,Q2 reforecast adjustment
F001237,2026_Q2_Forecast,2026-01-01,A6340,D08,R03,Corporate,Actualized,37932.32,Closed actual
F001238,2026_Q2_Forecast,2026-02-01,A6340,D08,R03,Corporate,Actualized,42051.08,Closed actual
F001239,2026_Q2_Forecast,2026-03-01,A6340,D08,R03,Corporate,Actualized,0,Closed actual
F001240,2026_Q2_Forecast,2026-04-01,A6340,D08,R03,Corporate,Actualized,11290.48,Closed actual
F001241,2026_Q2_Forecast,2026-05-01,A6340,D08,R03,Corporate,Actualized,41786.86,Closed actual
F001242,2026_Q2_Forecast,2026-06-01,A6340,D08,R03,Corporate,Actualized,0,Closed actual
F001243,2026_Q2_Forecast,2026-07-01,A6340,D08,R03,Corporate,Forecast,9331.96,Q2 reforecast adjustment
F001244,2026_Q2_Forecast,2026-08-01,A6340,D08,R03,Corporate,Forecast,21395.65,Q2 reforecast adjustment
F001245,2026_Q2_Forecast,2026-09-01,A6340,D08,R03,Corporate,Forecast,10384.08,Q2 reforecast adjustment
F001246,2026_Q2_Forecast,2026-10-01,A6340,D08,R03,Corporate,Forecast,19848.97,Q2 reforecast adjustment
F001247,2026_Q2_Forecast,2026-11-01,A6340,D08,R03,Corporate,Forecast,0,Q2 reforecast adjustment
F001248,2026_Q2_Forecast,2026-12-01,A6340,D08,R03,Corporate,Forecast,31992.08,Q2 reforecast adjustment
F001249,2026_Q2_Forecast,2026-01-01,A6340,D08,R04,Corporate,Actualized,11281.6,Closed actual
F001250,2026_Q2_Forecast,2026-02-01,A6340,D08,R04,Corporate,Actualized,0,Closed actual
F001251,2026_Q2_Forecast,2026-03-01,A6340,D08,R04,Corporate,Actualized,0,Closed actual
F001252,2026_Q2_Forecast,2026-04-01,A6340,D08,R04,Corporate,Actualized,12618.2,Closed actual
F001253,2026_Q2_Forecast,2026-05-01,A6340,D08,R04,Corporate,Actualized,0,Closed actual
F001254,2026_Q2_Forecast,2026-06-01,A6340,D08,R04,Corporate,Actualized,12619.73,Closed actual
F001255,2026_Q2_Forecast,2026-07-01,A6340,D08,R04,Corporate,Forecast,8303.39,Q2 reforecast adjustment
F001256,2026_Q2_Forecast,2026-08-01,A6340,D08,R04,Corporate,Forecast,0,Q2 reforecast adjustment
F001257,2026_Q2_Forecast,2026-09-01,A6340,D08,R04,Corporate,Forecast,8763,Q2 reforecast adjustment
F001258,2026_Q2_Forecast,2026-10-01,A6340,D08,R04,Corporate,Forecast,7221.6,Q2 reforecast adjustment
F001259,2026_Q2_Forecast,2026-11-01,A6340,D08,R04,Corporate,Forecast,9517.7,Q2 reforecast adjustment
F001260,2026_Q2_Forecast,2026-12-01,A6340,D08,R04,Corporate,Forecast,0,Q2 reforecast adjustment
