budget_row_id,budget_version,month_start,account_id,department_id,region_id,business_line,amount_usd,budget_driver
B000001,FY2026_Budget_v1,2026-01-01,A4000,D00,R03,Subscription,2705913.65,Growth and retention plan
B000002,FY2026_Budget_v1,2026-02-01,A4000,D00,R03,Subscription,2743545.57,Growth and retention plan
B000003,FY2026_Budget_v1,2026-03-01,A4000,D00,R03,Subscription,2776647,Growth and retention plan
B000004,FY2026_Budget_v1,2026-04-01,A4000,D00,R03,Subscription,2806183,Growth and retention plan
B000005,FY2026_Budget_v1,2026-05-01,A4000,D00,R03,Subscription,2857485.11,Growth and retention plan
B000006,FY2026_Budget_v1,2026-06-01,A4000,D00,R03,Subscription,2951273.95,Growth and retention plan
B000007,FY2026_Budget_v1,2026-07-01,A4000,D00,R03,Subscription,3021199.56,Growth and retention plan
B000008,FY2026_Budget_v1,2026-08-01,A4000,D00,R03,Subscription,3062009.39,Growth and retention plan
B000009,FY2026_Budget_v1,2026-09-01,A4000,D00,R03,Subscription,3094732.92,Growth and retention plan
B000010,FY2026_Budget_v1,2026-10-01,A4000,D00,R03,Subscription,3109105.72,Growth and retention plan
B000011,FY2026_Budget_v1,2026-11-01,A4000,D00,R03,Subscription,3083197.8,Growth and retention plan
B000012,FY2026_Budget_v1,2026-12-01,A4000,D00,R03,Subscription,3104677,Growth and retention plan
B000013,FY2026_Budget_v1,2026-01-01,A4000,D00,R02,Subscription,2672760.95,Growth and retention plan
B000014,FY2026_Budget_v1,2026-02-01,A4000,D00,R02,Subscription,2698125.63,Growth and retention plan
B000015,FY2026_Budget_v1,2026-03-01,A4000,D00,R02,Subscription,2713628.71,Growth and retention plan
B000016,FY2026_Budget_v1,2026-04-01,A4000,D00,R02,Subscription,2768850.13,Growth and retention plan
B000017,FY2026_Budget_v1,2026-05-01,A4000,D00,R02,Subscription,2881998.84,Growth and retention plan
B000018,FY2026_Budget_v1,2026-06-01,A4000,D00,R02,Subscription,2994235.8,Growth and retention plan
B000019,FY2026_Budget_v1,2026-07-01,A4000,D00,R02,Subscription,3041822.4,Growth and retention plan
B000020,FY2026_Budget_v1,2026-08-01,A4000,D00,R02,Subscription,3056839.9,Growth and retention plan
B000021,FY2026_Budget_v1,2026-09-01,A4000,D00,R02,Subscription,3098986.38,Growth and retention plan
B000022,FY2026_Budget_v1,2026-10-01,A4000,D00,R02,Subscription,3138125.05,Growth and retention plan
B000023,FY2026_Budget_v1,2026-11-01,A4000,D00,R02,Subscription,3155972.17,Growth and retention plan
B000024,FY2026_Budget_v1,2026-12-01,A4000,D00,R02,Subscription,3172819.58,Growth and retention plan
B000025,FY2026_Budget_v1,2026-01-01,A4000,D00,R04,Subscription,1488184.33,Growth and retention plan
B000026,FY2026_Budget_v1,2026-02-01,A4000,D00,R04,Subscription,1511687.06,Growth and retention plan
B000027,FY2026_Budget_v1,2026-03-01,A4000,D00,R04,Subscription,1541357.94,Growth and retention plan
B000028,FY2026_Budget_v1,2026-04-01,A4000,D00,R04,Subscription,1542544.53,Growth and retention plan
B000029,FY2026_Budget_v1,2026-05-01,A4000,D00,R04,Subscription,1581167.61,Growth and retention plan
B000030,FY2026_Budget_v1,2026-06-01,A4000,D00,R04,Subscription,1645192.75,Growth and retention plan
B000031,FY2026_Budget_v1,2026-07-01,A4000,D00,R04,Subscription,1665735.54,Growth and retention plan
B000032,FY2026_Budget_v1,2026-08-01,A4000,D00,R04,Subscription,1656671.7,Growth and retention plan
B000033,FY2026_Budget_v1,2026-09-01,A4000,D00,R04,Subscription,1650415.04,Growth and retention plan
B000034,FY2026_Budget_v1,2026-10-01,A4000,D00,R04,Subscription,1653576.54,Growth and retention plan
B000035,FY2026_Budget_v1,2026-11-01,A4000,D00,R04,Subscription,1658034.41,Growth and retention plan
B000036,FY2026_Budget_v1,2026-12-01,A4000,D00,R04,Subscription,1648982.55,Growth and retention plan
B000037,FY2026_Budget_v1,2026-01-01,A4000,D00,R01,Subscription,3098122.19,Growth and retention plan
B000038,FY2026_Budget_v1,2026-02-01,A4000,D00,R01,Subscription,3103096.49,Growth and retention plan
B000039,FY2026_Budget_v1,2026-03-01,A4000,D00,R01,Subscription,3115313.66,Growth and retention plan
B000040,FY2026_Budget_v1,2026-04-01,A4000,D00,R01,Subscription,3136004.67,Growth and retention plan
B000041,FY2026_Budget_v1,2026-05-01,A4000,D00,R01,Subscription,3159287.05,Growth and retention plan
B000042,FY2026_Budget_v1,2026-06-01,A4000,D00,R01,Subscription,3172755.37,Growth and retention plan
B000043,FY2026_Budget_v1,2026-07-01,A4000,D00,R01,Subscription,3182602.06,Growth and retention plan
B000044,FY2026_Budget_v1,2026-08-01,A4000,D00,R01,Subscription,3240464.98,Growth and retention plan
B000045,FY2026_Budget_v1,2026-09-01,A4000,D00,R01,Subscription,3309687.15,Growth and retention plan
B000046,FY2026_Budget_v1,2026-10-01,A4000,D00,R01,Subscription,3340079.42,Growth and retention plan
B000047,FY2026_Budget_v1,2026-11-01,A4000,D00,R01,Subscription,3366385.88,Growth and retention plan
B000048,FY2026_Budget_v1,2026-12-01,A4000,D00,R01,Subscription,3408854.13,Growth and retention plan
B000049,FY2026_Budget_v1,2026-01-01,A4010,D00,R02,Services,511987.97,Growth and retention plan
B000050,FY2026_Budget_v1,2026-02-01,A4010,D00,R02,Services,463379.35,Growth and retention plan
B000051,FY2026_Budget_v1,2026-03-01,A4010,D00,R02,Services,288481.81,Growth and retention plan
B000052,FY2026_Budget_v1,2026-04-01,A4010,D00,R02,Services,359118.86,Growth and retention plan
B000053,FY2026_Budget_v1,2026-05-01,A4010,D00,R02,Services,127851.1,Growth and retention plan
B000054,FY2026_Budget_v1,2026-06-01,A4010,D00,R02,Services,307999.19,Growth and retention plan
B000055,FY2026_Budget_v1,2026-07-01,A4010,D00,R02,Services,261215.07,Growth and retention plan
B000056,FY2026_Budget_v1,2026-08-01,A4010,D00,R02,Services,500874.55,Growth and retention plan
B000057,FY2026_Budget_v1,2026-09-01,A4010,D00,R02,Services,501734.9,Growth and retention plan
B000058,FY2026_Budget_v1,2026-10-01,A4010,D00,R02,Services,493850.15,Growth and retention plan
B000059,FY2026_Budget_v1,2026-11-01,A4010,D00,R02,Services,417122.65,Growth and retention plan
B000060,FY2026_Budget_v1,2026-12-01,A4010,D00,R02,Services,125233.57,Growth and retention plan
B000061,FY2026_Budget_v1,2026-01-01,A5030,D03,R02,Services,25151.02,Headcount and unit-cost plan
B000062,FY2026_Budget_v1,2026-02-01,A5030,D03,R02,Services,41056.73,Headcount and unit-cost plan
B000063,FY2026_Budget_v1,2026-03-01,A5030,D03,R02,Services,16481.93,Headcount and unit-cost plan
B000064,FY2026_Budget_v1,2026-04-01,A5030,D03,R02,Services,22728.08,Headcount and unit-cost plan
B000065,FY2026_Budget_v1,2026-05-01,A5030,D03,R02,Services,9697.19,Headcount and unit-cost plan
B000066,FY2026_Budget_v1,2026-06-01,A5030,D03,R02,Services,17153.5,Headcount and unit-cost plan
B000067,FY2026_Budget_v1,2026-07-01,A5030,D03,R02,Services,16955.01,Headcount and unit-cost plan
B000068,FY2026_Budget_v1,2026-08-01,A5030,D03,R02,Services,23136.03,Headcount and unit-cost plan
B000069,FY2026_Budget_v1,2026-09-01,A5030,D03,R02,Services,24247.13,Headcount and unit-cost plan
B000070,FY2026_Budget_v1,2026-10-01,A5030,D03,R02,Services,23701.56,Headcount and unit-cost plan
B000071,FY2026_Budget_v1,2026-11-01,A5030,D03,R02,Services,27144.31,Headcount and unit-cost plan
B000072,FY2026_Budget_v1,2026-12-01,A5030,D03,R02,Services,9827.94,Headcount and unit-cost plan
B000073,FY2026_Budget_v1,2026-01-01,A5040,D03,R02,Services,7068.78,Headcount and unit-cost plan
B000074,FY2026_Budget_v1,2026-02-01,A5040,D03,R02,Services,6914.49,Headcount and unit-cost plan
B000075,FY2026_Budget_v1,2026-03-01,A5040,D03,R02,Services,4150.54,Headcount and unit-cost plan
B000076,FY2026_Budget_v1,2026-04-01,A5040,D03,R02,Services,4481.76,Headcount and unit-cost plan
B000077,FY2026_Budget_v1,2026-05-01,A5040,D03,R02,Services,1454.26,Headcount and unit-cost plan
B000078,FY2026_Budget_v1,2026-06-01,A5040,D03,R02,Services,2366.19,Headcount and unit-cost plan
B000079,FY2026_Budget_v1,2026-07-01,A5040,D03,R02,Services,5263.91,Headcount and unit-cost plan
B000080,FY2026_Budget_v1,2026-08-01,A5040,D03,R02,Services,8543.37,Headcount and unit-cost plan
B000081,FY2026_Budget_v1,2026-09-01,A5040,D03,R02,Services,8768.86,Headcount and unit-cost plan
B000082,FY2026_Budget_v1,2026-10-01,A5040,D03,R02,Services,4960.29,Headcount and unit-cost plan
B000083,FY2026_Budget_v1,2026-11-01,A5040,D03,R02,Services,1759.9,Headcount and unit-cost plan
B000084,FY2026_Budget_v1,2026-12-01,A5040,D03,R02,Services,894.07,Headcount and unit-cost plan
B000085,FY2026_Budget_v1,2026-01-01,A4010,D00,R01,Services,263610.96,Growth and retention plan
B000086,FY2026_Budget_v1,2026-02-01,A4010,D00,R01,Services,428259.1,Growth and retention plan
B000087,FY2026_Budget_v1,2026-03-01,A4010,D00,R01,Services,554928.01,Growth and retention plan
B000088,FY2026_Budget_v1,2026-04-01,A4010,D00,R01,Services,550058.04,Growth and retention plan
B000089,FY2026_Budget_v1,2026-05-01,A4010,D00,R01,Services,618223.78,Growth and retention plan
B000090,FY2026_Budget_v1,2026-06-01,A4010,D00,R01,Services,553812.88,Growth and retention plan
B000091,FY2026_Budget_v1,2026-07-01,A4010,D00,R01,Services,599512.49,Growth and retention plan
B000092,FY2026_Budget_v1,2026-08-01,A4010,D00,R01,Services,613374.9,Growth and retention plan
B000093,FY2026_Budget_v1,2026-09-01,A4010,D00,R01,Services,391930.81,Growth and retention plan
B000094,FY2026_Budget_v1,2026-10-01,A4010,D00,R01,Services,540535.53,Growth and retention plan
B000095,FY2026_Budget_v1,2026-11-01,A4010,D00,R01,Services,758852.55,Growth and retention plan
B000096,FY2026_Budget_v1,2026-12-01,A4010,D00,R01,Services,782602.78,Growth and retention plan
B000097,FY2026_Budget_v1,2026-01-01,A5030,D03,R01,Services,20099.28,Headcount and unit-cost plan
B000098,FY2026_Budget_v1,2026-02-01,A5030,D03,R01,Services,31747.26,Headcount and unit-cost plan
B000099,FY2026_Budget_v1,2026-03-01,A5030,D03,R01,Services,39847.4,Headcount and unit-cost plan
B000100,FY2026_Budget_v1,2026-04-01,A5030,D03,R01,Services,36914.4,Headcount and unit-cost plan
B000101,FY2026_Budget_v1,2026-05-01,A5030,D03,R01,Services,35492.57,Headcount and unit-cost plan
B000102,FY2026_Budget_v1,2026-06-01,A5030,D03,R01,Services,41606.5,Headcount and unit-cost plan
B000103,FY2026_Budget_v1,2026-07-01,A5030,D03,R01,Services,41517.28,Headcount and unit-cost plan
B000104,FY2026_Budget_v1,2026-08-01,A5030,D03,R01,Services,50120.95,Headcount and unit-cost plan
B000105,FY2026_Budget_v1,2026-09-01,A5030,D03,R01,Services,24348.22,Headcount and unit-cost plan
B000106,FY2026_Budget_v1,2026-10-01,A5030,D03,R01,Services,25072.52,Headcount and unit-cost plan
B000107,FY2026_Budget_v1,2026-11-01,A5030,D03,R01,Services,42667.32,Headcount and unit-cost plan
B000108,FY2026_Budget_v1,2026-12-01,A5030,D03,R01,Services,63400.16,Headcount and unit-cost plan
B000109,FY2026_Budget_v1,2026-01-01,A5040,D03,R01,Services,2787.14,Headcount and unit-cost plan
B000110,FY2026_Budget_v1,2026-02-01,A5040,D03,R01,Services,4169.31,Headcount and unit-cost plan
B000111,FY2026_Budget_v1,2026-03-01,A5040,D03,R01,Services,5892.25,Headcount and unit-cost plan
B000112,FY2026_Budget_v1,2026-04-01,A5040,D03,R01,Services,6773.95,Headcount and unit-cost plan
B000113,FY2026_Budget_v1,2026-05-01,A5040,D03,R01,Services,7358.35,Headcount and unit-cost plan
B000114,FY2026_Budget_v1,2026-06-01,A5040,D03,R01,Services,7487.63,Headcount and unit-cost plan
B000115,FY2026_Budget_v1,2026-07-01,A5040,D03,R01,Services,7340.46,Headcount and unit-cost plan
B000116,FY2026_Budget_v1,2026-08-01,A5040,D03,R01,Services,9489.74,Headcount and unit-cost plan
B000117,FY2026_Budget_v1,2026-09-01,A5040,D03,R01,Services,5215.27,Headcount and unit-cost plan
B000118,FY2026_Budget_v1,2026-10-01,A5040,D03,R01,Services,7201.17,Headcount and unit-cost plan
B000119,FY2026_Budget_v1,2026-11-01,A5040,D03,R01,Services,8133.85,Headcount and unit-cost plan
B000120,FY2026_Budget_v1,2026-12-01,A5040,D03,R01,Services,10117.34,Headcount and unit-cost plan
B000121,FY2026_Budget_v1,2026-01-01,A4010,D00,R03,Services,714309.86,Growth and retention plan
B000122,FY2026_Budget_v1,2026-02-01,A4010,D00,R03,Services,814649.53,Growth and retention plan
B000123,FY2026_Budget_v1,2026-03-01,A4010,D00,R03,Services,970586.87,Growth and retention plan
B000124,FY2026_Budget_v1,2026-04-01,A4010,D00,R03,Services,741458.88,Growth and retention plan
B000125,FY2026_Budget_v1,2026-05-01,A4010,D00,R03,Services,564996.79,Growth and retention plan
B000126,FY2026_Budget_v1,2026-06-01,A4010,D00,R03,Services,627664.93,Growth and retention plan
B000127,FY2026_Budget_v1,2026-07-01,A4010,D00,R03,Services,540483.38,Growth and retention plan
B000128,FY2026_Budget_v1,2026-08-01,A4010,D00,R03,Services,493854.52,Growth and retention plan
B000129,FY2026_Budget_v1,2026-09-01,A4010,D00,R03,Services,938872.06,Growth and retention plan
B000130,FY2026_Budget_v1,2026-10-01,A4010,D00,R03,Services,1328413.6,Growth and retention plan
B000131,FY2026_Budget_v1,2026-11-01,A4010,D00,R03,Services,1418625.5,Growth and retention plan
B000132,FY2026_Budget_v1,2026-12-01,A4010,D00,R03,Services,735787.65,Growth and retention plan
B000133,FY2026_Budget_v1,2026-01-01,A5030,D03,R03,Services,37866.67,Headcount and unit-cost plan
B000134,FY2026_Budget_v1,2026-02-01,A5030,D03,R03,Services,64463.37,Headcount and unit-cost plan
B000135,FY2026_Budget_v1,2026-03-01,A5030,D03,R03,Services,71631.38,Headcount and unit-cost plan
B000136,FY2026_Budget_v1,2026-04-01,A5030,D03,R03,Services,47058.63,Headcount and unit-cost plan
B000137,FY2026_Budget_v1,2026-05-01,A5030,D03,R03,Services,41786.59,Headcount and unit-cost plan
B000138,FY2026_Budget_v1,2026-06-01,A5030,D03,R03,Services,34848.79,Headcount and unit-cost plan
B000139,FY2026_Budget_v1,2026-07-01,A5030,D03,R03,Services,43734.09,Headcount and unit-cost plan
B000140,FY2026_Budget_v1,2026-08-01,A5030,D03,R03,Services,27211.01,Headcount and unit-cost plan
B000141,FY2026_Budget_v1,2026-09-01,A5030,D03,R03,Services,78109.47,Headcount and unit-cost plan
B000142,FY2026_Budget_v1,2026-10-01,A5030,D03,R03,Services,80211.69,Headcount and unit-cost plan
B000143,FY2026_Budget_v1,2026-11-01,A5030,D03,R03,Services,76666.36,Headcount and unit-cost plan
B000144,FY2026_Budget_v1,2026-12-01,A5030,D03,R03,Services,52468.25,Headcount and unit-cost plan
B000145,FY2026_Budget_v1,2026-01-01,A5040,D03,R03,Services,9251.42,Headcount and unit-cost plan
B000146,FY2026_Budget_v1,2026-02-01,A5040,D03,R03,Services,12125.73,Headcount and unit-cost plan
B000147,FY2026_Budget_v1,2026-03-01,A5040,D03,R03,Services,10587.61,Headcount and unit-cost plan
B000148,FY2026_Budget_v1,2026-04-01,A5040,D03,R03,Services,8112.59,Headcount and unit-cost plan
B000149,FY2026_Budget_v1,2026-05-01,A5040,D03,R03,Services,8926.54,Headcount and unit-cost plan
B000150,FY2026_Budget_v1,2026-06-01,A5040,D03,R03,Services,6812.3,Headcount and unit-cost plan
B000151,FY2026_Budget_v1,2026-07-01,A5040,D03,R03,Services,4630.06,Headcount and unit-cost plan
B000152,FY2026_Budget_v1,2026-08-01,A5040,D03,R03,Services,7281.46,Headcount and unit-cost plan
B000153,FY2026_Budget_v1,2026-09-01,A5040,D03,R03,Services,7442.06,Headcount and unit-cost plan
B000154,FY2026_Budget_v1,2026-10-01,A5040,D03,R03,Services,9443.61,Headcount and unit-cost plan
B000155,FY2026_Budget_v1,2026-11-01,A5040,D03,R03,Services,15683.06,Headcount and unit-cost plan
B000156,FY2026_Budget_v1,2026-12-01,A5040,D03,R03,Services,9324.94,Headcount and unit-cost plan
B000157,FY2026_Budget_v1,2026-01-01,A4010,D00,R04,Services,799700.69,Growth and retention plan
B000158,FY2026_Budget_v1,2026-02-01,A4010,D00,R04,Services,723501.38,Growth and retention plan
B000159,FY2026_Budget_v1,2026-03-01,A4010,D00,R04,Services,328431.53,Growth and retention plan
B000160,FY2026_Budget_v1,2026-04-01,A4010,D00,R04,Services,144990.73,Growth and retention plan
B000161,FY2026_Budget_v1,2026-05-01,A4010,D00,R04,Services,118391.35,Growth and retention plan
B000162,FY2026_Budget_v1,2026-06-01,A4010,D00,R04,Services,138984.07,Growth and retention plan
B000163,FY2026_Budget_v1,2026-07-01,A4010,D00,R04,Services,159021.45,Growth and retention plan
B000164,FY2026_Budget_v1,2026-08-01,A4010,D00,R04,Services,195021.04,Growth and retention plan
B000165,FY2026_Budget_v1,2026-09-01,A4010,D00,R04,Services,149091.79,Growth and retention plan
B000166,FY2026_Budget_v1,2026-10-01,A4010,D00,R04,Services,161729.76,Growth and retention plan
B000167,FY2026_Budget_v1,2026-11-01,A4010,D00,R04,Services,153374.11,Growth and retention plan
B000168,FY2026_Budget_v1,2026-12-01,A4010,D00,R04,Services,154310.65,Growth and retention plan
B000169,FY2026_Budget_v1,2026-01-01,A5030,D03,R04,Services,68623.2,Headcount and unit-cost plan
B000170,FY2026_Budget_v1,2026-02-01,A5030,D03,R04,Services,46944.99,Headcount and unit-cost plan
B000171,FY2026_Budget_v1,2026-03-01,A5030,D03,R04,Services,21528.72,Headcount and unit-cost plan
B000172,FY2026_Budget_v1,2026-04-01,A5030,D03,R04,Services,11781.74,Headcount and unit-cost plan
B000173,FY2026_Budget_v1,2026-05-01,A5030,D03,R04,Services,4934.49,Headcount and unit-cost plan
B000174,FY2026_Budget_v1,2026-06-01,A5030,D03,R04,Services,4955.79,Headcount and unit-cost plan
B000175,FY2026_Budget_v1,2026-07-01,A5030,D03,R04,Services,7908.24,Headcount and unit-cost plan
B000176,FY2026_Budget_v1,2026-08-01,A5030,D03,R04,Services,7112.02,Headcount and unit-cost plan
B000177,FY2026_Budget_v1,2026-09-01,A5030,D03,R04,Services,2377.94,Headcount and unit-cost plan
B000178,FY2026_Budget_v1,2026-10-01,A5030,D03,R04,Services,6314.22,Headcount and unit-cost plan
B000179,FY2026_Budget_v1,2026-11-01,A5030,D03,R04,Services,2948.83,Headcount and unit-cost plan
B000180,FY2026_Budget_v1,2026-12-01,A5030,D03,R04,Services,2146.48,Headcount and unit-cost plan
B000181,FY2026_Budget_v1,2026-01-01,A5040,D03,R04,Services,8516.85,Headcount and unit-cost plan
B000182,FY2026_Budget_v1,2026-02-01,A5040,D03,R04,Services,11513.57,Headcount and unit-cost plan
B000183,FY2026_Budget_v1,2026-03-01,A5040,D03,R04,Services,5271.65,Headcount and unit-cost plan
B000184,FY2026_Budget_v1,2026-04-01,A5040,D03,R04,Services,2256.65,Headcount and unit-cost plan
B000185,FY2026_Budget_v1,2026-05-01,A5040,D03,R04,Services,1150.38,Headcount and unit-cost plan
B000186,FY2026_Budget_v1,2026-06-01,A5040,D03,R04,Services,1371.07,Headcount and unit-cost plan
B000187,FY2026_Budget_v1,2026-07-01,A5040,D03,R04,Services,1588.38,Headcount and unit-cost plan
B000188,FY2026_Budget_v1,2026-08-01,A5040,D03,R04,Services,2751.4,Headcount and unit-cost plan
B000189,FY2026_Budget_v1,2026-09-01,A5040,D03,R04,Services,1580.82,Headcount and unit-cost plan
B000190,FY2026_Budget_v1,2026-10-01,A5040,D03,R04,Services,2895.77,Headcount and unit-cost plan
B000191,FY2026_Budget_v1,2026-11-01,A5040,D03,R04,Services,1629.9,Headcount and unit-cost plan
B000192,FY2026_Budget_v1,2026-12-01,A5040,D03,R04,Services,1641.51,Headcount and unit-cost plan
B000193,FY2026_Budget_v1,2026-01-01,A4020,D00,R03,Services,0,Growth and retention plan
B000194,FY2026_Budget_v1,2026-02-01,A4020,D00,R03,Services,0,Growth and retention plan
B000195,FY2026_Budget_v1,2026-03-01,A4020,D00,R03,Services,0,Growth and retention plan
B000196,FY2026_Budget_v1,2026-04-01,A4020,D00,R03,Services,0,Growth and retention plan
B000197,FY2026_Budget_v1,2026-05-01,A4020,D00,R03,Services,78187.9,Growth and retention plan
B000198,FY2026_Budget_v1,2026-06-01,A4020,D00,R03,Services,0,Growth and retention plan
B000199,FY2026_Budget_v1,2026-07-01,A4020,D00,R03,Services,0,Growth and retention plan
B000200,FY2026_Budget_v1,2026-08-01,A4020,D00,R03,Services,32754.74,Growth and retention plan
B000201,FY2026_Budget_v1,2026-09-01,A4020,D00,R03,Services,0,Growth and retention plan
B000202,FY2026_Budget_v1,2026-10-01,A4020,D00,R03,Services,0,Growth and retention plan
B000203,FY2026_Budget_v1,2026-11-01,A4020,D00,R03,Services,0,Growth and retention plan
B000204,FY2026_Budget_v1,2026-12-01,A4020,D00,R03,Services,0,Growth and retention plan
B000205,FY2026_Budget_v1,2026-01-01,A4020,D00,R02,Services,0,Growth and retention plan
B000206,FY2026_Budget_v1,2026-02-01,A4020,D00,R02,Services,32754.74,Growth and retention plan
B000207,FY2026_Budget_v1,2026-03-01,A4020,D00,R02,Services,0,Growth and retention plan
B000208,FY2026_Budget_v1,2026-04-01,A4020,D00,R02,Services,0,Growth and retention plan
B000209,FY2026_Budget_v1,2026-05-01,A4020,D00,R02,Services,0,Growth and retention plan
B000210,FY2026_Budget_v1,2026-06-01,A4020,D00,R02,Services,0,Growth and retention plan
B000211,FY2026_Budget_v1,2026-07-01,A4020,D00,R02,Services,0,Growth and retention plan
B000212,FY2026_Budget_v1,2026-08-01,A4020,D00,R02,Services,0,Growth and retention plan
B000213,FY2026_Budget_v1,2026-09-01,A4020,D00,R02,Services,0,Growth and retention plan
B000214,FY2026_Budget_v1,2026-10-01,A4020,D00,R02,Services,0,Growth and retention plan
B000215,FY2026_Budget_v1,2026-11-01,A4020,D00,R02,Services,0,Growth and retention plan
B000216,FY2026_Budget_v1,2026-12-01,A4020,D00,R02,Services,0,Growth and retention plan
B000217,FY2026_Budget_v1,2026-01-01,A4020,D00,R01,Services,0,Growth and retention plan
B000218,FY2026_Budget_v1,2026-02-01,A4020,D00,R01,Services,0,Growth and retention plan
B000219,FY2026_Budget_v1,2026-03-01,A4020,D00,R01,Services,0,Growth and retention plan
B000220,FY2026_Budget_v1,2026-04-01,A4020,D00,R01,Services,0,Growth and retention plan
B000221,FY2026_Budget_v1,2026-05-01,A4020,D00,R01,Services,0,Growth and retention plan
B000222,FY2026_Budget_v1,2026-06-01,A4020,D00,R01,Services,0,Growth and retention plan
B000223,FY2026_Budget_v1,2026-07-01,A4020,D00,R01,Services,0,Growth and retention plan
B000224,FY2026_Budget_v1,2026-08-01,A4020,D00,R01,Services,96151.68,Growth and retention plan
B000225,FY2026_Budget_v1,2026-09-01,A4020,D00,R01,Services,0,Growth and retention plan
B000226,FY2026_Budget_v1,2026-10-01,A4020,D00,R01,Services,0,Growth and retention plan
B000227,FY2026_Budget_v1,2026-11-01,A4020,D00,R01,Services,0,Growth and retention plan
B000228,FY2026_Budget_v1,2026-12-01,A4020,D00,R01,Services,0,Growth and retention plan
B000229,FY2026_Budget_v1,2026-01-01,A4020,D00,R04,Services,0,Growth and retention plan
B000230,FY2026_Budget_v1,2026-02-01,A4020,D00,R04,Services,69673.85,Growth and retention plan
B000231,FY2026_Budget_v1,2026-03-01,A4020,D00,R04,Services,69673.85,Growth and retention plan
B000232,FY2026_Budget_v1,2026-04-01,A4020,D00,R04,Services,0,Growth and retention plan
B000233,FY2026_Budget_v1,2026-05-01,A4020,D00,R04,Services,0,Growth and retention plan
B000234,FY2026_Budget_v1,2026-06-01,A4020,D00,R04,Services,0,Growth and retention plan
B000235,FY2026_Budget_v1,2026-07-01,A4020,D00,R04,Services,0,Growth and retention plan
B000236,FY2026_Budget_v1,2026-08-01,A4020,D00,R04,Services,0,Growth and retention plan
B000237,FY2026_Budget_v1,2026-09-01,A4020,D00,R04,Services,0,Growth and retention plan
B000238,FY2026_Budget_v1,2026-10-01,A4020,D00,R04,Services,0,Growth and retention plan
B000239,FY2026_Budget_v1,2026-11-01,A4020,D00,R04,Services,0,Growth and retention plan
B000240,FY2026_Budget_v1,2026-12-01,A4020,D00,R04,Services,0,Growth and retention plan
B000241,FY2026_Budget_v1,2026-01-01,A6100,D04,R03,Corporate,625000.32,Headcount and unit-cost plan
B000242,FY2026_Budget_v1,2026-02-01,A6100,D04,R03,Corporate,625000.32,Headcount and unit-cost plan
B000243,FY2026_Budget_v1,2026-03-01,A6100,D04,R03,Corporate,625000.32,Headcount and unit-cost plan
B000244,FY2026_Budget_v1,2026-04-01,A6100,D04,R03,Corporate,625000.32,Headcount and unit-cost plan
B000245,FY2026_Budget_v1,2026-05-01,A6100,D04,R03,Corporate,640697.89,Headcount and unit-cost plan
B000246,FY2026_Budget_v1,2026-06-01,A6100,D04,R03,Corporate,640697.89,Headcount and unit-cost plan
B000247,FY2026_Budget_v1,2026-07-01,A6100,D04,R03,Corporate,640697.89,Headcount and unit-cost plan
B000248,FY2026_Budget_v1,2026-08-01,A6100,D04,R03,Corporate,659049.49,Headcount and unit-cost plan
B000249,FY2026_Budget_v1,2026-09-01,A6100,D04,R03,Corporate,659049.49,Headcount and unit-cost plan
B000250,FY2026_Budget_v1,2026-10-01,A6100,D04,R03,Corporate,659049.49,Headcount and unit-cost plan
B000251,FY2026_Budget_v1,2026-11-01,A6100,D04,R03,Corporate,659049.49,Headcount and unit-cost plan
B000252,FY2026_Budget_v1,2026-12-01,A6100,D04,R03,Corporate,675462.23,Headcount and unit-cost plan
B000253,FY2026_Budget_v1,2026-01-01,A6200,D06,R02,Corporate,580306.57,Headcount and unit-cost plan
B000254,FY2026_Budget_v1,2026-02-01,A6200,D06,R02,Corporate,594582.86,Headcount and unit-cost plan
B000255,FY2026_Budget_v1,2026-03-01,A6200,D06,R02,Corporate,619822.66,Headcount and unit-cost plan
B000256,FY2026_Budget_v1,2026-04-01,A6200,D06,R02,Corporate,648957.07,Headcount and unit-cost plan
B000257,FY2026_Budget_v1,2026-05-01,A6200,D06,R02,Corporate,648957.07,Headcount and unit-cost plan
B000258,FY2026_Budget_v1,2026-06-01,A6200,D06,R02,Corporate,648957.07,Headcount and unit-cost plan
B000259,FY2026_Budget_v1,2026-07-01,A6200,D06,R02,Corporate,630501.9,Headcount and unit-cost plan
B000260,FY2026_Budget_v1,2026-08-01,A6200,D06,R02,Corporate,651204.21,Headcount and unit-cost plan
B000261,FY2026_Budget_v1,2026-09-01,A6200,D06,R02,Corporate,651204.21,Headcount and unit-cost plan
B000262,FY2026_Budget_v1,2026-10-01,A6200,D06,R02,Corporate,651204.21,Headcount and unit-cost plan
B000263,FY2026_Budget_v1,2026-11-01,A6200,D06,R02,Corporate,652573.73,Headcount and unit-cost plan
B000264,FY2026_Budget_v1,2026-12-01,A6200,D06,R02,Corporate,639508.43,Headcount and unit-cost plan
B000265,FY2026_Budget_v1,2026-01-01,A5020,D03,R02,Services,449417.4,Headcount and unit-cost plan
B000266,FY2026_Budget_v1,2026-02-01,A5020,D03,R02,Services,449417.4,Headcount and unit-cost plan
B000267,FY2026_Budget_v1,2026-03-01,A5020,D03,R02,Services,423934.49,Headcount and unit-cost plan
B000268,FY2026_Budget_v1,2026-04-01,A5020,D03,R02,Services,423934.49,Headcount and unit-cost plan
B000269,FY2026_Budget_v1,2026-05-01,A5020,D03,R02,Services,423934.49,Headcount and unit-cost plan
B000270,FY2026_Budget_v1,2026-06-01,A5020,D03,R02,Services,423934.49,Headcount and unit-cost plan
B000271,FY2026_Budget_v1,2026-07-01,A5020,D03,R02,Services,423934.49,Headcount and unit-cost plan
B000272,FY2026_Budget_v1,2026-08-01,A5020,D03,R02,Services,423934.49,Headcount and unit-cost plan
B000273,FY2026_Budget_v1,2026-09-01,A5020,D03,R02,Services,423934.49,Headcount and unit-cost plan
B000274,FY2026_Budget_v1,2026-10-01,A5020,D03,R02,Services,423934.49,Headcount and unit-cost plan
B000275,FY2026_Budget_v1,2026-11-01,A5020,D03,R02,Services,392367.62,Headcount and unit-cost plan
B000276,FY2026_Budget_v1,2026-12-01,A5020,D03,R02,Services,392367.62,Headcount and unit-cost plan
B000277,FY2026_Budget_v1,2026-01-01,A5010,D01,R04,Subscription,87281.95,Headcount and unit-cost plan
B000278,FY2026_Budget_v1,2026-02-01,A5010,D01,R04,Subscription,87281.95,Headcount and unit-cost plan
B000279,FY2026_Budget_v1,2026-03-01,A5010,D01,R04,Subscription,87281.95,Headcount and unit-cost plan
B000280,FY2026_Budget_v1,2026-04-01,A5010,D01,R04,Subscription,87281.95,Headcount and unit-cost plan
B000281,FY2026_Budget_v1,2026-05-01,A5010,D01,R04,Subscription,87281.95,Headcount and unit-cost plan
B000282,FY2026_Budget_v1,2026-06-01,A5010,D01,R04,Subscription,87281.95,Headcount and unit-cost plan
B000283,FY2026_Budget_v1,2026-07-01,A5010,D01,R04,Subscription,87281.95,Headcount and unit-cost plan
B000284,FY2026_Budget_v1,2026-08-01,A5010,D01,R04,Subscription,87281.95,Headcount and unit-cost plan
B000285,FY2026_Budget_v1,2026-09-01,A5010,D01,R04,Subscription,87281.95,Headcount and unit-cost plan
B000286,FY2026_Budget_v1,2026-10-01,A5010,D01,R04,Subscription,71748.14,Headcount and unit-cost plan
B000287,FY2026_Budget_v1,2026-11-01,A5010,D01,R04,Subscription,71748.14,Headcount and unit-cost plan
B000288,FY2026_Budget_v1,2026-12-01,A5010,D01,R04,Subscription,71748.14,Headcount and unit-cost plan
B000289,FY2026_Budget_v1,2026-01-01,A6300,D08,R02,Corporate,64733.65,Headcount and unit-cost plan
B000290,FY2026_Budget_v1,2026-02-01,A6300,D08,R02,Corporate,64733.65,Headcount and unit-cost plan
B000291,FY2026_Budget_v1,2026-03-01,A6300,D08,R02,Corporate,84895.24,Headcount and unit-cost plan
B000292,FY2026_Budget_v1,2026-04-01,A6300,D08,R02,Corporate,84895.24,Headcount and unit-cost plan
B000293,FY2026_Budget_v1,2026-05-01,A6300,D08,R02,Corporate,84895.24,Headcount and unit-cost plan
B000294,FY2026_Budget_v1,2026-06-01,A6300,D08,R02,Corporate,84895.24,Headcount and unit-cost plan
B000295,FY2026_Budget_v1,2026-07-01,A6300,D08,R02,Corporate,84895.24,Headcount and unit-cost plan
B000296,FY2026_Budget_v1,2026-08-01,A6300,D08,R02,Corporate,84895.24,Headcount and unit-cost plan
B000297,FY2026_Budget_v1,2026-09-01,A6300,D08,R02,Corporate,84895.24,Headcount and unit-cost plan
B000298,FY2026_Budget_v1,2026-10-01,A6300,D08,R02,Corporate,84895.24,Headcount and unit-cost plan
B000299,FY2026_Budget_v1,2026-11-01,A6300,D08,R02,Corporate,84895.24,Headcount and unit-cost plan
B000300,FY2026_Budget_v1,2026-12-01,A6300,D08,R02,Corporate,84895.24,Headcount and unit-cost plan
B000301,FY2026_Budget_v1,2026-01-01,A6200,D06,R01,Corporate,1245116.83,Headcount and unit-cost plan
B000302,FY2026_Budget_v1,2026-02-01,A6200,D06,R01,Corporate,1245116.83,Headcount and unit-cost plan
B000303,FY2026_Budget_v1,2026-03-01,A6200,D06,R01,Corporate,1245116.83,Headcount and unit-cost plan
B000304,FY2026_Budget_v1,2026-04-01,A6200,D06,R01,Corporate,1247342.26,Headcount and unit-cost plan
B000305,FY2026_Budget_v1,2026-05-01,A6200,D06,R01,Corporate,1247342.26,Headcount and unit-cost plan
B000306,FY2026_Budget_v1,2026-06-01,A6200,D06,R01,Corporate,1247342.26,Headcount and unit-cost plan
B000307,FY2026_Budget_v1,2026-07-01,A6200,D06,R01,Corporate,1260744.81,Headcount and unit-cost plan
B000308,FY2026_Budget_v1,2026-08-01,A6200,D06,R01,Corporate,1260744.81,Headcount and unit-cost plan
B000309,FY2026_Budget_v1,2026-09-01,A6200,D06,R01,Corporate,1260744.81,Headcount and unit-cost plan
B000310,FY2026_Budget_v1,2026-10-01,A6200,D06,R01,Corporate,1243404.34,Headcount and unit-cost plan
B000311,FY2026_Budget_v1,2026-11-01,A6200,D06,R01,Corporate,1256849.13,Headcount and unit-cost plan
B000312,FY2026_Budget_v1,2026-12-01,A6200,D06,R01,Corporate,1256849.13,Headcount and unit-cost plan
B000313,FY2026_Budget_v1,2026-01-01,A6100,D04,R02,Corporate,312755.23,Headcount and unit-cost plan
B000314,FY2026_Budget_v1,2026-02-01,A6100,D04,R02,Corporate,312755.23,Headcount and unit-cost plan
B000315,FY2026_Budget_v1,2026-03-01,A6100,D04,R02,Corporate,312755.23,Headcount and unit-cost plan
B000316,FY2026_Budget_v1,2026-04-01,A6100,D04,R02,Corporate,300773.5,Headcount and unit-cost plan
B000317,FY2026_Budget_v1,2026-05-01,A6100,D04,R02,Corporate,300773.5,Headcount and unit-cost plan
B000318,FY2026_Budget_v1,2026-06-01,A6100,D04,R02,Corporate,300773.5,Headcount and unit-cost plan
B000319,FY2026_Budget_v1,2026-07-01,A6100,D04,R02,Corporate,300773.5,Headcount and unit-cost plan
B000320,FY2026_Budget_v1,2026-08-01,A6100,D04,R02,Corporate,300773.5,Headcount and unit-cost plan
B000321,FY2026_Budget_v1,2026-09-01,A6100,D04,R02,Corporate,300773.5,Headcount and unit-cost plan
B000322,FY2026_Budget_v1,2026-10-01,A6100,D04,R02,Corporate,300773.5,Headcount and unit-cost plan
B000323,FY2026_Budget_v1,2026-11-01,A6100,D04,R02,Corporate,300773.5,Headcount and unit-cost plan
B000324,FY2026_Budget_v1,2026-12-01,A6100,D04,R02,Corporate,300773.5,Headcount and unit-cost plan
B000325,FY2026_Budget_v1,2026-01-01,A5010,D02,R01,Subscription,195165.4,Headcount and unit-cost plan
B000326,FY2026_Budget_v1,2026-02-01,A5010,D02,R01,Subscription,202421.39,Headcount and unit-cost plan
B000327,FY2026_Budget_v1,2026-03-01,A5010,D02,R01,Subscription,202421.39,Headcount and unit-cost plan
B000328,FY2026_Budget_v1,2026-04-01,A5010,D02,R01,Subscription,202421.39,Headcount and unit-cost plan
B000329,FY2026_Budget_v1,2026-05-01,A5010,D02,R01,Subscription,202421.39,Headcount and unit-cost plan
B000330,FY2026_Budget_v1,2026-06-01,A5010,D02,R01,Subscription,202421.39,Headcount and unit-cost plan
B000331,FY2026_Budget_v1,2026-07-01,A5010,D02,R01,Subscription,202421.39,Headcount and unit-cost plan
B000332,FY2026_Budget_v1,2026-08-01,A5010,D02,R01,Subscription,202421.39,Headcount and unit-cost plan
B000333,FY2026_Budget_v1,2026-09-01,A5010,D02,R01,Subscription,202421.39,Headcount and unit-cost plan
B000334,FY2026_Budget_v1,2026-10-01,A5010,D02,R01,Subscription,202421.39,Headcount and unit-cost plan
B000335,FY2026_Budget_v1,2026-11-01,A5010,D02,R01,Subscription,202421.39,Headcount and unit-cost plan
B000336,FY2026_Budget_v1,2026-12-01,A5010,D02,R01,Subscription,202421.39,Headcount and unit-cost plan
B000337,FY2026_Budget_v1,2026-01-01,A5010,D01,R01,Subscription,231957.74,Headcount and unit-cost plan
B000338,FY2026_Budget_v1,2026-02-01,A5010,D01,R01,Subscription,231957.74,Headcount and unit-cost plan
B000339,FY2026_Budget_v1,2026-03-01,A5010,D01,R01,Subscription,231957.74,Headcount and unit-cost plan
B000340,FY2026_Budget_v1,2026-04-01,A5010,D01,R01,Subscription,255037.76,Headcount and unit-cost plan
B000341,FY2026_Budget_v1,2026-05-01,A5010,D01,R01,Subscription,255037.76,Headcount and unit-cost plan
B000342,FY2026_Budget_v1,2026-06-01,A5010,D01,R01,Subscription,255037.76,Headcount and unit-cost plan
B000343,FY2026_Budget_v1,2026-07-01,A5010,D01,R01,Subscription,255037.76,Headcount and unit-cost plan
B000344,FY2026_Budget_v1,2026-08-01,A5010,D01,R01,Subscription,255037.76,Headcount and unit-cost plan
B000345,FY2026_Budget_v1,2026-09-01,A5010,D01,R01,Subscription,255037.76,Headcount and unit-cost plan
B000346,FY2026_Budget_v1,2026-10-01,A5010,D01,R01,Subscription,267198.03,Headcount and unit-cost plan
B000347,FY2026_Budget_v1,2026-11-01,A5010,D01,R01,Subscription,267198.03,Headcount and unit-cost plan
B000348,FY2026_Budget_v1,2026-12-01,A5010,D01,R01,Subscription,267198.03,Headcount and unit-cost plan
B000349,FY2026_Budget_v1,2026-01-01,A5020,D03,R01,Services,356402.83,Headcount and unit-cost plan
B000350,FY2026_Budget_v1,2026-02-01,A5020,D03,R01,Services,356402.83,Headcount and unit-cost plan
B000351,FY2026_Budget_v1,2026-03-01,A5020,D03,R01,Services,356402.83,Headcount and unit-cost plan
B000352,FY2026_Budget_v1,2026-04-01,A5020,D03,R01,Services,356402.83,Headcount and unit-cost plan
B000353,FY2026_Budget_v1,2026-05-01,A5020,D03,R01,Services,356402.83,Headcount and unit-cost plan
B000354,FY2026_Budget_v1,2026-06-01,A5020,D03,R01,Services,332856.11,Headcount and unit-cost plan
B000355,FY2026_Budget_v1,2026-07-01,A5020,D03,R01,Services,332856.11,Headcount and unit-cost plan
B000356,FY2026_Budget_v1,2026-08-01,A5020,D03,R01,Services,332856.11,Headcount and unit-cost plan
B000357,FY2026_Budget_v1,2026-09-01,A5020,D03,R01,Services,332856.11,Headcount and unit-cost plan
B000358,FY2026_Budget_v1,2026-10-01,A5020,D03,R01,Services,332856.11,Headcount and unit-cost plan
B000359,FY2026_Budget_v1,2026-11-01,A5020,D03,R01,Services,332856.11,Headcount and unit-cost plan
B000360,FY2026_Budget_v1,2026-12-01,A5020,D03,R01,Services,332856.11,Headcount and unit-cost plan
B000361,FY2026_Budget_v1,2026-01-01,A6300,D09,R02,Corporate,76981.25,Headcount and unit-cost plan
B000362,FY2026_Budget_v1,2026-02-01,A6300,D09,R02,Corporate,76981.25,Headcount and unit-cost plan
B000363,FY2026_Budget_v1,2026-03-01,A6300,D09,R02,Corporate,76981.25,Headcount and unit-cost plan
B000364,FY2026_Budget_v1,2026-04-01,A6300,D09,R02,Corporate,76981.25,Headcount and unit-cost plan
B000365,FY2026_Budget_v1,2026-05-01,A6300,D09,R02,Corporate,76981.25,Headcount and unit-cost plan
B000366,FY2026_Budget_v1,2026-06-01,A6300,D09,R02,Corporate,76981.25,Headcount and unit-cost plan
B000367,FY2026_Budget_v1,2026-07-01,A6300,D09,R02,Corporate,76981.25,Headcount and unit-cost plan
B000368,FY2026_Budget_v1,2026-08-01,A6300,D09,R02,Corporate,76981.25,Headcount and unit-cost plan
B000369,FY2026_Budget_v1,2026-09-01,A6300,D09,R02,Corporate,76981.25,Headcount and unit-cost plan
B000370,FY2026_Budget_v1,2026-10-01,A6300,D09,R02,Corporate,76981.25,Headcount and unit-cost plan
B000371,FY2026_Budget_v1,2026-11-01,A6300,D09,R02,Corporate,76981.25,Headcount and unit-cost plan
B000372,FY2026_Budget_v1,2026-12-01,A6300,D09,R02,Corporate,76981.25,Headcount and unit-cost plan
B000373,FY2026_Budget_v1,2026-01-01,A6300,D08,R04,Corporate,25420.07,Headcount and unit-cost plan
B000374,FY2026_Budget_v1,2026-02-01,A6300,D08,R04,Corporate,25420.07,Headcount and unit-cost plan
B000375,FY2026_Budget_v1,2026-03-01,A6300,D08,R04,Corporate,25420.07,Headcount and unit-cost plan
B000376,FY2026_Budget_v1,2026-04-01,A6300,D08,R04,Corporate,25420.07,Headcount and unit-cost plan
B000377,FY2026_Budget_v1,2026-05-01,A6300,D08,R04,Corporate,25420.07,Headcount and unit-cost plan
B000378,FY2026_Budget_v1,2026-06-01,A6300,D08,R04,Corporate,25420.07,Headcount and unit-cost plan
B000379,FY2026_Budget_v1,2026-07-01,A6300,D08,R04,Corporate,25420.07,Headcount and unit-cost plan
B000380,FY2026_Budget_v1,2026-08-01,A6300,D08,R04,Corporate,25420.07,Headcount and unit-cost plan
B000381,FY2026_Budget_v1,2026-09-01,A6300,D08,R04,Corporate,25420.07,Headcount and unit-cost plan
B000382,FY2026_Budget_v1,2026-10-01,A6300,D08,R04,Corporate,25420.07,Headcount and unit-cost plan
B000383,FY2026_Budget_v1,2026-11-01,A6300,D08,R04,Corporate,25420.07,Headcount and unit-cost plan
B000384,FY2026_Budget_v1,2026-12-01,A6300,D08,R04,Corporate,25420.07,Headcount and unit-cost plan
B000385,FY2026_Budget_v1,2026-01-01,A5010,D02,R03,Subscription,106304.47,Headcount and unit-cost plan
B000386,FY2026_Budget_v1,2026-02-01,A5010,D02,R03,Subscription,115860.62,Headcount and unit-cost plan
B000387,FY2026_Budget_v1,2026-03-01,A5010,D02,R03,Subscription,126140.86,Headcount and unit-cost plan
B000388,FY2026_Budget_v1,2026-04-01,A5010,D02,R03,Subscription,126140.86,Headcount and unit-cost plan
B000389,FY2026_Budget_v1,2026-05-01,A5010,D02,R03,Subscription,126140.86,Headcount and unit-cost plan
B000390,FY2026_Budget_v1,2026-06-01,A5010,D02,R03,Subscription,139552.65,Headcount and unit-cost plan
B000391,FY2026_Budget_v1,2026-07-01,A5010,D02,R03,Subscription,152173.23,Headcount and unit-cost plan
B000392,FY2026_Budget_v1,2026-08-01,A5010,D02,R03,Subscription,152173.23,Headcount and unit-cost plan
B000393,FY2026_Budget_v1,2026-09-01,A5010,D02,R03,Subscription,152173.23,Headcount and unit-cost plan
B000394,FY2026_Budget_v1,2026-10-01,A5010,D02,R03,Subscription,152173.23,Headcount and unit-cost plan
B000395,FY2026_Budget_v1,2026-11-01,A5010,D02,R03,Subscription,152173.23,Headcount and unit-cost plan
B000396,FY2026_Budget_v1,2026-12-01,A5010,D02,R03,Subscription,170068.22,Headcount and unit-cost plan
B000397,FY2026_Budget_v1,2026-01-01,A6300,D10,R03,Corporate,64122.91,Headcount and unit-cost plan
B000398,FY2026_Budget_v1,2026-02-01,A6300,D10,R03,Corporate,64122.91,Headcount and unit-cost plan
B000399,FY2026_Budget_v1,2026-03-01,A6300,D10,R03,Corporate,64122.91,Headcount and unit-cost plan
B000400,FY2026_Budget_v1,2026-04-01,A6300,D10,R03,Corporate,64122.91,Headcount and unit-cost plan
B000401,FY2026_Budget_v1,2026-05-01,A6300,D10,R03,Corporate,64122.91,Headcount and unit-cost plan
B000402,FY2026_Budget_v1,2026-06-01,A6300,D10,R03,Corporate,64122.91,Headcount and unit-cost plan
B000403,FY2026_Budget_v1,2026-07-01,A6300,D10,R03,Corporate,64122.91,Headcount and unit-cost plan
B000404,FY2026_Budget_v1,2026-08-01,A6300,D10,R03,Corporate,64122.91,Headcount and unit-cost plan
B000405,FY2026_Budget_v1,2026-09-01,A6300,D10,R03,Corporate,64122.91,Headcount and unit-cost plan
B000406,FY2026_Budget_v1,2026-10-01,A6300,D10,R03,Corporate,64122.91,Headcount and unit-cost plan
B000407,FY2026_Budget_v1,2026-11-01,A6300,D10,R03,Corporate,64122.91,Headcount and unit-cost plan
B000408,FY2026_Budget_v1,2026-12-01,A6300,D10,R03,Corporate,64122.91,Headcount and unit-cost plan
B000409,FY2026_Budget_v1,2026-01-01,A6200,D06,R03,Corporate,360892.1,Headcount and unit-cost plan
B000410,FY2026_Budget_v1,2026-02-01,A6200,D06,R03,Corporate,360892.1,Headcount and unit-cost plan
B000411,FY2026_Budget_v1,2026-03-01,A6200,D06,R03,Corporate,360892.1,Headcount and unit-cost plan
B000412,FY2026_Budget_v1,2026-04-01,A6200,D06,R03,Corporate,360892.1,Headcount and unit-cost plan
B000413,FY2026_Budget_v1,2026-05-01,A6200,D06,R03,Corporate,360892.1,Headcount and unit-cost plan
B000414,FY2026_Budget_v1,2026-06-01,A6200,D06,R03,Corporate,360892.1,Headcount and unit-cost plan
B000415,FY2026_Budget_v1,2026-07-01,A6200,D06,R03,Corporate,360892.1,Headcount and unit-cost plan
B000416,FY2026_Budget_v1,2026-08-01,A6200,D06,R03,Corporate,381169.72,Headcount and unit-cost plan
B000417,FY2026_Budget_v1,2026-09-01,A6200,D06,R03,Corporate,381169.72,Headcount and unit-cost plan
B000418,FY2026_Budget_v1,2026-10-01,A6200,D06,R03,Corporate,361047.02,Headcount and unit-cost plan
B000419,FY2026_Budget_v1,2026-11-01,A6200,D06,R03,Corporate,361047.02,Headcount and unit-cost plan
B000420,FY2026_Budget_v1,2026-12-01,A6200,D06,R03,Corporate,361047.02,Headcount and unit-cost plan
B000421,FY2026_Budget_v1,2026-01-01,A6300,D07,R04,Corporate,23619.78,Headcount and unit-cost plan
B000422,FY2026_Budget_v1,2026-02-01,A6300,D07,R04,Corporate,23619.78,Headcount and unit-cost plan
B000423,FY2026_Budget_v1,2026-03-01,A6300,D07,R04,Corporate,23619.78,Headcount and unit-cost plan
B000424,FY2026_Budget_v1,2026-04-01,A6300,D07,R04,Corporate,23619.78,Headcount and unit-cost plan
B000425,FY2026_Budget_v1,2026-05-01,A6300,D07,R04,Corporate,35661.6,Headcount and unit-cost plan
B000426,FY2026_Budget_v1,2026-06-01,A6300,D07,R04,Corporate,35661.6,Headcount and unit-cost plan
B000427,FY2026_Budget_v1,2026-07-01,A6300,D07,R04,Corporate,35661.6,Headcount and unit-cost plan
B000428,FY2026_Budget_v1,2026-08-01,A6300,D07,R04,Corporate,35661.6,Headcount and unit-cost plan
B000429,FY2026_Budget_v1,2026-09-01,A6300,D07,R04,Corporate,35661.6,Headcount and unit-cost plan
B000430,FY2026_Budget_v1,2026-10-01,A6300,D07,R04,Corporate,45985.81,Headcount and unit-cost plan
B000431,FY2026_Budget_v1,2026-11-01,A6300,D07,R04,Corporate,45985.81,Headcount and unit-cost plan
B000432,FY2026_Budget_v1,2026-12-01,A6300,D07,R04,Corporate,45985.81,Headcount and unit-cost plan
B000433,FY2026_Budget_v1,2026-01-01,A6300,D10,R02,Corporate,118139.22,Headcount and unit-cost plan
B000434,FY2026_Budget_v1,2026-02-01,A6300,D10,R02,Corporate,118139.22,Headcount and unit-cost plan
B000435,FY2026_Budget_v1,2026-03-01,A6300,D10,R02,Corporate,104001.73,Headcount and unit-cost plan
B000436,FY2026_Budget_v1,2026-04-01,A6300,D10,R02,Corporate,104001.73,Headcount and unit-cost plan
B000437,FY2026_Budget_v1,2026-05-01,A6300,D10,R02,Corporate,104001.73,Headcount and unit-cost plan
B000438,FY2026_Budget_v1,2026-06-01,A6300,D10,R02,Corporate,104001.73,Headcount and unit-cost plan
B000439,FY2026_Budget_v1,2026-07-01,A6300,D10,R02,Corporate,104001.73,Headcount and unit-cost plan
B000440,FY2026_Budget_v1,2026-08-01,A6300,D10,R02,Corporate,104001.73,Headcount and unit-cost plan
B000441,FY2026_Budget_v1,2026-09-01,A6300,D10,R02,Corporate,86515.64,Headcount and unit-cost plan
B000442,FY2026_Budget_v1,2026-10-01,A6300,D10,R02,Corporate,65257.15,Headcount and unit-cost plan
B000443,FY2026_Budget_v1,2026-11-01,A6300,D10,R02,Corporate,49342.34,Headcount and unit-cost plan
B000444,FY2026_Budget_v1,2026-12-01,A6300,D10,R02,Corporate,49342.34,Headcount and unit-cost plan
B000445,FY2026_Budget_v1,2026-01-01,A5020,D03,R03,Services,358591.63,Headcount and unit-cost plan
B000446,FY2026_Budget_v1,2026-02-01,A5020,D03,R03,Services,358591.63,Headcount and unit-cost plan
B000447,FY2026_Budget_v1,2026-03-01,A5020,D03,R03,Services,358591.63,Headcount and unit-cost plan
B000448,FY2026_Budget_v1,2026-04-01,A5020,D03,R03,Services,341884.08,Headcount and unit-cost plan
B000449,FY2026_Budget_v1,2026-05-01,A5020,D03,R03,Services,341884.08,Headcount and unit-cost plan
B000450,FY2026_Budget_v1,2026-06-01,A5020,D03,R03,Services,352161.63,Headcount and unit-cost plan
B000451,FY2026_Budget_v1,2026-07-01,A5020,D03,R03,Services,352161.63,Headcount and unit-cost plan
B000452,FY2026_Budget_v1,2026-08-01,A5020,D03,R03,Services,352161.63,Headcount and unit-cost plan
B000453,FY2026_Budget_v1,2026-09-01,A5020,D03,R03,Services,352161.63,Headcount and unit-cost plan
B000454,FY2026_Budget_v1,2026-10-01,A5020,D03,R03,Services,365638.4,Headcount and unit-cost plan
B000455,FY2026_Budget_v1,2026-11-01,A5020,D03,R03,Services,349205.32,Headcount and unit-cost plan
B000456,FY2026_Budget_v1,2026-12-01,A5020,D03,R03,Services,349205.32,Headcount and unit-cost plan
B000457,FY2026_Budget_v1,2026-01-01,A6120,D05,R04,Corporate,42927.66,Headcount and unit-cost plan
B000458,FY2026_Budget_v1,2026-02-01,A6120,D05,R04,Corporate,42927.66,Headcount and unit-cost plan
B000459,FY2026_Budget_v1,2026-03-01,A6120,D05,R04,Corporate,42927.66,Headcount and unit-cost plan
B000460,FY2026_Budget_v1,2026-04-01,A6120,D05,R04,Corporate,42927.66,Headcount and unit-cost plan
B000461,FY2026_Budget_v1,2026-05-01,A6120,D05,R04,Corporate,42927.66,Headcount and unit-cost plan
B000462,FY2026_Budget_v1,2026-06-01,A6120,D05,R04,Corporate,42927.66,Headcount and unit-cost plan
B000463,FY2026_Budget_v1,2026-07-01,A6120,D05,R04,Corporate,42927.66,Headcount and unit-cost plan
B000464,FY2026_Budget_v1,2026-08-01,A6120,D05,R04,Corporate,42927.66,Headcount and unit-cost plan
B000465,FY2026_Budget_v1,2026-09-01,A6120,D05,R04,Corporate,42927.66,Headcount and unit-cost plan
B000466,FY2026_Budget_v1,2026-10-01,A6120,D05,R04,Corporate,42927.66,Headcount and unit-cost plan
B000467,FY2026_Budget_v1,2026-11-01,A6120,D05,R04,Corporate,42927.66,Headcount and unit-cost plan
B000468,FY2026_Budget_v1,2026-12-01,A6120,D05,R04,Corporate,42927.66,Headcount and unit-cost plan
B000469,FY2026_Budget_v1,2026-01-01,A5010,D02,R02,Subscription,130835.7,Headcount and unit-cost plan
B000470,FY2026_Budget_v1,2026-02-01,A5010,D02,R02,Subscription,130835.7,Headcount and unit-cost plan
B000471,FY2026_Budget_v1,2026-03-01,A5010,D02,R02,Subscription,130835.7,Headcount and unit-cost plan
B000472,FY2026_Budget_v1,2026-04-01,A5010,D02,R02,Subscription,130835.7,Headcount and unit-cost plan
B000473,FY2026_Budget_v1,2026-05-01,A5010,D02,R02,Subscription,130835.7,Headcount and unit-cost plan
B000474,FY2026_Budget_v1,2026-06-01,A5010,D02,R02,Subscription,130835.7,Headcount and unit-cost plan
B000475,FY2026_Budget_v1,2026-07-01,A5010,D02,R02,Subscription,130835.7,Headcount and unit-cost plan
B000476,FY2026_Budget_v1,2026-08-01,A5010,D02,R02,Subscription,148691.26,Headcount and unit-cost plan
B000477,FY2026_Budget_v1,2026-09-01,A5010,D02,R02,Subscription,148691.26,Headcount and unit-cost plan
B000478,FY2026_Budget_v1,2026-10-01,A5010,D02,R02,Subscription,148691.26,Headcount and unit-cost plan
B000479,FY2026_Budget_v1,2026-11-01,A5010,D02,R02,Subscription,148691.26,Headcount and unit-cost plan
B000480,FY2026_Budget_v1,2026-12-01,A5010,D02,R02,Subscription,148691.26,Headcount and unit-cost plan
B000481,FY2026_Budget_v1,2026-01-01,A6300,D11,R01,Corporate,82616.94,Headcount and unit-cost plan
B000482,FY2026_Budget_v1,2026-02-01,A6300,D11,R01,Corporate,82616.94,Headcount and unit-cost plan
B000483,FY2026_Budget_v1,2026-03-01,A6300,D11,R01,Corporate,82616.94,Headcount and unit-cost plan
B000484,FY2026_Budget_v1,2026-04-01,A6300,D11,R01,Corporate,82616.94,Headcount and unit-cost plan
B000485,FY2026_Budget_v1,2026-05-01,A6300,D11,R01,Corporate,82616.94,Headcount and unit-cost plan
B000486,FY2026_Budget_v1,2026-06-01,A6300,D11,R01,Corporate,82616.94,Headcount and unit-cost plan
B000487,FY2026_Budget_v1,2026-07-01,A6300,D11,R01,Corporate,82616.94,Headcount and unit-cost plan
B000488,FY2026_Budget_v1,2026-08-01,A6300,D11,R01,Corporate,82616.94,Headcount and unit-cost plan
B000489,FY2026_Budget_v1,2026-09-01,A6300,D11,R01,Corporate,82616.94,Headcount and unit-cost plan
B000490,FY2026_Budget_v1,2026-10-01,A6300,D11,R01,Corporate,82616.94,Headcount and unit-cost plan
B000491,FY2026_Budget_v1,2026-11-01,A6300,D11,R01,Corporate,82616.94,Headcount and unit-cost plan
B000492,FY2026_Budget_v1,2026-12-01,A6300,D11,R01,Corporate,82616.94,Headcount and unit-cost plan
B000493,FY2026_Budget_v1,2026-01-01,A6300,D08,R03,Corporate,77424.89,Headcount and unit-cost plan
B000494,FY2026_Budget_v1,2026-02-01,A6300,D08,R03,Corporate,77424.89,Headcount and unit-cost plan
B000495,FY2026_Budget_v1,2026-03-01,A6300,D08,R03,Corporate,77424.89,Headcount and unit-cost plan
B000496,FY2026_Budget_v1,2026-04-01,A6300,D08,R03,Corporate,77424.89,Headcount and unit-cost plan
B000497,FY2026_Budget_v1,2026-05-01,A6300,D08,R03,Corporate,77424.89,Headcount and unit-cost plan
B000498,FY2026_Budget_v1,2026-06-01,A6300,D08,R03,Corporate,77424.89,Headcount and unit-cost plan
B000499,FY2026_Budget_v1,2026-07-01,A6300,D08,R03,Corporate,77424.89,Headcount and unit-cost plan
B000500,FY2026_Budget_v1,2026-08-01,A6300,D08,R03,Corporate,77424.89,Headcount and unit-cost plan
B000501,FY2026_Budget_v1,2026-09-01,A6300,D08,R03,Corporate,77424.89,Headcount and unit-cost plan
B000502,FY2026_Budget_v1,2026-10-01,A6300,D08,R03,Corporate,77424.89,Headcount and unit-cost plan
B000503,FY2026_Budget_v1,2026-11-01,A6300,D08,R03,Corporate,77424.89,Headcount and unit-cost plan
B000504,FY2026_Budget_v1,2026-12-01,A6300,D08,R03,Corporate,77424.89,Headcount and unit-cost plan
B000505,FY2026_Budget_v1,2026-01-01,A5010,D02,R04,Subscription,40456.99,Headcount and unit-cost plan
B000506,FY2026_Budget_v1,2026-02-01,A5010,D02,R04,Subscription,40456.99,Headcount and unit-cost plan
B000507,FY2026_Budget_v1,2026-03-01,A5010,D02,R04,Subscription,40456.99,Headcount and unit-cost plan
B000508,FY2026_Budget_v1,2026-04-01,A5010,D02,R04,Subscription,40456.99,Headcount and unit-cost plan
B000509,FY2026_Budget_v1,2026-05-01,A5010,D02,R04,Subscription,31249.57,Headcount and unit-cost plan
B000510,FY2026_Budget_v1,2026-06-01,A5010,D02,R04,Subscription,31249.57,Headcount and unit-cost plan
B000511,FY2026_Budget_v1,2026-07-01,A5010,D02,R04,Subscription,31249.57,Headcount and unit-cost plan
B000512,FY2026_Budget_v1,2026-08-01,A5010,D02,R04,Subscription,31249.57,Headcount and unit-cost plan
B000513,FY2026_Budget_v1,2026-09-01,A5010,D02,R04,Subscription,31249.57,Headcount and unit-cost plan
B000514,FY2026_Budget_v1,2026-10-01,A5010,D02,R04,Subscription,31249.57,Headcount and unit-cost plan
B000515,FY2026_Budget_v1,2026-11-01,A5010,D02,R04,Subscription,31249.57,Headcount and unit-cost plan
B000516,FY2026_Budget_v1,2026-12-01,A5010,D02,R04,Subscription,31249.57,Headcount and unit-cost plan
B000517,FY2026_Budget_v1,2026-01-01,A6120,D05,R03,Corporate,31713.8,Headcount and unit-cost plan
B000518,FY2026_Budget_v1,2026-02-01,A6120,D05,R03,Corporate,31713.8,Headcount and unit-cost plan
B000519,FY2026_Budget_v1,2026-03-01,A6120,D05,R03,Corporate,31713.8,Headcount and unit-cost plan
B000520,FY2026_Budget_v1,2026-04-01,A6120,D05,R03,Corporate,31713.8,Headcount and unit-cost plan
B000521,FY2026_Budget_v1,2026-05-01,A6120,D05,R03,Corporate,31713.8,Headcount and unit-cost plan
B000522,FY2026_Budget_v1,2026-06-01,A6120,D05,R03,Corporate,31713.8,Headcount and unit-cost plan
B000523,FY2026_Budget_v1,2026-07-01,A6120,D05,R03,Corporate,31713.8,Headcount and unit-cost plan
B000524,FY2026_Budget_v1,2026-08-01,A6120,D05,R03,Corporate,31713.8,Headcount and unit-cost plan
B000525,FY2026_Budget_v1,2026-09-01,A6120,D05,R03,Corporate,31713.8,Headcount and unit-cost plan
B000526,FY2026_Budget_v1,2026-10-01,A6120,D05,R03,Corporate,49621.61,Headcount and unit-cost plan
B000527,FY2026_Budget_v1,2026-11-01,A6120,D05,R03,Corporate,49621.61,Headcount and unit-cost plan
B000528,FY2026_Budget_v1,2026-12-01,A6120,D05,R03,Corporate,49621.61,Headcount and unit-cost plan
B000529,FY2026_Budget_v1,2026-01-01,A5020,D03,R04,Services,54718.04,Headcount and unit-cost plan
B000530,FY2026_Budget_v1,2026-02-01,A5020,D03,R04,Services,54718.04,Headcount and unit-cost plan
B000531,FY2026_Budget_v1,2026-03-01,A5020,D03,R04,Services,54718.04,Headcount and unit-cost plan
B000532,FY2026_Budget_v1,2026-04-01,A5020,D03,R04,Services,54718.04,Headcount and unit-cost plan
B000533,FY2026_Budget_v1,2026-05-01,A5020,D03,R04,Services,54718.04,Headcount and unit-cost plan
B000534,FY2026_Budget_v1,2026-06-01,A5020,D03,R04,Services,54718.04,Headcount and unit-cost plan
B000535,FY2026_Budget_v1,2026-07-01,A5020,D03,R04,Services,54718.04,Headcount and unit-cost plan
B000536,FY2026_Budget_v1,2026-08-01,A5020,D03,R04,Services,54718.04,Headcount and unit-cost plan
B000537,FY2026_Budget_v1,2026-09-01,A5020,D03,R04,Services,54718.04,Headcount and unit-cost plan
B000538,FY2026_Budget_v1,2026-10-01,A5020,D03,R04,Services,54718.04,Headcount and unit-cost plan
B000539,FY2026_Budget_v1,2026-11-01,A5020,D03,R04,Services,54718.04,Headcount and unit-cost plan
B000540,FY2026_Budget_v1,2026-12-01,A5020,D03,R04,Services,54718.04,Headcount and unit-cost plan
B000541,FY2026_Budget_v1,2026-01-01,A6100,D04,R01,Corporate,456143.86,Headcount and unit-cost plan
B000542,FY2026_Budget_v1,2026-02-01,A6100,D04,R01,Corporate,456143.86,Headcount and unit-cost plan
B000543,FY2026_Budget_v1,2026-03-01,A6100,D04,R01,Corporate,456143.86,Headcount and unit-cost plan
B000544,FY2026_Budget_v1,2026-04-01,A6100,D04,R01,Corporate,456143.86,Headcount and unit-cost plan
B000545,FY2026_Budget_v1,2026-05-01,A6100,D04,R01,Corporate,456143.86,Headcount and unit-cost plan
B000546,FY2026_Budget_v1,2026-06-01,A6100,D04,R01,Corporate,475021.25,Headcount and unit-cost plan
B000547,FY2026_Budget_v1,2026-07-01,A6100,D04,R01,Corporate,475021.25,Headcount and unit-cost plan
B000548,FY2026_Budget_v1,2026-08-01,A6100,D04,R01,Corporate,475021.25,Headcount and unit-cost plan
B000549,FY2026_Budget_v1,2026-09-01,A6100,D04,R01,Corporate,475021.25,Headcount and unit-cost plan
B000550,FY2026_Budget_v1,2026-10-01,A6100,D04,R01,Corporate,475021.25,Headcount and unit-cost plan
B000551,FY2026_Budget_v1,2026-11-01,A6100,D04,R01,Corporate,475021.25,Headcount and unit-cost plan
B000552,FY2026_Budget_v1,2026-12-01,A6100,D04,R01,Corporate,475021.25,Headcount and unit-cost plan
B000553,FY2026_Budget_v1,2026-01-01,A5010,D01,R02,Subscription,261722.12,Headcount and unit-cost plan
B000554,FY2026_Budget_v1,2026-02-01,A5010,D01,R02,Subscription,241057.96,Headcount and unit-cost plan
B000555,FY2026_Budget_v1,2026-03-01,A5010,D01,R02,Subscription,241057.96,Headcount and unit-cost plan
B000556,FY2026_Budget_v1,2026-04-01,A5010,D01,R02,Subscription,241057.96,Headcount and unit-cost plan
B000557,FY2026_Budget_v1,2026-05-01,A5010,D01,R02,Subscription,241057.96,Headcount and unit-cost plan
B000558,FY2026_Budget_v1,2026-06-01,A5010,D01,R02,Subscription,223318.77,Headcount and unit-cost plan
B000559,FY2026_Budget_v1,2026-07-01,A5010,D01,R02,Subscription,223318.77,Headcount and unit-cost plan
B000560,FY2026_Budget_v1,2026-08-01,A5010,D01,R02,Subscription,223318.77,Headcount and unit-cost plan
B000561,FY2026_Budget_v1,2026-09-01,A5010,D01,R02,Subscription,223318.77,Headcount and unit-cost plan
B000562,FY2026_Budget_v1,2026-10-01,A5010,D01,R02,Subscription,223318.77,Headcount and unit-cost plan
B000563,FY2026_Budget_v1,2026-11-01,A5010,D01,R02,Subscription,235991.79,Headcount and unit-cost plan
B000564,FY2026_Budget_v1,2026-12-01,A5010,D01,R02,Subscription,235991.79,Headcount and unit-cost plan
B000565,FY2026_Budget_v1,2026-01-01,A6300,D07,R02,Corporate,94061.18,Headcount and unit-cost plan
B000566,FY2026_Budget_v1,2026-02-01,A6300,D07,R02,Corporate,94061.18,Headcount and unit-cost plan
B000567,FY2026_Budget_v1,2026-03-01,A6300,D07,R02,Corporate,94061.18,Headcount and unit-cost plan
B000568,FY2026_Budget_v1,2026-04-01,A6300,D07,R02,Corporate,94061.18,Headcount and unit-cost plan
B000569,FY2026_Budget_v1,2026-05-01,A6300,D07,R02,Corporate,94061.18,Headcount and unit-cost plan
B000570,FY2026_Budget_v1,2026-06-01,A6300,D07,R02,Corporate,94061.18,Headcount and unit-cost plan
B000571,FY2026_Budget_v1,2026-07-01,A6300,D07,R02,Corporate,94061.18,Headcount and unit-cost plan
B000572,FY2026_Budget_v1,2026-08-01,A6300,D07,R02,Corporate,94061.18,Headcount and unit-cost plan
B000573,FY2026_Budget_v1,2026-09-01,A6300,D07,R02,Corporate,94061.18,Headcount and unit-cost plan
B000574,FY2026_Budget_v1,2026-10-01,A6300,D07,R02,Corporate,94061.18,Headcount and unit-cost plan
B000575,FY2026_Budget_v1,2026-11-01,A6300,D07,R02,Corporate,94061.18,Headcount and unit-cost plan
B000576,FY2026_Budget_v1,2026-12-01,A6300,D07,R02,Corporate,94061.18,Headcount and unit-cost plan
B000577,FY2026_Budget_v1,2026-01-01,A6200,D06,R04,Corporate,172134.22,Headcount and unit-cost plan
B000578,FY2026_Budget_v1,2026-02-01,A6200,D06,R04,Corporate,172134.22,Headcount and unit-cost plan
B000579,FY2026_Budget_v1,2026-03-01,A6200,D06,R04,Corporate,172134.22,Headcount and unit-cost plan
B000580,FY2026_Budget_v1,2026-04-01,A6200,D06,R04,Corporate,172134.22,Headcount and unit-cost plan
B000581,FY2026_Budget_v1,2026-05-01,A6200,D06,R04,Corporate,172134.22,Headcount and unit-cost plan
B000582,FY2026_Budget_v1,2026-06-01,A6200,D06,R04,Corporate,172134.22,Headcount and unit-cost plan
B000583,FY2026_Budget_v1,2026-07-01,A6200,D06,R04,Corporate,190415.48,Headcount and unit-cost plan
B000584,FY2026_Budget_v1,2026-08-01,A6200,D06,R04,Corporate,190415.48,Headcount and unit-cost plan
B000585,FY2026_Budget_v1,2026-09-01,A6200,D06,R04,Corporate,207614.28,Headcount and unit-cost plan
B000586,FY2026_Budget_v1,2026-10-01,A6200,D06,R04,Corporate,207614.28,Headcount and unit-cost plan
B000587,FY2026_Budget_v1,2026-11-01,A6200,D06,R04,Corporate,222658.29,Headcount and unit-cost plan
B000588,FY2026_Budget_v1,2026-12-01,A6200,D06,R04,Corporate,222658.29,Headcount and unit-cost plan
B000589,FY2026_Budget_v1,2026-01-01,A5010,D01,R03,Subscription,16197.08,Headcount and unit-cost plan
B000590,FY2026_Budget_v1,2026-02-01,A5010,D01,R03,Subscription,16197.08,Headcount and unit-cost plan
B000591,FY2026_Budget_v1,2026-03-01,A5010,D01,R03,Subscription,0,Headcount and unit-cost plan
B000592,FY2026_Budget_v1,2026-04-01,A5010,D01,R03,Subscription,0,Headcount and unit-cost plan
B000593,FY2026_Budget_v1,2026-05-01,A5010,D01,R03,Subscription,0,Headcount and unit-cost plan
B000594,FY2026_Budget_v1,2026-06-01,A5010,D01,R03,Subscription,19846.65,Headcount and unit-cost plan
B000595,FY2026_Budget_v1,2026-07-01,A5010,D01,R03,Subscription,19846.65,Headcount and unit-cost plan
B000596,FY2026_Budget_v1,2026-08-01,A5010,D01,R03,Subscription,19846.65,Headcount and unit-cost plan
B000597,FY2026_Budget_v1,2026-09-01,A5010,D01,R03,Subscription,19846.65,Headcount and unit-cost plan
B000598,FY2026_Budget_v1,2026-10-01,A5010,D01,R03,Subscription,19846.65,Headcount and unit-cost plan
B000599,FY2026_Budget_v1,2026-11-01,A5010,D01,R03,Subscription,19846.65,Headcount and unit-cost plan
B000600,FY2026_Budget_v1,2026-12-01,A5010,D01,R03,Subscription,19846.65,Headcount and unit-cost plan
B000601,FY2026_Budget_v1,2026-01-01,A6100,D04,R04,Corporate,88737.79,Headcount and unit-cost plan
B000602,FY2026_Budget_v1,2026-02-01,A6100,D04,R04,Corporate,88737.79,Headcount and unit-cost plan
B000603,FY2026_Budget_v1,2026-03-01,A6100,D04,R04,Corporate,88737.79,Headcount and unit-cost plan
B000604,FY2026_Budget_v1,2026-04-01,A6100,D04,R04,Corporate,88737.79,Headcount and unit-cost plan
B000605,FY2026_Budget_v1,2026-05-01,A6100,D04,R04,Corporate,88737.79,Headcount and unit-cost plan
B000606,FY2026_Budget_v1,2026-06-01,A6100,D04,R04,Corporate,88737.79,Headcount and unit-cost plan
B000607,FY2026_Budget_v1,2026-07-01,A6100,D04,R04,Corporate,88737.79,Headcount and unit-cost plan
B000608,FY2026_Budget_v1,2026-08-01,A6100,D04,R04,Corporate,88737.79,Headcount and unit-cost plan
B000609,FY2026_Budget_v1,2026-09-01,A6100,D04,R04,Corporate,88737.79,Headcount and unit-cost plan
B000610,FY2026_Budget_v1,2026-10-01,A6100,D04,R04,Corporate,88737.79,Headcount and unit-cost plan
B000611,FY2026_Budget_v1,2026-11-01,A6100,D04,R04,Corporate,88737.79,Headcount and unit-cost plan
B000612,FY2026_Budget_v1,2026-12-01,A6100,D04,R04,Corporate,88737.79,Headcount and unit-cost plan
B000613,FY2026_Budget_v1,2026-01-01,A6300,D11,R02,Corporate,60381.43,Headcount and unit-cost plan
B000614,FY2026_Budget_v1,2026-02-01,A6300,D11,R02,Corporate,60381.43,Headcount and unit-cost plan
B000615,FY2026_Budget_v1,2026-03-01,A6300,D11,R02,Corporate,60381.43,Headcount and unit-cost plan
B000616,FY2026_Budget_v1,2026-04-01,A6300,D11,R02,Corporate,60381.43,Headcount and unit-cost plan
B000617,FY2026_Budget_v1,2026-05-01,A6300,D11,R02,Corporate,60381.43,Headcount and unit-cost plan
B000618,FY2026_Budget_v1,2026-06-01,A6300,D11,R02,Corporate,60381.43,Headcount and unit-cost plan
B000619,FY2026_Budget_v1,2026-07-01,A6300,D11,R02,Corporate,60381.43,Headcount and unit-cost plan
B000620,FY2026_Budget_v1,2026-08-01,A6300,D11,R02,Corporate,60381.43,Headcount and unit-cost plan
B000621,FY2026_Budget_v1,2026-09-01,A6300,D11,R02,Corporate,60381.43,Headcount and unit-cost plan
B000622,FY2026_Budget_v1,2026-10-01,A6300,D11,R02,Corporate,60381.43,Headcount and unit-cost plan
B000623,FY2026_Budget_v1,2026-11-01,A6300,D11,R02,Corporate,60381.43,Headcount and unit-cost plan
B000624,FY2026_Budget_v1,2026-12-01,A6300,D11,R02,Corporate,60381.43,Headcount and unit-cost plan
B000625,FY2026_Budget_v1,2026-01-01,A6300,D09,R03,Corporate,97930.98,Headcount and unit-cost plan
B000626,FY2026_Budget_v1,2026-02-01,A6300,D09,R03,Corporate,97930.98,Headcount and unit-cost plan
B000627,FY2026_Budget_v1,2026-03-01,A6300,D09,R03,Corporate,97930.98,Headcount and unit-cost plan
B000628,FY2026_Budget_v1,2026-04-01,A6300,D09,R03,Corporate,97930.98,Headcount and unit-cost plan
B000629,FY2026_Budget_v1,2026-05-01,A6300,D09,R03,Corporate,97930.98,Headcount and unit-cost plan
B000630,FY2026_Budget_v1,2026-06-01,A6300,D09,R03,Corporate,97930.98,Headcount and unit-cost plan
B000631,FY2026_Budget_v1,2026-07-01,A6300,D09,R03,Corporate,97930.98,Headcount and unit-cost plan
B000632,FY2026_Budget_v1,2026-08-01,A6300,D09,R03,Corporate,97930.98,Headcount and unit-cost plan
B000633,FY2026_Budget_v1,2026-09-01,A6300,D09,R03,Corporate,124309.08,Headcount and unit-cost plan
B000634,FY2026_Budget_v1,2026-10-01,A6300,D09,R03,Corporate,124309.08,Headcount and unit-cost plan
B000635,FY2026_Budget_v1,2026-11-01,A6300,D09,R03,Corporate,124309.08,Headcount and unit-cost plan
B000636,FY2026_Budget_v1,2026-12-01,A6300,D09,R03,Corporate,124309.08,Headcount and unit-cost plan
B000637,FY2026_Budget_v1,2026-01-01,A6120,D05,R01,Corporate,90001.58,Headcount and unit-cost plan
B000638,FY2026_Budget_v1,2026-02-01,A6120,D05,R01,Corporate,90001.58,Headcount and unit-cost plan
B000639,FY2026_Budget_v1,2026-03-01,A6120,D05,R01,Corporate,74267.67,Headcount and unit-cost plan
B000640,FY2026_Budget_v1,2026-04-01,A6120,D05,R01,Corporate,74267.67,Headcount and unit-cost plan
B000641,FY2026_Budget_v1,2026-05-01,A6120,D05,R01,Corporate,74267.67,Headcount and unit-cost plan
B000642,FY2026_Budget_v1,2026-06-01,A6120,D05,R01,Corporate,74267.67,Headcount and unit-cost plan
B000643,FY2026_Budget_v1,2026-07-01,A6120,D05,R01,Corporate,74267.67,Headcount and unit-cost plan
B000644,FY2026_Budget_v1,2026-08-01,A6120,D05,R01,Corporate,74267.67,Headcount and unit-cost plan
B000645,FY2026_Budget_v1,2026-09-01,A6120,D05,R01,Corporate,53816.09,Headcount and unit-cost plan
B000646,FY2026_Budget_v1,2026-10-01,A6120,D05,R01,Corporate,53816.09,Headcount and unit-cost plan
B000647,FY2026_Budget_v1,2026-11-01,A6120,D05,R01,Corporate,53816.09,Headcount and unit-cost plan
B000648,FY2026_Budget_v1,2026-12-01,A6120,D05,R01,Corporate,53816.09,Headcount and unit-cost plan
B000649,FY2026_Budget_v1,2026-01-01,A6300,D07,R03,Corporate,109677.52,Headcount and unit-cost plan
B000650,FY2026_Budget_v1,2026-02-01,A6300,D07,R03,Corporate,109677.52,Headcount and unit-cost plan
B000651,FY2026_Budget_v1,2026-03-01,A6300,D07,R03,Corporate,109677.52,Headcount and unit-cost plan
B000652,FY2026_Budget_v1,2026-04-01,A6300,D07,R03,Corporate,93977.06,Headcount and unit-cost plan
B000653,FY2026_Budget_v1,2026-05-01,A6300,D07,R03,Corporate,93977.06,Headcount and unit-cost plan
B000654,FY2026_Budget_v1,2026-06-01,A6300,D07,R03,Corporate,93977.06,Headcount and unit-cost plan
B000655,FY2026_Budget_v1,2026-07-01,A6300,D07,R03,Corporate,93977.06,Headcount and unit-cost plan
B000656,FY2026_Budget_v1,2026-08-01,A6300,D07,R03,Corporate,93977.06,Headcount and unit-cost plan
B000657,FY2026_Budget_v1,2026-09-01,A6300,D07,R03,Corporate,93977.06,Headcount and unit-cost plan
B000658,FY2026_Budget_v1,2026-10-01,A6300,D07,R03,Corporate,93977.06,Headcount and unit-cost plan
B000659,FY2026_Budget_v1,2026-11-01,A6300,D07,R03,Corporate,93977.06,Headcount and unit-cost plan
B000660,FY2026_Budget_v1,2026-12-01,A6300,D07,R03,Corporate,93977.06,Headcount and unit-cost plan
B000661,FY2026_Budget_v1,2026-01-01,A6120,D05,R02,Corporate,85862.6,Headcount and unit-cost plan
B000662,FY2026_Budget_v1,2026-02-01,A6120,D05,R02,Corporate,85862.6,Headcount and unit-cost plan
B000663,FY2026_Budget_v1,2026-03-01,A6120,D05,R02,Corporate,101390.86,Headcount and unit-cost plan
B000664,FY2026_Budget_v1,2026-04-01,A6120,D05,R02,Corporate,101390.86,Headcount and unit-cost plan
B000665,FY2026_Budget_v1,2026-05-01,A6120,D05,R02,Corporate,117168.64,Headcount and unit-cost plan
B000666,FY2026_Budget_v1,2026-06-01,A6120,D05,R02,Corporate,117168.64,Headcount and unit-cost plan
B000667,FY2026_Budget_v1,2026-07-01,A6120,D05,R02,Corporate,102697.79,Headcount and unit-cost plan
B000668,FY2026_Budget_v1,2026-08-01,A6120,D05,R02,Corporate,102697.79,Headcount and unit-cost plan
B000669,FY2026_Budget_v1,2026-09-01,A6120,D05,R02,Corporate,102697.79,Headcount and unit-cost plan
B000670,FY2026_Budget_v1,2026-10-01,A6120,D05,R02,Corporate,102697.79,Headcount and unit-cost plan
B000671,FY2026_Budget_v1,2026-11-01,A6120,D05,R02,Corporate,111261.22,Headcount and unit-cost plan
B000672,FY2026_Budget_v1,2026-12-01,A6120,D05,R02,Corporate,111261.22,Headcount and unit-cost plan
B000673,FY2026_Budget_v1,2026-01-01,A6300,D08,R01,Corporate,20640.11,Headcount and unit-cost plan
B000674,FY2026_Budget_v1,2026-02-01,A6300,D08,R01,Corporate,20640.11,Headcount and unit-cost plan
B000675,FY2026_Budget_v1,2026-03-01,A6300,D08,R01,Corporate,20640.11,Headcount and unit-cost plan
B000676,FY2026_Budget_v1,2026-04-01,A6300,D08,R01,Corporate,20640.11,Headcount and unit-cost plan
B000677,FY2026_Budget_v1,2026-05-01,A6300,D08,R01,Corporate,20640.11,Headcount and unit-cost plan
B000678,FY2026_Budget_v1,2026-06-01,A6300,D08,R01,Corporate,20640.11,Headcount and unit-cost plan
B000679,FY2026_Budget_v1,2026-07-01,A6300,D08,R01,Corporate,20640.11,Headcount and unit-cost plan
B000680,FY2026_Budget_v1,2026-08-01,A6300,D08,R01,Corporate,20640.11,Headcount and unit-cost plan
B000681,FY2026_Budget_v1,2026-09-01,A6300,D08,R01,Corporate,20640.11,Headcount and unit-cost plan
B000682,FY2026_Budget_v1,2026-10-01,A6300,D08,R01,Corporate,20640.11,Headcount and unit-cost plan
B000683,FY2026_Budget_v1,2026-11-01,A6300,D08,R01,Corporate,20640.11,Headcount and unit-cost plan
B000684,FY2026_Budget_v1,2026-12-01,A6300,D08,R01,Corporate,20640.11,Headcount and unit-cost plan
B000685,FY2026_Budget_v1,2026-01-01,A6300,D10,R04,Corporate,42345.31,Headcount and unit-cost plan
B000686,FY2026_Budget_v1,2026-02-01,A6300,D10,R04,Corporate,42345.31,Headcount and unit-cost plan
B000687,FY2026_Budget_v1,2026-03-01,A6300,D10,R04,Corporate,42345.31,Headcount and unit-cost plan
B000688,FY2026_Budget_v1,2026-04-01,A6300,D10,R04,Corporate,42345.31,Headcount and unit-cost plan
B000689,FY2026_Budget_v1,2026-05-01,A6300,D10,R04,Corporate,42345.31,Headcount and unit-cost plan
B000690,FY2026_Budget_v1,2026-06-01,A6300,D10,R04,Corporate,42345.31,Headcount and unit-cost plan
B000691,FY2026_Budget_v1,2026-07-01,A6300,D10,R04,Corporate,42345.31,Headcount and unit-cost plan
B000692,FY2026_Budget_v1,2026-08-01,A6300,D10,R04,Corporate,42345.31,Headcount and unit-cost plan
B000693,FY2026_Budget_v1,2026-09-01,A6300,D10,R04,Corporate,42345.31,Headcount and unit-cost plan
B000694,FY2026_Budget_v1,2026-10-01,A6300,D10,R04,Corporate,42345.31,Headcount and unit-cost plan
B000695,FY2026_Budget_v1,2026-11-01,A6300,D10,R04,Corporate,42345.31,Headcount and unit-cost plan
B000696,FY2026_Budget_v1,2026-12-01,A6300,D10,R04,Corporate,42345.31,Headcount and unit-cost plan
B000697,FY2026_Budget_v1,2026-01-01,A6300,D10,R01,Corporate,19501.39,Headcount and unit-cost plan
B000698,FY2026_Budget_v1,2026-02-01,A6300,D10,R01,Corporate,19501.39,Headcount and unit-cost plan
B000699,FY2026_Budget_v1,2026-03-01,A6300,D10,R01,Corporate,19501.39,Headcount and unit-cost plan
B000700,FY2026_Budget_v1,2026-04-01,A6300,D10,R01,Corporate,19501.39,Headcount and unit-cost plan
B000701,FY2026_Budget_v1,2026-05-01,A6300,D10,R01,Corporate,19501.39,Headcount and unit-cost plan
B000702,FY2026_Budget_v1,2026-06-01,A6300,D10,R01,Corporate,19501.39,Headcount and unit-cost plan
B000703,FY2026_Budget_v1,2026-07-01,A6300,D10,R01,Corporate,19501.39,Headcount and unit-cost plan
B000704,FY2026_Budget_v1,2026-08-01,A6300,D10,R01,Corporate,19501.39,Headcount and unit-cost plan
B000705,FY2026_Budget_v1,2026-09-01,A6300,D10,R01,Corporate,19501.39,Headcount and unit-cost plan
B000706,FY2026_Budget_v1,2026-10-01,A6300,D10,R01,Corporate,19501.39,Headcount and unit-cost plan
B000707,FY2026_Budget_v1,2026-11-01,A6300,D10,R01,Corporate,19501.39,Headcount and unit-cost plan
B000708,FY2026_Budget_v1,2026-12-01,A6300,D10,R01,Corporate,19501.39,Headcount and unit-cost plan
B000709,FY2026_Budget_v1,2026-01-01,A6300,D07,R01,Corporate,29287.85,Headcount and unit-cost plan
B000710,FY2026_Budget_v1,2026-02-01,A6300,D07,R01,Corporate,29287.85,Headcount and unit-cost plan
B000711,FY2026_Budget_v1,2026-03-01,A6300,D07,R01,Corporate,29287.85,Headcount and unit-cost plan
B000712,FY2026_Budget_v1,2026-04-01,A6300,D07,R01,Corporate,13121.87,Headcount and unit-cost plan
B000713,FY2026_Budget_v1,2026-05-01,A6300,D07,R01,Corporate,13121.87,Headcount and unit-cost plan
B000714,FY2026_Budget_v1,2026-06-01,A6300,D07,R01,Corporate,13121.87,Headcount and unit-cost plan
B000715,FY2026_Budget_v1,2026-07-01,A6300,D07,R01,Corporate,13121.87,Headcount and unit-cost plan
B000716,FY2026_Budget_v1,2026-08-01,A6300,D07,R01,Corporate,13121.87,Headcount and unit-cost plan
B000717,FY2026_Budget_v1,2026-09-01,A6300,D07,R01,Corporate,13121.87,Headcount and unit-cost plan
B000718,FY2026_Budget_v1,2026-10-01,A6300,D07,R01,Corporate,13121.87,Headcount and unit-cost plan
B000719,FY2026_Budget_v1,2026-11-01,A6300,D07,R01,Corporate,13121.87,Headcount and unit-cost plan
B000720,FY2026_Budget_v1,2026-12-01,A6300,D07,R01,Corporate,13121.87,Headcount and unit-cost plan
B000721,FY2026_Budget_v1,2026-01-01,A6300,D09,R04,Corporate,31127.46,Headcount and unit-cost plan
B000722,FY2026_Budget_v1,2026-02-01,A6300,D09,R04,Corporate,31127.46,Headcount and unit-cost plan
B000723,FY2026_Budget_v1,2026-03-01,A6300,D09,R04,Corporate,31127.46,Headcount and unit-cost plan
B000724,FY2026_Budget_v1,2026-04-01,A6300,D09,R04,Corporate,31127.46,Headcount and unit-cost plan
B000725,FY2026_Budget_v1,2026-05-01,A6300,D09,R04,Corporate,31127.46,Headcount and unit-cost plan
B000726,FY2026_Budget_v1,2026-06-01,A6300,D09,R04,Corporate,31127.46,Headcount and unit-cost plan
B000727,FY2026_Budget_v1,2026-07-01,A6300,D09,R04,Corporate,31127.46,Headcount and unit-cost plan
B000728,FY2026_Budget_v1,2026-08-01,A6300,D09,R04,Corporate,31127.46,Headcount and unit-cost plan
B000729,FY2026_Budget_v1,2026-09-01,A6300,D09,R04,Corporate,31127.46,Headcount and unit-cost plan
B000730,FY2026_Budget_v1,2026-10-01,A6300,D09,R04,Corporate,31127.46,Headcount and unit-cost plan
B000731,FY2026_Budget_v1,2026-11-01,A6300,D09,R04,Corporate,11449.85,Headcount and unit-cost plan
B000732,FY2026_Budget_v1,2026-12-01,A6300,D09,R04,Corporate,11449.85,Headcount and unit-cost plan
B000733,FY2026_Budget_v1,2026-01-01,A6300,D09,R01,Corporate,0,Headcount and unit-cost plan
B000734,FY2026_Budget_v1,2026-02-01,A6300,D09,R01,Corporate,0,Headcount and unit-cost plan
B000735,FY2026_Budget_v1,2026-03-01,A6300,D09,R01,Corporate,0,Headcount and unit-cost plan
B000736,FY2026_Budget_v1,2026-04-01,A6300,D09,R01,Corporate,0,Headcount and unit-cost plan
B000737,FY2026_Budget_v1,2026-05-01,A6300,D09,R01,Corporate,0,Headcount and unit-cost plan
B000738,FY2026_Budget_v1,2026-06-01,A6300,D09,R01,Corporate,0,Headcount and unit-cost plan
B000739,FY2026_Budget_v1,2026-07-01,A6300,D09,R01,Corporate,0,Headcount and unit-cost plan
B000740,FY2026_Budget_v1,2026-08-01,A6300,D09,R01,Corporate,0,Headcount and unit-cost plan
B000741,FY2026_Budget_v1,2026-09-01,A6300,D09,R01,Corporate,0,Headcount and unit-cost plan
B000742,FY2026_Budget_v1,2026-10-01,A6300,D09,R01,Corporate,0,Headcount and unit-cost plan
B000743,FY2026_Budget_v1,2026-11-01,A6300,D09,R01,Corporate,0,Headcount and unit-cost plan
B000744,FY2026_Budget_v1,2026-12-01,A6300,D09,R01,Corporate,19259.87,Headcount and unit-cost plan
B000745,FY2026_Budget_v1,2026-01-01,A6300,D11,R03,Corporate,0,Headcount and unit-cost plan
B000746,FY2026_Budget_v1,2026-02-01,A6300,D11,R03,Corporate,0,Headcount and unit-cost plan
B000747,FY2026_Budget_v1,2026-03-01,A6300,D11,R03,Corporate,0,Headcount and unit-cost plan
B000748,FY2026_Budget_v1,2026-04-01,A6300,D11,R03,Corporate,0,Headcount and unit-cost plan
B000749,FY2026_Budget_v1,2026-05-01,A6300,D11,R03,Corporate,0,Headcount and unit-cost plan
B000750,FY2026_Budget_v1,2026-06-01,A6300,D11,R03,Corporate,27976.8,Headcount and unit-cost plan
B000751,FY2026_Budget_v1,2026-07-01,A6300,D11,R03,Corporate,27976.8,Headcount and unit-cost plan
B000752,FY2026_Budget_v1,2026-08-01,A6300,D11,R03,Corporate,27976.8,Headcount and unit-cost plan
B000753,FY2026_Budget_v1,2026-09-01,A6300,D11,R03,Corporate,27976.8,Headcount and unit-cost plan
B000754,FY2026_Budget_v1,2026-10-01,A6300,D11,R03,Corporate,27976.8,Headcount and unit-cost plan
B000755,FY2026_Budget_v1,2026-11-01,A6300,D11,R03,Corporate,27976.8,Headcount and unit-cost plan
B000756,FY2026_Budget_v1,2026-12-01,A6300,D11,R03,Corporate,27976.8,Headcount and unit-cost plan
B000757,FY2026_Budget_v1,2026-01-01,A5000,D01,R01,Subscription,305171.25,Headcount and unit-cost plan
B000758,FY2026_Budget_v1,2026-02-01,A5000,D01,R01,Subscription,311661.35,Headcount and unit-cost plan
B000759,FY2026_Budget_v1,2026-03-01,A5000,D01,R01,Subscription,318504.67,Headcount and unit-cost plan
B000760,FY2026_Budget_v1,2026-04-01,A5000,D01,R01,Subscription,309487.7,Headcount and unit-cost plan
B000761,FY2026_Budget_v1,2026-05-01,A5000,D01,R01,Subscription,310314.23,Headcount and unit-cost plan
B000762,FY2026_Budget_v1,2026-06-01,A5000,D01,R01,Subscription,317866.31,Headcount and unit-cost plan
B000763,FY2026_Budget_v1,2026-07-01,A5000,D01,R01,Subscription,313259.31,Headcount and unit-cost plan
B000764,FY2026_Budget_v1,2026-08-01,A5000,D01,R01,Subscription,327481.18,Headcount and unit-cost plan
B000765,FY2026_Budget_v1,2026-09-01,A5000,D01,R01,Subscription,326021.92,Headcount and unit-cost plan
B000766,FY2026_Budget_v1,2026-10-01,A5000,D01,R01,Subscription,332142.16,Headcount and unit-cost plan
B000767,FY2026_Budget_v1,2026-11-01,A5000,D01,R01,Subscription,327384.33,Headcount and unit-cost plan
B000768,FY2026_Budget_v1,2026-12-01,A5000,D01,R01,Subscription,338207.81,Headcount and unit-cost plan
B000769,FY2026_Budget_v1,2026-01-01,A5050,D01,R01,Subscription,41535.84,Headcount and unit-cost plan
B000770,FY2026_Budget_v1,2026-02-01,A5050,D01,R01,Subscription,41602.53,Headcount and unit-cost plan
B000771,FY2026_Budget_v1,2026-03-01,A5050,D01,R01,Subscription,41766.33,Headcount and unit-cost plan
B000772,FY2026_Budget_v1,2026-04-01,A5050,D01,R01,Subscription,42043.73,Headcount and unit-cost plan
B000773,FY2026_Budget_v1,2026-05-01,A5050,D01,R01,Subscription,42355.87,Headcount and unit-cost plan
B000774,FY2026_Budget_v1,2026-06-01,A5050,D01,R01,Subscription,42536.43,Headcount and unit-cost plan
B000775,FY2026_Budget_v1,2026-07-01,A5050,D01,R01,Subscription,42668.45,Headcount and unit-cost plan
B000776,FY2026_Budget_v1,2026-08-01,A5050,D01,R01,Subscription,43444.19,Headcount and unit-cost plan
B000777,FY2026_Budget_v1,2026-09-01,A5050,D01,R01,Subscription,44372.24,Headcount and unit-cost plan
B000778,FY2026_Budget_v1,2026-10-01,A5050,D01,R01,Subscription,44779.71,Headcount and unit-cost plan
B000779,FY2026_Budget_v1,2026-11-01,A5050,D01,R01,Subscription,45132.39,Headcount and unit-cost plan
B000780,FY2026_Budget_v1,2026-12-01,A5050,D01,R01,Subscription,45701.75,Headcount and unit-cost plan
B000781,FY2026_Budget_v1,2026-01-01,A6110,D04,R01,Corporate,147228.22,Headcount and unit-cost plan
B000782,FY2026_Budget_v1,2026-02-01,A6110,D04,R01,Corporate,150777.91,Headcount and unit-cost plan
B000783,FY2026_Budget_v1,2026-03-01,A6110,D04,R01,Corporate,153893.13,Headcount and unit-cost plan
B000784,FY2026_Budget_v1,2026-04-01,A6110,D04,R01,Corporate,154742.62,Headcount and unit-cost plan
B000785,FY2026_Budget_v1,2026-05-01,A6110,D04,R01,Corporate,157184.35,Headcount and unit-cost plan
B000786,FY2026_Budget_v1,2026-06-01,A6110,D04,R01,Corporate,156501.75,Headcount and unit-cost plan
B000787,FY2026_Budget_v1,2026-07-01,A6110,D04,R01,Corporate,157874.78,Headcount and unit-cost plan
B000788,FY2026_Budget_v1,2026-08-01,A6110,D04,R01,Corporate,162744.78,Headcount and unit-cost plan
B000789,FY2026_Budget_v1,2026-09-01,A6110,D04,R01,Corporate,159507.87,Headcount and unit-cost plan
B000790,FY2026_Budget_v1,2026-10-01,A6110,D04,R01,Corporate,163898.16,Headcount and unit-cost plan
B000791,FY2026_Budget_v1,2026-11-01,A6110,D04,R01,Corporate,169507.77,Headcount and unit-cost plan
B000792,FY2026_Budget_v1,2026-12-01,A6110,D04,R01,Corporate,171932.21,Headcount and unit-cost plan
B000793,FY2026_Budget_v1,2026-01-01,A6130,D05,R01,Corporate,120984,Headcount and unit-cost plan
B000794,FY2026_Budget_v1,2026-02-01,A6130,D05,R01,Corporate,127279.05,Headcount and unit-cost plan
B000795,FY2026_Budget_v1,2026-03-01,A6130,D05,R01,Corporate,132423.17,Headcount and unit-cost plan
B000796,FY2026_Budget_v1,2026-04-01,A6130,D05,R01,Corporate,111223.7,Headcount and unit-cost plan
B000797,FY2026_Budget_v1,2026-05-01,A6130,D05,R01,Corporate,114040.48,Headcount and unit-cost plan
B000798,FY2026_Budget_v1,2026-06-01,A6130,D05,R01,Corporate,112443.5,Headcount and unit-cost plan
B000799,FY2026_Budget_v1,2026-07-01,A6130,D05,R01,Corporate,114158.96,Headcount and unit-cost plan
B000800,FY2026_Budget_v1,2026-08-01,A6130,D05,R01,Corporate,119313.99,Headcount and unit-cost plan
B000801,FY2026_Budget_v1,2026-09-01,A6130,D05,R01,Corporate,111524.07,Headcount and unit-cost plan
B000802,FY2026_Budget_v1,2026-10-01,A6130,D05,R01,Corporate,157767.8,Headcount and unit-cost plan
B000803,FY2026_Budget_v1,2026-11-01,A6130,D05,R01,Corporate,167974.6,Headcount and unit-cost plan
B000804,FY2026_Budget_v1,2026-12-01,A6130,D05,R01,Corporate,170687.35,Headcount and unit-cost plan
B000805,FY2026_Budget_v1,2026-01-01,A6350,D07,R01,Corporate,12569.77,Headcount and unit-cost plan
B000806,FY2026_Budget_v1,2026-02-01,A6350,D07,R01,Corporate,13223.79,Headcount and unit-cost plan
B000807,FY2026_Budget_v1,2026-03-01,A6350,D07,R01,Corporate,13758.25,Headcount and unit-cost plan
B000808,FY2026_Budget_v1,2026-04-01,A6350,D07,R01,Corporate,13816.61,Headcount and unit-cost plan
B000809,FY2026_Budget_v1,2026-05-01,A6350,D07,R01,Corporate,14166.52,Headcount and unit-cost plan
B000810,FY2026_Budget_v1,2026-06-01,A6350,D07,R01,Corporate,13968.14,Headcount and unit-cost plan
B000811,FY2026_Budget_v1,2026-07-01,A6350,D07,R01,Corporate,14181.23,Headcount and unit-cost plan
B000812,FY2026_Budget_v1,2026-08-01,A6350,D07,R01,Corporate,14821.61,Headcount and unit-cost plan
B000813,FY2026_Budget_v1,2026-09-01,A6350,D07,R01,Corporate,13853.92,Headcount and unit-cost plan
B000814,FY2026_Budget_v1,2026-10-01,A6350,D07,R01,Corporate,14540.81,Headcount and unit-cost plan
B000815,FY2026_Budget_v1,2026-11-01,A6350,D07,R01,Corporate,15481.53,Headcount and unit-cost plan
B000816,FY2026_Budget_v1,2026-12-01,A6350,D07,R01,Corporate,9832.22,Headcount and unit-cost plan
B000817,FY2026_Budget_v1,2026-01-01,A6360,D07,R01,Corporate,9598.72,Headcount and unit-cost plan
B000818,FY2026_Budget_v1,2026-02-01,A6360,D07,R01,Corporate,10098.18,Headcount and unit-cost plan
B000819,FY2026_Budget_v1,2026-03-01,A6360,D07,R01,Corporate,10506.31,Headcount and unit-cost plan
B000820,FY2026_Budget_v1,2026-04-01,A6360,D07,R01,Corporate,10550.86,Headcount and unit-cost plan
B000821,FY2026_Budget_v1,2026-05-01,A6360,D07,R01,Corporate,10818.07,Headcount and unit-cost plan
B000822,FY2026_Budget_v1,2026-06-01,A6360,D07,R01,Corporate,10666.58,Headcount and unit-cost plan
B000823,FY2026_Budget_v1,2026-07-01,A6360,D07,R01,Corporate,10829.31,Headcount and unit-cost plan
B000824,FY2026_Budget_v1,2026-08-01,A6360,D07,R01,Corporate,11318.33,Headcount and unit-cost plan
B000825,FY2026_Budget_v1,2026-09-01,A6360,D07,R01,Corporate,10579.36,Headcount and unit-cost plan
B000826,FY2026_Budget_v1,2026-10-01,A6360,D07,R01,Corporate,11103.89,Headcount and unit-cost plan
B000827,FY2026_Budget_v1,2026-11-01,A6360,D07,R01,Corporate,11822.26,Headcount and unit-cost plan
B000828,FY2026_Budget_v1,2026-12-01,A6360,D07,R01,Corporate,12013.19,Headcount and unit-cost plan
B000829,FY2026_Budget_v1,2026-01-01,A6210,D06,R01,Corporate,108399.05,Headcount and unit-cost plan
B000830,FY2026_Budget_v1,2026-02-01,A6210,D06,R01,Corporate,108420.3,Headcount and unit-cost plan
B000831,FY2026_Budget_v1,2026-03-01,A6210,D06,R01,Corporate,108472.48,Headcount and unit-cost plan
B000832,FY2026_Budget_v1,2026-04-01,A6210,D06,R01,Corporate,110184.86,Headcount and unit-cost plan
B000833,FY2026_Budget_v1,2026-05-01,A6210,D06,R01,Corporate,110284.31,Headcount and unit-cost plan
B000834,FY2026_Budget_v1,2026-06-01,A6210,D06,R01,Corporate,110341.83,Headcount and unit-cost plan
B000835,FY2026_Budget_v1,2026-07-01,A6210,D06,R01,Corporate,112007.88,Headcount and unit-cost plan
B000836,FY2026_Budget_v1,2026-08-01,A6210,D06,R01,Corporate,112255.04,Headcount and unit-cost plan
B000837,FY2026_Budget_v1,2026-09-01,A6210,D06,R01,Corporate,112550.69,Headcount and unit-cost plan
B000838,FY2026_Budget_v1,2026-10-01,A6210,D06,R01,Corporate,112680.5,Headcount and unit-cost plan
B000839,FY2026_Budget_v1,2026-11-01,A6210,D06,R01,Corporate,114416.86,Headcount and unit-cost plan
B000840,FY2026_Budget_v1,2026-12-01,A6210,D06,R01,Corporate,114598.25,Headcount and unit-cost plan
B000841,FY2026_Budget_v1,2026-01-01,A6310,D10,R01,Corporate,100055.52,Headcount and unit-cost plan
B000842,FY2026_Budget_v1,2026-02-01,A6310,D10,R01,Corporate,100861.12,Headcount and unit-cost plan
B000843,FY2026_Budget_v1,2026-03-01,A6310,D10,R01,Corporate,100055.52,Headcount and unit-cost plan
B000844,FY2026_Budget_v1,2026-04-01,A6310,D10,R01,Corporate,100055.52,Headcount and unit-cost plan
B000845,FY2026_Budget_v1,2026-05-01,A6310,D10,R01,Corporate,100055.52,Headcount and unit-cost plan
B000846,FY2026_Budget_v1,2026-06-01,A6310,D10,R01,Corporate,100055.52,Headcount and unit-cost plan
B000847,FY2026_Budget_v1,2026-07-01,A6310,D10,R01,Corporate,100861.12,Headcount and unit-cost plan
B000848,FY2026_Budget_v1,2026-08-01,A6310,D10,R01,Corporate,100861.12,Headcount and unit-cost plan
B000849,FY2026_Budget_v1,2026-09-01,A6310,D10,R01,Corporate,100055.52,Headcount and unit-cost plan
B000850,FY2026_Budget_v1,2026-10-01,A6310,D10,R01,Corporate,100055.52,Headcount and unit-cost plan
B000851,FY2026_Budget_v1,2026-11-01,A6310,D10,R01,Corporate,100861.12,Headcount and unit-cost plan
B000852,FY2026_Budget_v1,2026-12-01,A6310,D10,R01,Corporate,101666.72,Headcount and unit-cost plan
B000853,FY2026_Budget_v1,2026-01-01,A6320,D10,R01,Corporate,56523.42,Headcount and unit-cost plan
B000854,FY2026_Budget_v1,2026-02-01,A6320,D10,R01,Corporate,56978.52,Headcount and unit-cost plan
B000855,FY2026_Budget_v1,2026-03-01,A6320,D10,R01,Corporate,56523.42,Headcount and unit-cost plan
B000856,FY2026_Budget_v1,2026-04-01,A6320,D10,R01,Corporate,56523.42,Headcount and unit-cost plan
B000857,FY2026_Budget_v1,2026-05-01,A6320,D10,R01,Corporate,56523.42,Headcount and unit-cost plan
B000858,FY2026_Budget_v1,2026-06-01,A6320,D10,R01,Corporate,56523.42,Headcount and unit-cost plan
B000859,FY2026_Budget_v1,2026-07-01,A6320,D10,R01,Corporate,56978.52,Headcount and unit-cost plan
B000860,FY2026_Budget_v1,2026-08-01,A6320,D10,R01,Corporate,56978.52,Headcount and unit-cost plan
B000861,FY2026_Budget_v1,2026-09-01,A6320,D10,R01,Corporate,56523.42,Headcount and unit-cost plan
B000862,FY2026_Budget_v1,2026-10-01,A6320,D10,R01,Corporate,56523.42,Headcount and unit-cost plan
B000863,FY2026_Budget_v1,2026-11-01,A6320,D10,R01,Corporate,56978.52,Headcount and unit-cost plan
B000864,FY2026_Budget_v1,2026-12-01,A6320,D10,R01,Corporate,57433.62,Headcount and unit-cost plan
B000865,FY2026_Budget_v1,2026-01-01,A6340,D08,R01,Corporate,10030,Headcount and unit-cost plan
B000866,FY2026_Budget_v1,2026-02-01,A6340,D08,R01,Corporate,11215.23,Headcount and unit-cost plan
B000867,FY2026_Budget_v1,2026-03-01,A6340,D08,R01,Corporate,0,Headcount and unit-cost plan
B000868,FY2026_Budget_v1,2026-04-01,A6340,D08,R01,Corporate,31945.64,Headcount and unit-cost plan
B000869,FY2026_Budget_v1,2026-05-01,A6340,D08,R01,Corporate,0,Headcount and unit-cost plan
B000870,FY2026_Budget_v1,2026-06-01,A6340,D08,R01,Corporate,12923.56,Headcount and unit-cost plan
B000871,FY2026_Budget_v1,2026-07-01,A6340,D08,R01,Corporate,11198.98,Headcount and unit-cost plan
B000872,FY2026_Budget_v1,2026-08-01,A6340,D08,R01,Corporate,0,Headcount and unit-cost plan
B000873,FY2026_Budget_v1,2026-09-01,A6340,D08,R01,Corporate,0,Headcount and unit-cost plan
B000874,FY2026_Budget_v1,2026-10-01,A6340,D08,R01,Corporate,12831.78,Headcount and unit-cost plan
B000875,FY2026_Budget_v1,2026-11-01,A6340,D08,R01,Corporate,32588.25,Headcount and unit-cost plan
B000876,FY2026_Budget_v1,2026-12-01,A6340,D08,R01,Corporate,14767.07,Headcount and unit-cost plan
B000877,FY2026_Budget_v1,2026-01-01,A5000,D01,R02,Subscription,265010.11,Headcount and unit-cost plan
B000878,FY2026_Budget_v1,2026-02-01,A5000,D01,R02,Subscription,272774.97,Headcount and unit-cost plan
B000879,FY2026_Budget_v1,2026-03-01,A5000,D01,R02,Subscription,269602.33,Headcount and unit-cost plan
B000880,FY2026_Budget_v1,2026-04-01,A5000,D01,R02,Subscription,272644.42,Headcount and unit-cost plan
B000881,FY2026_Budget_v1,2026-05-01,A5000,D01,R02,Subscription,283764.77,Headcount and unit-cost plan
B000882,FY2026_Budget_v1,2026-06-01,A5000,D01,R02,Subscription,295678.71,Headcount and unit-cost plan
B000883,FY2026_Budget_v1,2026-07-01,A5000,D01,R02,Subscription,297030.45,Headcount and unit-cost plan
B000884,FY2026_Budget_v1,2026-08-01,A5000,D01,R02,Subscription,306727.09,Headcount and unit-cost plan
B000885,FY2026_Budget_v1,2026-09-01,A5000,D01,R02,Subscription,304164.94,Headcount and unit-cost plan
B000886,FY2026_Budget_v1,2026-10-01,A5000,D01,R02,Subscription,318135.3,Headcount and unit-cost plan
B000887,FY2026_Budget_v1,2026-11-01,A5000,D01,R02,Subscription,316901.51,Headcount and unit-cost plan
B000888,FY2026_Budget_v1,2026-12-01,A5000,D01,R02,Subscription,318777.39,Headcount and unit-cost plan
B000889,FY2026_Budget_v1,2026-01-01,A5050,D01,R02,Subscription,35833.11,Headcount and unit-cost plan
B000890,FY2026_Budget_v1,2026-02-01,A5050,D01,R02,Subscription,36173.18,Headcount and unit-cost plan
B000891,FY2026_Budget_v1,2026-03-01,A5050,D01,R02,Subscription,36381.02,Headcount and unit-cost plan
B000892,FY2026_Budget_v1,2026-04-01,A5050,D01,R02,Subscription,37121.36,Headcount and unit-cost plan
B000893,FY2026_Budget_v1,2026-05-01,A5050,D01,R02,Subscription,38638.33,Headcount and unit-cost plan
B000894,FY2026_Budget_v1,2026-06-01,A5050,D01,R02,Subscription,40143.06,Headcount and unit-cost plan
B000895,FY2026_Budget_v1,2026-07-01,A5050,D01,R02,Subscription,40781.04,Headcount and unit-cost plan
B000896,FY2026_Budget_v1,2026-08-01,A5050,D01,R02,Subscription,40982.38,Headcount and unit-cost plan
B000897,FY2026_Budget_v1,2026-09-01,A5050,D01,R02,Subscription,41547.42,Headcount and unit-cost plan
B000898,FY2026_Budget_v1,2026-10-01,A5050,D01,R02,Subscription,42072.15,Headcount and unit-cost plan
B000899,FY2026_Budget_v1,2026-11-01,A5050,D01,R02,Subscription,42311.43,Headcount and unit-cost plan
B000900,FY2026_Budget_v1,2026-12-01,A5050,D01,R02,Subscription,42537.29,Headcount and unit-cost plan
B000901,FY2026_Budget_v1,2026-01-01,A6110,D04,R02,Corporate,132755.62,Headcount and unit-cost plan
B000902,FY2026_Budget_v1,2026-02-01,A6110,D04,R02,Corporate,133597.59,Headcount and unit-cost plan
B000903,FY2026_Budget_v1,2026-03-01,A6110,D04,R02,Corporate,130118.25,Headcount and unit-cost plan
B000904,FY2026_Budget_v1,2026-04-01,A6110,D04,R02,Corporate,134072.8,Headcount and unit-cost plan
B000905,FY2026_Budget_v1,2026-05-01,A6110,D04,R02,Corporate,134589.65,Headcount and unit-cost plan
B000906,FY2026_Budget_v1,2026-06-01,A6110,D04,R02,Corporate,143365.24,Headcount and unit-cost plan
B000907,FY2026_Budget_v1,2026-07-01,A6110,D04,R02,Corporate,144601.06,Headcount and unit-cost plan
B000908,FY2026_Budget_v1,2026-08-01,A6110,D04,R02,Corporate,150124.17,Headcount and unit-cost plan
B000909,FY2026_Budget_v1,2026-09-01,A6110,D04,R02,Corporate,152072.06,Headcount and unit-cost plan
B000910,FY2026_Budget_v1,2026-10-01,A6110,D04,R02,Corporate,153705.72,Headcount and unit-cost plan
B000911,FY2026_Budget_v1,2026-11-01,A6110,D04,R02,Corporate,152975.21,Headcount and unit-cost plan
B000912,FY2026_Budget_v1,2026-12-01,A6110,D04,R02,Corporate,147857.92,Headcount and unit-cost plan
B000913,FY2026_Budget_v1,2026-01-01,A6130,D05,R02,Corporate,114944.84,Headcount and unit-cost plan
B000914,FY2026_Budget_v1,2026-02-01,A6130,D05,R02,Corporate,115266.22,Headcount and unit-cost plan
B000915,FY2026_Budget_v1,2026-03-01,A6130,D05,R02,Corporate,108108.52,Headcount and unit-cost plan
B000916,FY2026_Budget_v1,2026-04-01,A6130,D05,R02,Corporate,94270.32,Headcount and unit-cost plan
B000917,FY2026_Budget_v1,2026-05-01,A6130,D05,R02,Corporate,90481.17,Headcount and unit-cost plan
B000918,FY2026_Budget_v1,2026-06-01,A6130,D05,R02,Corporate,99447.41,Headcount and unit-cost plan
B000919,FY2026_Budget_v1,2026-07-01,A6130,D05,R02,Corporate,99422.22,Headcount and unit-cost plan
B000920,FY2026_Budget_v1,2026-08-01,A6130,D05,R02,Corporate,107319.27,Headcount and unit-cost plan
B000921,FY2026_Budget_v1,2026-09-01,A6130,D05,R02,Corporate,108611.11,Headcount and unit-cost plan
B000922,FY2026_Budget_v1,2026-10-01,A6130,D05,R02,Corporate,147642.15,Headcount and unit-cost plan
B000923,FY2026_Budget_v1,2026-11-01,A6130,D05,R02,Corporate,145151.07,Headcount and unit-cost plan
B000924,FY2026_Budget_v1,2026-12-01,A6130,D05,R02,Corporate,133609.18,Headcount and unit-cost plan
B000925,FY2026_Budget_v1,2026-01-01,A6350,D07,R02,Corporate,11942.33,Headcount and unit-cost plan
B000926,FY2026_Budget_v1,2026-02-01,A6350,D07,R02,Corporate,11975.71,Headcount and unit-cost plan
B000927,FY2026_Budget_v1,2026-03-01,A6350,D07,R02,Corporate,11232.06,Headcount and unit-cost plan
B000928,FY2026_Budget_v1,2026-04-01,A6350,D07,R02,Corporate,11710.6,Headcount and unit-cost plan
B000929,FY2026_Budget_v1,2026-05-01,A6350,D07,R02,Corporate,11239.9,Headcount and unit-cost plan
B000930,FY2026_Budget_v1,2026-06-01,A6350,D07,R02,Corporate,12353.72,Headcount and unit-cost plan
B000931,FY2026_Budget_v1,2026-07-01,A6350,D07,R02,Corporate,12350.59,Headcount and unit-cost plan
B000932,FY2026_Budget_v1,2026-08-01,A6350,D07,R02,Corporate,13331.58,Headcount and unit-cost plan
B000933,FY2026_Budget_v1,2026-09-01,A6350,D07,R02,Corporate,13492.06,Headcount and unit-cost plan
B000934,FY2026_Budget_v1,2026-10-01,A6350,D07,R02,Corporate,13607.57,Headcount and unit-cost plan
B000935,FY2026_Budget_v1,2026-11-01,A6350,D07,R02,Corporate,13377.98,Headcount and unit-cost plan
B000936,FY2026_Budget_v1,2026-12-01,A6350,D07,R02,Corporate,7696.38,Headcount and unit-cost plan
B000937,FY2026_Budget_v1,2026-01-01,A6360,D07,R02,Corporate,9119.59,Headcount and unit-cost plan
B000938,FY2026_Budget_v1,2026-02-01,A6360,D07,R02,Corporate,9145.09,Headcount and unit-cost plan
B000939,FY2026_Budget_v1,2026-03-01,A6360,D07,R02,Corporate,8577.21,Headcount and unit-cost plan
B000940,FY2026_Budget_v1,2026-04-01,A6360,D07,R02,Corporate,8942.64,Headcount and unit-cost plan
B000941,FY2026_Budget_v1,2026-05-01,A6360,D07,R02,Corporate,8583.2,Headcount and unit-cost plan
B000942,FY2026_Budget_v1,2026-06-01,A6360,D07,R02,Corporate,9433.75,Headcount and unit-cost plan
B000943,FY2026_Budget_v1,2026-07-01,A6360,D07,R02,Corporate,9431.35,Headcount and unit-cost plan
B000944,FY2026_Budget_v1,2026-08-01,A6360,D07,R02,Corporate,10180.49,Headcount and unit-cost plan
B000945,FY2026_Budget_v1,2026-09-01,A6360,D07,R02,Corporate,10303.03,Headcount and unit-cost plan
B000946,FY2026_Budget_v1,2026-10-01,A6360,D07,R02,Corporate,10391.24,Headcount and unit-cost plan
B000947,FY2026_Budget_v1,2026-11-01,A6360,D07,R02,Corporate,10215.91,Headcount and unit-cost plan
B000948,FY2026_Budget_v1,2026-12-01,A6360,D07,R02,Corporate,9403.58,Headcount and unit-cost plan
B000949,FY2026_Budget_v1,2026-01-01,A6210,D06,R02,Corporate,79948.66,Headcount and unit-cost plan
B000950,FY2026_Budget_v1,2026-02-01,A6210,D06,R02,Corporate,80057,Headcount and unit-cost plan
B000951,FY2026_Budget_v1,2026-03-01,A6210,D06,R02,Corporate,83371.21,Headcount and unit-cost plan
B000952,FY2026_Budget_v1,2026-04-01,A6210,D06,R02,Corporate,85231.07,Headcount and unit-cost plan
B000953,FY2026_Budget_v1,2026-05-01,A6210,D06,R02,Corporate,85714.35,Headcount and unit-cost plan
B000954,FY2026_Budget_v1,2026-06-01,A6210,D06,R02,Corporate,84569.74,Headcount and unit-cost plan
B000955,FY2026_Budget_v1,2026-07-01,A6210,D06,R02,Corporate,83148.99,Headcount and unit-cost plan
B000956,FY2026_Budget_v1,2026-08-01,A6210,D06,R02,Corporate,84837.13,Headcount and unit-cost plan
B000957,FY2026_Budget_v1,2026-09-01,A6210,D06,R02,Corporate,85017.15,Headcount and unit-cost plan
B000958,FY2026_Budget_v1,2026-10-01,A6210,D06,R02,Corporate,85184.32,Headcount and unit-cost plan
B000959,FY2026_Budget_v1,2026-11-01,A6210,D06,R02,Corporate,86884.55,Headcount and unit-cost plan
B000960,FY2026_Budget_v1,2026-12-01,A6210,D06,R02,Corporate,85332.51,Headcount and unit-cost plan
B000961,FY2026_Budget_v1,2026-01-01,A6310,D10,R02,Corporate,84554.08,Headcount and unit-cost plan
B000962,FY2026_Budget_v1,2026-02-01,A6310,D10,R02,Corporate,84554.08,Headcount and unit-cost plan
B000963,FY2026_Budget_v1,2026-03-01,A6310,D10,R02,Corporate,86430.28,Headcount and unit-cost plan
B000964,FY2026_Budget_v1,2026-04-01,A6310,D10,R02,Corporate,86430.28,Headcount and unit-cost plan
B000965,FY2026_Budget_v1,2026-05-01,A6310,D10,R02,Corporate,87055.68,Headcount and unit-cost plan
B000966,FY2026_Budget_v1,2026-06-01,A6310,D10,R02,Corporate,86430.28,Headcount and unit-cost plan
B000967,FY2026_Budget_v1,2026-07-01,A6310,D10,R02,Corporate,85179.48,Headcount and unit-cost plan
B000968,FY2026_Budget_v1,2026-08-01,A6310,D10,R02,Corporate,87055.68,Headcount and unit-cost plan
B000969,FY2026_Budget_v1,2026-09-01,A6310,D10,R02,Corporate,86430.28,Headcount and unit-cost plan
B000970,FY2026_Budget_v1,2026-10-01,A6310,D10,R02,Corporate,85804.88,Headcount and unit-cost plan
B000971,FY2026_Budget_v1,2026-11-01,A6310,D10,R02,Corporate,85179.48,Headcount and unit-cost plan
B000972,FY2026_Budget_v1,2026-12-01,A6310,D10,R02,Corporate,84554.08,Headcount and unit-cost plan
B000973,FY2026_Budget_v1,2026-01-01,A6320,D10,R02,Corporate,61529.52,Headcount and unit-cost plan
B000974,FY2026_Budget_v1,2026-02-01,A6320,D10,R02,Corporate,61529.52,Headcount and unit-cost plan
B000975,FY2026_Budget_v1,2026-03-01,A6320,D10,R02,Corporate,62894.82,Headcount and unit-cost plan
B000976,FY2026_Budget_v1,2026-04-01,A6320,D10,R02,Corporate,62894.82,Headcount and unit-cost plan
B000977,FY2026_Budget_v1,2026-05-01,A6320,D10,R02,Corporate,63349.92,Headcount and unit-cost plan
B000978,FY2026_Budget_v1,2026-06-01,A6320,D10,R02,Corporate,62894.82,Headcount and unit-cost plan
B000979,FY2026_Budget_v1,2026-07-01,A6320,D10,R02,Corporate,61984.62,Headcount and unit-cost plan
B000980,FY2026_Budget_v1,2026-08-01,A6320,D10,R02,Corporate,63349.92,Headcount and unit-cost plan
B000981,FY2026_Budget_v1,2026-09-01,A6320,D10,R02,Corporate,62894.82,Headcount and unit-cost plan
B000982,FY2026_Budget_v1,2026-10-01,A6320,D10,R02,Corporate,62439.72,Headcount and unit-cost plan
B000983,FY2026_Budget_v1,2026-11-01,A6320,D10,R02,Corporate,61984.62,Headcount and unit-cost plan
B000984,FY2026_Budget_v1,2026-12-01,A6320,D10,R02,Corporate,61529.52,Headcount and unit-cost plan
B000985,FY2026_Budget_v1,2026-01-01,A5000,D01,R03,Subscription,264312.84,Headcount and unit-cost plan
B000986,FY2026_Budget_v1,2026-02-01,A5000,D01,R03,Subscription,276850.58,Headcount and unit-cost plan
B000987,FY2026_Budget_v1,2026-03-01,A5000,D01,R03,Subscription,282062.27,Headcount and unit-cost plan
B000988,FY2026_Budget_v1,2026-04-01,A5000,D01,R03,Subscription,280218.12,Headcount and unit-cost plan
B000989,FY2026_Budget_v1,2026-05-01,A5000,D01,R03,Subscription,294340.63,Headcount and unit-cost plan
B000990,FY2026_Budget_v1,2026-06-01,A5000,D01,R03,Subscription,296169.82,Headcount and unit-cost plan
B000991,FY2026_Budget_v1,2026-07-01,A5000,D01,R03,Subscription,299432.96,Headcount and unit-cost plan
B000992,FY2026_Budget_v1,2026-08-01,A5000,D01,R03,Subscription,299884.13,Headcount and unit-cost plan
B000993,FY2026_Budget_v1,2026-09-01,A5000,D01,R03,Subscription,309903.55,Headcount and unit-cost plan
B000994,FY2026_Budget_v1,2026-10-01,A5000,D01,R03,Subscription,309547.09,Headcount and unit-cost plan
B000995,FY2026_Budget_v1,2026-11-01,A5000,D01,R03,Subscription,300640.33,Headcount and unit-cost plan
B000996,FY2026_Budget_v1,2026-12-01,A5000,D01,R03,Subscription,306363.27,Headcount and unit-cost plan
B000997,FY2026_Budget_v1,2026-01-01,A5050,D01,R03,Subscription,36277.59,Headcount and unit-cost plan
B000998,FY2026_Budget_v1,2026-02-01,A5050,D01,R03,Subscription,36782.11,Headcount and unit-cost plan
B000999,FY2026_Budget_v1,2026-03-01,A5050,D01,R03,Subscription,37225.9,Headcount and unit-cost plan
B001000,FY2026_Budget_v1,2026-04-01,A5050,D01,R03,Subscription,37621.88,Headcount and unit-cost plan
B001001,FY2026_Budget_v1,2026-05-01,A5050,D01,R03,Subscription,38309.68,Headcount and unit-cost plan
B001002,FY2026_Budget_v1,2026-06-01,A5050,D01,R03,Subscription,39567.07,Headcount and unit-cost plan
B001003,FY2026_Budget_v1,2026-07-01,A5050,D01,R03,Subscription,40504.56,Headcount and unit-cost plan
B001004,FY2026_Budget_v1,2026-08-01,A5050,D01,R03,Subscription,41051.68,Headcount and unit-cost plan
B001005,FY2026_Budget_v1,2026-09-01,A5050,D01,R03,Subscription,41490.4,Headcount and unit-cost plan
B001006,FY2026_Budget_v1,2026-10-01,A5050,D01,R03,Subscription,41683.1,Headcount and unit-cost plan
B001007,FY2026_Budget_v1,2026-11-01,A5050,D01,R03,Subscription,41335.75,Headcount and unit-cost plan
B001008,FY2026_Budget_v1,2026-12-01,A5050,D01,R03,Subscription,41623.72,Headcount and unit-cost plan
B001009,FY2026_Budget_v1,2026-01-01,A6110,D04,R03,Corporate,138356.12,Headcount and unit-cost plan
B001010,FY2026_Budget_v1,2026-02-01,A6110,D04,R03,Corporate,142104.25,Headcount and unit-cost plan
B001011,FY2026_Budget_v1,2026-03-01,A6110,D04,R03,Corporate,146766.57,Headcount and unit-cost plan
B001012,FY2026_Budget_v1,2026-04-01,A6110,D04,R03,Corporate,143496.71,Headcount and unit-cost plan
B001013,FY2026_Budget_v1,2026-05-01,A6110,D04,R03,Corporate,143863.88,Headcount and unit-cost plan
B001014,FY2026_Budget_v1,2026-06-01,A6110,D04,R03,Corporate,147846.77,Headcount and unit-cost plan
B001015,FY2026_Budget_v1,2026-07-01,A6110,D04,R03,Corporate,149290.79,Headcount and unit-cost plan
B001016,FY2026_Budget_v1,2026-08-01,A6110,D04,R03,Corporate,150880.17,Headcount and unit-cost plan
B001017,FY2026_Budget_v1,2026-09-01,A6110,D04,R03,Corporate,160696.66,Headcount and unit-cost plan
B001018,FY2026_Budget_v1,2026-10-01,A6110,D04,R03,Corporate,169214.17,Headcount and unit-cost plan
B001019,FY2026_Budget_v1,2026-11-01,A6110,D04,R03,Corporate,169847.53,Headcount and unit-cost plan
B001020,FY2026_Budget_v1,2026-12-01,A6110,D04,R03,Corporate,157054.83,Headcount and unit-cost plan
B001021,FY2026_Budget_v1,2026-01-01,A6130,D05,R03,Corporate,123650.77,Headcount and unit-cost plan
B001022,FY2026_Budget_v1,2026-02-01,A6130,D05,R03,Corporate,128728.9,Headcount and unit-cost plan
B001023,FY2026_Budget_v1,2026-03-01,A6130,D05,R03,Corporate,135709.84,Headcount and unit-cost plan
B001024,FY2026_Budget_v1,2026-04-01,A6130,D05,R03,Corporate,107270.31,Headcount and unit-cost plan
B001025,FY2026_Budget_v1,2026-05-01,A6130,D05,R03,Corporate,105756.85,Headcount and unit-cost plan
B001026,FY2026_Budget_v1,2026-06-01,A6130,D05,R03,Corporate,108089.91,Headcount and unit-cost plan
B001027,FY2026_Budget_v1,2026-07-01,A6130,D05,R03,Corporate,107480.11,Headcount and unit-cost plan
B001028,FY2026_Budget_v1,2026-08-01,A6130,D05,R03,Corporate,108274.02,Headcount and unit-cost plan
B001029,FY2026_Budget_v1,2026-09-01,A6130,D05,R03,Corporate,122065.36,Headcount and unit-cost plan
B001030,FY2026_Budget_v1,2026-10-01,A6130,D05,R03,Corporate,181417.27,Headcount and unit-cost plan
B001031,FY2026_Budget_v1,2026-11-01,A6130,D05,R03,Corporate,184146.92,Headcount and unit-cost plan
B001032,FY2026_Budget_v1,2026-12-01,A6130,D05,R03,Corporate,156420.58,Headcount and unit-cost plan
B001033,FY2026_Budget_v1,2026-01-01,A6350,D07,R03,Corporate,12846.83,Headcount and unit-cost plan
B001034,FY2026_Budget_v1,2026-02-01,A6350,D07,R03,Corporate,13374.43,Headcount and unit-cost plan
B001035,FY2026_Budget_v1,2026-03-01,A6350,D07,R03,Corporate,14099.72,Headcount and unit-cost plan
B001036,FY2026_Budget_v1,2026-04-01,A6350,D07,R03,Corporate,13325.5,Headcount and unit-cost plan
B001037,FY2026_Budget_v1,2026-05-01,A6350,D07,R03,Corporate,13137.5,Headcount and unit-cost plan
B001038,FY2026_Budget_v1,2026-06-01,A6350,D07,R03,Corporate,13427.32,Headcount and unit-cost plan
B001039,FY2026_Budget_v1,2026-07-01,A6350,D07,R03,Corporate,13351.57,Headcount and unit-cost plan
B001040,FY2026_Budget_v1,2026-08-01,A6350,D07,R03,Corporate,13450.18,Headcount and unit-cost plan
B001041,FY2026_Budget_v1,2026-09-01,A6350,D07,R03,Corporate,15163.4,Headcount and unit-cost plan
B001042,FY2026_Budget_v1,2026-10-01,A6350,D07,R03,Corporate,16720.48,Headcount and unit-cost plan
B001043,FY2026_Budget_v1,2026-11-01,A6350,D07,R03,Corporate,16972.07,Headcount and unit-cost plan
B001044,FY2026_Budget_v1,2026-12-01,A6350,D07,R03,Corporate,9010.4,Headcount and unit-cost plan
B001045,FY2026_Budget_v1,2026-01-01,A6360,D07,R03,Corporate,9810.3,Headcount and unit-cost plan
B001046,FY2026_Budget_v1,2026-02-01,A6360,D07,R03,Corporate,10213.2,Headcount and unit-cost plan
B001047,FY2026_Budget_v1,2026-03-01,A6360,D07,R03,Corporate,10767.06,Headcount and unit-cost plan
B001048,FY2026_Budget_v1,2026-04-01,A6360,D07,R03,Corporate,10175.84,Headcount and unit-cost plan
B001049,FY2026_Budget_v1,2026-05-01,A6360,D07,R03,Corporate,10032.27,Headcount and unit-cost plan
B001050,FY2026_Budget_v1,2026-06-01,A6360,D07,R03,Corporate,10253.59,Headcount and unit-cost plan
B001051,FY2026_Budget_v1,2026-07-01,A6360,D07,R03,Corporate,10195.74,Headcount and unit-cost plan
B001052,FY2026_Budget_v1,2026-08-01,A6360,D07,R03,Corporate,10271.05,Headcount and unit-cost plan
B001053,FY2026_Budget_v1,2026-09-01,A6360,D07,R03,Corporate,11579.32,Headcount and unit-cost plan
B001054,FY2026_Budget_v1,2026-10-01,A6360,D07,R03,Corporate,12768.37,Headcount and unit-cost plan
B001055,FY2026_Budget_v1,2026-11-01,A6360,D07,R03,Corporate,12960.48,Headcount and unit-cost plan
B001056,FY2026_Budget_v1,2026-12-01,A6360,D07,R03,Corporate,11009.07,Headcount and unit-cost plan
B001057,FY2026_Budget_v1,2026-01-01,A6210,D06,R03,Corporate,38515.86,Headcount and unit-cost plan
B001058,FY2026_Budget_v1,2026-02-01,A6210,D06,R03,Corporate,38676.59,Headcount and unit-cost plan
B001059,FY2026_Budget_v1,2026-03-01,A6210,D06,R03,Corporate,37193.98,Headcount and unit-cost plan
B001060,FY2026_Budget_v1,2026-04-01,A6210,D06,R03,Corporate,37320.14,Headcount and unit-cost plan
B001061,FY2026_Budget_v1,2026-05-01,A6210,D06,R03,Corporate,37539.25,Headcount and unit-cost plan
B001062,FY2026_Budget_v1,2026-06-01,A6210,D06,R03,Corporate,39563.84,Headcount and unit-cost plan
B001063,FY2026_Budget_v1,2026-07-01,A6210,D06,R03,Corporate,39862.5,Headcount and unit-cost plan
B001064,FY2026_Budget_v1,2026-08-01,A6210,D06,R03,Corporate,41660.81,Headcount and unit-cost plan
B001065,FY2026_Budget_v1,2026-09-01,A6210,D06,R03,Corporate,41800.58,Headcount and unit-cost plan
B001066,FY2026_Budget_v1,2026-10-01,A6210,D06,R03,Corporate,40237.97,Headcount and unit-cost plan
B001067,FY2026_Budget_v1,2026-11-01,A6210,D06,R03,Corporate,40127.32,Headcount and unit-cost plan
B001068,FY2026_Budget_v1,2026-12-01,A6210,D06,R03,Corporate,40219.05,Headcount and unit-cost plan
B001069,FY2026_Budget_v1,2026-01-01,A6310,D10,R03,Corporate,74276.32,Headcount and unit-cost plan
B001070,FY2026_Budget_v1,2026-02-01,A6310,D10,R03,Corporate,75081.92,Headcount and unit-cost plan
B001071,FY2026_Budget_v1,2026-03-01,A6310,D10,R03,Corporate,75081.92,Headcount and unit-cost plan
B001072,FY2026_Budget_v1,2026-04-01,A6310,D10,R03,Corporate,73470.72,Headcount and unit-cost plan
B001073,FY2026_Budget_v1,2026-05-01,A6310,D10,R03,Corporate,74276.32,Headcount and unit-cost plan
B001074,FY2026_Budget_v1,2026-06-01,A6310,D10,R03,Corporate,77498.72,Headcount and unit-cost plan
B001075,FY2026_Budget_v1,2026-07-01,A6310,D10,R03,Corporate,78304.32,Headcount and unit-cost plan
B001076,FY2026_Budget_v1,2026-08-01,A6310,D10,R03,Corporate,79915.52,Headcount and unit-cost plan
B001077,FY2026_Budget_v1,2026-09-01,A6310,D10,R03,Corporate,80721.12,Headcount and unit-cost plan
B001078,FY2026_Budget_v1,2026-10-01,A6310,D10,R03,Corporate,81526.72,Headcount and unit-cost plan
B001079,FY2026_Budget_v1,2026-11-01,A6310,D10,R03,Corporate,80721.12,Headcount and unit-cost plan
B001080,FY2026_Budget_v1,2026-12-01,A6310,D10,R03,Corporate,82332.32,Headcount and unit-cost plan
B001081,FY2026_Budget_v1,2026-01-01,A6320,D10,R03,Corporate,41960.22,Headcount and unit-cost plan
B001082,FY2026_Budget_v1,2026-02-01,A6320,D10,R03,Corporate,42415.32,Headcount and unit-cost plan
B001083,FY2026_Budget_v1,2026-03-01,A6320,D10,R03,Corporate,42415.32,Headcount and unit-cost plan
B001084,FY2026_Budget_v1,2026-04-01,A6320,D10,R03,Corporate,41505.12,Headcount and unit-cost plan
B001085,FY2026_Budget_v1,2026-05-01,A6320,D10,R03,Corporate,41960.22,Headcount and unit-cost plan
B001086,FY2026_Budget_v1,2026-06-01,A6320,D10,R03,Corporate,43780.62,Headcount and unit-cost plan
B001087,FY2026_Budget_v1,2026-07-01,A6320,D10,R03,Corporate,44235.72,Headcount and unit-cost plan
B001088,FY2026_Budget_v1,2026-08-01,A6320,D10,R03,Corporate,45145.92,Headcount and unit-cost plan
B001089,FY2026_Budget_v1,2026-09-01,A6320,D10,R03,Corporate,45601.02,Headcount and unit-cost plan
B001090,FY2026_Budget_v1,2026-10-01,A6320,D10,R03,Corporate,46056.12,Headcount and unit-cost plan
B001091,FY2026_Budget_v1,2026-11-01,A6320,D10,R03,Corporate,45601.02,Headcount and unit-cost plan
B001092,FY2026_Budget_v1,2026-12-01,A6320,D10,R03,Corporate,46511.22,Headcount and unit-cost plan
B001093,FY2026_Budget_v1,2026-01-01,A5000,D01,R04,Subscription,147016.6,Headcount and unit-cost plan
B001094,FY2026_Budget_v1,2026-02-01,A5000,D01,R04,Subscription,148534.39,Headcount and unit-cost plan
B001095,FY2026_Budget_v1,2026-03-01,A5000,D01,R04,Subscription,153025.23,Headcount and unit-cost plan
B001096,FY2026_Budget_v1,2026-04-01,A5000,D01,R04,Subscription,151034.88,Headcount and unit-cost plan
B001097,FY2026_Budget_v1,2026-05-01,A5000,D01,R04,Subscription,156150.11,Headcount and unit-cost plan
B001098,FY2026_Budget_v1,2026-06-01,A5000,D01,R04,Subscription,162550.68,Headcount and unit-cost plan
B001099,FY2026_Budget_v1,2026-07-01,A5000,D01,R04,Subscription,167342.85,Headcount and unit-cost plan
B001100,FY2026_Budget_v1,2026-08-01,A5000,D01,R04,Subscription,164629.54,Headcount and unit-cost plan
B001101,FY2026_Budget_v1,2026-09-01,A5000,D01,R04,Subscription,163433.73,Headcount and unit-cost plan
B001102,FY2026_Budget_v1,2026-10-01,A5000,D01,R04,Subscription,167067.66,Headcount and unit-cost plan
B001103,FY2026_Budget_v1,2026-11-01,A5000,D01,R04,Subscription,161584.18,Headcount and unit-cost plan
B001104,FY2026_Budget_v1,2026-12-01,A5000,D01,R04,Subscription,163369.87,Headcount and unit-cost plan
B001105,FY2026_Budget_v1,2026-01-01,A5050,D01,R04,Subscription,19951.75,Headcount and unit-cost plan
B001106,FY2026_Budget_v1,2026-02-01,A5050,D01,R04,Subscription,20266.86,Headcount and unit-cost plan
B001107,FY2026_Budget_v1,2026-03-01,A5050,D01,R04,Subscription,20664.65,Headcount and unit-cost plan
B001108,FY2026_Budget_v1,2026-04-01,A5050,D01,R04,Subscription,20680.56,Headcount and unit-cost plan
B001109,FY2026_Budget_v1,2026-05-01,A5050,D01,R04,Subscription,21198.37,Headcount and unit-cost plan
B001110,FY2026_Budget_v1,2026-06-01,A5050,D01,R04,Subscription,22056.74,Headcount and unit-cost plan
B001111,FY2026_Budget_v1,2026-07-01,A5050,D01,R04,Subscription,22332.14,Headcount and unit-cost plan
B001112,FY2026_Budget_v1,2026-08-01,A5050,D01,R04,Subscription,22210.64,Headcount and unit-cost plan
B001113,FY2026_Budget_v1,2026-09-01,A5050,D01,R04,Subscription,22126.76,Headcount and unit-cost plan
B001114,FY2026_Budget_v1,2026-10-01,A5050,D01,R04,Subscription,22169.13,Headcount and unit-cost plan
B001115,FY2026_Budget_v1,2026-11-01,A5050,D01,R04,Subscription,22228.9,Headcount and unit-cost plan
B001116,FY2026_Budget_v1,2026-12-01,A5050,D01,R04,Subscription,22107.55,Headcount and unit-cost plan
B001117,FY2026_Budget_v1,2026-01-01,A6110,D04,R04,Corporate,84300.73,Headcount and unit-cost plan
B001118,FY2026_Budget_v1,2026-02-01,A6110,D04,R04,Corporate,85245.61,Headcount and unit-cost plan
B001119,FY2026_Budget_v1,2026-03-01,A6110,D04,R04,Corporate,78633.99,Headcount and unit-cost plan
B001120,FY2026_Budget_v1,2026-04-01,A6110,D04,R04,Corporate,73581.63,Headcount and unit-cost plan
B001121,FY2026_Budget_v1,2026-05-01,A6110,D04,R04,Corporate,74814.11,Headcount and unit-cost plan
B001122,FY2026_Budget_v1,2026-06-01,A6110,D04,R04,Corporate,78162.26,Headcount and unit-cost plan
B001123,FY2026_Budget_v1,2026-07-01,A6110,D04,R04,Corporate,79507.48,Headcount and unit-cost plan
B001124,FY2026_Budget_v1,2026-08-01,A6110,D04,R04,Corporate,79818.62,Headcount and unit-cost plan
B001125,FY2026_Budget_v1,2026-09-01,A6110,D04,R04,Corporate,78605.4,Headcount and unit-cost plan
B001126,FY2026_Budget_v1,2026-10-01,A6110,D04,R04,Corporate,79005.18,Headcount and unit-cost plan
B001127,FY2026_Budget_v1,2026-11-01,A6110,D04,R04,Corporate,79040.8,Headcount and unit-cost plan
B001128,FY2026_Budget_v1,2026-12-01,A6110,D04,R04,Corporate,78645.07,Headcount and unit-cost plan
B001129,FY2026_Budget_v1,2026-01-01,A6130,D05,R04,Corporate,83118.86,Headcount and unit-cost plan
B001130,FY2026_Budget_v1,2026-02-01,A6130,D05,R04,Corporate,83719.96,Headcount and unit-cost plan
B001131,FY2026_Budget_v1,2026-03-01,A6130,D05,R04,Corporate,70108.35,Headcount and unit-cost plan
B001132,FY2026_Budget_v1,2026-04-01,A6130,D05,R04,Corporate,50807.37,Headcount and unit-cost plan
B001133,FY2026_Budget_v1,2026-05-01,A6130,D05,R04,Corporate,51140.27,Headcount and unit-cost plan
B001134,FY2026_Budget_v1,2026-06-01,A6130,D05,R04,Corporate,53701.92,Headcount and unit-cost plan
B001135,FY2026_Budget_v1,2026-07-01,A6130,D05,R04,Corporate,54941.13,Headcount and unit-cost plan
B001136,FY2026_Budget_v1,2026-08-01,A6130,D05,R04,Corporate,55787.57,Headcount and unit-cost plan
B001137,FY2026_Budget_v1,2026-09-01,A6130,D05,R04,Corporate,54172.73,Headcount and unit-cost plan
B001138,FY2026_Budget_v1,2026-10-01,A6130,D05,R04,Corporate,73672.57,Headcount and unit-cost plan
B001139,FY2026_Budget_v1,2026-11-01,A6130,D05,R04,Corporate,73503.01,Headcount and unit-cost plan
B001140,FY2026_Budget_v1,2026-12-01,A6130,D05,R04,Corporate,73176.02,Headcount and unit-cost plan
B001141,FY2026_Budget_v1,2026-01-01,A6350,D07,R04,Corporate,8635.73,Headcount and unit-cost plan
B001142,FY2026_Budget_v1,2026-02-01,A6350,D07,R04,Corporate,8698.17,Headcount and unit-cost plan
B001143,FY2026_Budget_v1,2026-03-01,A6350,D07,R04,Corporate,7283.98,Headcount and unit-cost plan
B001144,FY2026_Budget_v1,2026-04-01,A6350,D07,R04,Corporate,6311.47,Headcount and unit-cost plan
B001145,FY2026_Budget_v1,2026-05-01,A6350,D07,R04,Corporate,6352.83,Headcount and unit-cost plan
B001146,FY2026_Budget_v1,2026-06-01,A6350,D07,R04,Corporate,6671.05,Headcount and unit-cost plan
B001147,FY2026_Budget_v1,2026-07-01,A6350,D07,R04,Corporate,6824.98,Headcount and unit-cost plan
B001148,FY2026_Budget_v1,2026-08-01,A6350,D07,R04,Corporate,6930.13,Headcount and unit-cost plan
B001149,FY2026_Budget_v1,2026-09-01,A6350,D07,R04,Corporate,6729.54,Headcount and unit-cost plan
B001150,FY2026_Budget_v1,2026-10-01,A6350,D07,R04,Corporate,6790.1,Headcount and unit-cost plan
B001151,FY2026_Budget_v1,2026-11-01,A6350,D07,R04,Corporate,6774.47,Headcount and unit-cost plan
B001152,FY2026_Budget_v1,2026-12-01,A6350,D07,R04,Corporate,4215.21,Headcount and unit-cost plan
B001153,FY2026_Budget_v1,2026-01-01,A6360,D07,R04,Corporate,6594.55,Headcount and unit-cost plan
B001154,FY2026_Budget_v1,2026-02-01,A6360,D07,R04,Corporate,6642.25,Headcount and unit-cost plan
B001155,FY2026_Budget_v1,2026-03-01,A6360,D07,R04,Corporate,5562.31,Headcount and unit-cost plan
B001156,FY2026_Budget_v1,2026-04-01,A6360,D07,R04,Corporate,4819.67,Headcount and unit-cost plan
B001157,FY2026_Budget_v1,2026-05-01,A6360,D07,R04,Corporate,4851.25,Headcount and unit-cost plan
B001158,FY2026_Budget_v1,2026-06-01,A6360,D07,R04,Corporate,5094.25,Headcount and unit-cost plan
B001159,FY2026_Budget_v1,2026-07-01,A6360,D07,R04,Corporate,5211.81,Headcount and unit-cost plan
B001160,FY2026_Budget_v1,2026-08-01,A6360,D07,R04,Corporate,5292.1,Headcount and unit-cost plan
B001161,FY2026_Budget_v1,2026-09-01,A6360,D07,R04,Corporate,5138.92,Headcount and unit-cost plan
B001162,FY2026_Budget_v1,2026-10-01,A6360,D07,R04,Corporate,5185.16,Headcount and unit-cost plan
B001163,FY2026_Budget_v1,2026-11-01,A6360,D07,R04,Corporate,5173.24,Headcount and unit-cost plan
B001164,FY2026_Budget_v1,2026-12-01,A6360,D07,R04,Corporate,5150.22,Headcount and unit-cost plan
B001165,FY2026_Budget_v1,2026-01-01,A6210,D06,R04,Corporate,30716.31,Headcount and unit-cost plan
B001166,FY2026_Budget_v1,2026-02-01,A6210,D06,R04,Corporate,30816.7,Headcount and unit-cost plan
B001167,FY2026_Budget_v1,2026-03-01,A6210,D06,R04,Corporate,30943.43,Headcount and unit-cost plan
B001168,FY2026_Budget_v1,2026-04-01,A6210,D06,R04,Corporate,30948.5,Headcount and unit-cost plan
B001169,FY2026_Budget_v1,2026-05-01,A6210,D06,R04,Corporate,31113.47,Headcount and unit-cost plan
B001170,FY2026_Budget_v1,2026-06-01,A6210,D06,R04,Corporate,31386.92,Headcount and unit-cost plan
B001171,FY2026_Budget_v1,2026-07-01,A6210,D06,R04,Corporate,33098.67,Headcount and unit-cost plan
B001172,FY2026_Budget_v1,2026-08-01,A6210,D06,R04,Corporate,33059.96,Headcount and unit-cost plan
B001173,FY2026_Budget_v1,2026-09-01,A6210,D06,R04,Corporate,34657.24,Headcount and unit-cost plan
B001174,FY2026_Budget_v1,2026-10-01,A6210,D06,R04,Corporate,33046.73,Headcount and unit-cost plan
B001175,FY2026_Budget_v1,2026-11-01,A6210,D06,R04,Corporate,34689.77,Headcount and unit-cost plan
B001176,FY2026_Budget_v1,2026-12-01,A6210,D06,R04,Corporate,34651.11,Headcount and unit-cost plan
B001177,FY2026_Budget_v1,2026-01-01,A6310,D10,R04,Corporate,26892.2,Headcount and unit-cost plan
B001178,FY2026_Budget_v1,2026-02-01,A6310,D10,R04,Corporate,26892.2,Headcount and unit-cost plan
B001179,FY2026_Budget_v1,2026-03-01,A6310,D10,R04,Corporate,26892.2,Headcount and unit-cost plan
B001180,FY2026_Budget_v1,2026-04-01,A6310,D10,R04,Corporate,26892.2,Headcount and unit-cost plan
B001181,FY2026_Budget_v1,2026-05-01,A6310,D10,R04,Corporate,26892.2,Headcount and unit-cost plan
B001182,FY2026_Budget_v1,2026-06-01,A6310,D10,R04,Corporate,26892.2,Headcount and unit-cost plan
B001183,FY2026_Budget_v1,2026-07-01,A6310,D10,R04,Corporate,27517.6,Headcount and unit-cost plan
B001184,FY2026_Budget_v1,2026-08-01,A6310,D10,R04,Corporate,27517.6,Headcount and unit-cost plan
B001185,FY2026_Budget_v1,2026-09-01,A6310,D10,R04,Corporate,28143,Headcount and unit-cost plan
B001186,FY2026_Budget_v1,2026-10-01,A6310,D10,R04,Corporate,28143,Headcount and unit-cost plan
B001187,FY2026_Budget_v1,2026-11-01,A6310,D10,R04,Corporate,28143,Headcount and unit-cost plan
B001188,FY2026_Budget_v1,2026-12-01,A6310,D10,R04,Corporate,28143,Headcount and unit-cost plan
B001189,FY2026_Budget_v1,2026-01-01,A6320,D10,R04,Corporate,19569.3,Headcount and unit-cost plan
B001190,FY2026_Budget_v1,2026-02-01,A6320,D10,R04,Corporate,19569.3,Headcount and unit-cost plan
B001191,FY2026_Budget_v1,2026-03-01,A6320,D10,R04,Corporate,19569.3,Headcount and unit-cost plan
B001192,FY2026_Budget_v1,2026-04-01,A6320,D10,R04,Corporate,19569.3,Headcount and unit-cost plan
B001193,FY2026_Budget_v1,2026-05-01,A6320,D10,R04,Corporate,19569.3,Headcount and unit-cost plan
B001194,FY2026_Budget_v1,2026-06-01,A6320,D10,R04,Corporate,19569.3,Headcount and unit-cost plan
B001195,FY2026_Budget_v1,2026-07-01,A6320,D10,R04,Corporate,20024.4,Headcount and unit-cost plan
B001196,FY2026_Budget_v1,2026-08-01,A6320,D10,R04,Corporate,20024.4,Headcount and unit-cost plan
B001197,FY2026_Budget_v1,2026-09-01,A6320,D10,R04,Corporate,20479.5,Headcount and unit-cost plan
B001198,FY2026_Budget_v1,2026-10-01,A6320,D10,R04,Corporate,20479.5,Headcount and unit-cost plan
B001199,FY2026_Budget_v1,2026-11-01,A6320,D10,R04,Corporate,20479.5,Headcount and unit-cost plan
B001200,FY2026_Budget_v1,2026-12-01,A6320,D10,R04,Corporate,20479.5,Headcount and unit-cost plan
B001201,FY2026_Budget_v1,2026-01-01,A6330,D07,R02,Corporate,203212.7,Headcount and unit-cost plan
B001202,FY2026_Budget_v1,2026-02-01,A6330,D07,R02,Corporate,208856.82,Headcount and unit-cost plan
B001203,FY2026_Budget_v1,2026-03-01,A6330,D07,R02,Corporate,204888.82,Headcount and unit-cost plan
B001204,FY2026_Budget_v1,2026-04-01,A6330,D07,R02,Corporate,133029.05,Headcount and unit-cost plan
B001205,FY2026_Budget_v1,2026-05-01,A6330,D07,R02,Corporate,132241.31,Headcount and unit-cost plan
B001206,FY2026_Budget_v1,2026-06-01,A6330,D07,R02,Corporate,136728.64,Headcount and unit-cost plan
B001207,FY2026_Budget_v1,2026-07-01,A6330,D07,R02,Corporate,137577.4,Headcount and unit-cost plan
B001208,FY2026_Budget_v1,2026-08-01,A6330,D07,R02,Corporate,142953.28,Headcount and unit-cost plan
B001209,FY2026_Budget_v1,2026-09-01,A6330,D07,R02,Corporate,145030.99,Headcount and unit-cost plan
B001210,FY2026_Budget_v1,2026-10-01,A6330,D07,R02,Corporate,152159.14,Headcount and unit-cost plan
B001211,FY2026_Budget_v1,2026-11-01,A6330,D07,R02,Corporate,154948.72,Headcount and unit-cost plan
B001212,FY2026_Budget_v1,2026-12-01,A6330,D07,R02,Corporate,144936.22,Headcount and unit-cost plan
B001213,FY2026_Budget_v1,2026-01-01,A6370,D10,R02,Corporate,206975.9,Headcount and unit-cost plan
B001214,FY2026_Budget_v1,2026-02-01,A6370,D10,R02,Corporate,212724.53,Headcount and unit-cost plan
B001215,FY2026_Budget_v1,2026-03-01,A6370,D10,R02,Corporate,208683.06,Headcount and unit-cost plan
B001216,FY2026_Budget_v1,2026-04-01,A6370,D10,R02,Corporate,203238.84,Headcount and unit-cost plan
B001217,FY2026_Budget_v1,2026-05-01,A6370,D10,R02,Corporate,202035.33,Headcount and unit-cost plan
B001218,FY2026_Budget_v1,2026-06-01,A6370,D10,R02,Corporate,208890.97,Headcount and unit-cost plan
B001219,FY2026_Budget_v1,2026-07-01,A6370,D10,R02,Corporate,210187.69,Headcount and unit-cost plan
B001220,FY2026_Budget_v1,2026-08-01,A6370,D10,R02,Corporate,218400.84,Headcount and unit-cost plan
B001221,FY2026_Budget_v1,2026-09-01,A6370,D10,R02,Corporate,221575.12,Headcount and unit-cost plan
B001222,FY2026_Budget_v1,2026-10-01,A6370,D10,R02,Corporate,232465.35,Headcount and unit-cost plan
B001223,FY2026_Budget_v1,2026-11-01,A6370,D10,R02,Corporate,236727.21,Headcount and unit-cost plan
B001224,FY2026_Budget_v1,2026-12-01,A6370,D10,R02,Corporate,221430.34,Headcount and unit-cost plan
B001225,FY2026_Budget_v1,2026-01-01,A6340,D08,R02,Corporate,0,Headcount and unit-cost plan
B001226,FY2026_Budget_v1,2026-02-01,A6340,D08,R02,Corporate,15736.7,Headcount and unit-cost plan
B001227,FY2026_Budget_v1,2026-03-01,A6340,D08,R02,Corporate,71618.97,Headcount and unit-cost plan
B001228,FY2026_Budget_v1,2026-04-01,A6340,D08,R02,Corporate,13204.03,Headcount and unit-cost plan
B001229,FY2026_Budget_v1,2026-05-01,A6340,D08,R02,Corporate,12454.29,Headcount and unit-cost plan
B001230,FY2026_Budget_v1,2026-06-01,A6340,D08,R02,Corporate,0,Headcount and unit-cost plan
B001231,FY2026_Budget_v1,2026-07-01,A6340,D08,R02,Corporate,0,Headcount and unit-cost plan
B001232,FY2026_Budget_v1,2026-08-01,A6340,D08,R02,Corporate,33590.94,Headcount and unit-cost plan
B001233,FY2026_Budget_v1,2026-09-01,A6340,D08,R02,Corporate,0,Headcount and unit-cost plan
B001234,FY2026_Budget_v1,2026-10-01,A6340,D08,R02,Corporate,0,Headcount and unit-cost plan
B001235,FY2026_Budget_v1,2026-11-01,A6340,D08,R02,Corporate,45516.54,Headcount and unit-cost plan
B001236,FY2026_Budget_v1,2026-12-01,A6340,D08,R02,Corporate,0,Headcount and unit-cost plan
B001237,FY2026_Budget_v1,2026-01-01,A6340,D08,R03,Corporate,0,Headcount and unit-cost plan
B001238,FY2026_Budget_v1,2026-02-01,A6340,D08,R03,Corporate,15397.6,Headcount and unit-cost plan
B001239,FY2026_Budget_v1,2026-03-01,A6340,D08,R03,Corporate,12789.17,Headcount and unit-cost plan
B001240,FY2026_Budget_v1,2026-04-01,A6340,D08,R03,Corporate,0,Headcount and unit-cost plan
B001241,FY2026_Budget_v1,2026-05-01,A6340,D08,R03,Corporate,14954.1,Headcount and unit-cost plan
B001242,FY2026_Budget_v1,2026-06-01,A6340,D08,R03,Corporate,63297.65,Headcount and unit-cost plan
B001243,FY2026_Budget_v1,2026-07-01,A6340,D08,R03,Corporate,12961.06,Headcount and unit-cost plan
B001244,FY2026_Budget_v1,2026-08-01,A6340,D08,R03,Corporate,29716.18,Headcount and unit-cost plan
B001245,FY2026_Budget_v1,2026-09-01,A6340,D08,R03,Corporate,14422.33,Headcount and unit-cost plan
B001246,FY2026_Budget_v1,2026-10-01,A6340,D08,R03,Corporate,27568.01,Headcount and unit-cost plan
B001247,FY2026_Budget_v1,2026-11-01,A6340,D08,R03,Corporate,0,Headcount and unit-cost plan
B001248,FY2026_Budget_v1,2026-12-01,A6340,D08,R03,Corporate,44433.45,Headcount and unit-cost plan
B001249,FY2026_Budget_v1,2026-01-01,A6340,D08,R04,Corporate,0,Headcount and unit-cost plan
B001250,FY2026_Budget_v1,2026-02-01,A6340,D08,R04,Corporate,0,Headcount and unit-cost plan
B001251,FY2026_Budget_v1,2026-03-01,A6340,D08,R04,Corporate,0,Headcount and unit-cost plan
B001252,FY2026_Budget_v1,2026-04-01,A6340,D08,R04,Corporate,0,Headcount and unit-cost plan
B001253,FY2026_Budget_v1,2026-05-01,A6340,D08,R04,Corporate,12589.72,Headcount and unit-cost plan
B001254,FY2026_Budget_v1,2026-06-01,A6340,D08,R04,Corporate,0,Headcount and unit-cost plan
B001255,FY2026_Budget_v1,2026-07-01,A6340,D08,R04,Corporate,11532.49,Headcount and unit-cost plan
B001256,FY2026_Budget_v1,2026-08-01,A6340,D08,R04,Corporate,0,Headcount and unit-cost plan
B001257,FY2026_Budget_v1,2026-09-01,A6340,D08,R04,Corporate,12170.84,Headcount and unit-cost plan
B001258,FY2026_Budget_v1,2026-10-01,A6340,D08,R04,Corporate,10030,Headcount and unit-cost plan
B001259,FY2026_Budget_v1,2026-11-01,A6340,D08,R04,Corporate,13219.03,Headcount and unit-cost plan
B001260,FY2026_Budget_v1,2026-12-01,A6340,D08,R04,Corporate,0,Headcount and unit-cost plan
