month_start,employee_id,region_id,available_hours,billable_hours,internal_hours,bench_hours,utilization_rate
2023-01-01,E0003,R02,166.4,104.7,15.4,46.3,0.6291
2023-02-01,E0003,R02,158.4,102.9,16.1,39.5,0.6493
2023-03-01,E0003,R02,150.4,122.2,16.3,11.9,0.8122
2023-04-01,E0003,R02,158.4,110.5,19.1,28.8,0.6979
2023-05-01,E0003,R02,166.4,134,15.7,16.7,0.805
2023-06-01,E0003,R02,150.4,113.8,17.6,19,0.7568
2023-07-01,E0003,R02,150.4,101.2,14.6,34.6,0.6727
2023-08-01,E0003,R02,158.4,118,20.3,20.1,0.7451
2023-09-01,E0003,R02,158.4,132.8,22.6,3,0.8382
2023-10-01,E0003,R02,150.4,115.7,16.9,17.8,0.7692
2023-11-01,E0003,R02,166.4,134.3,20.3,11.8,0.807
2023-12-01,E0003,R02,142.4,106.3,6.2,29.9,0.7462
2024-01-01,E0003,R02,158.4,112.1,15.9,30.3,0.708
2024-02-01,E0003,R02,150.4,105.1,14.1,31.2,0.6991
2024-03-01,E0003,R02,166.4,122.4,16,28,0.7356
2024-04-01,E0003,R02,166.4,110,13.7,42.7,0.661
2024-05-01,E0003,R02,150.4,108.6,13.5,28.2,0.7223
2024-06-01,E0003,R02,158.4,125.6,19.1,13.7,0.7928
2024-07-01,E0003,R02,158.4,129.3,16.3,12.7,0.8165
2024-08-01,E0003,R02,142.4,117.9,13.3,11.2,0.8276
2024-09-01,E0003,R02,158.4,126.3,22.7,9.5,0.7971
2024-10-01,E0003,R02,150.4,111.5,15.8,23.1,0.7414
2024-11-01,E0003,R02,158.4,107.7,10.8,39.9,0.6799
2024-12-01,E0003,R02,158.4,115.4,14,29,0.7285
2025-01-01,E0003,R02,166.4,107.2,16.3,43,0.644
2025-02-01,E0003,R02,150.4,100.2,19.4,30.8,0.666
2025-03-01,E0003,R02,150.4,115.6,17.1,17.7,0.7688
2025-04-01,E0003,R02,166.4,127.6,16.8,21.9,0.7668
2025-05-01,E0003,R02,142.4,99.6,10.4,32.4,0.6995
2025-06-01,E0003,R02,158.4,125,15.3,18.1,0.7892
2025-07-01,E0003,R02,158.4,113.3,23.6,21.6,0.7151
2025-08-01,E0003,R02,158.4,125.3,15.2,17.9,0.7911
2025-09-01,E0003,R02,158.4,127.3,14.4,16.7,0.8037
2025-10-01,E0003,R02,158.4,108,14.8,35.7,0.6816
2025-11-01,E0003,R02,158.4,111,10.9,36.5,0.7005
2025-12-01,E0003,R02,150.4,105.6,15.9,28.9,0.7019
2026-01-01,E0003,R02,158.4,107.4,13.1,37.9,0.6782
2026-02-01,E0003,R02,166.4,110.4,12.9,43.1,0.6633
2026-03-01,E0003,R02,158.4,120.3,17.8,20.3,0.7597
2026-04-01,E0003,R02,158.4,105.4,11.2,41.8,0.6654
2026-05-01,E0003,R02,166.4,132.8,19,14.6,0.7981
2026-06-01,E0003,R02,150.4,118.2,16.7,15.5,0.7858
2023-01-01,E0011,R01,158.4,113.9,11.7,32.8,0.7192
2023-02-01,E0011,R01,166.4,118.8,22.1,25.5,0.7137
2023-03-01,E0011,R01,166.4,127.2,15.6,23.5,0.7646
2023-04-01,E0011,R01,158.4,127.7,12.1,18.6,0.806
2023-05-01,E0011,R01,150.4,120.3,13.1,17,0.7998
2023-06-01,E0011,R01,158.4,113.3,13.6,31.5,0.7155
2023-07-01,E0011,R01,150.4,116.4,16.6,17.3,0.7743
2023-08-01,E0011,R01,150.4,104,17.6,28.7,0.6918
2023-09-01,E0011,R01,150.4,120.2,20.1,10.2,0.7989
2023-10-01,E0011,R01,158.4,118.4,17.6,22.4,0.7472
2023-11-01,E0011,R01,158.4,131.4,11.5,15.5,0.8294
2023-12-01,E0011,R01,158.4,113.1,13.2,32.1,0.7138
2024-01-01,E0011,R01,158.4,123.3,20.3,14.8,0.7787
2024-02-01,E0011,R01,166.4,112.5,22.2,31.6,0.6763
2024-03-01,E0011,R01,158.4,128.8,10.7,18.9,0.8133
2024-04-01,E0011,R01,158.4,115.4,14.3,28.6,0.7288
2024-05-01,E0011,R01,166.4,134.5,14.4,17.5,0.8085
2024-06-01,E0011,R01,150.4,115.2,19,16.2,0.766
2024-07-01,E0011,R01,158.4,113,19.6,25.8,0.7131
2024-08-01,E0011,R01,166.4,124.1,15.9,26.4,0.746
2024-09-01,E0011,R01,158.4,112.4,8.3,37.7,0.7095
2024-10-01,E0011,R01,158.4,114.2,10.7,33.6,0.7208
2024-11-01,E0011,R01,142.4,107.5,16.2,18.7,0.7549
2024-12-01,E0011,R01,158.4,99.2,15,44.2,0.626
2025-01-01,E0011,R01,158.4,116,13.3,29.1,0.7326
2025-02-01,E0011,R01,150.4,116.9,17.8,15.7,0.7771
2025-03-01,E0011,R01,150.4,119.3,19.9,11.2,0.7933
2025-04-01,E0011,R01,158.4,124.1,19.6,14.7,0.7835
2025-05-01,E0011,R01,150.4,116.7,10.6,23,0.7761
2025-06-01,E0011,R01,150.4,118.1,16.1,16.2,0.785
2025-07-01,E0011,R01,158.4,110.7,13.8,33.9,0.6991
2025-08-01,E0011,R01,150.4,114,22.9,13.5,0.7582
2025-09-01,E0011,R01,166.4,120.8,17.5,28.1,0.726
2025-10-01,E0011,R01,150.4,115.1,12.8,22.5,0.7651
2025-11-01,E0011,R01,158.4,126.8,11.5,20.1,0.8004
2025-12-01,E0011,R01,150.4,106.7,14.4,29.3,0.7097
2026-01-01,E0011,R01,150.4,106.5,16.2,27.7,0.7083
2026-02-01,E0011,R01,158.4,118,14.7,25.7,0.7449
2026-03-01,E0011,R01,166.4,93.8,12.6,60,0.5638
2026-04-01,E0011,R01,158.4,128.8,16.5,13.1,0.8129
2026-05-01,E0011,R01,158.4,125.2,11.9,21.4,0.7901
2026-06-01,E0011,R01,158.4,118,18.5,21.9,0.7447
2023-01-01,E0018,R01,158.4,105.4,17.7,35.3,0.6652
2023-02-01,E0018,R01,150.4,110.8,17.3,22.4,0.7365
2023-03-01,E0018,R01,158.4,118.9,11.6,27.9,0.7506
2023-04-01,E0018,R01,158.4,112.7,19.5,26.2,0.7114
2023-05-01,E0018,R01,158.4,133.1,19.4,6,0.84
2023-06-01,E0018,R01,158.4,122.7,8.4,27.3,0.7748
2023-07-01,E0018,R01,158.4,121.2,19.3,17.9,0.7654
2023-08-01,E0018,R01,166.4,118.5,12.5,35.5,0.712
2023-09-01,E0018,R01,166.4,131.3,11,24.1,0.7889
2023-10-01,E0018,R01,166.4,131.6,16.5,18.3,0.7911
2023-11-01,E0018,R01,166.4,132,17.4,16.9,0.7935
2023-12-01,E0018,R01,150.4,99,18.6,32.8,0.6583
2024-01-01,E0018,R01,150.4,110,13,27.4,0.7315
2024-02-01,E0018,R01,150.4,115.7,16.7,18,0.7691
2024-03-01,E0018,R01,166.4,125,13.7,27.7,0.7514
2024-04-01,E0018,R01,158.4,105.5,17.8,35.1,0.6661
2024-05-01,E0018,R01,166.4,123.6,8.6,34.1,0.743
2024-06-01,E0018,R01,158.4,127.9,27.4,3,0.8077
2024-07-01,E0018,R01,158.4,124.2,14.4,19.8,0.7842
2024-08-01,E0018,R01,166.4,116,22.5,27.9,0.6972
2024-09-01,E0018,R01,150.4,117.3,18.3,14.8,0.7799
2024-10-01,E0018,R01,166.4,120.7,17.4,28.3,0.7254
2024-11-01,E0018,R01,150.4,112.8,13.8,23.8,0.7498
2024-12-01,E0018,R01,150.4,119,16.8,14.6,0.7911
2025-01-01,E0018,R01,158.4,112.9,6.8,38.7,0.7127
2025-02-01,E0018,R01,166.4,120.7,9.7,36,0.7255
2025-03-01,E0018,R01,150.4,121.2,12.4,16.8,0.8059
2025-04-01,E0018,R01,150.4,116.3,18.8,15.3,0.7734
2025-05-01,E0018,R01,150.4,112.8,16.3,21.3,0.75
2025-06-01,E0018,R01,158.4,123.1,14.3,21,0.7771
2025-07-01,E0018,R01,158.4,120.8,14.1,23.5,0.7626
2025-08-01,E0018,R01,150.4,122,9.2,19.2,0.811
2025-09-01,E0018,R01,158.4,121.2,11.8,25.4,0.765
2025-10-01,E0018,R01,166.4,138.9,18,9.5,0.8346
2025-11-01,E0018,R01,150.4,109.9,13,27.5,0.7309
2025-12-01,E0018,R01,158.4,116.8,21.1,20.5,0.7377
2026-01-01,E0018,R01,158.4,121.8,19.2,17.4,0.769
2026-02-01,E0018,R01,150.4,110.5,16.1,23.8,0.7348
2026-03-01,E0018,R01,166.4,120.8,15.4,30.3,0.7257
2026-04-01,E0018,R01,166.4,118.3,22,26.1,0.711
2026-05-01,E0018,R01,158.4,137.6,16.2,4.6,0.8685
2026-06-01,E0018,R01,166.4,111,16.6,38.8,0.6671
2023-01-01,E0019,R02,158.4,103.8,14.7,40,0.6551
2023-02-01,E0019,R02,166.4,127.4,6.7,32.3,0.7657
2023-03-01,E0019,R02,166.4,107.6,10.8,48,0.6467
2023-04-01,E0019,R02,158.4,104,17.8,36.6,0.6567
2023-05-01,E0019,R02,158.4,113.6,17.5,27.2,0.7174
2023-06-01,E0019,R02,158.4,124.7,15.3,18.5,0.787
2023-07-01,E0019,R02,150.4,109,14.4,27,0.725
2023-08-01,E0019,R02,158.4,110.8,9.7,37.9,0.6995
2023-09-01,E0019,R02,158.4,115.6,12.7,30.1,0.7297
2023-10-01,E0019,R02,158.4,111.6,18.8,28,0.7044
2023-11-01,E0019,R02,158.4,112.5,11.4,34.5,0.7104
2023-12-01,E0019,R02,150.4,123.8,13.3,13.3,0.8234
2024-01-01,E0019,R02,166.4,110.2,16.2,40,0.6624
2024-02-01,E0019,R02,166.4,114.2,18.5,33.7,0.6863
2024-03-01,E0019,R02,158.4,117.9,19,21.6,0.7441
2024-04-01,E0019,R02,158.4,127.2,18.7,12.5,0.8031
2024-05-01,E0019,R02,158.4,111.3,13.9,33.2,0.7028
2024-06-01,E0019,R02,166.4,118.5,27.8,20.1,0.7121
2024-07-01,E0019,R02,158.4,122.3,19.7,16.4,0.7722
2024-08-01,E0019,R02,166.4,131.5,20.5,14.3,0.7905
2024-09-01,E0019,R02,166.4,109.2,12.9,44.4,0.656
2024-10-01,E0019,R02,150.4,105.1,14.1,31.2,0.6989
2024-11-01,E0019,R02,166.4,129.6,7.8,29.1,0.7786
2024-12-01,E0019,R02,158.4,99.6,12.7,46.1,0.6291
2025-01-01,E0019,R02,166.4,134.1,18.3,14,0.806
2025-02-01,E0019,R02,166.4,124.6,18.3,23.5,0.7488
2025-03-01,E0019,R02,158.4,115.5,13.4,29.5,0.7289
2025-04-01,E0019,R02,158.4,121.3,14.7,22.4,0.7658
2025-05-01,E0019,R02,166.4,110.5,11.4,44.4,0.6643
2025-06-01,E0019,R02,158.4,118.3,15.2,24.8,0.747
2025-07-01,E0019,R02,150.4,110.1,13.9,26.5,0.732
2025-08-01,E0019,R02,158.4,117.4,22.8,18.3,0.7411
2025-09-01,E0019,R02,166.4,122.2,12.1,32.1,0.7346
2025-10-01,E0019,R02,158.4,112.1,18.9,27.4,0.7079
2023-01-01,E0026,R01,166.4,124,19,23.4,0.7451
2023-02-01,E0026,R01,150.4,114.7,19.2,16.5,0.7623
2023-03-01,E0026,R01,166.4,135.8,15.7,14.9,0.8161
2023-04-01,E0026,R01,158.4,116.7,16.3,25.4,0.7364
2023-05-01,E0026,R01,158.4,121.9,9.5,27.1,0.7693
2023-06-01,E0026,R01,166.4,129.4,14.8,22.2,0.7779
2023-07-01,E0026,R01,150.4,116.6,15.6,18.1,0.7753
2023-08-01,E0026,R01,158.4,125.4,15.4,17.6,0.7917
2023-09-01,E0026,R01,158.4,136.3,15.4,6.7,0.8604
2023-10-01,E0026,R01,158.4,119.4,22,17,0.7538
2023-11-01,E0026,R01,166.4,118.5,16.7,31.2,0.712
2023-12-01,E0026,R01,150.4,115,13,22.4,0.7648
2024-01-01,E0026,R01,158.4,98.1,17.6,42.6,0.6195
2024-02-01,E0026,R01,142.4,116.2,16.9,9.3,0.8159
2024-03-01,E0026,R01,142.4,105.2,16.3,20.9,0.7385
2024-04-01,E0026,R01,158.4,114.6,14.5,29.3,0.7233
2024-05-01,E0026,R01,166.4,122.7,17.4,26.3,0.7375
2024-06-01,E0026,R01,158.4,124.4,14.5,19.5,0.7853
2024-07-01,E0026,R01,158.4,128,11,19.4,0.8082
2024-08-01,E0026,R01,166.4,115.2,19.9,31.3,0.6924
2024-09-01,E0026,R01,158.4,127.9,20,10.4,0.8075
2024-10-01,E0026,R01,158.4,121.2,25.4,11.7,0.7654
2024-11-01,E0026,R01,158.4,131.4,13.8,13.2,0.8297
2024-12-01,E0026,R01,158.4,123.6,18.6,16.2,0.7804
2025-01-01,E0026,R01,150.4,94.7,18.9,36.9,0.6295
2025-02-01,E0026,R01,158.4,118.6,12.9,26.9,0.7487
2025-03-01,E0026,R01,158.4,136.7,16.2,5.5,0.8628
2025-04-01,E0026,R01,150.4,115.7,16.5,18.2,0.7696
2025-05-01,E0026,R01,158.4,116.8,14.5,27.1,0.7375
2023-01-01,E0034,R03,150.4,111.3,19.9,19.2,0.74
2023-02-01,E0034,R03,166.4,121,16.8,28.6,0.7272
2023-03-01,E0034,R03,158.4,119.1,11.8,27.6,0.7517
2023-04-01,E0034,R03,158.4,115.8,13.4,29.1,0.7311
2023-05-01,E0034,R03,150.4,104.8,14,31.6,0.6968
2023-06-01,E0034,R03,158.4,120.5,18.3,19.6,0.761
2023-07-01,E0034,R03,166.4,141.7,12.3,12.4,0.8513
2023-08-01,E0034,R03,150.4,121.5,18.7,10.2,0.808
2023-09-01,E0034,R03,158.4,130.2,13.1,15,0.8221
2023-10-01,E0034,R03,158.4,129.8,13.6,15,0.8196
2023-11-01,E0034,R03,150.4,108.2,19,23.2,0.7194
2023-12-01,E0034,R03,158.4,115,16.5,26.9,0.7261
2024-01-01,E0034,R03,150.4,122,10.3,18.1,0.811
2024-02-01,E0034,R03,150.4,122.5,20.8,7.1,0.8147
2024-03-01,E0034,R03,166.4,118.1,11.8,36.5,0.71
2024-04-01,E0034,R03,166.4,126.7,19.7,20,0.7615
2024-05-01,E0034,R03,158.4,133,14.3,11.1,0.8395
2024-06-01,E0034,R03,166.4,116.8,19.9,29.6,0.7022
2024-07-01,E0034,R03,150.4,128.8,14.4,7.2,0.8565
2024-08-01,E0034,R03,166.4,120.2,12.6,33.6,0.7223
2024-09-01,E0034,R03,150.4,109.4,25.7,15.4,0.7273
2024-10-01,E0034,R03,166.4,120.9,12.4,33.1,0.7266
2024-11-01,E0034,R03,142.4,104.2,17.2,20.9,0.7319
2024-12-01,E0034,R03,158.4,110.9,23.9,23.6,0.7002
2025-01-01,E0034,R03,150.4,122.9,11.6,15.9,0.8172
2025-02-01,E0034,R03,142.4,107,17.1,18.2,0.7515
2025-03-01,E0034,R03,158.4,115.8,14,28.6,0.7311
2023-01-01,E0035,R03,150.4,114.3,15.5,20.6,0.7601
2023-02-01,E0035,R03,142.4,111.7,13.5,17.2,0.7845
2023-03-01,E0035,R03,150.4,100,18.4,32,0.6647
2023-04-01,E0035,R03,142.4,98.5,11.6,32.3,0.6919
2023-05-01,E0035,R03,158.4,103.6,21.5,33.4,0.6539
2023-06-01,E0035,R03,158.4,117.4,16.8,24.2,0.7409
2023-07-01,E0035,R03,158.4,130.8,24.2,3.5,0.8256
2023-08-01,E0035,R03,166.4,132.5,17.1,16.8,0.7963
2023-09-01,E0035,R03,166.4,121.8,12.3,32.3,0.732
2023-10-01,E0035,R03,166.4,117.7,22.1,26.6,0.7074
2023-11-01,E0035,R03,158.4,127.5,14.9,16,0.8048
2023-12-01,E0035,R03,158.4,104.1,11.4,42.9,0.6572
2024-01-01,E0035,R03,150.4,102.7,15.6,32.2,0.6827
2024-02-01,E0035,R03,158.4,119.1,12.3,27,0.7519
2024-03-01,E0035,R03,158.4,126,16.9,15.5,0.7953
2024-04-01,E0035,R03,150.4,120.1,20.5,9.7,0.7988
2024-05-01,E0035,R03,158.4,121.5,17.3,19.6,0.7669
2024-06-01,E0035,R03,166.4,124.9,20.6,20.9,0.7508
2024-07-01,E0035,R03,150.4,123.8,11,15.6,0.8234
2024-08-01,E0035,R03,158.4,112.8,18.1,27.6,0.7119
2024-09-01,E0035,R03,142.4,115,13.7,13.7,0.8077
2024-10-01,E0035,R03,158.4,115.7,18.8,23.9,0.7307
2024-11-01,E0035,R03,158.4,127.4,17.9,13.1,0.804
2024-12-01,E0035,R03,158.4,116.7,11.9,29.8,0.7367
2025-01-01,E0035,R03,166.4,125.3,12.9,28.1,0.7531
2025-02-01,E0035,R03,142.4,85.1,15,42.3,0.5979
2025-03-01,E0035,R03,166.4,116.4,14.3,35.7,0.6997
2025-04-01,E0035,R03,142.4,103.1,21.2,18.1,0.7242
2025-05-01,E0035,R03,150.4,106.9,16.4,27.1,0.7105
2025-06-01,E0035,R03,150.4,105.9,24,20.5,0.704
2025-07-01,E0035,R03,150.4,101.7,9.3,39.4,0.6762
2025-08-01,E0035,R03,158.4,117.1,19.7,21.5,0.7396
2025-09-01,E0035,R03,166.4,104.9,19.1,42.4,0.6303
2025-10-01,E0035,R03,158.4,110.7,22.7,25,0.6989
2025-11-01,E0035,R03,166.4,119.5,18.8,28.1,0.7179
2025-12-01,E0035,R03,158.4,104.1,15.2,39,0.6573
2026-01-01,E0035,R03,158.4,109,16.5,32.9,0.6881
2026-02-01,E0035,R03,150.4,110.5,9.8,30.1,0.7345
2026-03-01,E0035,R03,150.4,106.5,11.5,32.5,0.7079
2026-04-01,E0035,R03,158.4,122.7,20,15.8,0.7744
2026-05-01,E0035,R03,142.4,115.8,11.4,15.2,0.8131
2026-06-01,E0035,R03,158.4,108.5,19.1,30.8,0.6848
2023-01-01,E0052,R04,166.4,138.7,18.7,9,0.8338
2023-02-01,E0052,R04,150.4,116.6,17.6,16.2,0.7753
2023-03-01,E0052,R04,158.4,109.3,21.8,27.4,0.6899
2023-04-01,E0052,R04,166.4,114.6,21.6,30.1,0.6888
2023-05-01,E0052,R04,158.4,120.9,20.9,16.6,0.7635
2023-06-01,E0052,R04,158.4,120.7,17.4,20.4,0.7617
2023-07-01,E0052,R04,158.4,119.6,15.2,23.5,0.7552
2023-08-01,E0052,R04,158.4,116.8,14.2,27.4,0.7374
2023-09-01,E0052,R04,166.4,111.2,22.9,32.4,0.6681
2023-10-01,E0052,R04,158.4,131.7,18,8.8,0.8313
2023-11-01,E0052,R04,158.4,112.7,17.3,28.4,0.7114
2023-12-01,E0052,R04,158.4,104,14.1,40.3,0.6567
2024-01-01,E0052,R04,158.4,128.4,20.5,9.5,0.8105
2024-02-01,E0052,R04,166.4,117.8,22.8,25.8,0.7078
2024-03-01,E0052,R04,158.4,128.6,16.2,13.6,0.812
2024-04-01,E0052,R04,166.4,121.7,20.8,23.9,0.7316
2024-05-01,E0052,R04,158.4,114.8,22.8,20.9,0.7244
2024-06-01,E0052,R04,150.4,105.7,16.3,28.4,0.703
2024-07-01,E0052,R04,166.4,112.4,15.6,38.4,0.6756
2024-08-01,E0052,R04,150.4,102.5,14.6,33.3,0.6813
2024-09-01,E0052,R04,158.4,122.4,20,15.9,0.7729
2024-10-01,E0052,R04,158.4,126.3,15.1,17,0.7971
2024-11-01,E0052,R04,158.4,115.8,15.9,26.7,0.7311
2024-12-01,E0052,R04,150.4,112.6,18.5,19.3,0.749
2025-01-01,E0052,R04,158.4,97.2,13,48.1,0.6139
2025-02-01,E0052,R04,158.4,108.9,19.2,30.3,0.6875
2025-03-01,E0052,R04,158.4,140.7,6.4,11.3,0.8884
2025-04-01,E0052,R04,158.4,123.4,12.5,22.5,0.7791
2025-05-01,E0052,R04,166.4,131.4,16.8,18.2,0.7898
2025-06-01,E0052,R04,158.4,133.7,11.9,12.7,0.8443
2025-07-01,E0052,R04,150.4,129.5,20.9,0,0.8608
2025-08-01,E0052,R04,166.4,124.9,19.1,22.4,0.7508
2025-09-01,E0052,R04,150.4,122.3,15.9,12.2,0.8135
2025-10-01,E0052,R04,142.4,110.7,18.7,13,0.7773
2025-11-01,E0052,R04,166.4,136,15.2,15.1,0.8175
2025-12-01,E0052,R04,158.4,106.5,13.8,38.1,0.6725
2026-01-01,E0052,R04,166.4,103.3,10.5,52.5,0.621
2026-02-01,E0052,R04,150.4,106.5,15.3,28.6,0.7083
2026-03-01,E0052,R04,150.4,106.4,17.5,26.5,0.7075
2026-04-01,E0052,R04,158.4,109.7,12.5,36.2,0.6926
2026-05-01,E0052,R04,166.4,127.9,21.1,17.4,0.7685
2026-06-01,E0052,R04,158.4,125.3,12.1,21,0.7913
2023-01-01,E0055,R02,166.4,126.7,26.3,13.4,0.7613
2023-02-01,E0055,R02,158.4,107.9,21.8,28.7,0.6811
2023-03-01,E0055,R02,150.4,110.7,12.8,27,0.7358
2023-04-01,E0055,R02,158.4,116.5,22.7,19.2,0.7352
2023-05-01,E0055,R02,150.4,110.8,10.9,28.7,0.7368
2023-06-01,E0055,R02,166.4,113.3,13.8,39.3,0.6806
2023-07-01,E0055,R02,158.4,124.7,11,22.7,0.7874
2023-08-01,E0055,R02,166.4,112.7,24.3,29.4,0.6774
2023-09-01,E0055,R02,158.4,115.6,12.4,30.4,0.7298
2023-10-01,E0055,R02,158.4,126.2,11.7,20.5,0.797
2023-11-01,E0055,R02,166.4,120.8,10.8,34.7,0.7262
2023-12-01,E0055,R02,158.4,111.7,11.3,35.4,0.7054
2024-01-01,E0055,R02,158.4,106,12.4,40,0.6689
2024-02-01,E0055,R02,158.4,122.2,13.1,23.1,0.7714
2024-03-01,E0055,R02,166.4,123.9,11.4,31.1,0.7443
2024-04-01,E0055,R02,158.4,106.6,15.6,36.1,0.6731
2024-05-01,E0055,R02,166.4,124.3,17.4,24.6,0.7472
2024-06-01,E0055,R02,166.4,120.2,12.5,33.7,0.7224
2024-07-01,E0055,R02,150.4,110.3,14.5,25.6,0.7335
2024-08-01,E0055,R02,158.4,116.5,18.2,23.7,0.7354
2024-09-01,E0055,R02,158.4,121.2,11.3,26,0.7649
2024-10-01,E0055,R02,158.4,116.4,14,28,0.7347
2024-11-01,E0055,R02,166.4,120.3,14.1,32,0.7231
2024-12-01,E0055,R02,158.4,98.7,20.3,39.4,0.623
2025-01-01,E0055,R02,158.4,119.9,15,23.4,0.7572
2025-02-01,E0055,R02,158.4,109.3,16,33.1,0.69
2025-03-01,E0055,R02,166.4,116.1,16.7,33.7,0.6976
2025-04-01,E0055,R02,166.4,133.9,9.8,22.7,0.8046
2025-05-01,E0055,R02,158.4,116.4,22.5,19.5,0.7345
2025-06-01,E0055,R02,166.4,116.7,17.1,32.6,0.7015
2025-07-01,E0055,R02,166.4,124.1,15.9,26.4,0.7456
2025-08-01,E0055,R02,166.4,117.5,20.1,28.8,0.7063
2025-09-01,E0055,R02,166.4,135.2,18.6,12.7,0.8122
2025-10-01,E0055,R02,150.4,125.1,17,8.3,0.8317
2025-11-01,E0055,R02,150.4,117.1,10.7,22.6,0.7785
2025-12-01,E0055,R02,158.4,103.5,7.6,47.3,0.6535
2026-01-01,E0055,R02,158.4,91,11.9,55.6,0.5744
2026-02-01,E0055,R02,158.4,110.7,12.8,34.8,0.6992
2026-03-01,E0055,R02,158.4,109,7,42.3,0.6883
2026-04-01,E0055,R02,150.4,110.2,18.5,21.7,0.7327
2026-05-01,E0055,R02,166.4,127.6,14.8,24,0.767
2026-06-01,E0055,R02,158.4,127.6,11.8,19,0.8056
2023-01-01,E0061,R04,158.4,106.3,13.4,38.7,0.671
2023-02-01,E0061,R04,158.4,118.6,16,23.8,0.7487
2023-03-01,E0061,R04,158.4,117,19.6,21.8,0.7386
2023-04-01,E0061,R04,158.4,132.4,12.7,13.3,0.8361
2023-05-01,E0061,R04,166.4,119.3,14.9,32.3,0.7169
2023-06-01,E0061,R04,166.4,126.9,15.5,24,0.7628
2023-07-01,E0061,R04,158.4,111.7,11.2,35.5,0.7049
2023-08-01,E0061,R04,166.4,128.2,12.5,25.8,0.7702
2023-09-01,E0061,R04,158.4,117.8,16.1,24.4,0.7438
2023-10-01,E0061,R04,166.4,122.2,18.7,25.5,0.7343
2023-11-01,E0061,R04,158.4,111.2,20.1,27.1,0.7021
2023-12-01,E0061,R04,150.4,96.2,19.3,34.9,0.6393
2024-01-01,E0061,R04,158.4,118.7,15,24.7,0.7496
2024-02-01,E0061,R04,166.4,121.9,14.6,29.9,0.7327
2024-03-01,E0061,R04,142.4,108.5,19,14.9,0.7619
2024-04-01,E0061,R04,158.4,130.4,18.6,9.3,0.8235
2024-05-01,E0061,R04,158.4,137.3,21.1,0,0.8668
2024-06-01,E0061,R04,150.4,118.2,14.8,17.4,0.7858
2024-07-01,E0061,R04,166.4,135.9,18.5,12,0.8166
2024-08-01,E0061,R04,142.4,106.7,12.6,23.1,0.7494
2023-01-01,E0077,R01,158.4,119.4,14.3,24.7,0.7538
2023-02-01,E0077,R01,158.4,99.5,17,41.9,0.6278
2023-03-01,E0077,R01,166.4,139.7,19.9,6.8,0.8397
2023-04-01,E0077,R01,158.4,121.4,8.9,28.2,0.7661
2023-05-01,E0077,R01,158.4,118.2,17.4,22.7,0.7464
2023-06-01,E0077,R01,166.4,125.2,18.2,23,0.7526
2023-07-01,E0077,R01,150.4,126.8,12.7,10.9,0.8429
2023-08-01,E0077,R01,158.4,124.2,11.6,22.6,0.7843
2023-09-01,E0077,R01,158.4,107.6,20.1,30.6,0.6795
2023-10-01,E0077,R01,166.4,120.1,18.9,27.4,0.7219
2023-11-01,E0077,R01,142.4,112,13.1,17.3,0.7864
2023-12-01,E0077,R01,150.4,101.8,14.1,34.5,0.6768
2024-01-01,E0077,R01,158.4,114.1,15.6,28.7,0.7201
2024-02-01,E0077,R01,166.4,110.8,11.8,43.8,0.6658
2024-03-01,E0077,R01,142.4,97.7,14.6,30.1,0.6861
2024-04-01,E0077,R01,150.4,115.5,12.5,22.4,0.7677
2024-05-01,E0077,R01,166.4,149.8,16.6,0,0.9
2024-06-01,E0077,R01,166.4,123.6,23.1,19.7,0.7426
2024-07-01,E0077,R01,142.4,113.4,12.8,16.2,0.7962
2024-08-01,E0077,R01,150.4,107.6,16.1,26.7,0.7155
2024-09-01,E0077,R01,158.4,113.8,19.4,25.2,0.7185
2024-10-01,E0077,R01,150.4,110.2,11.9,28.3,0.7328
2024-11-01,E0077,R01,150.4,130.5,14.9,5,0.8679
2024-12-01,E0077,R01,166.4,124.4,19.5,22.5,0.7474
2025-01-01,E0077,R01,150.4,105.7,9.8,35,0.7026
2025-02-01,E0077,R01,150.4,115.1,15.3,20,0.765
2025-03-01,E0077,R01,166.4,131.6,19,15.8,0.7907
2025-04-01,E0077,R01,150.4,122.4,12.2,15.8,0.8138
2025-05-01,E0077,R01,142.4,109.6,18.6,14.2,0.7697
2025-06-01,E0077,R01,166.4,128.9,20.5,17,0.7746
2025-07-01,E0077,R01,158.4,117.8,18.4,22.2,0.7435
2025-08-01,E0077,R01,150.4,99.9,12.2,38.3,0.6642
2025-09-01,E0077,R01,158.4,101.6,10.9,45.8,0.6417
2025-10-01,E0077,R01,150.4,124.1,15.7,10.6,0.8252
2025-11-01,E0077,R01,158.4,112.4,10.8,35.3,0.7093
2025-12-01,E0077,R01,158.4,109.5,12.6,36.3,0.6913
2026-01-01,E0077,R01,166.4,114.8,13.1,38.5,0.69
2026-02-01,E0077,R01,166.4,116.9,21.4,28.2,0.7023
2026-03-01,E0077,R01,158.4,109.3,16.6,32.4,0.6903
2026-04-01,E0077,R01,158.4,102.1,15.3,41,0.6444
2026-05-01,E0077,R01,158.4,126.3,15.7,16.4,0.7973
2026-06-01,E0077,R01,158.4,131.9,15,11.6,0.8326
2023-01-01,E0079,R02,166.4,92.7,18.7,54.9,0.5573
2023-02-01,E0079,R02,158.4,110.2,10.3,37.9,0.6955
2023-03-01,E0079,R02,150.4,120,18.2,12.2,0.7981
2023-04-01,E0079,R02,158.4,120.9,16.1,21.4,0.7633
2023-05-01,E0079,R02,150.4,122,12.3,16.1,0.8112
2023-06-01,E0079,R02,158.4,110.1,19.2,29.1,0.6949
2023-07-01,E0079,R02,166.4,129.4,20,17,0.7779
2023-08-01,E0079,R02,158.4,113.7,15.4,29.3,0.7178
2023-09-01,E0079,R02,158.4,129.5,15.9,12.9,0.8178
2023-10-01,E0079,R02,158.4,116.6,11.9,29.9,0.7362
2023-11-01,E0079,R02,158.4,104.9,18,35.5,0.6625
2023-12-01,E0079,R02,150.4,100,20.6,29.8,0.6646
2024-01-01,E0079,R02,150.4,117.1,9.2,24.2,0.7783
2024-02-01,E0079,R02,150.4,105.7,9.8,34.9,0.7028
2024-03-01,E0079,R02,150.4,113.9,16,20.5,0.757
2024-04-01,E0079,R02,158.4,133.8,12.1,12.4,0.8449
2024-05-01,E0079,R02,150.4,104.3,10.9,35.3,0.6933
2024-06-01,E0079,R02,142.4,94.6,12.7,35.1,0.6646
2024-07-01,E0079,R02,166.4,136.9,8.5,21,0.823
2024-08-01,E0079,R02,150.4,111.1,17.6,21.7,0.7387
2024-09-01,E0079,R02,150.4,107.6,9.6,33.2,0.7153
2024-10-01,E0079,R02,142.4,106.3,10.5,25.6,0.7467
2024-11-01,E0079,R02,166.4,129.3,14.4,22.7,0.777
2024-12-01,E0079,R02,150.4,106.8,6,37.6,0.71
2025-01-01,E0079,R02,150.4,103.5,19.3,27.7,0.6881
2025-02-01,E0079,R02,166.4,119.7,10.1,36.5,0.7196
2025-03-01,E0079,R02,142.4,102.8,12.4,27.2,0.7222
2025-04-01,E0079,R02,158.4,128.8,19.3,10.3,0.8132
2025-05-01,E0079,R02,150.4,114.2,14.2,21.9,0.7596
2025-06-01,E0079,R02,166.4,129.4,10.1,26.8,0.7778
2025-07-01,E0079,R02,158.4,121.4,17.7,19.3,0.7664
2025-08-01,E0079,R02,158.4,124.8,9.2,24.4,0.7878
2025-09-01,E0079,R02,166.4,121.2,17,28.2,0.7283
2025-10-01,E0079,R02,158.4,123.9,14.9,19.6,0.7822
2025-11-01,E0079,R02,158.4,126.9,14.1,17.4,0.8012
2025-12-01,E0079,R02,150.4,97.6,14.3,38.6,0.6487
2026-01-01,E0079,R02,166.4,112.1,14.4,39.9,0.6736
2026-02-01,E0079,R02,142.4,93.5,14.4,34.5,0.6565
2026-03-01,E0079,R02,166.4,129,25.1,12.3,0.7752
2026-04-01,E0079,R02,166.4,119.9,17,29.5,0.7205
2026-05-01,E0079,R02,166.4,127.6,12.6,26.2,0.7667
2026-06-01,E0079,R02,142.4,109.5,15.5,17.4,0.769
2023-01-01,E0082,R03,150.4,101.6,19.8,29.1,0.6752
2023-02-01,E0082,R03,158.4,116.6,13.3,28.6,0.7358
2023-03-01,E0082,R03,158.4,124.6,18.7,15.1,0.7866
2023-04-01,E0082,R03,166.4,117.6,19.6,29.3,0.7065
2023-05-01,E0082,R03,158.4,124.3,17.1,17,0.7847
2023-06-01,E0082,R03,158.4,123.2,23,12.2,0.7781
2023-07-01,E0082,R03,150.4,108.3,17.7,24.4,0.7202
2023-08-01,E0082,R03,166.4,120.3,13.2,32.8,0.723
2023-09-01,E0082,R03,166.4,121.8,14.3,30.3,0.7319
2023-10-01,E0082,R03,166.4,124.2,11.5,30.6,0.7465
2023-11-01,E0082,R03,150.4,127.3,15.6,7.5,0.8466
2023-12-01,E0082,R03,166.4,122.7,10.3,33.4,0.7373
2024-01-01,E0082,R03,166.4,122,21.8,22.7,0.7329
2024-02-01,E0082,R03,158.4,116.2,17.7,24.5,0.7338
2024-03-01,E0082,R03,158.4,119.6,6.3,32.5,0.7548
2024-04-01,E0082,R03,150.4,132.6,12.2,5.6,0.8815
2024-05-01,E0082,R03,166.4,121.4,18.7,26.3,0.7294
2024-06-01,E0082,R03,158.4,132.4,15.5,10.4,0.8362
2024-07-01,E0082,R03,158.4,104.4,18.6,35.4,0.6591
2024-08-01,E0082,R03,158.4,126.3,12.8,19.3,0.7977
2024-09-01,E0082,R03,150.4,111.6,11.5,27.2,0.7422
2024-10-01,E0082,R03,158.4,118.8,12.8,26.7,0.7502
2024-11-01,E0082,R03,158.4,130.1,23.7,4.6,0.8213
2024-12-01,E0082,R03,158.4,131.2,8.8,18.4,0.828
2025-01-01,E0082,R03,158.4,111.7,17.6,29.1,0.7055
2025-02-01,E0082,R03,166.4,113,15.6,37.8,0.6789
2025-03-01,E0082,R03,158.4,118.4,14.4,25.6,0.7475
2025-04-01,E0082,R03,166.4,115,13.3,38.1,0.6912
2025-05-01,E0082,R03,166.4,138,10.4,18.1,0.8293
2025-06-01,E0082,R03,150.4,103.8,17.2,29.4,0.6905
2025-07-01,E0082,R03,158.4,114.4,13.3,30.8,0.7219
2025-08-01,E0082,R03,166.4,125.8,17.5,23.1,0.7559
2025-09-01,E0082,R03,158.4,124.2,12.4,21.8,0.7843
2025-10-01,E0082,R03,150.4,115.9,14.5,20,0.7706
2025-11-01,E0082,R03,166.4,126.3,10.8,29.3,0.7589
2025-12-01,E0082,R03,166.4,107.6,12.5,46.3,0.6466
2026-01-01,E0082,R03,166.4,122.9,8.1,35.4,0.7388
2026-02-01,E0082,R03,158.4,122.8,15.3,20.4,0.775
2026-03-01,E0082,R03,150.4,111.5,6.2,32.7,0.7412
2026-04-01,E0082,R03,150.4,114.5,13.8,22.1,0.761
2026-05-01,E0082,R03,150.4,116.6,15.4,18.4,0.7751
2026-06-01,E0082,R03,158.4,115.8,9.8,32.8,0.7313
2023-01-01,E0083,R01,158.4,112.9,15.8,29.6,0.7131
2023-02-01,E0083,R01,166.4,120,17.4,29,0.7213
2023-03-01,E0083,R01,158.4,105.9,22.7,29.8,0.6685
2023-04-01,E0083,R01,166.4,129.5,19.4,17.6,0.778
2023-05-01,E0083,R01,158.4,134.6,9.9,13.9,0.8498
2023-06-01,E0083,R01,150.4,119.6,11.6,19.1,0.7955
2023-07-01,E0083,R01,158.4,122.9,23.6,12,0.7756
2023-08-01,E0083,R01,166.4,133.8,21.7,10.9,0.8043
2023-09-01,E0083,R01,142.4,113.1,12.8,16.5,0.7943
2023-10-01,E0083,R01,158.4,112.6,19.6,26.3,0.7107
2023-11-01,E0083,R01,158.4,116.2,21.7,20.5,0.7337
2023-12-01,E0083,R01,158.4,100.3,20.4,37.7,0.6334
2024-01-01,E0083,R01,158.4,109.5,15.1,33.8,0.6912
2024-02-01,E0083,R01,150.4,108.1,16.7,25.6,0.7189
2024-03-01,E0083,R01,158.4,115.9,14.2,28.3,0.7314
2024-04-01,E0083,R01,150.4,117.5,14.9,18,0.781
2024-05-01,E0083,R01,158.4,110.9,24.2,23.3,0.7003
2024-06-01,E0083,R01,158.4,127.2,13.5,17.7,0.8031
2024-07-01,E0083,R01,166.4,121.7,19.7,25.1,0.7311
2024-08-01,E0083,R01,158.4,130.1,14.6,13.7,0.8213
2024-09-01,E0083,R01,166.4,124.2,9.1,33.1,0.7467
2024-10-01,E0083,R01,150.4,98.5,16.8,35.1,0.6549
2024-11-01,E0083,R01,166.4,122.5,14.8,29.1,0.7359
2024-12-01,E0083,R01,166.4,113.7,12.1,40.6,0.6832
2025-01-01,E0083,R01,166.4,114,17.2,35.2,0.6851
2025-02-01,E0083,R01,150.4,117,8.1,25.4,0.7777
2025-03-01,E0083,R01,158.4,125.6,14.9,17.9,0.7929
2025-04-01,E0083,R01,158.4,118.4,18.7,21.3,0.7474
2025-05-01,E0083,R01,158.4,121.6,17.7,19.1,0.7679
2025-06-01,E0083,R01,158.4,126.5,17,15,0.7986
2025-07-01,E0083,R01,150.4,121.6,14,14.8,0.8085
2025-08-01,E0083,R01,166.4,123.3,15.7,27.4,0.7407
2025-09-01,E0083,R01,158.4,118.8,15,24.6,0.7497
2025-10-01,E0083,R01,158.4,115.4,10.2,32.8,0.7286
2025-11-01,E0083,R01,158.4,110.4,19.3,28.7,0.6969
2025-12-01,E0083,R01,166.4,107.3,14.8,44.4,0.6446
2026-01-01,E0083,R01,150.4,106.4,19.1,24.9,0.7074
2026-02-01,E0083,R01,158.4,110.5,21.6,26.3,0.6978
2026-03-01,E0083,R01,158.4,117.3,22.1,19,0.7405
2026-04-01,E0083,R01,158.4,112.5,12.7,33.2,0.71
2026-05-01,E0083,R01,150.4,111.8,13.9,24.8,0.743
2026-06-01,E0083,R01,158.4,122.9,15.1,20.4,0.7757
2023-01-01,E0087,R02,150.4,100.2,18.7,31.5,0.6663
2023-02-01,E0087,R02,158.4,112.1,8.8,37.5,0.7079
2023-03-01,E0087,R02,150.4,125.6,15.2,9.6,0.8353
2023-04-01,E0087,R02,158.4,139.9,17.5,1,0.8832
2023-05-01,E0087,R02,150.4,120.2,10.9,19.3,0.799
2023-06-01,E0087,R02,166.4,126.6,19.6,20.2,0.7609
2023-07-01,E0087,R02,158.4,126.4,15.2,16.7,0.798
2023-08-01,E0087,R02,158.4,120.7,23.1,14.6,0.7622
2023-09-01,E0087,R02,158.4,108.8,20.5,29.1,0.6868
2023-10-01,E0087,R02,158.4,113.6,12.1,32.7,0.7171
2023-11-01,E0087,R02,150.4,110.6,24.4,15.4,0.7353
2023-12-01,E0087,R02,142.4,100.1,11.7,30.6,0.7029
2024-01-01,E0087,R02,166.4,133.6,18.1,14.7,0.8028
2024-02-01,E0087,R02,158.4,112.6,17.5,28.3,0.711
2024-03-01,E0087,R02,166.4,121.1,14.8,30.5,0.7279
2024-04-01,E0087,R02,158.4,118.2,11.8,28.5,0.7459
2024-05-01,E0087,R02,150.4,118.4,18.2,13.8,0.7873
2024-06-01,E0087,R02,142.4,109.2,14.3,18.9,0.7671
2024-07-01,E0087,R02,158.4,118,19.3,21.1,0.7451
2024-08-01,E0087,R02,158.4,117.7,17.3,23.4,0.7429
2024-09-01,E0087,R02,150.4,122.1,15.9,12.4,0.8118
2024-10-01,E0087,R02,158.4,123.6,16.7,18.1,0.7804
2024-11-01,E0087,R02,158.4,115.5,11.8,31,0.7294
2024-12-01,E0087,R02,158.4,101,17,40.3,0.6378
2025-01-01,E0087,R02,166.4,118.9,13.6,33.9,0.7147
2025-02-01,E0087,R02,158.4,125.7,16.6,16.2,0.7934
2025-03-01,E0087,R02,158.4,122,17.7,18.7,0.7701
2025-04-01,E0087,R02,158.4,124.3,11.7,22.4,0.7848
2025-05-01,E0087,R02,158.4,111.8,24.6,22,0.7058
2025-06-01,E0087,R02,142.4,103.2,15,24.2,0.7247
2025-07-01,E0087,R02,166.4,130,23.4,13.1,0.7812
2025-08-01,E0087,R02,158.4,130.8,18.4,9.2,0.8257
2025-09-01,E0087,R02,158.4,134.5,12.8,11.2,0.8488
2025-10-01,E0087,R02,158.4,125.7,18.6,14,0.7938
2025-11-01,E0087,R02,142.4,113.7,11.9,16.8,0.7983
2025-12-01,E0087,R02,158.4,107,15.2,36.2,0.6753
2026-01-01,E0087,R02,150.4,100.9,13.5,35.9,0.671
2026-02-01,E0087,R02,158.4,92.9,14.5,51,0.5865
2023-01-01,E0088,R03,158.4,102.4,13.3,42.7,0.6466
2023-02-01,E0088,R03,158.4,107.2,22,29.1,0.6769
2023-03-01,E0088,R03,158.4,90.7,19.6,48.1,0.5726
2023-04-01,E0088,R03,166.4,118.3,18.4,29.7,0.7108
2023-05-01,E0088,R03,150.4,119,19.3,12.1,0.7911
2023-06-01,E0088,R03,150.4,113.1,21,16.3,0.7519
2023-07-01,E0088,R03,150.4,110,9.7,30.7,0.7317
2023-08-01,E0088,R03,166.4,104.5,15.3,46.6,0.6278
2023-09-01,E0088,R03,166.4,122.1,15,29.3,0.7338
2023-10-01,E0088,R03,158.4,122.5,16.5,19.4,0.7735
2023-11-01,E0088,R03,158.4,125.5,18,14.9,0.7923
2023-12-01,E0088,R03,166.4,124,18.5,24,0.745
2024-01-01,E0088,R03,166.4,136.5,22.4,7.5,0.8202
2024-02-01,E0088,R03,166.4,111.5,21.4,33.5,0.67
2024-03-01,E0088,R03,158.4,126.2,11.7,20.5,0.7969
2024-04-01,E0088,R03,150.4,110.5,11,29,0.7345
2024-05-01,E0088,R03,166.4,125.9,12.7,27.8,0.7566
2024-06-01,E0088,R03,158.4,116,9.5,32.9,0.7325
2024-07-01,E0088,R03,158.4,111.6,16.8,29.9,0.7048
2024-08-01,E0088,R03,158.4,114.4,15.5,28.5,0.7225
2024-09-01,E0088,R03,158.4,113.2,20.3,24.8,0.7148
2024-10-01,E0088,R03,150.4,129.7,15,5.7,0.8622
2024-11-01,E0088,R03,166.4,131.5,12.4,22.5,0.7903
2024-12-01,E0088,R03,166.4,119.7,12.2,34.5,0.7193
2025-01-01,E0088,R03,150.4,109.2,8.2,33,0.7262
2025-02-01,E0088,R03,158.4,118.3,16.7,23.4,0.7468
2025-03-01,E0088,R03,158.4,126.8,13.6,18,0.8004
2025-04-01,E0088,R03,166.4,133.5,15.8,17.1,0.8024
2025-05-01,E0088,R03,166.4,116.3,7.9,42.1,0.6992
2025-06-01,E0088,R03,158.4,132.5,17.4,8.5,0.8366
2025-07-01,E0088,R03,166.4,124.9,16.5,25,0.7507
2025-08-01,E0088,R03,150.4,101,14.5,34.9,0.6716
2025-09-01,E0088,R03,166.4,149.8,13,3.6,0.9
2025-10-01,E0088,R03,158.4,136.2,20.9,1.3,0.8596
2025-11-01,E0088,R03,166.4,120.9,13.1,32.5,0.7263
2025-12-01,E0088,R03,158.4,100.6,19.4,38.3,0.6353
2026-01-01,E0088,R03,166.4,111.6,11.8,42.9,0.6708
2026-02-01,E0088,R03,158.4,110.9,17.2,30.3,0.7001
2026-03-01,E0088,R03,166.4,117.3,20.3,28.8,0.7047
2026-04-01,E0088,R03,150.4,121.9,13.1,15.4,0.8102
2026-05-01,E0088,R03,166.4,117,10.8,38.6,0.7032
2026-06-01,E0088,R03,158.4,128.8,16.1,13.5,0.8129
2023-01-01,E0090,R02,158.4,104.5,12.7,41.2,0.6596
2023-02-01,E0090,R02,150.4,100.4,19.5,30.4,0.6678
2023-03-01,E0090,R02,158.4,127.2,18.7,12.4,0.8031
2023-04-01,E0090,R02,158.4,111.6,15.6,31.3,0.7044
2023-05-01,E0090,R02,142.4,119.5,10.6,12.2,0.8394
2023-06-01,E0090,R02,166.4,113.1,17.8,35.5,0.6799
2023-07-01,E0090,R02,166.4,133.5,19.4,13.4,0.8025
2023-08-01,E0090,R02,158.4,115.1,16.3,26.9,0.7269
2023-09-01,E0090,R02,158.4,103.3,9.4,45.7,0.6519
2023-10-01,E0090,R02,158.4,116.3,18.7,23.4,0.7342
2023-11-01,E0090,R02,158.4,119.7,19.3,19.4,0.7556
2023-12-01,E0090,R02,158.4,111.7,12.6,34.2,0.705
2024-01-01,E0090,R02,150.4,103.5,18,29,0.6879
2024-02-01,E0090,R02,158.4,99.9,14.1,44.4,0.6305
2024-03-01,E0090,R02,166.4,123,18.2,25.2,0.7394
2024-04-01,E0090,R02,166.4,119.3,16,31.1,0.7169
2024-05-01,E0090,R02,158.4,126.9,6.3,25.1,0.8013
2024-06-01,E0090,R02,158.4,128,13.9,16.5,0.8081
2024-07-01,E0090,R02,166.4,123.9,14.6,27.9,0.7446
2024-08-01,E0090,R02,150.4,120.6,15.8,14,0.8016
2024-09-01,E0090,R02,158.4,107.4,7,44,0.6779
2024-10-01,E0090,R02,158.4,117.2,19.9,21.4,0.7396
2024-11-01,E0090,R02,150.4,118.7,20.4,11.4,0.7889
2024-12-01,E0090,R02,158.4,105.7,14,38.7,0.6676
2025-01-01,E0090,R02,150.4,102.3,17.9,30.2,0.6802
2025-02-01,E0090,R02,158.4,105,12.5,41,0.6629
2025-03-01,E0090,R02,158.4,123.7,14.7,20,0.7808
2025-04-01,E0090,R02,158.4,121.8,13.8,22.8,0.7687
2025-05-01,E0090,R02,158.4,123,20.5,14.9,0.7766
2025-06-01,E0090,R02,158.4,126.3,15.6,16.5,0.7971
2025-07-01,E0090,R02,158.4,133.7,10.2,14.5,0.8442
2025-08-01,E0090,R02,166.4,121.4,17,28,0.7297
2025-09-01,E0090,R02,166.4,126.5,17.1,22.9,0.7601
2025-10-01,E0090,R02,158.4,118.7,13.9,25.8,0.7493
2025-11-01,E0090,R02,166.4,124.8,22.8,18.8,0.7499
2025-12-01,E0090,R02,166.4,111,23.5,31.9,0.667
2026-01-01,E0090,R02,158.4,115.5,20.4,22.4,0.7293
2026-02-01,E0090,R02,158.4,117.9,16.4,24.1,0.7441
2026-03-01,E0090,R02,158.4,119.6,13.9,24.9,0.7552
2026-04-01,E0090,R02,158.4,131,14.1,13.3,0.8269
2026-05-01,E0090,R02,158.4,125.5,17.2,15.7,0.7924
2026-06-01,E0090,R02,142.4,109.7,13.9,18.8,0.7703
2023-01-01,E0091,R02,158.4,108,10.2,40.2,0.6816
2023-02-01,E0091,R02,158.4,116,14.9,27.5,0.7322
2023-03-01,E0091,R02,166.4,141.6,18.9,5.9,0.851
2023-04-01,E0091,R02,158.4,111.8,16.8,29.8,0.706
2023-05-01,E0091,R02,150.4,108.2,13.5,28.7,0.7196
2023-06-01,E0091,R02,158.4,122.6,13.6,22.2,0.774
2023-07-01,E0091,R02,158.4,125.9,23,9.5,0.7949
2023-08-01,E0091,R02,158.4,128.2,16.3,13.9,0.8092
2023-09-01,E0091,R02,158.4,116.6,13.3,28.5,0.7361
2023-10-01,E0091,R02,142.4,93.9,18.2,30.2,0.6597
2023-11-01,E0091,R02,166.4,131,17.9,17.5,0.7871
2023-12-01,E0091,R02,166.4,109.2,17.4,39.8,0.6563
2024-01-01,E0091,R02,166.4,111.2,14.6,40.6,0.6681
2024-02-01,E0091,R02,158.4,110.4,15.1,32.9,0.6968
2024-03-01,E0091,R02,166.4,122.3,19.7,24.4,0.7348
2024-04-01,E0091,R02,166.4,130,18.5,17.9,0.7811
2024-05-01,E0091,R02,166.4,123.6,16.6,26.2,0.7427
2024-06-01,E0091,R02,158.4,112.6,16,29.8,0.7108
2024-07-01,E0091,R02,150.4,111.3,19.3,19.8,0.7399
2024-08-01,E0091,R02,142.4,115.4,14.3,12.7,0.8104
2024-09-01,E0091,R02,150.4,100.5,16.3,33.6,0.6685
2024-10-01,E0091,R02,158.4,115.9,13,29.5,0.7318
2024-11-01,E0091,R02,158.4,127.1,17,14.2,0.8026
2024-12-01,E0091,R02,158.4,103.6,12.7,42,0.6542
2025-01-01,E0091,R02,142.4,106,5.7,30.7,0.7445
2025-02-01,E0091,R02,142.4,96.3,16.6,29.5,0.6763
2025-03-01,E0091,R02,166.4,126.9,22,17.5,0.7627
2025-04-01,E0091,R02,150.4,122.3,11.5,16.7,0.8129
2025-05-01,E0091,R02,158.4,107.9,19.6,30.9,0.6814
2025-06-01,E0091,R02,150.4,112.3,16.7,21.4,0.7469
2025-07-01,E0091,R02,158.4,125.1,18.3,15,0.7895
2025-08-01,E0091,R02,150.4,105.9,14.7,29.8,0.7042
2025-09-01,E0091,R02,158.4,129,21,8.4,0.8146
2025-10-01,E0091,R02,158.4,124.2,15.6,18.6,0.7842
2025-11-01,E0091,R02,166.4,126.7,18,21.6,0.7616
2025-12-01,E0091,R02,158.4,115.1,11.9,31.4,0.7268
2026-01-01,E0091,R02,158.4,111,10.1,37.3,0.7005
2026-02-01,E0091,R02,158.4,104.3,19.9,34.2,0.6583
2026-03-01,E0091,R02,150.4,105.8,14.4,30.2,0.7033
2026-04-01,E0091,R02,150.4,114.1,20.9,15.4,0.7589
2026-05-01,E0091,R02,166.4,111.4,19.4,35.6,0.6698
2026-06-01,E0091,R02,158.4,133,12.5,13,0.8395
2023-01-01,E0093,R02,150.4,110.6,13.4,26.4,0.7356
2023-02-01,E0093,R02,166.4,123.4,16,27,0.7415
2023-03-01,E0093,R02,150.4,110.7,13.2,26.5,0.7359
2023-04-01,E0093,R02,166.4,138.6,11.8,16,0.8329
2023-05-01,E0093,R02,166.4,133.3,19.1,14,0.8009
2023-06-01,E0093,R02,142.4,111.3,15.6,15.5,0.7814
2023-07-01,E0093,R02,150.4,109.7,15,25.6,0.7297
2023-08-01,E0093,R02,158.4,121.9,9.9,26.6,0.7695
2023-09-01,E0093,R02,166.4,145.5,9.6,11.2,0.8746
2023-10-01,E0093,R02,150.4,113.9,8.9,27.6,0.7575
2023-11-01,E0093,R02,158.4,113.9,23.9,20.5,0.7192
2023-12-01,E0093,R02,150.4,105.7,13,31.7,0.7028
2024-01-01,E0093,R02,158.4,108.6,16.9,32.9,0.6857
2024-02-01,E0093,R02,150.4,94.7,20.9,34.8,0.6293
2024-03-01,E0093,R02,158.4,123.9,12.4,22.2,0.7821
2024-04-01,E0093,R02,158.4,116,16,26.3,0.7325
2024-05-01,E0093,R02,166.4,127.3,21.1,18,0.7651
2024-06-01,E0093,R02,166.4,127.5,23.2,15.7,0.7661
2024-07-01,E0093,R02,166.4,119.9,16.6,30,0.7203
2024-08-01,E0093,R02,158.4,115.9,9.6,32.9,0.7317
2024-09-01,E0093,R02,150.4,125,18.1,7.3,0.8311
2024-10-01,E0093,R02,158.4,119.6,10.4,28.5,0.7549
2024-11-01,E0093,R02,158.4,128.4,11.3,18.7,0.8109
2024-12-01,E0093,R02,150.4,113.6,13.9,22.9,0.7555
2025-01-01,E0093,R02,166.4,113.2,18.5,34.7,0.68
2025-02-01,E0093,R02,158.4,114,18.9,25.5,0.7196
2023-01-01,E0097,R02,158.4,130.6,15.3,12.5,0.8247
2023-02-01,E0097,R02,158.4,116.4,19.2,22.8,0.7348
2023-03-01,E0097,R02,150.4,114.9,16.5,19,0.7641
2023-04-01,E0097,R02,158.4,121,13.4,23.9,0.764
2023-05-01,E0097,R02,150.4,111,15,24.4,0.738
2023-06-01,E0097,R02,150.4,124,15.5,10.9,0.8246
2023-07-01,E0097,R02,158.4,133,10.6,14.8,0.8396
2023-08-01,E0097,R02,166.4,138.6,21.1,6.7,0.833
2023-09-01,E0097,R02,150.4,116.4,10.8,23.1,0.7742
2023-10-01,E0097,R02,166.4,112.2,13,41.2,0.6742
2023-11-01,E0097,R02,158.4,118.8,18.1,21.5,0.7499
2023-12-01,E0097,R02,150.4,94.8,17.4,38.2,0.6301
2024-01-01,E0097,R02,150.4,98.4,13.9,38.1,0.6544
2024-02-01,E0097,R02,142.4,98.5,11.8,32,0.692
2024-03-01,E0097,R02,166.4,122.6,17.8,26,0.7368
2024-04-01,E0097,R02,158.4,106.3,21.2,30.9,0.6709
2024-05-01,E0097,R02,158.4,113.9,14.6,29.9,0.7189
2024-06-01,E0097,R02,166.4,120.1,15.5,30.8,0.722
2024-07-01,E0097,R02,158.4,113.5,16.1,28.8,0.7166
2024-08-01,E0097,R02,158.4,118.8,20,19.5,0.7503
2024-09-01,E0097,R02,158.4,110.5,13.1,34.8,0.6976
2024-10-01,E0097,R02,158.4,133.5,17.6,7.3,0.843
2024-11-01,E0097,R02,158.4,114.1,24,20.4,0.7201
2024-12-01,E0097,R02,158.4,108.4,20.4,29.7,0.6842
2025-01-01,E0097,R02,158.4,110.8,19.6,27.9,0.6998
2025-02-01,E0097,R02,158.4,119.6,15.6,23.2,0.7549
2025-03-01,E0097,R02,158.4,107.5,16.4,34.5,0.6788
2025-04-01,E0097,R02,166.4,117.4,18.4,30.6,0.7056
2025-05-01,E0097,R02,150.4,116,14.6,19.8,0.7712
2025-06-01,E0097,R02,158.4,124.8,9.2,24.4,0.7878
2025-07-01,E0097,R02,166.4,136.3,12,18.2,0.8189
2025-08-01,E0097,R02,158.4,124.4,12.3,21.6,0.7855
2025-09-01,E0097,R02,158.4,123.7,13.7,21,0.7811
2025-10-01,E0097,R02,158.4,124.9,10.6,22.9,0.7885
2025-11-01,E0097,R02,158.4,128.2,15.5,14.7,0.8094
2025-12-01,E0097,R02,158.4,116.6,20,21.7,0.7363
2026-01-01,E0097,R02,158.4,118.3,13.6,26.5,0.7466
2026-02-01,E0097,R02,158.4,102.5,20.4,35.5,0.6473
2026-03-01,E0097,R02,158.4,118.7,13.8,25.9,0.7492
2026-04-01,E0097,R02,150.4,135.4,9.4,5.7,0.9
2026-05-01,E0097,R02,166.4,137.2,18.2,10.9,0.8248
2026-06-01,E0097,R02,142.4,115.6,13.9,12.9,0.8118
2023-01-01,E0100,R03,166.4,134.2,16.3,15.9,0.8064
2023-02-01,E0100,R03,166.4,129.4,10.7,26.4,0.7774
2023-03-01,E0100,R03,158.4,112.5,16.5,29.4,0.7103
2023-04-01,E0100,R03,150.4,109.7,19.5,21.2,0.7294
2023-05-01,E0100,R03,150.4,120.1,16,14.3,0.7988
2023-06-01,E0100,R03,150.4,123.4,11.2,15.8,0.8204
2023-07-01,E0100,R03,166.4,134,20.2,12.2,0.8051
2023-08-01,E0100,R03,166.4,131.7,16.3,18.4,0.7917
2023-09-01,E0100,R03,150.4,126.4,16.6,7.4,0.8405
2023-10-01,E0100,R03,158.4,137.9,15.3,5.2,0.8704
2023-11-01,E0100,R03,166.4,124,18.9,23.5,0.7454
2023-12-01,E0100,R03,166.4,136.7,10.6,19.1,0.8213
2024-01-01,E0100,R03,150.4,112.3,15.6,22.4,0.747
2024-02-01,E0100,R03,166.4,125.2,13.4,27.8,0.7526
2024-03-01,E0100,R03,158.4,118.7,9.6,30.1,0.7494
2024-04-01,E0100,R03,158.4,113.3,9.5,35.6,0.7154
2024-05-01,E0100,R03,150.4,116.7,11.9,21.8,0.7762
2024-06-01,E0100,R03,150.4,108.3,17.9,24.2,0.7198
2024-07-01,E0100,R03,166.4,128.2,11.6,26.5,0.7706
2024-08-01,E0100,R03,150.4,116.6,13.8,20,0.7754
2024-09-01,E0100,R03,158.4,116.8,15.8,25.8,0.7376
2024-10-01,E0100,R03,150.4,112,13.8,24.6,0.7444
2024-11-01,E0100,R03,158.4,114.2,19.2,25,0.7212
2024-12-01,E0100,R03,150.4,106.6,9.3,34.4,0.7088
2025-01-01,E0100,R03,166.4,132.6,18.1,15.7,0.797
2025-02-01,E0100,R03,158.4,112.3,16.4,29.7,0.7089
2025-03-01,E0100,R03,158.4,124.9,9.4,24.2,0.7885
2025-04-01,E0100,R03,158.4,116.4,15.1,26.8,0.7352
2025-05-01,E0100,R03,166.4,127.4,15.2,23.8,0.7655
2025-06-01,E0100,R03,158.4,123.6,24,10.8,0.78
2025-07-01,E0100,R03,142.4,100.2,16.4,25.8,0.7035
2025-08-01,E0100,R03,158.4,130.6,10.7,17.1,0.8246
2025-09-01,E0100,R03,150.4,110.8,16.8,22.8,0.737
2025-10-01,E0100,R03,166.4,116,17.1,33.3,0.6973
2025-11-01,E0100,R03,158.4,119.4,14.3,24.7,0.754
2025-12-01,E0100,R03,166.4,129.9,22.5,14,0.7805
2026-01-01,E0100,R03,150.4,97.7,13.6,39.1,0.6499
2026-02-01,E0100,R03,158.4,113.8,10.1,34.5,0.7182
2026-03-01,E0100,R03,166.4,131,22.8,12.6,0.7873
2026-04-01,E0100,R03,158.4,129.4,16.6,12.4,0.8167
2026-05-01,E0100,R03,158.4,136.5,18.4,3.5,0.8618
2026-06-01,E0100,R03,166.4,121.3,17.9,27.2,0.7288
2023-01-01,E0104,R04,158.4,102.7,22.9,32.8,0.6484
2023-02-01,E0104,R04,158.4,101.7,18.4,38.3,0.6421
2023-03-01,E0104,R04,158.4,123.4,16.7,18.3,0.7789
2023-04-01,E0104,R04,158.4,107.9,23.1,27.3,0.6815
2023-05-01,E0104,R04,150.4,116.3,10.1,24,0.7731
2023-06-01,E0104,R04,158.4,119.8,9.4,29.3,0.7562
2023-07-01,E0104,R04,150.4,129.9,8.3,12.2,0.8635
2023-08-01,E0104,R04,150.4,117.7,20.3,12.5,0.7825
2023-09-01,E0104,R04,150.4,111.3,13.8,25.3,0.7401
2023-10-01,E0104,R04,150.4,120.2,16.2,14,0.7994
2023-11-01,E0104,R04,150.4,100,14.5,35.9,0.6647
2023-12-01,E0104,R04,150.4,96.1,16.1,38.2,0.639
2024-01-01,E0104,R04,166.4,113,9.8,43.6,0.679
2024-02-01,E0104,R04,166.4,119.7,16,30.7,0.7194
2024-03-01,E0104,R04,158.4,101.4,13.5,43.5,0.6403
2024-04-01,E0104,R04,158.4,127.1,20.5,10.9,0.8023
2024-05-01,E0104,R04,150.4,105.3,12.1,33,0.7002
2024-06-01,E0104,R04,150.4,119.2,14.8,16.4,0.7924
2024-07-01,E0104,R04,158.4,108.2,19.1,31.1,0.6831
2024-08-01,E0104,R04,150.4,120.1,12.3,18.1,0.7983
2024-09-01,E0104,R04,150.4,124.2,16.3,9.9,0.8257
2024-10-01,E0104,R04,166.4,119.2,27.2,20,0.7162
2024-11-01,E0104,R04,158.4,117.6,10.9,30,0.7423
2024-12-01,E0104,R04,158.4,114,14.6,29.7,0.7198
2025-01-01,E0104,R04,142.4,86.2,10.8,45.4,0.6054
2025-02-01,E0104,R04,150.4,111.5,18.7,20.2,0.7417
2025-03-01,E0104,R04,166.4,112.6,10.7,43.2,0.6766
2025-04-01,E0104,R04,166.4,124.7,18.4,23.3,0.7493
2025-05-01,E0104,R04,150.4,102.5,8.8,39,0.6817
2025-06-01,E0104,R04,142.4,100.3,12.6,29.5,0.7041
2025-07-01,E0104,R04,150.4,133.5,11.7,5.1,0.8879
2025-08-01,E0104,R04,150.4,123.8,10.3,16.3,0.8234
2025-09-01,E0104,R04,166.4,134.9,19.9,11.6,0.8105
2025-10-01,E0104,R04,166.4,132.1,13.9,20.5,0.7937
2025-11-01,E0104,R04,158.4,136.2,17,5.1,0.86
2025-12-01,E0104,R04,166.4,120.1,19,27.2,0.722
2026-01-01,E0104,R04,166.4,112.3,16.7,37.5,0.6747
2026-02-01,E0104,R04,158.4,113,14,31.3,0.7135
2026-03-01,E0104,R04,166.4,116.3,20.1,30,0.6988
2026-04-01,E0104,R04,150.4,103.6,15.2,31.6,0.6891
2026-05-01,E0104,R04,158.4,112.9,23.4,22.1,0.7129
2026-06-01,E0104,R04,150.4,114,10.1,26.3,0.7579
2023-01-01,E0108,R02,158.4,125.9,15.4,17.1,0.7948
2023-02-01,E0108,R02,158.4,107.6,15.3,35.5,0.6793
2023-03-01,E0108,R02,142.4,113.7,13.5,15.2,0.7984
2023-04-01,E0108,R02,166.4,120.8,16.3,29.3,0.7257
2023-05-01,E0108,R02,158.4,127.4,14.5,16.6,0.804
2023-06-01,E0108,R02,158.4,117.3,17.7,23.3,0.7408
2023-07-01,E0108,R02,142.4,99.2,15.6,27.6,0.6965
2023-08-01,E0108,R02,158.4,105.9,11.4,41.2,0.6684
2023-09-01,E0108,R02,158.4,102.7,18.5,37.1,0.6486
2023-10-01,E0108,R02,150.4,99.6,12.5,38.3,0.6623
2023-11-01,E0108,R02,166.4,136,12.6,17.8,0.8175
2023-12-01,E0108,R02,166.4,115.2,17.6,33.7,0.6921
2024-01-01,E0108,R02,158.4,127,15.2,16.3,0.8015
2024-02-01,E0108,R02,158.4,116.6,13.5,28.3,0.7363
2024-03-01,E0108,R02,150.4,100.7,12.4,37.2,0.6698
2024-04-01,E0108,R02,158.4,115.3,11.7,31.3,0.7281
2024-05-01,E0108,R02,158.4,119,15.5,23.9,0.7513
2024-06-01,E0108,R02,166.4,112.6,16.6,37.1,0.6769
2024-07-01,E0108,R02,158.4,120,20.4,18,0.7575
2024-08-01,E0108,R02,150.4,111.6,23.1,15.7,0.742
2024-09-01,E0108,R02,158.4,116.7,14.3,27.5,0.7367
2024-10-01,E0108,R02,166.4,120.4,15.2,30.7,0.7237
2024-11-01,E0108,R02,158.4,129.5,20,8.9,0.8177
2024-12-01,E0108,R02,158.4,116.4,21.5,20.5,0.7347
2025-01-01,E0108,R02,150.4,114.5,22.5,13.4,0.7613
2025-02-01,E0108,R02,158.4,110.7,16.6,31,0.6991
2025-03-01,E0108,R02,166.4,120.1,14.5,31.9,0.7215
2025-04-01,E0108,R02,166.4,132.2,18.2,16,0.7944
2025-05-01,E0108,R02,158.4,117.3,13.5,27.6,0.7402
2025-06-01,E0108,R02,150.4,113.1,12.7,24.6,0.7521
2025-07-01,E0108,R02,166.4,128.5,18.9,18.9,0.7723
2025-08-01,E0108,R02,158.4,110.4,18.7,29.3,0.6971
2025-09-01,E0108,R02,158.4,116.5,18.7,23.2,0.7354
2025-10-01,E0108,R02,158.4,124.4,21.5,12.6,0.7851
2025-11-01,E0108,R02,150.4,114.7,15.7,20,0.7628
2025-12-01,E0108,R02,158.4,106.5,16.4,35.5,0.6724
2026-01-01,E0108,R02,158.4,90.1,14.7,53.6,0.5686
2026-02-01,E0108,R02,158.4,99.6,9.6,49.2,0.6286
2026-03-01,E0108,R02,158.4,105.4,20.8,32.2,0.6652
2026-04-01,E0108,R02,158.4,120.1,17.4,20.9,0.7584
2026-05-01,E0108,R02,166.4,129.3,16.9,20.2,0.7771
2026-06-01,E0108,R02,158.4,122.1,18.7,17.6,0.7711
2023-01-01,E0111,R02,166.4,112.8,22.4,31.2,0.6778
2023-02-01,E0111,R02,142.4,107.5,9.5,25.3,0.7551
2023-03-01,E0111,R02,158.4,110.2,16,32.1,0.6959
2023-04-01,E0111,R02,158.4,120.4,15.9,22.1,0.7601
2023-05-01,E0111,R02,166.4,132.4,19.4,14.6,0.7956
2023-06-01,E0111,R02,158.4,124.2,13.3,20.9,0.7842
2023-07-01,E0111,R02,158.4,102.4,16.5,39.5,0.6463
2023-08-01,E0111,R02,158.4,108.3,18.1,32,0.6839
2023-09-01,E0111,R02,158.4,126,19.5,12.9,0.7956
2023-10-01,E0111,R02,158.4,130.2,14.1,14,0.8223
2023-11-01,E0111,R02,142.4,100.7,13.8,27.8,0.7075
2023-12-01,E0111,R02,166.4,109.9,20.3,36.2,0.6602
2024-01-01,E0111,R02,158.4,109.6,16.7,32.1,0.692
2024-02-01,E0111,R02,150.4,97.3,14,39.2,0.6467
2024-03-01,E0111,R02,158.4,111.4,19.7,27.3,0.7032
2024-04-01,E0111,R02,158.4,119.5,19.4,19.5,0.7543
2024-05-01,E0111,R02,166.4,130.8,23.1,12.5,0.786
2024-06-01,E0111,R02,158.4,141,17.4,0,0.8901
2024-07-01,E0111,R02,166.4,124.3,13.4,28.7,0.7472
2024-08-01,E0111,R02,150.4,126.1,10.6,13.7,0.8382
2024-09-01,E0111,R02,158.4,131.8,17.6,9,0.8323
2024-10-01,E0111,R02,158.4,129.5,22.5,6.4,0.8175
2024-11-01,E0111,R02,150.4,109.9,12.6,27.9,0.7308
2024-12-01,E0111,R02,158.4,107.9,17.4,33.1,0.6813
2025-01-01,E0111,R02,166.4,110.9,11.1,44.3,0.6667
2025-02-01,E0111,R02,158.4,134.9,11,12.5,0.8518
2025-03-01,E0111,R02,142.4,103.6,15,23.8,0.7275
2025-04-01,E0111,R02,166.4,135,19.4,12,0.8111
2025-05-01,E0111,R02,166.4,134.2,16.5,15.7,0.8067
2025-06-01,E0111,R02,158.4,117.4,15.3,25.8,0.7409
2025-07-01,E0111,R02,150.4,106.9,13.7,29.9,0.7105
2025-08-01,E0111,R02,166.4,143.9,18,4.5,0.865
2025-09-01,E0111,R02,166.4,130.2,21.8,14.4,0.7823
2025-10-01,E0111,R02,150.4,116.9,18.9,14.5,0.7776
2025-11-01,E0111,R02,150.4,126.4,11.8,12.2,0.8405
2025-12-01,E0111,R02,158.4,110.7,15.8,31.9,0.6989
2026-01-01,E0111,R02,158.4,101.8,11.4,45.2,0.6428
2026-02-01,E0111,R02,158.4,104.5,20.5,33.5,0.6594
2026-03-01,E0111,R02,166.4,116.6,17,32.9,0.7005
2026-04-01,E0111,R02,150.4,108.7,17.6,24.1,0.7228
2026-05-01,E0111,R02,166.4,147.8,10.2,8.4,0.888
2026-06-01,E0111,R02,150.4,108.9,11.1,30.4,0.7239
2023-01-01,E0115,R02,166.4,116.8,13.5,36.1,0.7018
2023-02-01,E0115,R02,150.4,100.7,18.6,31.1,0.6696
2023-03-01,E0115,R02,166.4,135.2,10.8,20.4,0.8124
2023-04-01,E0115,R02,166.4,125.9,14.6,25.9,0.7569
2023-05-01,E0115,R02,158.4,116.1,16.8,25.5,0.7329
2023-06-01,E0115,R02,150.4,107.1,12.4,30.8,0.7124
2023-07-01,E0115,R02,150.4,102.3,9.1,39,0.6803
2023-08-01,E0115,R02,166.4,128.8,20.2,17.4,0.774
2023-09-01,E0115,R02,166.4,114.9,12.2,39.3,0.6904
2023-10-01,E0115,R02,158.4,122.5,14.1,21.8,0.7736
2023-11-01,E0115,R02,166.4,104.3,12.4,49.7,0.6269
2023-12-01,E0115,R02,158.4,102.5,15.6,40.4,0.6469
2024-01-01,E0115,R02,150.4,104.2,17.8,28.4,0.6927
2024-02-01,E0115,R02,150.4,111.8,16.3,22.4,0.7431
2024-03-01,E0115,R02,158.4,126.7,17.6,14.1,0.7999
2024-04-01,E0115,R02,158.4,114.2,9.6,34.6,0.7209
2024-05-01,E0115,R02,166.4,132.7,12.7,21,0.7978
2024-06-01,E0115,R02,166.4,121.8,19,25.6,0.7322
2024-07-01,E0115,R02,158.4,123.2,13,22.2,0.778
2024-08-01,E0115,R02,142.4,113.2,9.4,19.8,0.7951
2024-09-01,E0115,R02,158.4,107.3,13.8,37.3,0.6773
2024-10-01,E0115,R02,158.4,101.2,19.1,38.2,0.6387
2024-11-01,E0115,R02,150.4,103.9,14.9,31.6,0.691
2024-12-01,E0115,R02,150.4,116.7,23.9,9.9,0.7758
2025-01-01,E0115,R02,150.4,108.2,14.7,27.5,0.7197
2025-02-01,E0115,R02,158.4,98.1,15.3,45.1,0.6191
2025-03-01,E0115,R02,150.4,116.3,19.1,15,0.7731
2025-04-01,E0115,R02,158.4,131.7,9.1,17.5,0.8316
2025-05-01,E0115,R02,158.4,120,20.7,17.7,0.7576
2025-06-01,E0115,R02,142.4,105.9,15.8,20.7,0.7437
2025-07-01,E0115,R02,150.4,107.5,17.8,25.1,0.7149
2025-08-01,E0115,R02,158.4,123.3,19.9,15.3,0.7782
2025-09-01,E0115,R02,158.4,112.7,17.8,27.9,0.7116
2025-10-01,E0115,R02,158.4,122.6,13.8,22,0.7737
2025-11-01,E0115,R02,158.4,115.4,17.5,25.4,0.7288
2025-12-01,E0115,R02,166.4,117.6,6.7,42.2,0.7066
2026-01-01,E0115,R02,158.4,116.8,14.4,27.2,0.7372
2026-02-01,E0115,R02,158.4,102.7,8.9,46.8,0.6484
2026-03-01,E0115,R02,166.4,131.8,23,11.6,0.7923
2026-04-01,E0115,R02,158.4,99.5,18.5,40.3,0.6282
2026-05-01,E0115,R02,166.4,115.2,17.9,33.3,0.6924
2026-06-01,E0115,R02,166.4,130.3,22.4,13.7,0.7832
2023-01-01,E0116,R01,158.4,137.7,12.5,8.1,0.8696
2023-02-01,E0116,R01,158.4,122.1,16.6,19.7,0.7706
2023-03-01,E0116,R01,158.4,130.4,10.7,17.3,0.8234
2023-04-01,E0116,R01,150.4,119.9,16.3,14.3,0.797
2023-05-01,E0116,R01,158.4,118.8,11.4,28.2,0.7501
2023-06-01,E0116,R01,150.4,104.9,10.9,34.5,0.6978
2023-07-01,E0116,R01,158.4,114.1,15.5,28.8,0.7204
2023-08-01,E0116,R01,166.4,126.9,16.5,23,0.7626
2023-09-01,E0116,R01,158.4,110,7.6,40.8,0.6943
2023-10-01,E0116,R01,150.4,110.8,15.8,23.8,0.7366
2023-11-01,E0116,R01,158.4,124.3,19.6,14.5,0.7846
2023-12-01,E0116,R01,158.4,95.2,16.7,46.5,0.6012
2024-01-01,E0116,R01,158.4,108.2,12.8,37.4,0.6829
2024-02-01,E0116,R01,166.4,123.5,20.5,22.4,0.7423
2024-03-01,E0116,R01,158.4,117.7,12.8,27.9,0.7429
2024-04-01,E0116,R01,150.4,108.9,21.6,19.9,0.7241
2024-05-01,E0116,R01,158.4,109.2,18.2,31.1,0.6891
2024-06-01,E0116,R01,150.4,123.5,18.9,8,0.8209
2024-07-01,E0116,R01,158.4,107.4,21.2,29.8,0.6782
2024-08-01,E0116,R01,166.4,127.5,13.8,25.1,0.7663
2024-09-01,E0116,R01,166.4,121.4,15.3,29.7,0.7296
2024-10-01,E0116,R01,150.4,110.9,13.4,26.2,0.7371
2024-11-01,E0116,R01,142.4,94.7,13.3,34.5,0.6647
2024-12-01,E0116,R01,158.4,130.3,8.7,19.4,0.8225
2025-01-01,E0116,R01,166.4,104.6,21.1,40.7,0.6288
2025-02-01,E0116,R01,166.4,119.9,13.2,33.2,0.7208
2025-03-01,E0116,R01,150.4,122.6,9.9,18,0.8148
2025-04-01,E0116,R01,158.4,129.9,22.4,6.1,0.8203
2025-05-01,E0116,R01,158.4,114.3,14.7,29.4,0.7216
2025-06-01,E0116,R01,158.4,116.3,15.6,26.6,0.7339
2025-07-01,E0116,R01,158.4,135.4,18.1,4.9,0.8549
2025-08-01,E0116,R01,166.4,124.3,14.5,27.6,0.7469
2025-09-01,E0116,R01,150.4,107.5,18.7,24.2,0.7151
2025-10-01,E0116,R01,158.4,119.8,17.1,21.5,0.7566
2025-11-01,E0116,R01,166.4,128.2,18.8,19.4,0.7706
2025-12-01,E0116,R01,166.4,111.9,18.1,36.4,0.6724
2026-01-01,E0116,R01,158.4,91.7,15.8,50.9,0.5791
2026-02-01,E0116,R01,142.4,90.5,12.9,39,0.6352
2026-03-01,E0116,R01,158.4,106.2,17.6,34.6,0.6703
2026-04-01,E0116,R01,158.4,112.8,16.6,29,0.712
2026-05-01,E0116,R01,166.4,127.9,25.3,13.2,0.7684
2026-06-01,E0116,R01,158.4,118.3,15.7,24.5,0.7465
2023-01-01,E0120,R03,158.4,108.8,18.7,30.9,0.6872
2023-02-01,E0120,R03,166.4,114.4,17.7,34.2,0.6877
2023-03-01,E0120,R03,158.4,124.5,13.3,20.5,0.7862
2023-04-01,E0120,R03,158.4,118.4,11.4,28.6,0.7475
2023-05-01,E0120,R03,158.4,112.4,15.7,30.4,0.7093
2023-06-01,E0120,R03,158.4,118.5,21.3,18.6,0.7483
2023-07-01,E0120,R03,158.4,127.8,19.3,11.3,0.8069
2023-08-01,E0120,R03,158.4,123.7,14.6,20.1,0.7808
2023-09-01,E0120,R03,158.4,123.9,20.7,13.8,0.782
2023-10-01,E0120,R03,150.4,110.1,11.6,28.7,0.7322
2023-11-01,E0120,R03,158.4,125.9,15.2,17.3,0.795
2023-12-01,E0120,R03,158.4,116.6,17.8,24,0.7359
2024-01-01,E0120,R03,166.4,134.5,16.1,15.7,0.8085
2024-02-01,E0120,R03,158.4,119.4,23.3,15.7,0.7537
2024-03-01,E0120,R03,150.4,114.9,22.4,13.1,0.7638
2024-04-01,E0120,R03,150.4,116.5,15.5,18.3,0.7749
2024-05-01,E0120,R03,150.4,104.6,12.4,33.4,0.6955
2024-06-01,E0120,R03,158.4,106.8,13.1,38.4,0.6745
2024-07-01,E0120,R03,158.4,104,15.2,39.1,0.6568
2024-08-01,E0120,R03,158.4,118.8,17.5,22,0.7503
2024-09-01,E0120,R03,142.4,97.7,12.7,32.1,0.686
2024-10-01,E0120,R03,150.4,110.4,12,28,0.7342
2024-11-01,E0120,R03,158.4,128.6,16,13.8,0.812
2024-12-01,E0120,R03,158.4,112.9,17.2,28.3,0.7127
2025-01-01,E0120,R03,158.4,113.4,14.4,30.6,0.7161
2025-02-01,E0120,R03,158.4,120.4,15.3,22.7,0.7603
2025-03-01,E0120,R03,166.4,114.5,17.9,34,0.6884
2025-04-01,E0120,R03,150.4,111.5,15.2,23.7,0.7414
2025-05-01,E0120,R03,158.4,126.1,12.6,19.7,0.7961
2025-06-01,E0120,R03,158.4,116.2,15.4,26.8,0.7336
2025-07-01,E0120,R03,150.4,112.8,15.5,22.1,0.7498
2025-08-01,E0120,R03,158.4,112.1,20.1,26.2,0.7075
2025-09-01,E0120,R03,166.4,133.2,16.3,16.9,0.8004
2025-10-01,E0120,R03,158.4,116.5,9.6,32.3,0.7357
2025-11-01,E0120,R03,158.4,123.6,18,16.9,0.7801
2025-12-01,E0120,R03,142.4,97.7,12.7,32,0.6862
2026-01-01,E0120,R03,158.4,106.9,22.1,29.5,0.6747
2026-02-01,E0120,R03,166.4,109.8,17.4,39.2,0.66
2026-03-01,E0120,R03,158.4,117.4,15.5,25.5,0.7411
2026-04-01,E0120,R03,158.4,108.3,10.6,39.5,0.684
2026-05-01,E0120,R03,158.4,135.6,17.3,5.5,0.856
2026-06-01,E0120,R03,150.4,114.6,6,29.8,0.7618
2023-01-01,E0122,R03,166.4,128.9,15.4,22.1,0.7743
2023-02-01,E0122,R03,166.4,124.7,19.8,22,0.7491
2023-03-01,E0122,R03,150.4,124.2,21.3,4.9,0.826
2023-04-01,E0122,R03,158.4,119.2,24.6,14.6,0.7523
2023-05-01,E0122,R03,166.4,121.9,18.4,26,0.7327
2023-06-01,E0122,R03,158.4,123.8,13,21.6,0.7816
2023-07-01,E0122,R03,158.4,124.1,12.2,22.1,0.7832
2023-08-01,E0122,R03,150.4,111.6,13.6,25.3,0.7419
2023-09-01,E0122,R03,158.4,117.9,12.5,27.9,0.7446
2023-10-01,E0122,R03,158.4,125.2,21.1,12,0.7906
2023-11-01,E0122,R03,150.4,110.6,12.6,27.2,0.7352
2023-12-01,E0122,R03,158.4,114.8,19.9,23.7,0.7244
2024-01-01,E0122,R03,150.4,108,15.5,26.9,0.7183
2024-02-01,E0122,R03,158.4,121.5,14.1,22.9,0.7667
2024-03-01,E0122,R03,150.4,122.7,23.2,4.5,0.8156
2024-04-01,E0122,R03,166.4,121,18,27.4,0.7274
2024-05-01,E0122,R03,150.4,108,19.4,22.9,0.7183
2024-06-01,E0122,R03,158.4,118.6,15.8,24,0.7485
2024-07-01,E0122,R03,166.4,126.5,13.2,26.7,0.7604
2024-08-01,E0122,R03,166.4,143.1,19.9,3.4,0.8601
2024-09-01,E0122,R03,166.4,125.4,12,29,0.7537
2024-10-01,E0122,R03,166.4,128.5,10.1,27.8,0.7721
2024-11-01,E0122,R03,166.4,131,14.5,20.9,0.7872
2024-12-01,E0122,R03,142.4,97.1,10.4,34.9,0.6818
2025-01-01,E0122,R03,166.4,111.6,21.7,33.1,0.6707
2025-02-01,E0122,R03,150.4,93.4,12.5,44.5,0.6213
2025-03-01,E0122,R03,158.4,119.2,16,23.2,0.7528
2025-04-01,E0122,R03,166.4,124.5,21.2,20.6,0.7483
2025-05-01,E0122,R03,158.4,107.8,19.3,31.3,0.6808
2025-06-01,E0122,R03,158.4,127.2,20.6,10.6,0.8032
2025-07-01,E0122,R03,166.4,132,20.1,14.3,0.793
2025-08-01,E0122,R03,166.4,134.9,15.3,16.2,0.8108
2025-09-01,E0122,R03,158.4,114.5,13.2,30.7,0.7228
2025-10-01,E0122,R03,158.4,110.9,14.9,32.5,0.7004
2025-11-01,E0122,R03,166.4,122.2,25.5,18.7,0.7344
2025-12-01,E0122,R03,158.4,117.9,19.1,21.4,0.7441
2026-01-01,E0122,R03,158.4,108,8,42.4,0.682
2026-02-01,E0122,R03,142.4,87,11.6,43.8,0.6111
2026-03-01,E0122,R03,166.4,136,21.1,9.3,0.8171
2026-04-01,E0122,R03,158.4,120.6,21.4,16.4,0.7611
2026-05-01,E0122,R03,158.4,142,16,0.4,0.8963
2026-06-01,E0122,R03,158.4,124.5,13.7,20.2,0.7857
2023-01-01,E0126,R02,166.4,120.1,12.8,33.5,0.7218
2023-02-01,E0126,R02,166.4,111.7,17.1,37.6,0.6711
2023-03-01,E0126,R02,158.4,110.4,7.2,40.8,0.6972
2023-04-01,E0126,R02,142.4,121.8,6.7,14,0.8551
2023-05-01,E0126,R02,166.4,117.2,14.1,35.1,0.7042
2023-06-01,E0126,R02,158.4,127.6,17.7,13.2,0.8054
2023-07-01,E0126,R02,166.4,125.3,17.2,24,0.7528
2023-08-01,E0126,R02,158.4,135.5,17.3,5.6,0.8552
2023-09-01,E0126,R02,166.4,149.3,17.1,0,0.897
2023-10-01,E0126,R02,150.4,113.7,12.8,23.9,0.7563
2023-11-01,E0126,R02,158.4,128.3,19.7,10.4,0.8097
2023-12-01,E0126,R02,150.4,114.9,15.5,20.1,0.7638
2024-01-01,E0126,R02,166.4,116.7,18.2,31.5,0.7013
2024-02-01,E0126,R02,150.4,117.1,19.6,13.7,0.7788
2024-03-01,E0126,R02,150.4,112.8,19.3,18.3,0.7497
2024-04-01,E0126,R02,158.4,116.6,16.2,25.6,0.7363
2024-05-01,E0126,R02,158.4,136.4,15.7,6.3,0.8613
2024-06-01,E0126,R02,158.4,113.4,17.9,27.2,0.7157
2024-07-01,E0126,R02,166.4,115.8,18,32.6,0.6962
2024-08-01,E0126,R02,150.4,120.7,15.9,13.8,0.8022
2024-09-01,E0126,R02,150.4,114.9,12,23.5,0.7638
2024-10-01,E0126,R02,142.4,114.1,15.6,12.7,0.8009
2024-11-01,E0126,R02,158.4,124.5,13.6,20.3,0.786
2024-12-01,E0126,R02,166.4,111.4,16.9,38.1,0.6697
2025-01-01,E0126,R02,158.4,113.9,11.1,33.3,0.7193
2025-02-01,E0126,R02,166.4,128.3,11.5,26.6,0.7711
2025-03-01,E0126,R02,158.4,117.1,14.9,26.4,0.7395
2025-04-01,E0126,R02,150.4,110.3,11.1,29,0.7333
2025-05-01,E0126,R02,158.4,124.7,13.3,20.3,0.7874
2025-06-01,E0126,R02,158.4,120.4,17.9,20.2,0.7599
2025-07-01,E0126,R02,150.4,118.4,21.5,10.5,0.7873
2025-08-01,E0126,R02,158.4,117.1,17.7,23.6,0.7394
2025-09-01,E0126,R02,158.4,110,23.6,24.8,0.6942
2025-10-01,E0126,R02,150.4,121.3,11.9,17.2,0.8062
2025-11-01,E0126,R02,158.4,127.9,16.2,14.2,0.8077
2025-12-01,E0126,R02,158.4,105.5,16.4,36.5,0.6659
2026-01-01,E0126,R02,150.4,102.1,11.6,36.6,0.6791
2026-02-01,E0126,R02,166.4,122.6,11.2,32.6,0.7367
2026-03-01,E0126,R02,158.4,115,13.6,29.8,0.726
2026-04-01,E0126,R02,158.4,118.2,15.9,24.3,0.7461
2026-05-01,E0126,R02,158.4,117.2,16.4,24.9,0.7397
2026-06-01,E0126,R02,166.4,121.5,10.5,34.3,0.7303
2023-01-01,E0128,R03,166.4,118.6,20.3,27.5,0.7125
2023-02-01,E0128,R03,158.4,89.2,12.7,56.5,0.5629
2023-03-01,E0128,R03,158.4,113.1,8,37.3,0.7141
2023-04-01,E0128,R03,166.4,131.4,16.4,18.6,0.7897
2023-05-01,E0128,R03,158.4,111.3,15.6,31.5,0.7027
2023-06-01,E0128,R03,158.4,117,15.5,25.8,0.7388
2023-07-01,E0128,R03,166.4,131.3,17.7,17.3,0.7893
2023-08-01,E0128,R03,150.4,119.2,12.2,19,0.7924
2023-09-01,E0128,R03,142.4,96.5,10.8,35.1,0.6776
2023-10-01,E0128,R03,166.4,121.7,12.2,32.5,0.7315
2023-11-01,E0128,R03,150.4,115.2,26.3,8.9,0.7659
2023-12-01,E0128,R03,166.4,103.6,14.9,48,0.6225
2024-01-01,E0128,R03,166.4,111.4,16.4,38.6,0.6696
2024-02-01,E0128,R03,166.4,129.5,17.6,19.3,0.7785
2024-03-01,E0128,R03,142.4,110.2,6.5,25.6,0.7742
2024-04-01,E0128,R03,158.4,107.2,19.7,31.5,0.6766
2024-05-01,E0128,R03,158.4,116.7,12,29.7,0.7365
2024-06-01,E0128,R03,158.4,119.4,15.3,23.7,0.7539
2024-07-01,E0128,R03,150.4,131.5,16.3,2.6,0.8741
2024-08-01,E0128,R03,158.4,122.8,17.7,17.9,0.7751
2024-09-01,E0128,R03,158.4,120.2,13.7,24.5,0.7588
2024-10-01,E0128,R03,158.4,107.9,22.4,28.1,0.6813
2024-11-01,E0128,R03,158.4,123.3,17.4,17.7,0.7782
2024-12-01,E0128,R03,166.4,108.2,22.2,36,0.6502
2025-01-01,E0128,R03,166.4,120.3,20.7,25.4,0.723
2025-02-01,E0128,R03,142.4,112.6,14.4,15.4,0.7905
2025-03-01,E0128,R03,158.4,126.5,14.8,17.1,0.7986
2025-04-01,E0128,R03,158.4,118,13.8,26.7,0.7448
2025-05-01,E0128,R03,158.4,118.2,13,27.2,0.7463
2025-06-01,E0128,R03,166.4,134.1,22.1,10.2,0.8056
2025-07-01,E0128,R03,158.4,122.6,19.4,16.3,0.774
2025-08-01,E0128,R03,150.4,117.6,20.6,12.2,0.7818
2025-09-01,E0128,R03,158.4,119.6,12.6,26.2,0.7551
2025-10-01,E0128,R03,158.4,106,17.3,35.1,0.6693
2025-11-01,E0128,R03,158.4,111.5,19.7,27.2,0.7039
2025-12-01,E0128,R03,158.4,116.6,20,21.8,0.736
2026-01-01,E0128,R03,142.4,82.3,11.3,48.7,0.5783
2026-02-01,E0128,R03,158.4,125.9,15.2,17.3,0.795
2026-03-01,E0128,R03,150.4,114.7,17.6,18.1,0.7629
2026-04-01,E0128,R03,158.4,134.3,15.9,8.1,0.8482
2026-05-01,E0128,R03,158.4,112.5,17.1,28.8,0.7103
2026-06-01,E0128,R03,166.4,128.8,17.9,19.7,0.7739
2023-01-01,E0130,R01,158.4,113,17.2,28.2,0.7132
2023-02-01,E0130,R01,158.4,108.2,13.1,37.1,0.6834
2023-03-01,E0130,R01,158.4,114.5,19.5,24.4,0.7231
2023-04-01,E0130,R01,150.4,113.2,13,24.2,0.753
2023-05-01,E0130,R01,150.4,125.5,17.5,7.4,0.8346
2023-06-01,E0130,R01,158.4,114.8,7.5,36.1,0.7248
2023-07-01,E0130,R01,150.4,106.6,11.3,32.5,0.7087
2023-08-01,E0130,R01,150.4,117.1,15.3,17.9,0.7789
2023-09-01,E0130,R01,158.4,120.2,17.1,21.1,0.7589
2023-10-01,E0130,R01,166.4,129.3,18.7,18.4,0.7772
2023-11-01,E0130,R01,158.4,120.8,14.1,23.4,0.7629
2023-12-01,E0130,R01,166.4,117.8,23,25.6,0.708
2024-01-01,E0130,R01,158.4,107.3,11.4,39.7,0.6776
2024-02-01,E0130,R01,158.4,120.2,16.9,21.3,0.7588
2024-03-01,E0130,R01,142.4,110.9,17.2,14.3,0.7787
2024-04-01,E0130,R01,158.4,123.9,9.6,25,0.7821
2024-05-01,E0130,R01,150.4,117.4,7.9,25.1,0.7805
2024-06-01,E0130,R01,166.4,126.3,12.3,27.8,0.7593
2024-07-01,E0130,R01,150.4,120.8,16.4,13.2,0.8029
2024-08-01,E0130,R01,158.4,116.8,18.9,22.7,0.7375
2024-09-01,E0130,R01,166.4,117,14.8,34.6,0.7029
2024-10-01,E0130,R01,158.4,109.7,19.4,29.3,0.6926
2024-11-01,E0130,R01,158.4,121.8,14.4,22.2,0.769
2024-12-01,E0130,R01,158.4,112.1,11.6,34.7,0.7076
2025-01-01,E0130,R01,166.4,136,22,8.3,0.8175
2025-02-01,E0130,R01,150.4,114,17.9,18.6,0.7578
2025-03-01,E0130,R01,158.4,107.2,9.7,41.5,0.6768
2025-04-01,E0130,R01,166.4,123.2,15.1,28.1,0.7403
2025-05-01,E0130,R01,158.4,120.5,20.5,17.4,0.7609
2025-06-01,E0130,R01,158.4,100.8,18.4,39.1,0.6364
2025-07-01,E0130,R01,166.4,123.2,12,31.3,0.7402
2025-08-01,E0130,R01,166.4,110.1,8.1,48.1,0.6619
2025-09-01,E0130,R01,150.4,118.1,19.2,13.1,0.7853
2025-10-01,E0130,R01,158.4,115.2,20.8,22.3,0.7275
2025-11-01,E0130,R01,158.4,118.2,18.3,21.8,0.7464
2025-12-01,E0130,R01,158.4,112.4,14.7,31.4,0.7095
2026-01-01,E0130,R01,150.4,105.2,16.4,28.8,0.6997
2026-02-01,E0130,R01,158.4,116.9,13.5,27.9,0.7383
2026-03-01,E0130,R01,166.4,116.2,11.1,39.1,0.6983
2026-04-01,E0130,R01,166.4,112.6,24.3,29.6,0.6765
2026-05-01,E0130,R01,166.4,140.9,25.4,0,0.847
2026-06-01,E0130,R01,158.4,124.5,15.3,18.6,0.7857
2023-01-01,E0132,R01,150.4,106,10.7,33.7,0.705
2023-02-01,E0132,R01,150.4,132.5,17.9,0,0.8808
2023-03-01,E0132,R01,158.4,124.7,13.6,20.1,0.7871
2023-04-01,E0132,R01,158.4,134.9,15.4,8.1,0.8513
2023-05-01,E0132,R01,158.4,109.9,25.4,23.1,0.6935
2023-06-01,E0132,R01,158.4,113.7,8.5,36.2,0.7177
2023-07-01,E0132,R01,142.4,114.4,13.6,14.3,0.8036
2023-08-01,E0132,R01,166.4,138.5,19.5,8.4,0.8324
2023-09-01,E0132,R01,158.4,121.8,10.7,25.9,0.769
2023-10-01,E0132,R01,158.4,123.7,17.5,17.2,0.7811
2023-11-01,E0132,R01,150.4,116.8,13.2,20.4,0.7766
2023-01-01,E0136,R03,150.4,108.8,18.8,22.8,0.7236
2023-02-01,E0136,R03,158.4,118.5,18.2,21.7,0.7478
2023-03-01,E0136,R03,158.4,128.4,17.1,12.9,0.8107
2023-04-01,E0136,R03,150.4,116.5,19.8,14,0.7749
2023-05-01,E0136,R03,158.4,109.1,14.8,34.5,0.6886
2023-06-01,E0136,R03,150.4,115.3,10.1,25,0.7664
2023-07-01,E0136,R03,166.4,123.9,22.2,20.2,0.7449
2023-08-01,E0136,R03,158.4,113.1,19.6,25.7,0.7139
2023-09-01,E0136,R03,166.4,132.2,19.3,14.9,0.7942
2023-10-01,E0136,R03,150.4,112.5,10.5,27.4,0.748
2023-11-01,E0136,R03,166.4,126,18.3,22.1,0.7574
2023-12-01,E0136,R03,158.4,115.4,17.9,25.2,0.7283
2024-01-01,E0136,R03,166.4,124.5,17.5,24.4,0.7481
2024-02-01,E0136,R03,150.4,103.5,11.5,35.4,0.688
2024-03-01,E0136,R03,158.4,122.1,16.3,20,0.7707
2024-04-01,E0136,R03,158.4,126.6,18.9,12.9,0.7991
2024-05-01,E0136,R03,166.4,112.5,10.5,43.3,0.6763
2024-06-01,E0136,R03,158.4,127.1,19.1,12.2,0.8027
2024-07-01,E0136,R03,150.4,119,14.1,17.3,0.791
2024-08-01,E0136,R03,158.4,106.5,14.6,37.3,0.6722
2024-09-01,E0136,R03,158.4,121.4,15.1,21.9,0.7665
2024-10-01,E0136,R03,158.4,105.4,20.7,32.3,0.6653
2024-11-01,E0136,R03,166.4,118.2,12.2,36.1,0.7101
2024-12-01,E0136,R03,166.4,127.3,14.6,24.4,0.7651
2025-01-01,E0136,R03,158.4,96,10.4,52.1,0.6058
2025-02-01,E0136,R03,142.4,102.6,11.3,28.5,0.7206
2025-03-01,E0136,R03,150.4,101.8,18.2,30.4,0.6771
2025-04-01,E0136,R03,150.4,99.3,20.7,30.5,0.6601
2025-05-01,E0136,R03,158.4,112.4,19,26.9,0.7098
2025-06-01,E0136,R03,142.4,104.8,12.2,25.4,0.7357
2025-07-01,E0136,R03,166.4,125.1,12.1,29.3,0.7516
2025-08-01,E0136,R03,166.4,134.5,13.5,18.4,0.8084
2025-09-01,E0136,R03,158.4,115.9,12.2,30.3,0.7318
2025-10-01,E0136,R03,166.4,130.6,18,17.9,0.7846
2025-11-01,E0136,R03,150.4,124.5,12.2,13.7,0.8275
2025-12-01,E0136,R03,158.4,116.7,9.8,32,0.7367
2026-01-01,E0136,R03,166.4,103.2,22.8,40.3,0.6204
2026-02-01,E0136,R03,166.4,106.8,11.7,47.8,0.6421
2026-03-01,E0136,R03,142.4,95.1,19.4,27.9,0.6681
2026-04-01,E0136,R03,158.4,114.6,15.6,28.1,0.7235
2026-05-01,E0136,R03,150.4,104.2,16.4,29.8,0.6927
2026-06-01,E0136,R03,158.4,122,11,25.4,0.77
2023-01-01,E0143,R02,166.4,112.8,14.5,39.1,0.6777
2023-02-01,E0143,R02,142.4,99.5,15.2,27.7,0.6986
2023-03-01,E0143,R02,166.4,117.3,16.2,32.9,0.705
2023-04-01,E0143,R02,158.4,112.8,18,27.6,0.7124
2023-05-01,E0143,R02,158.4,114.8,18.8,24.8,0.7247
2023-06-01,E0143,R02,150.4,98.8,16.2,35.4,0.6567
2023-07-01,E0143,R02,158.4,117.8,13.9,26.7,0.7438
2023-08-01,E0143,R02,158.4,115.9,15.4,27,0.732
2023-09-01,E0143,R02,150.4,109.4,18.6,22.4,0.7274
2023-10-01,E0143,R02,158.4,130.6,13.9,13.9,0.8244
2023-11-01,E0143,R02,158.4,121.8,19.4,17.3,0.7689
2023-12-01,E0143,R02,166.4,120.5,14.3,31.7,0.7239
2024-01-01,E0143,R02,142.4,104.3,18.8,19.3,0.7325
2024-02-01,E0143,R02,158.4,94.9,12.7,50.8,0.5992
2024-03-01,E0143,R02,142.4,105.9,17.2,19.3,0.7437
2024-04-01,E0143,R02,158.4,115.8,18.2,24.5,0.7309
2024-05-01,E0143,R02,150.4,104.6,14.3,31.5,0.6954
2024-06-01,E0143,R02,142.4,106.9,16.8,18.8,0.7504
2024-07-01,E0143,R02,166.4,129.5,21.9,15,0.7782
2024-08-01,E0143,R02,166.4,135.6,24.8,6,0.8151
2024-09-01,E0143,R02,150.4,124.4,11.1,14.9,0.827
2023-01-01,E0146,R02,166.4,115.3,13.2,38,0.6927
2023-02-01,E0146,R02,158.4,118.3,15.3,24.8,0.7471
2023-03-01,E0146,R02,158.4,113,22,23.4,0.7135
2023-04-01,E0146,R02,150.4,96.6,20.4,33.4,0.6426
2023-05-01,E0146,R02,166.4,117.8,17.4,31.2,0.7077
2023-06-01,E0146,R02,166.4,120,12.1,34.2,0.7214
2023-07-01,E0146,R02,166.4,120.4,22.3,23.7,0.7236
2023-08-01,E0146,R02,166.4,134.1,19.9,12.4,0.8062
2023-09-01,E0146,R02,150.4,111.5,12.9,26,0.7416
2023-10-01,E0146,R02,158.4,121.5,22,14.9,0.7669
2023-11-01,E0146,R02,166.4,115.8,13.6,37,0.696
2023-12-01,E0146,R02,166.4,126.3,18.4,21.7,0.7589
2024-01-01,E0146,R02,142.4,118,18.5,5.9,0.8289
2024-02-01,E0146,R02,166.4,120.9,17.9,27.6,0.7264
2024-03-01,E0146,R02,150.4,110.5,12.7,27.3,0.7347
2024-04-01,E0146,R02,158.4,113.6,13.2,31.6,0.7173
2024-05-01,E0146,R02,158.4,130.7,19.3,8.4,0.8248
2024-06-01,E0146,R02,158.4,100.7,19.4,38.3,0.6357
2024-07-01,E0146,R02,158.4,127.2,13.9,17.3,0.8029
2024-08-01,E0146,R02,158.4,132.3,7.7,18.4,0.8352
2024-09-01,E0146,R02,158.4,129,18.3,11,0.8146
2024-10-01,E0146,R02,150.4,108.2,17.9,24.3,0.7195
2024-11-01,E0146,R02,166.4,123.1,10.8,32.5,0.74
2024-12-01,E0146,R02,158.4,135.2,23.2,0,0.8537
2025-01-01,E0146,R02,158.4,117.5,14.1,26.8,0.7418
2025-02-01,E0146,R02,158.4,113.2,12.2,33,0.7145
2025-03-01,E0146,R02,150.4,123,15.6,11.7,0.818
2025-04-01,E0146,R02,158.4,119.6,17.5,21.2,0.7552
2025-05-01,E0146,R02,166.4,138.2,9.8,18.3,0.8308
2025-06-01,E0146,R02,166.4,138.8,10,17.6,0.8344
2025-07-01,E0146,R02,150.4,118,15.3,17,0.7849
2025-08-01,E0146,R02,166.4,136.4,18.3,11.7,0.8196
2025-09-01,E0146,R02,158.4,122.1,21.3,15.1,0.7706
2025-10-01,E0146,R02,150.4,114.5,21.4,14.5,0.7612
2025-11-01,E0146,R02,158.4,134,17.3,7.2,0.8458
2025-12-01,E0146,R02,166.4,109,14.9,42.5,0.655
2026-01-01,E0146,R02,150.4,112.1,10.8,27.5,0.7453
2026-02-01,E0146,R02,166.4,109.4,20,37,0.6573
2026-03-01,E0146,R02,142.4,102.6,14.2,25.6,0.7203
2026-04-01,E0146,R02,158.4,122.2,23.1,13.1,0.7712
2026-05-01,E0146,R02,158.4,139.2,18.1,1.2,0.8787
2026-06-01,E0146,R02,158.4,125.3,12.9,20.1,0.7912
2023-01-01,E0151,R01,166.4,116.1,11,39.2,0.698
2023-02-01,E0151,R01,158.4,114.5,24.5,19.4,0.7228
2023-03-01,E0151,R01,158.4,123.5,16.6,18.3,0.7795
2023-04-01,E0151,R01,150.4,126.2,13.3,11,0.8388
2023-05-01,E0151,R01,166.4,104.6,20.6,41.1,0.6289
2023-06-01,E0151,R01,166.4,118.1,18.1,30.2,0.71
2023-07-01,E0151,R01,150.4,109.3,13.1,28,0.7269
2023-08-01,E0151,R01,158.4,123.9,15.6,18.9,0.7825
2023-09-01,E0151,R01,166.4,121.6,25.3,19.5,0.7306
2023-10-01,E0151,R01,150.4,116.3,21.8,12.4,0.773
2023-11-01,E0151,R01,150.4,121.6,14.6,14.3,0.8082
2023-12-01,E0151,R01,150.4,104.1,20,26.3,0.6924
2024-01-01,E0151,R01,158.4,129.9,17.8,10.7,0.82
2024-02-01,E0151,R01,166.4,128,14.7,23.8,0.769
2024-03-01,E0151,R01,150.4,117,14.6,18.8,0.7776
2024-04-01,E0151,R01,166.4,136.7,12.8,16.9,0.8216
2024-05-01,E0151,R01,166.4,132.9,8.2,25.3,0.7988
2024-06-01,E0151,R01,158.4,123,15.4,20,0.7765
2024-07-01,E0151,R01,150.4,128.2,20,2.2,0.8523
2024-08-01,E0151,R01,166.4,107.1,16.3,43,0.6435
2024-09-01,E0151,R01,158.4,106.3,20.2,31.9,0.6714
2024-10-01,E0151,R01,150.4,115.2,16,19.2,0.7663
2024-11-01,E0151,R01,166.4,116.1,6.7,43.6,0.6979
2024-12-01,E0151,R01,158.4,103.7,23.4,31.4,0.6545
2025-01-01,E0151,R01,150.4,100.7,17.7,32,0.6697
2025-02-01,E0151,R01,150.4,108.5,11.8,30.2,0.7213
2025-03-01,E0151,R01,150.4,117.8,12.1,20.5,0.7832
2025-04-01,E0151,R01,158.4,130.9,19.7,7.7,0.8267
2025-05-01,E0151,R01,150.4,115.4,13.8,21.2,0.767
2025-06-01,E0151,R01,166.4,111.3,8.2,46.8,0.669
2025-07-01,E0151,R01,150.4,121.8,17.8,10.8,0.8099
2025-08-01,E0151,R01,150.4,110.7,12.2,27.5,0.7362
2025-09-01,E0151,R01,158.4,117.2,17,24.2,0.7399
2025-10-01,E0151,R01,166.4,133.4,18.4,14.7,0.8014
2025-11-01,E0151,R01,142.4,107.6,18.2,16.6,0.756
2025-12-01,E0151,R01,150.4,101.8,13.8,34.8,0.6771
2026-01-01,E0151,R01,158.4,113.2,14.9,30.3,0.7144
2026-02-01,E0151,R01,150.4,101.8,8.6,40,0.6768
2026-03-01,E0151,R01,166.4,135.2,11.2,20,0.8125
2026-04-01,E0151,R01,166.4,121.2,16.3,28.9,0.7286
2026-05-01,E0151,R01,166.4,125.4,11.7,29.4,0.7534
2026-06-01,E0151,R01,150.4,108.9,12,29.6,0.7238
2023-01-01,E0161,R01,150.4,95.7,18.8,35.9,0.6361
2023-02-01,E0161,R01,150.4,106,8.5,35.9,0.7047
2023-03-01,E0161,R01,158.4,124.8,15.8,17.8,0.7876
2023-04-01,E0161,R01,150.4,118.2,15,17.3,0.7857
2023-05-01,E0161,R01,158.4,122.9,17.8,17.7,0.7761
2023-06-01,E0161,R01,158.4,115.7,11.4,31.3,0.7305
2023-07-01,E0161,R01,158.4,114.3,11.4,32.6,0.7218
2023-08-01,E0161,R01,166.4,119.7,12.5,34.2,0.7191
2023-09-01,E0161,R01,158.4,120.4,14.6,23.4,0.7603
2023-10-01,E0161,R01,150.4,113.8,8.3,28.4,0.7563
2023-11-01,E0161,R01,142.4,100.7,15.6,26.1,0.7072
2023-12-01,E0161,R01,158.4,118.5,12.7,27.1,0.7483
2024-01-01,E0161,R01,158.4,110,13.8,34.5,0.6947
2024-02-01,E0161,R01,166.4,112,15.5,38.9,0.6733
2024-03-01,E0161,R01,142.4,100.2,12.2,30,0.7035
2024-04-01,E0161,R01,158.4,140.8,14.4,3.1,0.8891
2024-05-01,E0161,R01,158.4,101.9,10.1,46.4,0.6435
2024-06-01,E0161,R01,158.4,121.4,23.5,13.5,0.7666
2024-07-01,E0161,R01,142.4,99.2,11.4,31.8,0.6967
2024-08-01,E0161,R01,158.4,120.1,18.9,19.4,0.7583
2023-01-01,E0165,R03,166.4,104.6,16.9,44.9,0.6287
2023-02-01,E0165,R03,166.4,143.6,17.9,4.9,0.8629
2023-03-01,E0165,R03,158.4,122.6,22.9,12.9,0.774
2023-04-01,E0165,R03,150.4,110.3,17.6,22.5,0.7334
2023-05-01,E0165,R03,158.4,110.2,14.6,33.7,0.6955
2023-06-01,E0165,R03,158.4,121.6,21.1,15.7,0.7679
2023-07-01,E0165,R03,150.4,104.2,9.8,36.4,0.6929
2023-08-01,E0165,R03,158.4,117.1,13.7,27.5,0.7395
2023-09-01,E0165,R03,166.4,124.3,27.7,14.5,0.747
2023-10-01,E0165,R03,158.4,135.7,22.7,0,0.8569
2023-11-01,E0165,R03,166.4,130.6,17.8,17.9,0.785
2023-12-01,E0165,R03,150.4,106.8,15.8,27.8,0.7104
2024-01-01,E0165,R03,158.4,128.9,18,11.5,0.8139
2024-02-01,E0165,R03,166.4,122.7,12.1,31.7,0.7373
2024-03-01,E0165,R03,158.4,121.6,15.8,20.9,0.7679
2024-04-01,E0165,R03,166.4,132.6,23.5,10.3,0.7966
2024-05-01,E0165,R03,158.4,117.7,13.2,27.5,0.7431
2024-06-01,E0165,R03,150.4,102.5,20.9,27,0.6813
2024-07-01,E0165,R03,166.4,138.3,9.9,18.3,0.831
2024-08-01,E0165,R03,158.4,120.6,19.5,18.4,0.7612
2024-09-01,E0165,R03,158.4,116.1,13.1,29.2,0.7331
2024-10-01,E0165,R03,158.4,125.2,19.3,13.9,0.7903
2024-11-01,E0165,R03,158.4,112.9,21.8,23.7,0.7125
2024-12-01,E0165,R03,150.4,102.9,13.8,33.7,0.684
2025-01-01,E0165,R03,158.4,107.5,15.9,34.9,0.6789
2025-02-01,E0165,R03,158.4,101.6,7.1,49.7,0.6417
2025-03-01,E0165,R03,142.4,102.9,12.8,26.7,0.7224
2025-04-01,E0165,R03,158.4,116,18.1,24.3,0.7325
2025-05-01,E0165,R03,158.4,121.1,18,19.3,0.7648
2025-06-01,E0165,R03,166.4,123.3,18,25.1,0.7411
2025-07-01,E0165,R03,158.4,121.7,17.2,19.4,0.7686
2025-08-01,E0165,R03,150.4,115.2,16.3,18.9,0.7659
2025-09-01,E0165,R03,158.4,131.2,18.8,8.4,0.8283
2025-10-01,E0165,R03,150.4,107.4,16.4,26.6,0.7142
2025-11-01,E0165,R03,166.4,122.4,22.1,21.9,0.7358
2025-12-01,E0165,R03,158.4,112.8,16.3,29.3,0.7118
2026-01-01,E0165,R03,166.4,113.9,20.4,32.2,0.6844
2026-02-01,E0165,R03,158.4,127.8,11,19.6,0.8067
2026-03-01,E0165,R03,158.4,116.1,13.4,28.9,0.7329
2026-04-01,E0165,R03,142.4,110.4,13.9,18.1,0.7754
2026-05-01,E0165,R03,158.4,121.5,22.2,14.7,0.767
2026-06-01,E0165,R03,166.4,127.4,15.2,23.8,0.7656
2023-01-01,E0177,R02,158.4,114.9,19.3,24.2,0.7253
2023-02-01,E0177,R02,150.4,114.4,13.6,22.4,0.7603
2023-03-01,E0177,R02,150.4,105.9,18.7,25.8,0.7043
2023-04-01,E0177,R02,150.4,124.6,17.9,7.9,0.8284
2023-05-01,E0177,R02,158.4,118.3,13.1,27,0.7466
2023-06-01,E0177,R02,158.4,125.8,17.7,14.9,0.7942
2023-07-01,E0177,R02,142.4,98,19.6,24.8,0.6884
2023-08-01,E0177,R02,158.4,123.4,11.9,23.1,0.7791
2023-09-01,E0177,R02,158.4,124.7,10.2,23.5,0.7873
2023-10-01,E0177,R02,166.4,115.9,17.7,32.7,0.6968
2023-11-01,E0177,R02,166.4,149.8,16.6,0,0.9
2023-12-01,E0177,R02,150.4,100,14.5,35.9,0.6652
2024-01-01,E0177,R02,166.4,128.7,18.3,19.4,0.7736
2024-02-01,E0177,R02,150.4,100.5,16.5,33.4,0.6683
2024-03-01,E0177,R02,158.4,132.9,14.1,11.4,0.8388
2024-04-01,E0177,R02,166.4,121.3,9.6,35.5,0.729
2024-05-01,E0177,R02,142.4,113.5,11.9,17,0.7973
2024-06-01,E0177,R02,158.4,129.8,18.8,9.8,0.8193
2024-07-01,E0177,R02,142.4,96.2,10,36.2,0.6757
2024-08-01,E0177,R02,166.4,131.5,12.2,22.7,0.7902
2024-09-01,E0177,R02,142.4,99.7,15,27.7,0.6999
2024-10-01,E0177,R02,158.4,107.1,22.8,28.5,0.676
2024-11-01,E0177,R02,158.4,111.7,17.8,28.9,0.7049
2024-12-01,E0177,R02,158.4,113.8,11.1,33.5,0.7183
2025-01-01,E0177,R02,158.4,105.7,10.3,42.4,0.6673
2025-02-01,E0177,R02,150.4,106.2,24.3,20,0.7058
2025-03-01,E0177,R02,166.4,125.4,13.4,27.6,0.7536
2025-04-01,E0177,R02,158.4,116.1,16.5,25.9,0.7327
2025-05-01,E0177,R02,166.4,113.1,7.8,45.5,0.6799
2025-06-01,E0177,R02,150.4,114.8,15.1,20.5,0.7636
2025-07-01,E0177,R02,150.4,127.5,15.2,7.7,0.8479
2025-08-01,E0177,R02,150.4,126.2,19.7,4.5,0.839
2025-09-01,E0177,R02,150.4,104.7,14.2,31.4,0.6965
2025-10-01,E0177,R02,158.4,121,16.1,21.2,0.7641
2025-11-01,E0177,R02,150.4,105.2,14.8,30.4,0.6996
2025-12-01,E0177,R02,158.4,110.5,20.9,27,0.6976
2026-01-01,E0177,R02,158.4,104.2,12.2,41.9,0.6581
2026-02-01,E0177,R02,150.4,106,20.9,23.5,0.7045
2026-03-01,E0177,R02,158.4,127.1,13.6,17.7,0.8022
2026-04-01,E0177,R02,142.4,87.8,10.4,44.1,0.6166
2026-05-01,E0177,R02,150.4,124.9,12,13.5,0.8307
2026-06-01,E0177,R02,166.4,123.3,13.2,29.9,0.7411
2023-01-01,E0194,R01,158.4,112,24.5,21.9,0.7069
2023-02-01,E0194,R01,166.4,112.1,12.5,41.9,0.6734
2023-03-01,E0194,R01,142.4,116.9,18.9,6.6,0.8206
2023-04-01,E0194,R01,158.4,120.1,13.4,24.9,0.7581
2023-05-01,E0194,R01,158.4,125.4,18.1,15,0.7914
2023-06-01,E0194,R01,158.4,115.5,10,32.9,0.729
2023-07-01,E0194,R01,150.4,103.7,15.5,31.2,0.6897
2023-08-01,E0194,R01,158.4,123.6,11.5,23.2,0.7806
2023-09-01,E0194,R01,158.4,119.2,11.2,28,0.7523
2023-10-01,E0194,R01,158.4,121.5,19.8,17.1,0.767
2023-11-01,E0194,R01,158.4,115.9,7.4,35.1,0.732
2023-12-01,E0194,R01,158.4,95.6,10,52.8,0.6034
2024-01-01,E0194,R01,166.4,122,23.1,21.3,0.7334
2024-02-01,E0194,R01,158.4,106.1,13.7,38.6,0.6701
2024-03-01,E0194,R01,158.4,132.3,12.5,13.6,0.8355
2024-04-01,E0194,R01,150.4,106.1,13.5,30.8,0.7055
2024-05-01,E0194,R01,150.4,112.2,15.7,22.5,0.746
2024-06-01,E0194,R01,150.4,121.8,12.3,16.3,0.8101
2024-07-01,E0194,R01,158.4,109.8,10.3,38.3,0.6935
2024-08-01,E0194,R01,158.4,128.3,8.5,21.6,0.81
2024-09-01,E0194,R01,158.4,119.6,10.8,28.1,0.7548
2024-10-01,E0194,R01,166.4,116.4,22.9,27.1,0.6994
2024-11-01,E0194,R01,166.4,128.6,23.5,14.3,0.7725
2024-12-01,E0194,R01,158.4,115.6,15.6,27.2,0.7296
2025-01-01,E0194,R01,158.4,100.9,18.6,38.9,0.6369
2025-02-01,E0194,R01,158.4,107.1,21.3,29.9,0.6763
2025-03-01,E0194,R01,166.4,112.3,8.3,45.9,0.6748
2025-04-01,E0194,R01,158.4,117.2,14.8,26.4,0.74
2025-05-01,E0194,R01,150.4,119.1,12.4,18.8,0.7921
2025-06-01,E0194,R01,166.4,124,12,30.4,0.7453
2025-07-01,E0194,R01,150.4,114.6,14,21.7,0.7621
2025-08-01,E0194,R01,158.4,120.2,15.2,22.9,0.7591
2025-09-01,E0194,R01,158.4,105.8,13.1,39.5,0.6678
2025-10-01,E0194,R01,158.4,105.1,15.3,37.9,0.6636
2025-11-01,E0194,R01,150.4,112.5,16.7,21.2,0.748
2025-12-01,E0194,R01,158.4,109.7,13.5,35.2,0.6923
2026-01-01,E0194,R01,158.4,118.9,17.8,21.7,0.7507
2026-02-01,E0194,R01,158.4,96.3,17,45.1,0.6079
2026-03-01,E0194,R01,150.4,113.4,6,31,0.7542
2026-04-01,E0194,R01,158.4,109.5,10.3,38.6,0.6911
2026-05-01,E0194,R01,158.4,118.8,14.2,25.4,0.75
2026-06-01,E0194,R01,142.4,115.3,15.7,11.4,0.8097
2023-01-01,E0199,R03,166.4,120.9,16,29.4,0.7266
2023-02-01,E0199,R03,166.4,120.9,24.4,21.1,0.7266
2023-03-01,E0199,R03,166.4,111.6,15.9,39,0.6705
2023-04-01,E0199,R03,150.4,115.2,12.9,22.3,0.766
2023-05-01,E0199,R03,166.4,119.8,13,33.5,0.7201
2023-06-01,E0199,R03,158.4,120.7,10.3,27.4,0.7618
2023-07-01,E0199,R03,158.4,130.4,6.8,21.2,0.8233
2023-08-01,E0199,R03,158.4,120.9,18,19.6,0.7631
2023-09-01,E0199,R03,166.4,123.6,17.3,25.5,0.743
2023-10-01,E0199,R03,158.4,132.7,14.1,11.6,0.8379
2023-11-01,E0199,R03,142.4,117.2,19.9,5.3,0.823
2023-12-01,E0199,R03,150.4,109.9,14.1,26.4,0.7307
2024-01-01,E0199,R03,150.4,114.7,19,16.7,0.7627
2024-02-01,E0199,R03,158.4,109.3,18.1,30.9,0.6901
2024-03-01,E0199,R03,150.4,109.3,17.5,23.6,0.7266
2024-04-01,E0199,R03,150.4,98.4,15.5,36.6,0.6541
2024-05-01,E0199,R03,150.4,108,17.5,24.9,0.7181
2024-06-01,E0199,R03,150.4,117.7,19.6,13.1,0.7825
2024-07-01,E0199,R03,166.4,119.1,14.5,32.8,0.7155
2024-08-01,E0199,R03,158.4,106.5,13.8,38.1,0.6725
2024-09-01,E0199,R03,158.4,123.2,14.2,21,0.7779
2024-10-01,E0199,R03,166.4,118.7,18.2,29.5,0.7135
2024-11-01,E0199,R03,142.4,119.6,18.5,4.3,0.84
2024-12-01,E0199,R03,150.4,98.5,14.5,37.4,0.6547
2025-01-01,E0199,R03,166.4,113,15.2,38.2,0.6792
2025-02-01,E0199,R03,158.4,114.8,13.3,30.4,0.7246
2025-03-01,E0199,R03,158.4,110.5,17.4,30.5,0.6976
2025-04-01,E0199,R03,142.4,113,16.6,12.7,0.7936
2025-05-01,E0199,R03,158.4,120.7,17,20.7,0.762
2025-06-01,E0199,R03,150.4,117.8,17.8,14.7,0.7836
2025-07-01,E0199,R03,158.4,107.1,16.1,35.2,0.6762
2025-08-01,E0199,R03,150.4,111,13,26.4,0.7379
2025-09-01,E0199,R03,158.4,109.5,16.1,32.8,0.6912
2025-10-01,E0199,R03,158.4,108.8,14,35.6,0.6866
2025-11-01,E0199,R03,166.4,123.2,20.5,22.7,0.7402
2025-12-01,E0199,R03,150.4,99.2,10.4,40.8,0.6595
2026-01-01,E0199,R03,150.4,87.9,12.1,50.4,0.5844
2026-02-01,E0199,R03,150.4,119.8,8.3,22.3,0.7962
2026-03-01,E0199,R03,158.4,120.3,14.1,24.1,0.7592
2026-04-01,E0199,R03,166.4,120.6,19.9,25.8,0.725
2026-05-01,E0199,R03,166.4,129.8,23.1,13.5,0.7799
2026-06-01,E0199,R03,158.4,128.7,16.8,12.9,0.8125
2023-01-01,E0203,R02,150.4,110.4,16.9,23.2,0.7339
2023-02-01,E0203,R02,158.4,131.7,20.6,6.1,0.8316
2023-03-01,E0203,R02,166.4,124.9,14.9,26.6,0.7506
2023-04-01,E0203,R02,150.4,120.5,11.2,18.7,0.8012
2023-05-01,E0203,R02,158.4,110.2,9.9,38.2,0.6959
2023-06-01,E0203,R02,158.4,121.7,21.3,15.5,0.7682
2023-07-01,E0203,R02,158.4,129.9,13.7,14.9,0.8198
2023-08-01,E0203,R02,158.4,106.1,16.3,36.1,0.6698
2023-09-01,E0203,R02,158.4,100,14.7,43.7,0.6312
2023-10-01,E0203,R02,150.4,116.9,6.7,26.8,0.7774
2023-11-01,E0203,R02,158.4,125,19.7,13.7,0.7892
2023-12-01,E0203,R02,158.4,127.9,6.3,24.2,0.8073
2024-01-01,E0203,R02,158.4,109.2,17,32.1,0.6897
2024-02-01,E0203,R02,158.4,117.1,10.4,30.9,0.7393
2024-03-01,E0203,R02,158.4,130.7,18.3,9.4,0.8254
2024-04-01,E0203,R02,150.4,129.1,14.4,6.8,0.8586
2024-05-01,E0203,R02,166.4,110.5,18.7,37.2,0.6638
2024-06-01,E0203,R02,150.4,107.6,16.3,26.5,0.7154
2024-07-01,E0203,R02,150.4,123.3,19.2,7.9,0.8199
2024-08-01,E0203,R02,150.4,133.4,11.7,5.3,0.8869
2024-09-01,E0203,R02,150.4,118.9,10.6,20.9,0.7904
2024-10-01,E0203,R02,158.4,123.8,16.2,18.4,0.7816
2024-11-01,E0203,R02,158.4,115.4,18.9,24.1,0.7286
2024-12-01,E0203,R02,150.4,110.9,24.3,15.2,0.7373
2025-01-01,E0203,R02,158.4,104.9,18.3,35.2,0.662
2025-02-01,E0203,R02,158.4,115,21.4,22,0.7258
2025-03-01,E0203,R02,158.4,123.5,17,17.9,0.7794
2025-04-01,E0203,R02,166.4,134.6,13.1,18.7,0.8089
2025-05-01,E0203,R02,158.4,116.9,15.1,26.4,0.7379
2025-06-01,E0203,R02,158.4,124.3,20.2,13.9,0.7848
2025-07-01,E0203,R02,166.4,121.3,25.2,19.9,0.7291
2025-08-01,E0203,R02,158.4,105,13.8,39.7,0.6628
2025-09-01,E0203,R02,158.4,121.3,24.3,12.8,0.766
2025-10-01,E0203,R02,150.4,118.8,13.9,17.7,0.7896
2025-11-01,E0203,R02,150.4,113,20,17.3,0.7513
2025-12-01,E0203,R02,158.4,110.2,14.7,33.5,0.6955
2026-01-01,E0203,R02,166.4,118.3,16.6,31.5,0.7107
2026-02-01,E0203,R02,150.4,98.4,14.9,37.1,0.6543
2026-03-01,E0203,R02,150.4,113.6,8.7,28,0.7556
2026-04-01,E0203,R02,158.4,116.3,14.2,28,0.7341
2026-05-01,E0203,R02,166.4,122.7,24.4,19.3,0.7374
2026-06-01,E0203,R02,166.4,127.3,16.3,22.8,0.765
2023-01-01,E0206,R03,166.4,122.1,16.4,27.9,0.7337
2023-02-01,E0206,R03,166.4,124.4,16.4,25.7,0.7473
2023-03-01,E0206,R03,150.4,126.9,11.3,12.2,0.8438
2023-04-01,E0206,R03,150.4,121.2,18.8,10.4,0.8058
2023-05-01,E0206,R03,142.4,106.9,13.4,22.1,0.7507
2023-06-01,E0206,R03,158.4,107.1,18,33.3,0.6764
2023-07-01,E0206,R03,158.4,133.8,21.4,3.2,0.8447
2023-08-01,E0206,R03,150.4,123,9.1,18.3,0.8176
2023-09-01,E0206,R03,158.4,117,22.1,19.3,0.7385
2023-10-01,E0206,R03,166.4,126.5,16.8,23.1,0.7605
2023-11-01,E0206,R03,158.4,109.2,19.1,30.1,0.6891
2023-12-01,E0206,R03,158.4,105.1,11.4,41.8,0.6638
2024-01-01,E0206,R03,158.4,110.9,18.1,29.3,0.7004
2024-02-01,E0206,R03,158.4,113.6,22.3,22.4,0.7174
2024-03-01,E0206,R03,166.4,133.6,21.8,11,0.8031
2024-04-01,E0206,R03,158.4,104.6,21.4,32.4,0.6605
2024-05-01,E0206,R03,158.4,124.7,10.9,22.8,0.7869
2024-06-01,E0206,R03,158.4,115.2,7.9,35.3,0.7274
2024-07-01,E0206,R03,166.4,118.2,22.5,25.7,0.7101
2024-08-01,E0206,R03,150.4,121.2,16,13.2,0.8057
2024-09-01,E0206,R03,166.4,119.6,17.9,28.9,0.7188
2024-10-01,E0206,R03,158.4,97.4,7.6,53.4,0.6151
2024-11-01,E0206,R03,158.4,118.7,15,24.7,0.7494
2024-12-01,E0206,R03,158.4,101.7,19.3,37.3,0.6422
2025-01-01,E0206,R03,158.4,116.4,14.1,27.9,0.7346
2025-02-01,E0206,R03,142.4,101.7,14.5,26.2,0.7141
2025-03-01,E0206,R03,166.4,146.1,16.3,4,0.8782
2025-04-01,E0206,R03,150.4,107.2,20.8,22.4,0.7127
2025-05-01,E0206,R03,150.4,118.1,6,26.3,0.7852
2025-06-01,E0206,R03,166.4,113,13.8,39.6,0.6793
2025-07-01,E0206,R03,150.4,106.5,20.4,23.5,0.7082
2025-08-01,E0206,R03,150.4,119.5,11.9,19,0.7948
2025-09-01,E0206,R03,142.4,108.9,17,16.5,0.7646
2025-10-01,E0206,R03,142.4,115.5,20.2,6.7,0.8108
2025-11-01,E0206,R03,142.4,111.1,10.1,21.3,0.7799
2025-12-01,E0206,R03,158.4,97.3,10.6,50.5,0.6146
2026-01-01,E0206,R03,166.4,105.2,20.9,40.2,0.6325
2026-02-01,E0206,R03,158.4,124.7,10.5,23.3,0.787
2026-03-01,E0206,R03,166.4,112,15.9,38.6,0.673
2026-04-01,E0206,R03,166.4,128.6,15.2,22.6,0.7727
2026-05-01,E0206,R03,158.4,131.3,13.4,13.7,0.8288
2026-06-01,E0206,R03,150.4,126.5,12.7,11.2,0.8413
2023-01-01,E0210,R02,150.4,108,14.9,27.5,0.718
2023-02-01,E0210,R02,158.4,111.2,20.1,27.1,0.7023
2023-03-01,E0210,R02,158.4,112.8,17.2,28.4,0.712
2023-04-01,E0210,R02,166.4,103.1,17.4,45.9,0.6194
2023-05-01,E0210,R02,158.4,123.8,25.7,8.9,0.7815
2023-06-01,E0210,R02,142.4,102.3,14.6,25.5,0.7182
2023-07-01,E0210,R02,150.4,116.2,17.7,16.5,0.7724
2023-08-01,E0210,R02,150.4,120.3,18.9,11.2,0.7997
2023-09-01,E0210,R02,158.4,128.9,8.3,21.2,0.8136
2023-10-01,E0210,R02,158.4,119.7,17.3,21.4,0.7556
2023-11-01,E0210,R02,166.4,116.3,19.9,30.2,0.6989
2023-12-01,E0210,R02,142.4,91.2,15,36.2,0.6405
2024-01-01,E0210,R02,158.4,111.7,14.6,32.1,0.7049
2024-02-01,E0210,R02,150.4,116.8,12.9,20.7,0.7764
2024-03-01,E0210,R02,158.4,104.2,18.4,35.9,0.6577
2024-04-01,E0210,R02,166.4,111.4,18.1,36.9,0.6697
2024-05-01,E0210,R02,150.4,112.7,21.5,16.2,0.7495
2024-06-01,E0210,R02,166.4,117.8,10.2,38.4,0.708
2024-07-01,E0210,R02,142.4,112,12.3,18.1,0.7864
2024-08-01,E0210,R02,158.4,106.9,15.3,36.2,0.6749
2024-09-01,E0210,R02,166.4,110.9,16.3,39.2,0.6664
2024-10-01,E0210,R02,158.4,106.9,6.3,45.2,0.6747
2024-11-01,E0210,R02,158.4,121.4,13.2,23.8,0.7666
2024-12-01,E0210,R02,158.4,119.6,16.4,22.4,0.7548
2025-01-01,E0210,R02,158.4,110.1,11.6,36.7,0.6948
2025-02-01,E0210,R02,166.4,118.4,19.1,28.8,0.7117
2025-03-01,E0210,R02,166.4,120.9,8.6,36.9,0.7265
2025-04-01,E0210,R02,150.4,123.2,18.5,8.7,0.8192
2025-05-01,E0210,R02,166.4,131.3,17.1,18,0.7888
2025-06-01,E0210,R02,158.4,121.6,15.7,21.1,0.7676
2025-07-01,E0210,R02,158.4,116,10.3,32.1,0.7321
2025-08-01,E0210,R02,158.4,122,13.3,23.1,0.7704
2025-09-01,E0210,R02,150.4,115.1,20.6,14.7,0.7653
2025-10-01,E0210,R02,158.4,125.1,12.6,20.7,0.7899
2023-01-01,E0214,R02,150.4,111.2,16,23.2,0.7394
2023-02-01,E0214,R02,166.4,118.4,17.9,30.1,0.7118
2023-03-01,E0214,R02,158.4,111.3,12.8,34.3,0.7028
2023-04-01,E0214,R02,158.4,118.5,24.6,15.3,0.7478
2023-05-01,E0214,R02,158.4,129.1,24.9,4.4,0.815
2023-06-01,E0214,R02,158.4,115.3,9.7,33.4,0.7279
2023-07-01,E0214,R02,150.4,116,13.2,21.2,0.7711
2023-08-01,E0214,R02,150.4,114.2,11.9,24.3,0.759
2023-09-01,E0214,R02,158.4,118.3,14.3,25.9,0.7466
2023-10-01,E0214,R02,158.4,118.5,11.1,28.8,0.7478
2023-11-01,E0214,R02,166.4,120.1,18.9,27.4,0.7218
2023-12-01,E0214,R02,150.4,99.2,13.3,37.9,0.6595
2024-01-01,E0214,R02,150.4,109.9,21.1,19.4,0.7306
2024-02-01,E0214,R02,158.4,102.3,16.7,39.3,0.646
2024-03-01,E0214,R02,158.4,122.8,16.7,18.9,0.7753
2024-04-01,E0214,R02,150.4,111.3,12.3,26.8,0.74
2024-05-01,E0214,R02,166.4,126.5,17.9,22,0.7604
2024-06-01,E0214,R02,150.4,114.5,19.4,16.5,0.7615
2024-07-01,E0214,R02,166.4,120.4,13.5,32.5,0.7234
2024-08-01,E0214,R02,158.4,102.9,15.4,40.2,0.6493
2024-09-01,E0214,R02,166.4,131,13.2,22.2,0.7873
2024-10-01,E0214,R02,166.4,108,13.9,44.5,0.649
2024-11-01,E0214,R02,158.4,108.9,13.6,35.9,0.6873
2024-12-01,E0214,R02,158.4,123.8,16.4,18.2,0.7816
2025-01-01,E0214,R02,166.4,122.3,11.7,32.4,0.7352
2025-02-01,E0214,R02,150.4,110.9,22.3,17.2,0.7376
2025-03-01,E0214,R02,166.4,113.9,19.4,33.2,0.6845
2025-04-01,E0214,R02,166.4,116.8,24.1,25.4,0.7021
2025-05-01,E0214,R02,150.4,106.6,17.6,26.3,0.7085
2025-06-01,E0214,R02,158.4,128.5,22.1,7.8,0.8114
2025-07-01,E0214,R02,158.4,122.3,17.5,18.6,0.7719
2025-08-01,E0214,R02,158.4,121.9,11.4,25.1,0.7695
2025-09-01,E0214,R02,166.4,125.7,10.1,30.6,0.7556
2025-10-01,E0214,R02,158.4,140.2,15.9,2.2,0.8852
2025-11-01,E0214,R02,166.4,109.8,19.1,37.6,0.6596
2025-12-01,E0214,R02,150.4,94,21.5,34.9,0.625
2026-01-01,E0214,R02,158.4,110.8,17.6,30,0.6995
2026-02-01,E0214,R02,158.4,105.1,15.8,37.5,0.6632
2026-03-01,E0214,R02,150.4,105,14,31.4,0.6981
2026-04-01,E0214,R02,158.4,118.8,10.4,29.1,0.7501
2026-05-01,E0214,R02,158.4,113.4,24,21,0.7159
2026-06-01,E0214,R02,158.4,140.1,11.3,7,0.8847
2023-01-01,E0220,R03,150.4,95.6,20.2,34.6,0.6354
2023-02-01,E0220,R03,150.4,110.3,10.2,29.9,0.7333
2023-03-01,E0220,R03,158.4,109.4,22.7,26.3,0.6906
2023-04-01,E0220,R03,150.4,110.9,17,22.4,0.7377
2023-05-01,E0220,R03,158.4,115.1,13.9,29.4,0.7264
2023-06-01,E0220,R03,158.4,128.1,11.2,19.1,0.8085
2023-07-01,E0220,R03,158.4,112.4,13,33,0.7098
2023-08-01,E0220,R03,166.4,133.8,15,17.6,0.804
2023-09-01,E0220,R03,150.4,119.9,14.8,15.7,0.7973
2023-10-01,E0220,R03,150.4,104.5,13.8,32.1,0.6947
2023-11-01,E0220,R03,150.4,103.4,14.5,32.5,0.6875
2023-12-01,E0220,R03,158.4,111,19.4,28,0.7009
2024-01-01,E0220,R03,158.4,121.9,13.2,23.2,0.7698
2024-02-01,E0220,R03,158.4,123.2,15.5,19.7,0.7779
2024-03-01,E0220,R03,150.4,117.1,12.9,20.5,0.7783
2024-04-01,E0220,R03,150.4,110.1,18.2,22.1,0.7319
2024-05-01,E0220,R03,158.4,98.7,17.2,42.4,0.6234
2024-06-01,E0220,R03,150.4,121.2,16.4,12.7,0.8061
2024-07-01,E0220,R03,158.4,122.9,14.3,21.1,0.7761
2024-08-01,E0220,R03,166.4,123.4,11.8,31.2,0.7416
2024-09-01,E0220,R03,158.4,113.4,11.3,33.7,0.7159
2024-10-01,E0220,R03,158.4,120.3,16.4,21.8,0.7592
2024-11-01,E0220,R03,158.4,118,10.2,30.3,0.7448
2024-12-01,E0220,R03,158.4,120.1,12.6,25.7,0.7582
2025-01-01,E0220,R03,158.4,107.6,17.3,33.5,0.679
2025-02-01,E0220,R03,158.4,125,6.3,27.1,0.7892
2025-03-01,E0220,R03,150.4,129.1,13.4,7.9,0.8583
2025-04-01,E0220,R03,158.4,124.3,17.8,16.3,0.7848
2025-05-01,E0220,R03,158.4,119,15.2,24.2,0.7514
2025-06-01,E0220,R03,158.4,110.1,23.2,25.1,0.6952
2025-07-01,E0220,R03,158.4,120.4,10.6,27.4,0.7601
2025-08-01,E0220,R03,150.4,111,21,18.4,0.7379
2025-09-01,E0220,R03,158.4,114.5,13,30.9,0.7227
2025-10-01,E0220,R03,158.4,131,15.9,11.5,0.8271
2025-11-01,E0220,R03,166.4,133,15,18.4,0.7992
2025-12-01,E0220,R03,158.4,122.2,14.2,22.1,0.7712
2026-01-01,E0220,R03,166.4,114.3,22.7,29.4,0.6869
2026-02-01,E0220,R03,158.4,99.5,11.3,47.6,0.6282
2026-03-01,E0220,R03,158.4,102.7,15.1,40.6,0.6483
2026-04-01,E0220,R03,166.4,117.6,21.1,27.7,0.7068
2026-05-01,E0220,R03,150.4,116.6,17.1,16.8,0.7749
2026-06-01,E0220,R03,158.4,127.2,24.5,6.7,0.8029
2023-01-01,E0233,R03,158.4,122.8,16.4,19.2,0.7751
2023-02-01,E0233,R03,166.4,121.7,15.2,29.5,0.7315
2023-03-01,E0233,R03,166.4,119.8,21.7,24.9,0.7198
2023-04-01,E0233,R03,166.4,133.1,15.8,17.6,0.7996
2023-05-01,E0233,R03,166.4,137.1,11.7,17.6,0.8239
2023-06-01,E0233,R03,166.4,130,16.5,19.9,0.7812
2023-07-01,E0233,R03,158.4,123.2,19.2,16,0.7777
2023-08-01,E0233,R03,158.4,125.7,15.1,17.6,0.7933
2023-09-01,E0233,R03,158.4,121.8,12.1,24.5,0.769
2023-10-01,E0233,R03,150.4,117,12.2,21.2,0.7778
2023-11-01,E0233,R03,158.4,133.1,13.6,11.7,0.84
2023-12-01,E0233,R03,158.4,126.7,10.3,21.5,0.7996
2024-01-01,E0233,R03,166.4,105.5,15.8,45.1,0.634
2024-02-01,E0233,R03,158.4,116.8,13.7,27.9,0.7374
2024-03-01,E0233,R03,150.4,121.5,13.4,15.6,0.8077
2024-04-01,E0233,R03,158.4,121.6,21.3,15.5,0.7677
2024-05-01,E0233,R03,158.4,117.4,23.4,17.6,0.7413
2024-06-01,E0233,R03,166.4,120.8,24.7,20.9,0.7261
2024-07-01,E0233,R03,158.4,109,16.9,32.5,0.6881
2024-08-01,E0233,R03,158.4,118.3,27,13.1,0.7466
2024-09-01,E0233,R03,150.4,135.4,15,0,0.9
2024-10-01,E0233,R03,150.4,107.5,15.9,26.9,0.715
2024-11-01,E0233,R03,142.4,111.6,6.7,24.1,0.7838
2024-12-01,E0233,R03,150.4,102.4,16.3,31.7,0.681
2025-01-01,E0233,R03,158.4,133.9,17,7.5,0.8454
2025-02-01,E0233,R03,158.4,116.5,11.8,30.1,0.7353
2025-03-01,E0233,R03,158.4,121,12.9,24.6,0.7636
2025-04-01,E0233,R03,158.4,128.3,13.2,16.9,0.8101
2025-05-01,E0233,R03,166.4,137,16.8,12.6,0.8234
2025-06-01,E0233,R03,158.4,115.6,8.3,34.5,0.7299
2025-07-01,E0233,R03,158.4,117,14.1,27.3,0.7387
2025-08-01,E0233,R03,166.4,111.1,19.1,36.2,0.668
2025-09-01,E0233,R03,158.4,130.3,19.5,8.6,0.8228
2025-10-01,E0233,R03,150.4,110.2,15.7,24.5,0.7326
2025-11-01,E0233,R03,166.4,134.1,20.5,11.8,0.8059
2025-12-01,E0233,R03,150.4,111.9,22.6,16,0.7438
2026-01-01,E0233,R03,166.4,115.7,15.7,35,0.6956
2026-02-01,E0233,R03,166.4,94,18.4,54,0.565
2026-03-01,E0233,R03,166.4,125.7,23,17.7,0.7556
2026-04-01,E0233,R03,150.4,107,14.4,29,0.7113
2026-05-01,E0233,R03,150.4,126,18.3,6.1,0.8376
2026-06-01,E0233,R03,166.4,120.2,18.7,27.5,0.7225
2023-01-01,E0234,R03,158.4,107.2,19.1,32.1,0.6769
2023-02-01,E0234,R03,150.4,109.6,14.7,26.1,0.7287
2023-03-01,E0234,R03,166.4,149.8,12.9,3.8,0.9
2023-04-01,E0234,R03,158.4,121.6,19.5,17.2,0.7679
2023-05-01,E0234,R03,166.4,128.9,17.7,19.8,0.7748
2023-06-01,E0234,R03,166.4,110.9,10.5,45,0.6666
2023-07-01,E0234,R03,158.4,112.8,13,32.6,0.7123
2023-08-01,E0234,R03,158.4,112.4,13.8,32.2,0.7098
2023-09-01,E0234,R03,166.4,123.9,14.6,27.9,0.7448
2023-10-01,E0234,R03,158.4,114.6,20.7,23.1,0.7233
2023-11-01,E0234,R03,150.4,121.1,12.8,16.5,0.8054
2023-12-01,E0234,R03,150.4,114.6,18.1,17.7,0.762
2024-01-01,E0234,R03,158.4,105.7,17.3,35.4,0.667
2024-02-01,E0234,R03,158.4,123.8,17.6,17,0.7819
2024-03-01,E0234,R03,166.4,136.4,15.8,14.1,0.8199
2024-04-01,E0234,R03,150.4,109.3,18.4,22.7,0.7268
2024-05-01,E0234,R03,166.4,118.3,12.3,35.8,0.7111
2024-06-01,E0234,R03,166.4,131.7,17.6,17.1,0.7917
2024-07-01,E0234,R03,158.4,109.3,17.8,31.4,0.6898
2024-08-01,E0234,R03,166.4,120.3,23.4,22.7,0.7229
2024-09-01,E0234,R03,158.4,99,16.7,42.7,0.6253
2024-10-01,E0234,R03,150.4,107.8,19.1,23.4,0.7171
2024-11-01,E0234,R03,166.4,117.3,17.5,31.6,0.7047
2023-01-01,E0253,R03,142.4,109.5,20.2,12.7,0.769
2023-02-01,E0253,R03,158.4,101.4,20.5,36.5,0.6402
2023-03-01,E0253,R03,150.4,111.3,14.5,24.5,0.7401
2023-04-01,E0253,R03,166.4,118.8,22.4,25.2,0.714
2023-05-01,E0253,R03,150.4,123.5,20.1,6.8,0.8212
2023-06-01,E0253,R03,158.4,118.4,20.2,19.8,0.7474
2023-07-01,E0253,R03,158.4,111.8,6.3,40.3,0.7057
2023-08-01,E0253,R03,166.4,119.4,21.5,25.5,0.7173
2023-09-01,E0253,R03,150.4,105.7,11.1,33.6,0.7026
2023-10-01,E0253,R03,158.4,121.9,25.6,10.9,0.7696
2023-11-01,E0253,R03,166.4,110.4,27.3,28.8,0.6633
2023-12-01,E0253,R03,166.4,99.8,17.1,49.5,0.5997
2024-01-01,E0253,R03,158.4,115.1,13.2,30.1,0.7266
2024-02-01,E0253,R03,158.4,116.1,12.8,29.5,0.7328
2024-03-01,E0253,R03,150.4,104.7,9.1,36.7,0.6959
2024-04-01,E0253,R03,150.4,118.8,19.4,12.2,0.7896
2024-05-01,E0253,R03,166.4,108.7,21.8,35.9,0.6531
2024-06-01,E0253,R03,166.4,145.1,21.3,0,0.872
2024-07-01,E0253,R03,158.4,105.4,14.7,38.3,0.6656
2024-08-01,E0253,R03,158.4,114.2,14.9,29.3,0.7213
2024-09-01,E0253,R03,150.4,112.3,10.2,27.9,0.7467
2024-10-01,E0253,R03,166.4,121,16.2,29.3,0.727
2024-11-01,E0253,R03,166.4,117.1,8.5,40.8,0.7036
2024-12-01,E0253,R03,150.4,114,16.4,20.1,0.7577
2025-01-01,E0253,R03,158.4,106.8,22.5,29.1,0.6743
2025-02-01,E0253,R03,142.4,85.3,12.6,44.4,0.5991
2025-03-01,E0253,R03,158.4,130,20.3,8,0.8209
2025-04-01,E0253,R03,166.4,133.3,7.8,25.3,0.801
2025-05-01,E0253,R03,166.4,121.3,17.7,27.3,0.7291
2025-06-01,E0253,R03,158.4,116.4,9.3,32.7,0.7346
2025-07-01,E0253,R03,142.4,97,15.4,30.1,0.6809
2025-08-01,E0253,R03,158.4,115.4,18,25,0.7287
2025-09-01,E0253,R03,166.4,111.8,8.9,45.7,0.6717
2025-10-01,E0253,R03,150.4,105.6,13.6,31.2,0.702
2025-11-01,E0253,R03,150.4,125.1,16.1,9.2,0.832
2025-12-01,E0253,R03,150.4,106.8,10.7,33,0.7098
2026-01-01,E0253,R03,150.4,104.4,14.6,31.4,0.6939
2026-02-01,E0253,R03,158.4,110,14.6,33.8,0.6942
2026-03-01,E0253,R03,158.4,132.7,15.8,9.9,0.8377
2026-04-01,E0253,R03,158.4,115.8,17.6,25,0.7308
2026-05-01,E0253,R03,158.4,114.8,14.8,28.8,0.7246
2026-06-01,E0253,R03,158.4,113.1,15.5,29.8,0.714
2023-01-01,E0256,R03,158.4,117.9,13.5,27,0.744
2023-02-01,E0256,R03,158.4,108,19.8,30.6,0.6821
2023-03-01,E0256,R03,150.4,115.4,14.7,20.3,0.7671
2023-04-01,E0256,R03,158.4,129.6,8.6,20.1,0.8184
2023-05-01,E0256,R03,158.4,132.7,19.7,6,0.8381
2023-06-01,E0256,R03,166.4,136.8,15.2,14.3,0.8222
2023-07-01,E0256,R03,142.4,122.7,19.5,0.2,0.8618
2023-08-01,E0256,R03,166.4,143,19.8,3.6,0.8595
2023-09-01,E0256,R03,150.4,97.7,16.6,36.1,0.6499
2023-10-01,E0256,R03,142.4,100.7,16.6,25.2,0.707
2023-11-01,E0256,R03,158.4,135.6,12.4,10.5,0.8558
2023-01-01,E0257,R02,150.4,105.4,12,33,0.7008
2023-02-01,E0257,R02,150.4,119.4,13,18,0.7936
2023-03-01,E0257,R02,158.4,119.1,17.5,21.8,0.7521
2023-04-01,E0257,R02,158.4,121.8,17.7,18.9,0.7686
2023-05-01,E0257,R02,158.4,120.1,10.6,27.7,0.7585
2023-06-01,E0257,R02,150.4,113.7,23.3,13.4,0.756
2023-07-01,E0257,R02,150.4,123.3,13.9,13.2,0.8196
2023-08-01,E0257,R02,166.4,117,14.5,34.9,0.7031
2023-09-01,E0257,R02,158.4,106.6,17.1,34.7,0.6729
2023-10-01,E0257,R02,150.4,116.7,15.5,18.2,0.7757
2023-11-01,E0257,R02,158.4,98.1,14.7,45.6,0.6196
2023-12-01,E0257,R02,158.4,111.7,16.4,30.3,0.7052
2024-01-01,E0257,R02,150.4,101.5,23.5,25.4,0.675
2024-02-01,E0257,R02,158.4,99.6,14.4,44.5,0.6285
2024-03-01,E0257,R02,166.4,104.9,17.6,43.9,0.6305
2024-04-01,E0257,R02,150.4,112.8,15,22.6,0.75
2024-05-01,E0257,R02,158.4,105.6,10.8,42,0.6668
2024-06-01,E0257,R02,150.4,116.4,19.4,14.6,0.7739
2024-07-01,E0257,R02,166.4,118.9,22,25.4,0.7148
2024-08-01,E0257,R02,158.4,127.2,19.8,11.5,0.8027
2024-09-01,E0257,R02,166.4,121.5,11.9,33,0.7302
2024-10-01,E0257,R02,158.4,130.3,17.6,10.6,0.8223
2024-11-01,E0257,R02,158.4,102.7,22.3,33.3,0.6486
2024-12-01,E0257,R02,150.4,111.1,24.6,14.7,0.7387
2025-01-01,E0257,R02,166.4,107.6,19.3,39.4,0.6468
2025-02-01,E0257,R02,158.4,105.9,6.3,46.1,0.6687
2025-03-01,E0257,R02,150.4,119.1,16.3,15,0.7918
2025-04-01,E0257,R02,166.4,113.7,20,32.7,0.6831
2025-05-01,E0257,R02,150.4,114.3,12,24.1,0.7599
2025-06-01,E0257,R02,150.4,111.7,15.3,23.4,0.7427
2025-07-01,E0257,R02,158.4,123.3,15.8,19.3,0.7784
2025-08-01,E0257,R02,166.4,131.6,14.7,20.1,0.7907
2025-09-01,E0257,R02,150.4,115.1,23.3,12,0.7651
2025-10-01,E0257,R02,142.4,103.9,16.5,22,0.7294
2025-11-01,E0257,R02,158.4,111.5,16.9,30,0.7039
2025-12-01,E0257,R02,158.4,115.5,11.8,31.1,0.7292
2026-01-01,E0257,R02,166.4,117,17.2,32.2,0.7032
2026-02-01,E0257,R02,166.4,119.8,6.7,39.9,0.7201
2026-03-01,E0257,R02,158.4,110.9,11.3,36.2,0.6999
2026-04-01,E0257,R02,158.4,109.2,17.3,32,0.6891
2026-05-01,E0257,R02,158.4,130.5,10.6,17.3,0.8237
2026-06-01,E0257,R02,150.4,106.7,15.3,28.4,0.7093
2023-01-01,E0259,R02,150.4,113.8,10.9,25.7,0.7564
2023-02-01,E0259,R02,158.4,134.9,13.2,10.2,0.8519
2023-03-01,E0259,R02,150.4,133.4,16.6,0.3,0.8873
2023-04-01,E0259,R02,158.4,124.1,17.1,17.2,0.7832
2023-05-01,E0259,R02,158.4,120.2,19.9,18.3,0.759
2023-06-01,E0259,R02,158.4,136.7,13.3,8.4,0.8629
2023-07-01,E0259,R02,150.4,117.6,7.7,25,0.782
2023-08-01,E0259,R02,158.4,128.8,19.6,10,0.813
2023-09-01,E0259,R02,158.4,124,14.1,20.4,0.7826
2023-10-01,E0259,R02,158.4,125.8,13.4,19.2,0.7942
2023-11-01,E0259,R02,158.4,113.3,14.5,30.6,0.7151
2023-12-01,E0259,R02,142.4,112.5,21.1,8.8,0.7899
2024-01-01,E0259,R02,158.4,111,16.1,31.3,0.7009
2024-02-01,E0259,R02,166.4,106.3,18.2,41.9,0.6389
2024-03-01,E0259,R02,150.4,116.1,16.6,17.7,0.7721
2024-04-01,E0259,R02,166.4,124.9,16.9,24.6,0.7508
2024-05-01,E0259,R02,142.4,108,12.4,21.9,0.7586
2024-06-01,E0259,R02,158.4,119.7,18.1,20.6,0.7554
2024-07-01,E0259,R02,166.4,131.2,17,18.2,0.7884
2024-08-01,E0259,R02,150.4,106.8,12.2,31.4,0.71
2024-09-01,E0259,R02,158.4,117.4,18.5,22.5,0.7411
2024-10-01,E0259,R02,150.4,106.9,15.8,27.7,0.7111
2024-11-01,E0259,R02,158.4,114.9,18.5,25,0.7252
2024-12-01,E0259,R02,166.4,111.3,12.4,42.7,0.6686
2025-01-01,E0259,R02,158.4,121.4,17,20,0.7662
2025-02-01,E0259,R02,150.4,112.3,20.4,17.7,0.747
2025-03-01,E0259,R02,158.4,109.6,21.2,27.6,0.6921
2025-04-01,E0259,R02,150.4,116.5,10.6,23.3,0.7745
2025-05-01,E0259,R02,158.4,127.5,24.8,6.1,0.8049
2025-06-01,E0259,R02,150.4,104.1,14.5,31.8,0.6924
2025-07-01,E0259,R02,150.4,120.9,12.1,17.4,0.8036
2025-08-01,E0259,R02,166.4,104.2,16.2,46,0.6264
2025-09-01,E0259,R02,158.4,120.1,13.2,25.1,0.7584
2025-10-01,E0259,R02,158.4,127.3,17.5,13.6,0.8037
2025-11-01,E0259,R02,158.4,111.9,14.4,32.1,0.7063
2025-12-01,E0259,R02,150.4,96.9,12.9,40.6,0.6443
2026-01-01,E0259,R02,166.4,121.7,21.4,23.3,0.7312
2026-02-01,E0259,R02,158.4,108.6,17.3,32.4,0.6858
2026-03-01,E0259,R02,158.4,103.5,17.7,37.2,0.6532
2026-04-01,E0259,R02,150.4,117.1,18.5,14.8,0.7785
2026-05-01,E0259,R02,150.4,132.8,8.9,8.7,0.8833
2026-06-01,E0259,R02,150.4,108.2,21.1,21.1,0.7193
2023-01-01,E0263,R01,158.4,108.1,14.3,36,0.6822
2023-02-01,E0263,R01,158.4,116.8,23.3,18.3,0.7376
2023-03-01,E0263,R01,150.4,88.6,11.6,50.3,0.5889
2023-04-01,E0263,R01,158.4,142.6,14.9,1,0.9
2023-05-01,E0263,R01,150.4,114.3,22.1,14,0.7602
2023-06-01,E0263,R01,158.4,121.2,9,28.2,0.7651
2023-07-01,E0263,R01,166.4,131,17.6,17.8,0.7874
2023-08-01,E0263,R01,166.4,119.5,24.9,22.1,0.7179
2023-09-01,E0263,R01,158.4,122.8,16.1,19.5,0.7753
2023-10-01,E0263,R01,158.4,130.9,15.4,12.1,0.8265
2023-11-01,E0263,R01,158.4,109.4,13.2,35.8,0.6909
2023-12-01,E0263,R01,158.4,110.2,6.3,41.8,0.696
2024-01-01,E0263,R01,166.4,123.5,11.8,31.2,0.7419
2024-02-01,E0263,R01,158.4,113.5,18.5,26.4,0.7162
2024-03-01,E0263,R01,158.4,130.1,15.6,12.7,0.8213
2024-04-01,E0263,R01,166.4,117.8,13.1,35.5,0.7081
2024-05-01,E0263,R01,166.4,132.2,13.2,21.1,0.7943
2024-06-01,E0263,R01,166.4,120,10.2,36.2,0.7213
2024-07-01,E0263,R01,166.4,124.2,9.6,32.5,0.7465
2024-08-01,E0263,R01,166.4,132.1,21.2,13.1,0.7938
2024-09-01,E0263,R01,158.4,117.2,9.3,31.9,0.7399
2024-10-01,E0263,R01,166.4,106.5,14.7,45.2,0.6402
2024-11-01,E0263,R01,166.4,130.1,22.3,14,0.782
2024-12-01,E0263,R01,166.4,113.7,17.9,34.8,0.6833
2025-01-01,E0263,R01,150.4,108.3,22.6,19.4,0.7202
2025-02-01,E0263,R01,166.4,116.8,16.5,33.1,0.7018
2025-03-01,E0263,R01,158.4,123.9,20.1,14.4,0.782
2025-04-01,E0263,R01,158.4,117.1,20.2,21.2,0.7392
2025-05-01,E0263,R01,142.4,102,23.6,16.8,0.7162
2025-06-01,E0263,R01,150.4,118.3,11.6,20.5,0.7864
2025-07-01,E0263,R01,166.4,133,13.8,19.6,0.7993
2025-08-01,E0263,R01,166.4,128.8,22.8,14.8,0.7738
2025-09-01,E0263,R01,158.4,125.5,12.3,20.6,0.7925
2025-10-01,E0263,R01,166.4,111.2,14.7,40.5,0.6682
2025-11-01,E0263,R01,158.4,122.6,20,15.8,0.774
2025-12-01,E0263,R01,142.4,114.7,14.1,13.6,0.8057
2026-01-01,E0263,R01,166.4,112.9,18.3,35.2,0.6785
2026-02-01,E0263,R01,158.4,92.3,14.3,51.8,0.5827
2026-03-01,E0263,R01,158.4,114.3,10.5,33.6,0.7217
2026-04-01,E0263,R01,142.4,117.1,23.3,2,0.8223
2026-05-01,E0263,R01,158.4,112.7,14.3,31.4,0.7114
2026-06-01,E0263,R01,158.4,133.4,16.9,8.1,0.8424
2023-01-01,E0265,R04,158.4,115,20.3,23.1,0.7263
2023-02-01,E0265,R04,150.4,110.8,18.9,20.6,0.7369
2023-03-01,E0265,R04,158.4,123.7,16.1,18.6,0.7812
2023-04-01,E0265,R04,158.4,136.8,21.6,0,0.8634
2023-05-01,E0265,R04,158.4,114.6,11.2,32.6,0.7237
2023-06-01,E0265,R04,150.4,103,13.2,34.1,0.685
2023-07-01,E0265,R04,158.4,128.6,12,17.9,0.8116
2023-08-01,E0265,R04,150.4,104,14,32.4,0.6917
2023-09-01,E0265,R04,166.4,128.5,20.7,17.1,0.7725
2023-10-01,E0265,R04,166.4,132.5,19.7,14.2,0.7962
2023-11-01,E0265,R04,150.4,114.9,11.3,24.2,0.764
2023-12-01,E0265,R04,150.4,114.3,6.3,29.8,0.7601
2024-01-01,E0265,R04,142.4,96.3,16.4,29.7,0.6766
2024-02-01,E0265,R04,166.4,113.7,19.9,32.8,0.683
2024-03-01,E0265,R04,142.4,115.2,17.6,9.6,0.8089
2024-04-01,E0265,R04,158.4,129.9,17.8,10.7,0.8199
2024-05-01,E0265,R04,150.4,104.9,8.8,36.7,0.6977
2024-06-01,E0265,R04,166.4,114.4,16.2,35.9,0.6872
2024-07-01,E0265,R04,150.4,119.4,18.1,12.9,0.7938
2024-08-01,E0265,R04,150.4,118,15,17.4,0.7843
2024-09-01,E0265,R04,166.4,116.7,17.5,32.2,0.7015
2024-10-01,E0265,R04,158.4,110.4,12.5,35.5,0.6968
2024-11-01,E0265,R04,150.4,111.6,12.7,26.1,0.742
2024-12-01,E0265,R04,150.4,123.5,8.1,18.8,0.8208
2025-01-01,E0265,R04,150.4,102.8,15.3,32.4,0.6832
2025-02-01,E0265,R04,158.4,117.9,17.8,22.7,0.7441
2025-03-01,E0265,R04,158.4,126.6,13.7,18.1,0.7994
2025-04-01,E0265,R04,150.4,129.3,12.3,8.8,0.8596
2025-05-01,E0265,R04,166.4,133.3,17,16.1,0.8014
2025-06-01,E0265,R04,158.4,118.7,19.9,19.7,0.7494
2025-07-01,E0265,R04,158.4,126.8,14.2,17.4,0.8002
2025-08-01,E0265,R04,158.4,123.9,14.9,19.7,0.7821
2025-09-01,E0265,R04,150.4,119.4,14.8,16.2,0.7936
2025-10-01,E0265,R04,158.4,114,15,29.4,0.7196
2025-11-01,E0265,R04,158.4,119.4,11.5,27.5,0.7538
2025-12-01,E0265,R04,150.4,120.5,18.6,11.3,0.8015
2026-01-01,E0265,R04,166.4,119.1,16.9,30.4,0.7159
2026-02-01,E0265,R04,158.4,113.6,16.7,28.1,0.7169
2026-03-01,E0265,R04,142.4,114.7,16.1,11.6,0.8053
2026-04-01,E0265,R04,158.4,120.4,13.9,24.1,0.7601
2026-05-01,E0265,R04,166.4,134.8,25,6.5,0.8103
2026-06-01,E0265,R04,150.4,116.3,20.7,13.4,0.7736
2023-01-01,E0269,R02,150.4,103.4,13.9,33.1,0.6874
2023-02-01,E0269,R02,158.4,107.2,13.7,37.5,0.6766
2023-03-01,E0269,R02,158.4,109,13.9,35.4,0.6883
2023-04-01,E0269,R02,158.4,101.5,15.6,41.3,0.6408
2023-05-01,E0269,R02,158.4,129.9,15.1,13.4,0.8201
2023-06-01,E0269,R02,158.4,110.5,18.7,29.2,0.6979
2023-07-01,E0269,R02,158.4,118.8,16.9,22.7,0.7502
2023-08-01,E0269,R02,158.4,108.1,15,35.3,0.6822
2023-09-01,E0269,R02,166.4,133.4,23.8,9.2,0.8019
2023-10-01,E0269,R02,158.4,117.4,23.9,17.1,0.7409
2023-11-01,E0269,R02,150.4,113.4,12.7,24.4,0.7539
2023-12-01,E0269,R02,166.4,112,17.1,37.2,0.6732
2024-01-01,E0269,R02,166.4,124.5,10.3,31.6,0.7482
2024-02-01,E0269,R02,166.4,112.5,11.7,42.2,0.6759
2024-03-01,E0269,R02,166.4,129.4,6.7,30.4,0.7775
2024-04-01,E0269,R02,158.4,122.5,12.5,23.5,0.7732
2024-05-01,E0269,R02,142.4,106.1,18.2,18.1,0.745
2024-06-01,E0269,R02,158.4,119.2,13.9,25.3,0.7527
2024-07-01,E0269,R02,166.4,125.2,17.9,23.2,0.7526
2024-08-01,E0269,R02,166.4,119.5,13.9,33,0.7183
2024-09-01,E0269,R02,150.4,110.7,12.4,27.3,0.736
2024-10-01,E0269,R02,158.4,122.6,13.3,22.6,0.7737
2024-11-01,E0269,R02,142.4,111,13,18.4,0.7793
2024-12-01,E0269,R02,150.4,112,13.5,24.9,0.7446
2025-01-01,E0269,R02,150.4,104.9,13.9,31.7,0.6972
2025-02-01,E0269,R02,158.4,121.5,18.9,17.9,0.7672
2025-03-01,E0269,R02,166.4,114.2,17.3,34.9,0.6864
2025-04-01,E0269,R02,150.4,117.2,14.6,18.6,0.7792
2025-05-01,E0269,R02,166.4,140.2,19.2,7,0.8427
2025-06-01,E0269,R02,150.4,97.4,11.5,41.6,0.6473
2025-07-01,E0269,R02,150.4,112.5,16.2,21.7,0.7479
2025-08-01,E0269,R02,158.4,132,13.7,12.6,0.8336
2025-09-01,E0269,R02,158.4,126.5,10.7,21.3,0.7984
2025-10-01,E0269,R02,166.4,127.2,16.5,22.7,0.7644
2025-11-01,E0269,R02,150.4,128.4,13.2,8.8,0.8539
2025-12-01,E0269,R02,158.4,100.9,16.4,41.1,0.6372
2026-01-01,E0269,R02,158.4,107,10.6,40.8,0.6756
2026-02-01,E0269,R02,150.4,104.2,8.1,38,0.6929
2026-03-01,E0269,R02,166.4,133.6,11.8,21.1,0.8027
2026-04-01,E0269,R02,158.4,115.5,17.4,25.5,0.729
2026-05-01,E0269,R02,158.4,134.9,17.1,6.4,0.8518
2026-06-01,E0269,R02,158.4,114.2,18.6,25.6,0.7212
2023-01-01,E0276,R01,158.4,112.5,18.2,27.7,0.71
2023-02-01,E0276,R01,150.4,107.6,11.4,31.4,0.7152
2023-03-01,E0276,R01,158.4,124.5,13,20.9,0.786
2023-04-01,E0276,R01,166.4,125.6,13.7,27,0.755
2023-05-01,E0276,R01,142.4,115.5,10.7,16.2,0.8111
2023-06-01,E0276,R01,150.4,118.8,12.3,19.3,0.7897
2023-07-01,E0276,R01,158.4,94.6,21.6,42.3,0.5969
2023-08-01,E0276,R01,150.4,117.7,16.7,16,0.7826
2023-09-01,E0276,R01,158.4,110.6,10,37.7,0.6982
2023-10-01,E0276,R01,158.4,109.6,20.3,28.5,0.6919
2023-11-01,E0276,R01,150.4,116.4,22.2,11.8,0.7739
2023-12-01,E0276,R01,158.4,111.2,17.1,30.1,0.702
2024-01-01,E0276,R01,158.4,115.1,21.3,22,0.7265
2024-02-01,E0276,R01,150.4,108.8,11.3,30.3,0.7236
2024-03-01,E0276,R01,150.4,108.9,19.6,21.9,0.7241
2024-04-01,E0276,R01,150.4,120.4,9.4,20.6,0.8002
2024-05-01,E0276,R01,150.4,114.8,12.6,23,0.763
2024-06-01,E0276,R01,150.4,112,17.1,21.2,0.7448
2024-07-01,E0276,R01,158.4,130.1,13.5,14.9,0.821
2024-08-01,E0276,R01,142.4,108,16.2,18.3,0.7583
2024-09-01,E0276,R01,166.4,115.8,14.9,35.7,0.6957
2024-10-01,E0276,R01,150.4,121,16.6,12.8,0.8045
2024-11-01,E0276,R01,158.4,125.7,14.9,17.8,0.7938
2024-12-01,E0276,R01,158.4,120.1,16.8,21.5,0.7581
2025-01-01,E0276,R01,158.4,115.8,9.3,33.3,0.7313
2025-02-01,E0276,R01,158.4,120.3,17.3,20.8,0.7593
2025-03-01,E0276,R01,158.4,136.8,16.9,4.7,0.8639
2025-04-01,E0276,R01,158.4,101.5,24.8,32.1,0.641
2025-05-01,E0276,R01,166.4,124.5,20.6,21.3,0.7482
2025-06-01,E0276,R01,158.4,108.1,23.5,26.8,0.6827
2025-07-01,E0276,R01,150.4,115.2,17.9,17.3,0.7661
2025-08-01,E0276,R01,158.4,113.4,10.1,34.9,0.7157
2025-09-01,E0276,R01,150.4,113.8,14.4,22.2,0.7567
2025-10-01,E0276,R01,142.4,113.8,20.2,8.3,0.7993
2025-11-01,E0276,R01,166.4,141,15.4,10,0.8476
2025-12-01,E0276,R01,166.4,113.9,21.9,30.5,0.6848
2026-01-01,E0276,R01,150.4,116,14.5,19.9,0.7711
2026-02-01,E0276,R01,158.4,102.4,13.4,42.6,0.6466
2026-03-01,E0276,R01,158.4,104.2,18.8,35.4,0.6581
2026-04-01,E0276,R01,150.4,109.5,16.9,24,0.7284
2026-05-01,E0276,R01,166.4,119.4,7,40,0.7173
2026-06-01,E0276,R01,158.4,114.2,17.6,26.7,0.7207
2023-01-01,E0277,R03,158.4,119.5,19.5,19.4,0.7547
2023-02-01,E0277,R03,166.4,129.7,24,12.7,0.7795
2023-03-01,E0277,R03,166.4,121.1,15.8,29.5,0.7277
2023-04-01,E0277,R03,166.4,121.3,14.9,30.2,0.7291
2023-05-01,E0277,R03,150.4,97.5,15.7,37.1,0.6485
2023-06-01,E0277,R03,158.4,129.2,19.4,9.7,0.8159
2023-07-01,E0277,R03,166.4,121.8,16.1,28.5,0.732
2023-08-01,E0277,R03,166.4,134.7,11.7,20,0.8094
2023-09-01,E0277,R03,158.4,113.5,7.3,37.7,0.7162
2023-10-01,E0277,R03,166.4,138.9,20.8,6.7,0.8349
2023-11-01,E0277,R03,166.4,123.3,10.2,32.9,0.7413
2023-12-01,E0277,R03,158.4,118.1,15.7,24.6,0.7456
2024-01-01,E0277,R03,150.4,107.1,15.6,27.6,0.7124
2024-02-01,E0277,R03,150.4,127.3,12.7,10.4,0.8463
2024-03-01,E0277,R03,158.4,123.3,15.9,19.2,0.7784
2024-04-01,E0277,R03,150.4,127.9,18.3,4.2,0.8505
2024-05-01,E0277,R03,158.4,137.5,18.1,2.7,0.8682
2024-06-01,E0277,R03,166.4,121.8,25.9,18.7,0.7318
2024-07-01,E0277,R03,166.4,112,16.1,38.3,0.6732
2024-08-01,E0277,R03,150.4,122.8,10.6,17,0.8166
2024-09-01,E0277,R03,158.4,124.2,18.1,16.1,0.7838
2024-10-01,E0277,R03,166.4,121,15.2,30.1,0.7273
2024-11-01,E0277,R03,158.4,121.4,14.9,22.2,0.7662
2024-12-01,E0277,R03,166.4,122.5,19.2,24.7,0.7362
2025-01-01,E0277,R03,158.4,109.9,14.1,34.4,0.694
2025-02-01,E0277,R03,166.4,120.7,19.3,26.4,0.7254
2025-03-01,E0277,R03,158.4,125.6,15.5,17.2,0.7931
2025-04-01,E0277,R03,150.4,114.1,15.1,21.2,0.7586
2025-05-01,E0277,R03,166.4,131.2,8.9,26.3,0.7887
2025-06-01,E0277,R03,158.4,113.6,14.8,30,0.7172
2025-07-01,E0277,R03,158.4,109.9,22.1,26.4,0.6939
2025-08-01,E0277,R03,150.4,106.9,20.4,23.1,0.711
2025-09-01,E0277,R03,166.4,128.9,16.3,21.2,0.7748
2025-10-01,E0277,R03,150.4,112,6,32.4,0.7446
2025-11-01,E0277,R03,158.4,137.6,10.1,10.7,0.8688
2025-12-01,E0277,R03,150.4,95.9,11.8,42.7,0.6378
2026-01-01,E0277,R03,158.4,96.1,19.1,43.2,0.6069
2026-02-01,E0277,R03,158.4,93.2,14.7,50.5,0.5881
2026-03-01,E0277,R03,158.4,120,20.3,18.1,0.7575
2026-04-01,E0277,R03,166.4,124.3,18.4,23.7,0.7471
2026-05-01,E0277,R03,166.4,131.7,14.8,19.9,0.7916
2026-06-01,E0277,R03,158.4,107.5,8.4,42.5,0.6789
2023-01-01,E0284,R03,158.4,107.4,7.3,43.7,0.6782
2023-02-01,E0284,R03,150.4,124.6,13.6,12.2,0.8284
2023-03-01,E0284,R03,166.4,132.1,18,16.4,0.7936
2023-04-01,E0284,R03,158.4,129.3,12.8,16.3,0.8163
2023-05-01,E0284,R03,166.4,137.7,18.2,10.5,0.8276
2023-06-01,E0284,R03,158.4,110.8,19.3,28.4,0.6993
2023-07-01,E0284,R03,158.4,129.9,19.6,8.9,0.8203
2023-08-01,E0284,R03,166.4,129.4,14.8,22.2,0.7776
2023-09-01,E0284,R03,166.4,138.1,23.1,5.2,0.8297
2023-10-01,E0284,R03,150.4,116.1,9.8,24.5,0.772
2023-11-01,E0284,R03,150.4,103.8,18,28.7,0.69
2023-12-01,E0284,R03,150.4,112.2,18.8,19.5,0.7458
2024-01-01,E0284,R03,166.4,138.3,20.5,7.6,0.8312
2024-02-01,E0284,R03,158.4,113.6,17.3,27.5,0.7171
2024-03-01,E0284,R03,158.4,106.5,18.6,33.3,0.6722
2024-04-01,E0284,R03,166.4,122.5,17.9,26,0.7362
2024-05-01,E0284,R03,158.4,125.2,12.5,20.7,0.7903
2024-06-01,E0284,R03,166.4,118.5,17,30.9,0.7123
2024-07-01,E0284,R03,166.4,133.7,9.2,23.5,0.8036
2024-08-01,E0284,R03,158.4,117.4,12.5,28.4,0.7415
2024-09-01,E0284,R03,158.4,120.9,17,20.4,0.7636
2024-10-01,E0284,R03,150.4,113.4,19.2,17.7,0.754
2024-11-01,E0284,R03,166.4,121.2,16.5,28.7,0.7283
2024-12-01,E0284,R03,150.4,90.8,10.4,49.2,0.6034
2025-01-01,E0284,R03,150.4,105,20.8,24.6,0.6984
2025-02-01,E0284,R03,158.4,129.9,13.9,14.6,0.8199
2025-03-01,E0284,R03,166.4,119.9,18.5,28,0.7207
2025-04-01,E0284,R03,158.4,117.6,11.8,29,0.7426
2025-05-01,E0284,R03,166.4,134.2,19.7,12.5,0.8066
2025-06-01,E0284,R03,166.4,114.8,18.8,32.8,0.6896
2025-07-01,E0284,R03,158.4,125.6,18.6,14.2,0.7929
2025-08-01,E0284,R03,150.4,132.3,11.1,7,0.8796
2025-09-01,E0284,R03,166.4,133.5,16.9,15.9,0.8023
2025-10-01,E0284,R03,166.4,122.1,12.9,31.4,0.7336
2025-11-01,E0284,R03,150.4,116.2,19.2,15,0.7726
2025-12-01,E0284,R03,158.4,87.6,21.8,49,0.5532
2026-01-01,E0284,R03,166.4,129.4,10.6,26.4,0.7776
2026-02-01,E0284,R03,158.4,83.2,17.7,57.5,0.5254
2026-03-01,E0284,R03,166.4,113,14.7,38.7,0.6789
2026-04-01,E0284,R03,158.4,119.5,18.1,20.9,0.7541
2026-05-01,E0284,R03,158.4,123.6,13.7,21.1,0.7803
2026-06-01,E0284,R03,158.4,114.7,19,24.7,0.7244
2023-01-01,E0285,R01,166.4,108.9,16.7,40.7,0.6546
2023-02-01,E0285,R01,166.4,112.8,14.4,39.3,0.6776
2023-03-01,E0285,R01,158.4,126.9,15.6,15.8,0.8014
2023-04-01,E0285,R01,150.4,117.4,9.5,23.4,0.7807
2023-05-01,E0285,R01,158.4,112.4,15.8,30.2,0.7097
2023-06-01,E0285,R01,158.4,129,17.4,12,0.8143
2023-07-01,E0285,R01,166.4,131.1,15.9,19.3,0.7881
2023-08-01,E0285,R01,150.4,125.6,15.2,9.7,0.8351
2023-09-01,E0285,R01,158.4,119.7,16.1,22.7,0.7556
2023-10-01,E0285,R01,166.4,125.6,14.9,25.9,0.755
2023-11-01,E0285,R01,158.4,108.2,12.9,37.3,0.6829
2023-12-01,E0285,R01,158.4,115.9,18.9,23.5,0.7318
2024-01-01,E0285,R01,150.4,113.3,17.4,19.6,0.7536
2024-02-01,E0285,R01,166.4,105.2,18.2,42.9,0.6325
2024-03-01,E0285,R01,158.4,122.4,24.1,11.9,0.7726
2024-04-01,E0285,R01,158.4,135.7,11.2,11.4,0.857
2024-05-01,E0285,R01,158.4,108.3,10.7,39.4,0.6838
2024-06-01,E0285,R01,166.4,123.6,12.8,30,0.743
2024-07-01,E0285,R01,166.4,117.1,14.3,35,0.7036
2024-08-01,E0285,R01,166.4,135.1,19.3,11.9,0.812
2024-09-01,E0285,R01,166.4,131.2,20.3,15,0.7883
2024-10-01,E0285,R01,158.4,107.6,13.6,37.2,0.6791
2024-11-01,E0285,R01,150.4,107.7,10.6,32.1,0.7158
2024-12-01,E0285,R01,158.4,101.6,14.1,42.7,0.6416
2025-01-01,E0285,R01,158.4,114.8,17.6,26,0.725
2025-02-01,E0285,R01,158.4,115,16.7,26.8,0.7258
2025-03-01,E0285,R01,158.4,112.3,9.1,37,0.7089
2025-04-01,E0285,R01,150.4,101.8,17.3,31.3,0.6767
2025-05-01,E0285,R01,158.4,120.8,7.7,29.9,0.7624
2025-06-01,E0285,R01,150.4,118.3,17.6,14.4,0.7869
2025-07-01,E0285,R01,158.4,142.6,15.8,0,0.9
2025-08-01,E0285,R01,150.4,106.3,13.3,30.8,0.7067
2025-09-01,E0285,R01,150.4,101.9,10.1,38.4,0.6774
2025-10-01,E0285,R01,158.4,128.4,16.5,13.6,0.8104
2025-11-01,E0285,R01,158.4,118.6,11.9,27.9,0.749
2025-12-01,E0285,R01,158.4,109.6,14.8,34.1,0.6917
2026-01-01,E0285,R01,158.4,114.2,23.3,20.9,0.721
2026-02-01,E0285,R01,158.4,103.3,20.2,34.8,0.6524
2026-03-01,E0285,R01,166.4,105.9,12.1,48.5,0.6362
2026-04-01,E0285,R01,158.4,126.8,22.4,9.2,0.8007
2026-05-01,E0285,R01,158.4,111.8,20.5,26.1,0.7056
2026-06-01,E0285,R01,158.4,124.1,21.8,12.5,0.7834
2023-01-01,E0287,R01,150.4,104.4,15.8,30.2,0.6942
2023-02-01,E0287,R01,166.4,113.2,14.9,38.3,0.6802
2023-03-01,E0287,R01,150.4,108.9,19.1,22.4,0.7243
2023-04-01,E0287,R01,158.4,121,14,23.4,0.7636
2023-05-01,E0287,R01,158.4,126.1,14.1,18.2,0.7959
2023-06-01,E0287,R01,158.4,126.8,9.7,21.9,0.8003
2023-07-01,E0287,R01,166.4,102.9,20.4,43.1,0.6182
2023-08-01,E0287,R01,158.4,123.9,20.7,13.8,0.7824
2023-09-01,E0287,R01,166.4,122.8,19,24.6,0.7379
2023-10-01,E0287,R01,150.4,103,20.1,27.2,0.6851
2023-11-01,E0287,R01,150.4,107.7,12.5,30.2,0.716
2023-12-01,E0287,R01,158.4,115.9,12,30.6,0.7315
2024-01-01,E0287,R01,158.4,113.6,11.7,33,0.7174
2024-02-01,E0287,R01,150.4,99,10.2,41.1,0.6585
2024-03-01,E0287,R01,166.4,123,14.2,29.2,0.7394
2024-04-01,E0287,R01,158.4,117.2,19.1,22.1,0.7398
2024-05-01,E0287,R01,166.4,108.9,13.2,44.3,0.6546
2024-06-01,E0287,R01,158.4,115.2,20.3,22.9,0.7271
2024-07-01,E0287,R01,158.4,110.4,16.4,31.6,0.6971
2024-08-01,E0287,R01,166.4,125.8,9,31.6,0.756
2024-09-01,E0287,R01,166.4,116.8,18.3,31.3,0.7021
2024-10-01,E0287,R01,158.4,123,20,15.4,0.7764
2024-11-01,E0287,R01,158.4,118.1,17.9,22.4,0.7454
2024-12-01,E0287,R01,158.4,120.3,12.9,25.2,0.7595
2025-01-01,E0287,R01,158.4,124.8,15.7,17.9,0.788
2025-02-01,E0287,R01,166.4,110.2,11.1,45.1,0.6623
2025-03-01,E0287,R01,150.4,113.8,18.3,18.3,0.7567
2025-04-01,E0287,R01,150.4,113.5,17.6,19.3,0.7546
2025-05-01,E0287,R01,166.4,118.9,14.9,32.6,0.7144
2025-06-01,E0287,R01,166.4,124.1,18.7,23.6,0.746
2025-07-01,E0287,R01,150.4,102.2,15.4,32.8,0.6795
2025-08-01,E0287,R01,158.4,123.6,16.7,18.1,0.7802
2025-09-01,E0287,R01,150.4,119.3,22.2,8.8,0.7933
2025-10-01,E0287,R01,158.4,107.4,15,36,0.678
2025-11-01,E0287,R01,166.4,133.9,18.7,13.8,0.8048
2025-12-01,E0287,R01,158.4,104.2,11.5,42.8,0.6575
2026-01-01,E0287,R01,158.4,119.1,17.9,21.3,0.7522
2026-02-01,E0287,R01,166.4,111.9,17.1,37.4,0.6725
2026-03-01,E0287,R01,150.4,120,12.3,18.1,0.7979
2026-04-01,E0287,R01,158.4,137.1,14.3,7,0.8658
2026-05-01,E0287,R01,158.4,120.7,19.6,18.1,0.7619
2026-06-01,E0287,R01,150.4,118,18.1,14.4,0.7844
2023-01-01,E0290,R02,150.4,116.2,12.5,21.7,0.7724
2023-02-01,E0290,R02,158.4,120.3,15.7,22.3,0.7596
2023-03-01,E0290,R02,142.4,119.6,20.2,2.6,0.84
2023-04-01,E0290,R02,166.4,123.5,15.9,27.1,0.742
2023-05-01,E0290,R02,150.4,111.5,18.7,20.2,0.7413
2023-06-01,E0290,R02,158.4,129.3,19.2,9.9,0.8165
2023-07-01,E0290,R02,166.4,131,20.4,15,0.7874
2023-08-01,E0290,R02,166.4,124.7,18.4,23.3,0.7491
2023-09-01,E0290,R02,150.4,110.2,20.1,20.1,0.7325
2023-10-01,E0290,R02,142.4,101.7,17.3,23.3,0.7144
2023-11-01,E0290,R02,158.4,121.3,13.7,23.5,0.7655
2023-12-01,E0290,R02,166.4,113,12.9,40.5,0.6788
2024-01-01,E0290,R02,166.4,114.2,15.3,36.8,0.6865
2024-02-01,E0290,R02,166.4,106.9,9.8,49.7,0.6423
2024-03-01,E0290,R02,150.4,111.2,11.7,27.5,0.7396
2024-04-01,E0290,R02,158.4,123.8,22.2,12.4,0.7819
2024-05-01,E0290,R02,142.4,108.2,18.8,15.5,0.7595
2024-06-01,E0290,R02,158.4,108.7,13.8,35.9,0.6861
2024-07-01,E0290,R02,158.4,119.6,12.6,26.1,0.7554
2024-08-01,E0290,R02,150.4,116.7,13,20.7,0.7762
2024-09-01,E0290,R02,158.4,121.1,11,26.3,0.7643
2024-10-01,E0290,R02,158.4,123.1,12,23.3,0.7774
2024-11-01,E0290,R02,166.4,138,22.1,6.3,0.8293
2024-12-01,E0290,R02,150.4,93.6,20.4,36.4,0.622
2025-01-01,E0290,R02,158.4,98.4,18.4,41.6,0.6211
2025-02-01,E0290,R02,158.4,123.6,9.9,25,0.7801
2025-03-01,E0290,R02,166.4,127.5,17.2,21.8,0.7661
2025-04-01,E0290,R02,166.4,116.6,12.1,37.7,0.7008
2025-05-01,E0290,R02,158.4,123.1,19.7,15.7,0.777
2025-06-01,E0290,R02,166.4,126,17,23.4,0.7574
2025-07-01,E0290,R02,150.4,103.1,15.6,31.7,0.6854
2025-08-01,E0290,R02,166.4,124.2,22.8,19.4,0.7461
2025-09-01,E0290,R02,158.4,106.7,13.7,38,0.6737
2025-10-01,E0290,R02,166.4,136,18.3,12.1,0.8175
2025-11-01,E0290,R02,158.4,135.5,20.7,2.2,0.8556
2025-12-01,E0290,R02,150.4,111.7,16,22.7,0.7428
2026-01-01,E0290,R02,158.4,109.7,11.8,36.8,0.6928
2026-02-01,E0290,R02,166.4,107.6,13.7,45.1,0.6466
2026-03-01,E0290,R02,142.4,108.7,17.3,16.5,0.763
2026-04-01,E0290,R02,158.4,111.8,16.2,30.4,0.7056
2026-05-01,E0290,R02,158.4,106,19,33.4,0.6692
2026-06-01,E0290,R02,166.4,130.4,19.6,16.4,0.7834
2023-01-01,E0296,R01,142.4,88.8,8,45.5,0.6239
2023-02-01,E0296,R01,150.4,103.9,16.1,30.4,0.6909
2023-03-01,E0296,R01,158.4,121.7,19.7,17,0.7684
2023-04-01,E0296,R01,166.4,137.6,15,13.9,0.8268
2023-05-01,E0296,R01,158.4,120.5,15.5,22.4,0.761
2023-06-01,E0296,R01,158.4,120,14.5,23.9,0.7576
2023-07-01,E0296,R01,158.4,118.6,15.1,24.7,0.7489
2023-08-01,E0296,R01,166.4,133.2,15.8,17.4,0.8004
2023-09-01,E0296,R01,150.4,111.5,20.6,18.3,0.7415
2023-10-01,E0296,R01,150.4,107.4,20.4,22.6,0.7141
2023-11-01,E0296,R01,150.4,125.2,14.7,10.5,0.8323
2023-12-01,E0296,R01,150.4,103.4,15.5,31.5,0.6875
2024-01-01,E0296,R01,150.4,91.6,14.4,44.4,0.609
2024-02-01,E0296,R01,158.4,122.6,14,21.8,0.7742
2024-03-01,E0296,R01,166.4,126.3,19,21.2,0.7587
2024-04-01,E0296,R01,166.4,133.1,21.8,11.5,0.7999
2024-05-01,E0296,R01,158.4,123.4,16.3,18.7,0.7793
2024-06-01,E0296,R01,158.4,124,8,26.4,0.7828
2024-07-01,E0296,R01,150.4,134.1,13.3,3.1,0.8914
2024-08-01,E0296,R01,158.4,115.6,21.2,21.6,0.7299
2024-09-01,E0296,R01,166.4,134,17.3,15.1,0.8054
2024-10-01,E0296,R01,158.4,119.6,9.8,29,0.7551
2024-11-01,E0296,R01,158.4,120.2,15.5,22.7,0.7588
2024-12-01,E0296,R01,158.4,109.5,14.7,34.2,0.6912
2025-01-01,E0296,R01,158.4,113,12.8,32.6,0.7132
2025-02-01,E0296,R01,150.4,125.6,17.7,7.1,0.8351
2025-03-01,E0296,R01,150.4,123.9,20.9,5.7,0.8236
2025-04-01,E0296,R01,166.4,122.2,13.5,30.7,0.7345
2025-05-01,E0296,R01,166.4,125.9,11.1,29.4,0.7565
2025-06-01,E0296,R01,158.4,108.8,11.8,37.8,0.6869
2025-07-01,E0296,R01,166.4,127,23.2,16.3,0.7631
2025-08-01,E0296,R01,166.4,116.2,18.4,31.8,0.6983
2025-09-01,E0296,R01,158.4,128.1,15.2,15.1,0.8088
2025-10-01,E0296,R01,166.4,121.6,18.6,26.2,0.7309
2025-11-01,E0296,R01,150.4,105.2,14.1,31.1,0.6995
2025-12-01,E0296,R01,166.4,111.5,22.2,32.6,0.6701
2026-01-01,E0296,R01,166.4,106.3,20.1,40,0.6389
2026-02-01,E0296,R01,158.4,104.4,16.6,37.4,0.6591
2026-03-01,E0296,R01,150.4,95.1,14.5,40.8,0.6323
2026-04-01,E0296,R01,166.4,122.6,14.5,29.3,0.7369
2026-05-01,E0296,R01,166.4,127.4,16.9,22,0.7658
2026-06-01,E0296,R01,166.4,142.9,16.2,7.3,0.859
2023-01-01,E0302,R03,142.4,103.7,15.4,23.3,0.7284
2023-02-01,E0302,R03,166.4,117.4,17,32.1,0.7053
2023-03-01,E0302,R03,166.4,114.6,16.5,35.3,0.6885
2023-04-01,E0302,R03,158.4,94.1,16.9,47.4,0.594
2023-05-01,E0302,R03,166.4,124.5,21.7,20.2,0.748
2023-06-01,E0302,R03,158.4,115.8,17.5,25.1,0.7313
2023-07-01,E0302,R03,166.4,132.4,12.5,21.5,0.796
2023-01-01,E0304,R01,158.4,103.6,14.5,40.3,0.6539
2023-02-01,E0304,R01,142.4,101.7,11.9,28.8,0.7142
2023-03-01,E0304,R01,150.4,108.9,13.3,28.2,0.7239
2023-04-01,E0304,R01,166.4,101.5,16.6,48.3,0.6099
2023-05-01,E0304,R01,158.4,119.9,14.2,24.4,0.7567
2023-06-01,E0304,R01,150.4,107.7,9.6,33.1,0.7158
2023-07-01,E0304,R01,142.4,101.5,14.1,26.9,0.7127
2023-08-01,E0304,R01,166.4,111.1,22.5,32.8,0.6679
2023-09-01,E0304,R01,158.4,121.2,14.2,23,0.7651
2023-10-01,E0304,R01,150.4,107.4,14.7,28.3,0.7144
2023-11-01,E0304,R01,150.4,117.7,16.3,16.4,0.7824
2023-12-01,E0304,R01,158.4,103.3,13,42.1,0.6522
2024-01-01,E0304,R01,150.4,104.2,13.8,32.4,0.6929
2024-02-01,E0304,R01,166.4,124.1,15.1,27.2,0.7461
2024-03-01,E0304,R01,158.4,116.5,22,19.9,0.7356
2024-04-01,E0304,R01,158.4,102.9,10.2,45.3,0.6496
2024-05-01,E0304,R01,158.4,120,14,24.5,0.7573
2024-06-01,E0304,R01,150.4,116.2,21.2,13.1,0.7725
2024-07-01,E0304,R01,158.4,128.4,14.4,15.5,0.8108
2024-08-01,E0304,R01,158.4,124.4,15.6,18.4,0.7856
2024-09-01,E0304,R01,150.4,116.2,11.3,22.8,0.7727
2024-10-01,E0304,R01,166.4,121.2,15.7,29.5,0.7284
2024-11-01,E0304,R01,158.4,115.8,17,25.5,0.7312
2024-12-01,E0304,R01,158.4,107.3,17.1,34,0.6773
2025-01-01,E0304,R01,166.4,141.6,12.2,12.6,0.8511
2025-02-01,E0304,R01,158.4,113.7,9.8,34.9,0.7177
2025-03-01,E0304,R01,150.4,113,20.4,17.1,0.751
2025-04-01,E0304,R01,158.4,111.1,21.5,25.9,0.7011
2025-05-01,E0304,R01,158.4,141.5,13.2,3.7,0.8934
2025-06-01,E0304,R01,166.4,123.8,8.4,34.2,0.7439
2025-07-01,E0304,R01,158.4,111.4,12.6,34.3,0.7036
2025-08-01,E0304,R01,158.4,120.3,16.5,21.7,0.7593
2025-09-01,E0304,R01,150.4,110.7,15.7,24,0.7359
2025-10-01,E0304,R01,166.4,140.3,16.2,9.9,0.8431
2025-11-01,E0304,R01,150.4,100.4,18.4,31.6,0.6677
2025-12-01,E0304,R01,158.4,121.4,14.9,22.2,0.7661
2026-01-01,E0304,R01,158.4,114.5,12.8,31.2,0.7226
2026-02-01,E0304,R01,166.4,99.6,13.5,53.3,0.5986
2026-03-01,E0304,R01,150.4,108,11.1,31.3,0.7179
2026-04-01,E0304,R01,158.4,123.5,22.5,12.4,0.7796
2026-05-01,E0304,R01,158.4,128.5,23.4,6.5,0.8113
2026-06-01,E0304,R01,166.4,142.6,22.7,1.1,0.8571
2023-01-01,E0305,R03,158.4,125.9,8.5,24,0.7949
2023-02-01,E0305,R03,158.4,106.8,17.4,34.1,0.6745
2023-03-01,E0305,R03,158.4,127.2,14.8,16.4,0.803
2023-04-01,E0305,R03,158.4,113.9,13.6,30.9,0.7192
2023-05-01,E0305,R03,166.4,137.9,12.2,16.3,0.8287
2023-06-01,E0305,R03,150.4,118.5,15.2,16.7,0.7882
2023-07-01,E0305,R03,158.4,125.6,21.3,11.5,0.7932
2023-08-01,E0305,R03,158.4,111.6,14.3,32.5,0.7043
2023-09-01,E0305,R03,158.4,104.1,15.8,38.4,0.6575
2023-10-01,E0305,R03,158.4,126.1,20.4,11.9,0.7959
2023-11-01,E0305,R03,150.4,105.2,18.4,26.7,0.6996
2023-12-01,E0305,R03,158.4,118.3,12,28.1,0.747
2024-01-01,E0305,R03,158.4,109,17.2,32.2,0.6878
2024-02-01,E0305,R03,142.4,96.8,13.2,32.4,0.6796
2024-03-01,E0305,R03,166.4,148.1,17.6,0.7,0.8899
2024-04-01,E0305,R03,158.4,113.4,14.1,30.9,0.7158
2024-05-01,E0305,R03,158.4,132.5,12,13.9,0.8364
2024-06-01,E0305,R03,166.4,134.3,13.5,18.6,0.8073
2024-07-01,E0305,R03,166.4,128.7,18.3,19.4,0.7733
2024-08-01,E0305,R03,158.4,109.4,10.7,38.2,0.6909
2024-09-01,E0305,R03,158.4,125.6,16.5,16.3,0.7927
2024-10-01,E0305,R03,150.4,116.8,16.3,17.4,0.7765
2024-11-01,E0305,R03,166.4,129.2,19.4,17.8,0.7764
2024-12-01,E0305,R03,150.4,112,19.5,18.9,0.7446
2025-01-01,E0305,R03,158.4,105.3,20.4,32.6,0.665
2025-02-01,E0305,R03,158.4,121.3,12.2,24.9,0.7655
2025-03-01,E0305,R03,158.4,109.7,12,36.7,0.6925
2025-04-01,E0305,R03,150.4,117.7,9.2,23.5,0.7824
2025-05-01,E0305,R03,166.4,125.9,16.4,24.1,0.7565
2025-06-01,E0305,R03,158.4,127.4,11.3,19.7,0.8043
2025-07-01,E0305,R03,150.4,117.4,12.5,20.4,0.7806
2025-08-01,E0305,R03,158.4,120,11.2,27.1,0.7577
2025-09-01,E0305,R03,158.4,114.7,16.1,27.6,0.7242
2025-10-01,E0305,R03,142.4,108.4,7.2,26.7,0.7613
2025-11-01,E0305,R03,150.4,110.9,18.9,20.7,0.7371
2025-12-01,E0305,R03,158.4,109.7,15.5,33.1,0.6927
2026-01-01,E0305,R03,166.4,111.6,13,41.9,0.6705
2026-02-01,E0305,R03,158.4,106,11.6,40.9,0.6689
2026-03-01,E0305,R03,150.4,118.7,16.7,15,0.7895
2026-04-01,E0305,R03,158.4,118,20.8,19.7,0.7449
2026-05-01,E0305,R03,158.4,115.8,16.2,26.4,0.731
2026-06-01,E0305,R03,166.4,127,15,24.4,0.7631
2023-01-01,E0316,R02,158.4,125.2,18,15.2,0.7905
2023-02-01,E0316,R02,150.4,119.3,16.5,14.6,0.7933
2023-03-01,E0316,R02,150.4,110.3,13.9,26.2,0.7333
2023-04-01,E0316,R02,158.4,125.7,16.9,15.8,0.7933
2023-05-01,E0316,R02,150.4,122.4,12.5,15.4,0.8141
2023-06-01,E0316,R02,158.4,102.1,13.6,42.7,0.6443
2023-07-01,E0316,R02,158.4,98.2,18.3,41.9,0.6201
2023-08-01,E0316,R02,166.4,129.4,13.7,23.3,0.7775
2023-09-01,E0316,R02,150.4,112.1,11,27.3,0.7456
2023-10-01,E0316,R02,150.4,115.9,6,28.5,0.7706
2023-11-01,E0316,R02,166.4,120.9,13.2,32.3,0.7267
2023-12-01,E0316,R02,166.4,110.3,13,43.1,0.6629
2024-01-01,E0316,R02,150.4,93.1,9.9,47.4,0.6188
2024-02-01,E0316,R02,150.4,109,13,28.4,0.725
2024-03-01,E0316,R02,150.4,106,20.9,23.5,0.7049
2024-04-01,E0316,R02,158.4,119.6,8.7,30.1,0.7551
2024-05-01,E0316,R02,150.4,130.9,18,1.5,0.8701
2024-06-01,E0316,R02,158.4,104,21.5,32.9,0.6567
2024-07-01,E0316,R02,166.4,112.7,22.2,31.5,0.6774
2024-08-01,E0316,R02,150.4,92.9,10,47.5,0.6178
2024-09-01,E0316,R02,158.4,123.6,15.8,19,0.7802
2024-10-01,E0316,R02,166.4,119.4,13.2,33.7,0.7178
2024-11-01,E0316,R02,150.4,117,9.8,23.6,0.778
2024-12-01,E0316,R02,142.4,94.1,13.5,34.7,0.6611
2025-01-01,E0316,R02,166.4,112.3,6.7,47.4,0.675
2025-02-01,E0316,R02,158.4,101.5,12.5,44.4,0.641
2025-03-01,E0316,R02,158.4,110.9,14.2,33.2,0.7002
2025-04-01,E0316,R02,142.4,125.9,16.3,0.2,0.8838
2025-05-01,E0316,R02,158.4,122.8,19.6,15.9,0.7755
2025-06-01,E0316,R02,166.4,119.3,22,25.1,0.7167
2025-07-01,E0316,R02,158.4,123.4,8.7,26.3,0.7787
2025-08-01,E0316,R02,166.4,124.3,18.7,23.3,0.7471
2025-09-01,E0316,R02,142.4,112.2,10.5,19.7,0.7882
2025-10-01,E0316,R02,150.4,116,11,23.4,0.7713
2025-11-01,E0316,R02,158.4,124.6,11.5,22.3,0.7863
2025-12-01,E0316,R02,158.4,96.2,17.2,44.9,0.6075
2026-01-01,E0316,R02,158.4,118.5,13.8,26.2,0.7479
2026-02-01,E0316,R02,158.4,115.2,16.4,26.9,0.727
2026-03-01,E0316,R02,158.4,99.4,18,41,0.6274
2026-04-01,E0316,R02,142.4,126.4,16,0,0.8876
2026-05-01,E0316,R02,150.4,115.9,19.9,14.6,0.7706
2026-06-01,E0316,R02,166.4,134.7,12.8,18.9,0.8097
2023-01-01,E0319,R01,166.4,123.2,17,26.2,0.7404
2023-02-01,E0319,R01,166.4,116.2,22.9,27.2,0.6984
2023-03-01,E0319,R01,158.4,121.6,16,20.8,0.7677
2023-04-01,E0319,R01,166.4,126,15.4,25,0.7575
2023-05-01,E0319,R01,158.4,126.4,17.4,14.6,0.7978
2023-06-01,E0319,R01,158.4,125.7,18.6,14.1,0.7938
2023-07-01,E0319,R01,150.4,116.8,18.1,15.4,0.7769
2023-08-01,E0319,R01,158.4,122.4,18.1,17.9,0.7729
2023-09-01,E0319,R01,166.4,110,21.7,34.7,0.6609
2023-10-01,E0319,R01,166.4,133,21,12.4,0.7992
2023-11-01,E0319,R01,150.4,114.8,17.7,17.9,0.7631
2023-12-01,E0319,R01,166.4,126.9,14.6,24.9,0.7627
2024-01-01,E0319,R01,142.4,89.9,13.8,38.7,0.6312
2024-02-01,E0319,R01,158.4,117.1,15.3,26,0.7395
2024-03-01,E0319,R01,158.4,106.4,17.2,34.9,0.6716
2024-04-01,E0319,R01,150.4,115.1,15.4,19.9,0.7652
2024-05-01,E0319,R01,166.4,125.6,14.1,26.7,0.7549
2024-06-01,E0319,R01,142.4,114,6.6,21.7,0.8009
2024-07-01,E0319,R01,142.4,105.9,16.2,20.3,0.7435
2024-08-01,E0319,R01,166.4,125.7,25.4,15.3,0.7555
2024-09-01,E0319,R01,158.4,112.9,14.9,30.5,0.713
2024-10-01,E0319,R01,166.4,122.7,9.3,34.4,0.7375
2024-11-01,E0319,R01,166.4,128.8,18.2,19.5,0.7738
2024-12-01,E0319,R01,158.4,108.6,12.2,37.7,0.6855
2025-01-01,E0319,R01,150.4,117.8,16.2,16.4,0.7834
2025-02-01,E0319,R01,158.4,125.3,21.3,11.8,0.7911
2025-03-01,E0319,R01,158.4,134.4,13,11,0.8484
2025-04-01,E0319,R01,150.4,109.9,10.2,30.3,0.731
2025-05-01,E0319,R01,158.4,127.7,16.4,14.2,0.8064
2025-06-01,E0319,R01,158.4,126.8,16.9,14.8,0.8003
2025-07-01,E0319,R01,142.4,99.8,12.3,30.3,0.7007
2025-08-01,E0319,R01,166.4,127.4,16.4,22.7,0.7654
2025-09-01,E0319,R01,150.4,120.9,15.1,14.4,0.8041
2025-10-01,E0319,R01,150.4,118,14.6,17.8,0.7849
2025-11-01,E0319,R01,150.4,129.8,16.6,4,0.8632
2025-12-01,E0319,R01,150.4,110.6,14.3,25.5,0.7355
2026-01-01,E0319,R01,150.4,95.1,12.9,42.4,0.6322
2026-02-01,E0319,R01,158.4,119.6,12.4,26.3,0.7553
2026-03-01,E0319,R01,166.4,113.4,15.6,37.4,0.6816
2026-04-01,E0319,R01,158.4,119.7,12,26.7,0.756
2026-05-01,E0319,R01,158.4,120.5,17.1,20.8,0.7608
2026-06-01,E0319,R01,150.4,112.9,13.1,24.4,0.7505
2023-01-01,E0323,R01,166.4,126.6,14.9,24.9,0.7608
2023-02-01,E0323,R01,166.4,119,20.3,27.2,0.7149
2023-03-01,E0323,R01,158.4,125.4,22.5,10.5,0.7919
2023-04-01,E0323,R01,158.4,132.6,14.3,11.5,0.8374
2023-05-01,E0323,R01,166.4,126.5,17.7,22.3,0.7601
2023-06-01,E0323,R01,158.4,114.9,17.3,26.1,0.7257
2023-07-01,E0323,R01,158.4,124.1,18,16.3,0.7837
2023-11-01,E0331,R02,158.4,134.2,16,8.2,0.8472
2023-12-01,E0331,R02,150.4,94.2,11.2,44.9,0.6266
2024-01-01,E0331,R02,158.4,118.3,22.4,17.7,0.7469
2024-02-01,E0331,R02,150.4,111.7,11.1,27.6,0.7429
2024-03-01,E0331,R02,166.4,115.5,13.3,37.6,0.6939
2024-04-01,E0331,R02,158.4,134.8,13.3,10.3,0.8512
2024-05-01,E0331,R02,158.4,106.7,10.4,41.3,0.6736
2024-06-01,E0331,R02,166.4,119.8,17.9,28.8,0.7197
2024-07-01,E0331,R02,166.4,121.9,15.5,29,0.7325
2024-08-01,E0331,R02,158.4,115.5,10.3,32.6,0.7291
2024-09-01,E0331,R02,158.4,105.1,15.9,37.4,0.6633
2024-10-01,E0331,R02,158.4,124.7,20.9,12.8,0.7874
2024-11-01,E0331,R02,150.4,118.3,21.3,10.8,0.7868
2024-12-01,E0331,R02,158.4,113,18.2,27.2,0.7136
2025-01-01,E0331,R02,158.4,125.8,28.4,4.2,0.7941
2025-02-01,E0331,R02,158.4,100.4,16.7,41.4,0.6336
2025-03-01,E0331,R02,142.4,116.5,12.7,13.2,0.8182
2025-04-01,E0331,R02,166.4,140.4,15.1,10.8,0.844
2025-05-01,E0331,R02,150.4,96.1,19.9,34.4,0.6387
2025-06-01,E0331,R02,150.4,122.7,16,11.8,0.8155
2025-07-01,E0331,R02,166.4,131.3,26.8,8.4,0.7888
2025-08-01,E0331,R02,158.4,115.6,15,27.8,0.7297
2025-09-01,E0331,R02,158.4,121.5,17.1,19.8,0.7671
2025-10-01,E0331,R02,158.4,115.9,12.5,30,0.7315
2025-11-01,E0331,R02,158.4,112.9,17,28.4,0.7131
2025-12-01,E0331,R02,158.4,105.5,16.6,36.3,0.666
2026-01-01,E0331,R02,166.4,97.7,15.1,53.6,0.5871
2026-02-01,E0331,R02,158.4,103.3,19.5,35.6,0.6522
2026-03-01,E0331,R02,158.4,113.5,12.4,32.4,0.7168
2026-04-01,E0331,R02,166.4,124,23.7,18.7,0.7452
2026-05-01,E0331,R02,150.4,127.1,22.5,0.8,0.8448
2026-06-01,E0331,R02,166.4,128,21.9,16.5,0.7693
2023-09-01,E0340,R02,158.4,125.1,16.2,17,0.7901
2023-10-01,E0340,R02,158.4,106.6,16.6,35.3,0.6728
2023-11-01,E0340,R02,158.4,126.2,18.5,13.7,0.7966
2023-12-01,E0340,R02,150.4,101.7,16.8,31.9,0.6764
2024-01-01,E0340,R02,166.4,124.8,18.1,23.5,0.7501
2024-02-01,E0340,R02,166.4,139.7,21.8,4.9,0.8398
2024-03-01,E0340,R02,158.4,118.3,16.3,23.8,0.747
2024-04-01,E0340,R02,150.4,119,16.6,14.8,0.7915
2024-05-01,E0340,R02,166.4,132.7,15.8,17.9,0.7973
2024-06-01,E0340,R02,158.4,116.9,15.9,25.6,0.7381
2024-07-01,E0340,R02,142.4,104.9,15.4,22.1,0.7368
2024-08-01,E0340,R02,158.4,121.2,13.7,23.5,0.7652
2024-09-01,E0340,R02,158.4,113.5,9.3,35.6,0.7167
2024-10-01,E0340,R02,166.4,115.7,15.2,35.4,0.6956
2024-11-01,E0340,R02,150.4,117.2,17.5,15.8,0.7791
2024-12-01,E0340,R02,158.4,109.4,15.2,33.7,0.6909
2025-01-01,E0340,R02,166.4,117.1,21.3,28,0.7036
2025-02-01,E0340,R02,158.4,102.4,16.4,39.6,0.6464
2025-03-01,E0340,R02,158.4,122.9,20.8,14.7,0.7758
2025-04-01,E0340,R02,150.4,119,15.2,16.3,0.7909
2025-05-01,E0340,R02,150.4,116.1,9.8,24.6,0.7717
2025-06-01,E0340,R02,166.4,131.2,14.8,20.4,0.7884
2025-07-01,E0340,R02,166.4,131.3,9.3,25.8,0.7891
2025-08-01,E0340,R02,166.4,114.4,23.3,28.7,0.6877
2025-09-01,E0340,R02,166.4,123.5,12.2,30.7,0.7419
2025-10-01,E0340,R02,142.4,108.8,14.8,18.8,0.764
2025-11-01,E0340,R02,158.4,113.9,17.9,26.6,0.7189
2025-12-01,E0340,R02,150.4,94.5,10.5,45.4,0.6286
2026-01-01,E0340,R02,150.4,90.1,20.7,39.7,0.5988
2026-02-01,E0340,R02,150.4,98.6,17.9,33.9,0.6555
2026-03-01,E0340,R02,158.4,98.6,16.2,43.6,0.6223
2026-04-01,E0340,R02,150.4,114.2,13.2,23,0.7596
2026-05-01,E0340,R02,158.4,126.2,9.8,22.4,0.7966
2026-06-01,E0340,R02,150.4,102.8,15.3,32.3,0.6833
2023-12-01,E0347,R01,150.4,98.9,13.2,38.3,0.6573
2024-01-01,E0347,R01,166.4,102,21.7,42.7,0.6127
2024-02-01,E0347,R01,166.4,134.4,15.5,16.5,0.8079
2024-03-01,E0347,R01,158.4,124.5,13.5,20.4,0.7858
2024-04-01,E0347,R01,158.4,112.3,14.9,31.1,0.7092
2024-05-01,E0347,R01,166.4,126.9,13.5,26,0.7628
2024-06-01,E0347,R01,158.4,108.7,19.1,30.6,0.6865
2024-07-01,E0347,R01,158.4,114.1,21.1,23.2,0.7203
2024-08-01,E0347,R01,166.4,124.9,16.3,25.2,0.7505
2024-09-01,E0347,R01,166.4,102.2,24,40.1,0.6143
2024-10-01,E0347,R01,150.4,122.7,18.3,9.4,0.8157
2024-11-01,E0347,R01,158.4,115.2,17.9,25.4,0.7271
2024-12-01,E0347,R01,158.4,119.2,12.6,26.5,0.7527
2025-01-01,E0347,R01,158.4,116.3,20.3,21.8,0.7341
2025-02-01,E0347,R01,166.4,116.7,14.3,35.5,0.7012
2025-03-01,E0347,R01,150.4,100.4,14.4,35.6,0.6674
2025-04-01,E0347,R01,150.4,107.9,24.3,18.1,0.7176
2025-05-01,E0347,R01,166.4,129.1,22.7,14.6,0.776
2025-06-01,E0347,R01,158.4,102.5,8,47.9,0.6468
2025-07-01,E0347,R01,158.4,128,20.6,9.8,0.8081
2025-08-01,E0347,R01,158.4,110.4,19.9,28.1,0.6973
2025-09-01,E0347,R01,158.4,131.2,12.3,14.9,0.8283
2025-10-01,E0347,R01,158.4,128.9,14.2,15.3,0.8139
2025-11-01,E0347,R01,158.4,127.8,24.6,6.1,0.8067
2025-12-01,E0347,R01,166.4,117.9,17.1,31.4,0.7088
2026-01-01,E0347,R01,158.4,94.6,8,55.9,0.5971
2026-02-01,E0347,R01,150.4,131.9,15,3.6,0.8768
2026-03-01,E0347,R01,150.4,97.1,13.1,40.2,0.6457
2026-04-01,E0347,R01,150.4,99.9,13.2,37.4,0.664
2026-05-01,E0347,R01,158.4,128.1,19.8,10.5,0.8084
2026-06-01,E0347,R01,158.4,116.2,14.1,28,0.7338
2023-04-01,E0352,R02,158.4,109.1,16.5,32.8,0.6885
2023-05-01,E0352,R02,150.4,110.1,14.2,26,0.7321
2023-06-01,E0352,R02,158.4,118,21.8,18.6,0.745
2023-07-01,E0352,R02,158.4,115.5,12.5,30.4,0.7294
2023-08-01,E0352,R02,158.4,122,8.7,27.8,0.7701
2023-09-01,E0352,R02,166.4,115.8,14.4,36.2,0.696
2023-10-01,E0352,R02,158.4,116.5,18.1,23.8,0.7357
2023-11-01,E0352,R02,158.4,140.5,17.9,0,0.8871
2023-12-01,E0352,R02,158.4,102.4,19.1,36.9,0.6468
2024-01-01,E0352,R02,158.4,121.5,18.7,18.3,0.7668
2024-02-01,E0352,R02,150.4,121.3,16.1,13,0.8064
2024-03-01,E0352,R02,166.4,134.1,12,20.3,0.8062
2024-04-01,E0352,R02,158.4,122.2,15.6,20.5,0.7718
2024-05-01,E0352,R02,158.4,120.1,22,16.3,0.7584
2024-06-01,E0352,R02,150.4,101.3,15.8,33.3,0.6734
2024-07-01,E0352,R02,150.4,94.8,10.7,44.9,0.6303
2024-08-01,E0352,R02,158.4,122.3,17.8,18.3,0.7721
2024-09-01,E0352,R02,150.4,116.7,16.6,17.1,0.7759
2024-10-01,E0352,R02,158.4,123.5,15.5,19.4,0.7799
2024-11-01,E0352,R02,158.4,121.4,19.3,17.6,0.7666
2024-12-01,E0352,R02,158.4,114.3,16.9,27.2,0.7215
2025-01-01,E0352,R02,158.4,109.7,9.6,39.1,0.6925
2025-02-01,E0352,R02,150.4,103.9,16.8,29.8,0.6906
2025-03-01,E0352,R02,158.4,121.9,13.5,23.1,0.7694
2025-04-01,E0352,R02,158.4,112.5,8.9,37,0.7103
2025-05-01,E0352,R02,158.4,126.8,18.3,13.3,0.8008
2025-06-01,E0352,R02,150.4,122.3,15.3,12.7,0.8133
2025-07-01,E0352,R02,158.4,112.2,13.3,32.9,0.7085
2025-08-01,E0352,R02,158.4,142.6,14.3,1.6,0.9
2025-09-01,E0352,R02,158.4,108.1,17,33.2,0.6827
2025-10-01,E0352,R02,166.4,124.7,15.3,26.4,0.7492
2025-11-01,E0352,R02,150.4,113.6,17.8,19,0.7555
2025-12-01,E0352,R02,158.4,120.8,14.1,23.5,0.7625
2026-01-01,E0352,R02,158.4,108.8,16.1,33.4,0.6871
2026-02-01,E0352,R02,158.4,93.6,11,53.8,0.5907
2026-03-01,E0352,R02,166.4,108,10.1,48.3,0.6488
2026-04-01,E0352,R02,150.4,108.2,13.1,29.1,0.7195
2026-05-01,E0352,R02,158.4,113.5,10,34.9,0.7168
2026-06-01,E0352,R02,166.4,129.8,12.8,23.8,0.7801
2023-04-01,E0353,R04,150.4,128.6,11,10.8,0.8548
2023-05-01,E0353,R04,150.4,111.9,13,25.4,0.7443
2023-06-01,E0353,R04,150.4,103.8,18.8,27.8,0.6903
2023-07-01,E0353,R04,166.4,129.4,12.5,24.5,0.7777
2023-08-01,E0353,R04,158.4,107.5,14.8,36,0.679
2023-09-01,E0353,R04,150.4,113,20.3,17.1,0.7513
2023-10-01,E0353,R04,158.4,125.8,20.3,12.3,0.7944
2023-11-01,E0353,R04,166.4,140.6,10.2,15.6,0.8448
2023-12-01,E0353,R04,166.4,118.9,24.2,23.3,0.7148
2024-01-01,E0353,R04,150.4,106.4,21.1,23,0.7072
2024-02-01,E0353,R04,166.4,149.8,16.6,0,0.9
2024-03-01,E0353,R04,166.4,125.8,12.3,28.3,0.7557
2024-04-01,E0353,R04,150.4,125.6,9,15.8,0.8352
2024-05-01,E0353,R04,166.4,122,16.3,28.2,0.7329
2024-06-01,E0353,R04,158.4,111.6,21,25.8,0.7043
2024-07-01,E0353,R04,166.4,130.4,17.8,18.3,0.7835
2024-08-01,E0353,R04,142.4,110.3,12.4,19.7,0.7747
2024-09-01,E0353,R04,158.4,115.7,18.6,24.1,0.7306
2024-10-01,E0353,R04,166.4,134.8,19.3,12.3,0.8101
2024-11-01,E0353,R04,166.4,131.4,13,22,0.7896
2024-12-01,E0353,R04,166.4,117.4,20.8,28.2,0.7054
2023-07-01,E0361,R04,158.4,132.2,22,4.2,0.8345
2023-08-01,E0361,R04,158.4,126.6,15.9,15.9,0.7994
2023-09-01,E0361,R04,142.4,100.7,12.7,29,0.7072
2023-10-01,E0361,R04,158.4,119.2,14.1,25.1,0.7522
2023-11-01,E0361,R04,158.4,112.5,11,34.9,0.71
2023-12-01,E0361,R04,166.4,113.9,18,34.5,0.6844
2024-01-01,E0361,R04,150.4,100.4,12.9,37.1,0.6679
2024-02-01,E0361,R04,150.4,96.3,23.6,30.5,0.6402
2024-03-01,E0361,R04,166.4,124.1,17.6,24.7,0.7458
2024-04-01,E0361,R04,158.4,121.9,16.7,19.9,0.7694
2024-05-01,E0361,R04,150.4,109.5,18.7,22.2,0.728
2024-06-01,E0361,R04,158.4,124.8,23.6,10,0.788
2024-07-01,E0361,R04,150.4,124.1,12.1,14.2,0.8254
2024-08-01,E0361,R04,150.4,112.8,15.9,21.7,0.7502
2024-09-01,E0361,R04,166.4,115.2,13.7,37.5,0.6925
2024-10-01,E0361,R04,158.4,120.5,18.7,19.3,0.7607
2024-11-01,E0361,R04,150.4,100.9,15.3,34.2,0.6709
2024-12-01,E0361,R04,158.4,109.1,12.4,36.8,0.689
2025-01-01,E0361,R04,142.4,104.2,14.7,23.5,0.7318
2025-02-01,E0361,R04,150.4,106.3,13.6,30.5,0.7071
2025-03-01,E0361,R04,158.4,111.9,19.3,27.1,0.7066
2025-04-01,E0361,R04,158.4,133.6,17.7,7.1,0.8434
2025-05-01,E0361,R04,158.4,131.3,13.7,13.4,0.829
2025-06-01,E0361,R04,158.4,105.7,19.7,33,0.6675
2025-07-01,E0361,R04,150.4,108.4,14.7,27.3,0.7207
2025-08-01,E0361,R04,142.4,113.3,14.6,14.5,0.7955
2025-09-01,E0361,R04,166.4,119.6,13.3,33.5,0.7187
2025-10-01,E0361,R04,158.4,117.4,20.3,20.7,0.7412
2025-11-01,E0361,R04,158.4,120.7,20.5,17.2,0.762
2025-12-01,E0361,R04,158.4,105,13.1,40.3,0.6631
2026-01-01,E0361,R04,166.4,120.7,17.6,28.1,0.7255
2026-02-01,E0361,R04,166.4,119.3,17.3,29.8,0.717
2026-03-01,E0361,R04,150.4,103.5,14.2,32.6,0.6885
2026-04-01,E0361,R04,150.4,123.2,22,5.2,0.8194
2026-05-01,E0361,R04,166.4,133.4,20.7,12.3,0.8014
2026-06-01,E0361,R04,158.4,115.4,12,31,0.7286
2023-04-01,E0368,R03,158.4,117.3,22.7,18.4,0.7404
2023-05-01,E0368,R03,158.4,128.5,18.4,11.5,0.8115
2023-06-01,E0368,R03,166.4,120,15.6,30.8,0.7212
2023-07-01,E0368,R03,158.4,105.7,11.3,41.4,0.6673
2023-08-01,E0368,R03,158.4,116,15.2,27.2,0.7326
2023-09-01,E0368,R03,150.4,108.1,13.9,28.4,0.7185
2023-10-01,E0368,R03,158.4,117.5,23,17.8,0.742
2023-11-01,E0368,R03,158.4,115.6,17.3,25.5,0.7301
2023-12-01,E0368,R03,158.4,98,17.6,42.8,0.6189
2024-01-01,E0368,R03,158.4,124.2,18.3,15.9,0.784
2024-02-01,E0368,R03,158.4,117,20.5,20.9,0.7386
2024-03-01,E0368,R03,150.4,108.5,14.6,27.3,0.7214
2024-04-01,E0368,R03,158.4,120.1,12.5,25.8,0.758
2024-05-01,E0368,R03,158.4,121.2,19.1,18.1,0.765
2024-06-01,E0368,R03,158.4,118.5,17,22.9,0.7481
2024-07-01,E0368,R03,158.4,125.8,10.3,22.3,0.7939
2024-08-01,E0368,R03,150.4,116.4,14.4,19.6,0.774
2024-09-01,E0368,R03,142.4,98.7,15.3,28.3,0.6932
2024-10-01,E0368,R03,158.4,122.7,16.3,19.5,0.7744
2024-11-01,E0368,R03,150.4,116.9,15.6,17.9,0.7771
2024-12-01,E0368,R03,150.4,113.8,13.9,22.7,0.7566
2025-01-01,E0368,R03,166.4,96.8,19.8,49.8,0.5819
2025-02-01,E0368,R03,150.4,102.5,12.9,34.9,0.6817
2025-03-01,E0368,R03,166.4,123.5,16.4,26.5,0.7423
2025-04-01,E0368,R03,166.4,123.1,15,28.4,0.7396
2025-05-01,E0368,R03,150.4,131.4,15,4,0.8739
2025-06-01,E0368,R03,150.4,117.9,9.8,22.7,0.784
2025-07-01,E0368,R03,166.4,116.2,12.5,37.8,0.6981
2025-08-01,E0368,R03,158.4,123.3,19.5,15.6,0.7784
2025-09-01,E0368,R03,150.4,119.9,7.4,23.1,0.7973
2025-10-01,E0368,R03,166.4,109.5,6.7,50.2,0.6581
2025-11-01,E0368,R03,158.4,130.3,16.7,11.4,0.8226
2025-12-01,E0368,R03,158.4,110,11.4,36.9,0.6946
2026-01-01,E0368,R03,150.4,110.8,12.8,26.9,0.7365
2026-02-01,E0368,R03,150.4,110,9.5,30.9,0.7311
2026-03-01,E0368,R03,158.4,104,17.3,37.2,0.6563
2026-04-01,E0368,R03,142.4,101.8,16.8,23.9,0.7146
2026-05-01,E0368,R03,166.4,129.6,17.1,19.7,0.7787
2026-06-01,E0368,R03,166.4,120.9,16.6,28.9,0.7266
2023-08-01,E0371,R01,142.4,122.2,17.2,3,0.8581
2023-09-01,E0371,R01,166.4,120.9,13.5,32,0.7263
2023-10-01,E0371,R01,150.4,121.2,14.1,15.1,0.8058
2023-11-01,E0371,R01,150.4,120.6,17.6,12.2,0.8018
2023-12-01,E0371,R01,158.4,122.1,10.8,25.5,0.7711
2024-01-01,E0371,R01,166.4,121,12.4,32.9,0.7274
2024-02-01,E0371,R01,158.4,111.2,16.7,30.5,0.7022
2024-03-01,E0371,R01,166.4,128,15.5,22.9,0.7691
2024-04-01,E0371,R01,150.4,111.7,13.9,24.8,0.7429
2024-05-01,E0371,R01,166.4,120.6,18.7,27.1,0.7247
2024-06-01,E0371,R01,150.4,124.4,7.7,18.4,0.827
2024-07-01,E0371,R01,158.4,111.2,15.8,31.4,0.7022
2024-08-01,E0371,R01,166.4,128.4,11.3,26.7,0.7717
2024-09-01,E0371,R01,158.4,122.6,17,18.9,0.7739
2024-10-01,E0371,R01,158.4,110,19.8,28.6,0.6945
2024-11-01,E0371,R01,158.4,118.4,18.2,21.8,0.7473
2024-12-01,E0371,R01,158.4,113.4,13.5,31.5,0.716
2025-01-01,E0371,R01,150.4,112.7,13.7,24,0.7496
2025-02-01,E0371,R01,158.4,116.9,15.8,25.7,0.738
2025-03-01,E0371,R01,166.4,125.2,15.8,25.4,0.7521
2025-04-01,E0371,R01,158.4,113.3,16.9,28.2,0.7153
2025-05-01,E0371,R01,150.4,115.9,16.9,17.5,0.7708
2025-06-01,E0371,R01,158.4,122.1,16.1,20.1,0.7711
2025-07-01,E0371,R01,166.4,126.2,14.2,25.9,0.7586
2025-08-01,E0371,R01,166.4,120,9.4,37,0.7211
2025-09-01,E0371,R01,166.4,141.2,8,17.2,0.8486
2025-10-01,E0371,R01,166.4,121.5,9.8,35.1,0.7301
2025-11-01,E0371,R01,150.4,116.8,10.8,22.8,0.7766
2025-12-01,E0371,R01,158.4,126.4,11,21,0.7981
2026-01-01,E0371,R01,166.4,125.3,18.8,22.3,0.7533
2026-02-01,E0371,R01,166.4,115.3,19,32.1,0.6927
2026-03-01,E0371,R01,166.4,130,17.6,18.9,0.7811
2026-04-01,E0371,R01,158.4,108,17.3,33.1,0.6815
2026-05-01,E0371,R01,166.4,145.4,17.7,3.3,0.8735
2026-06-01,E0371,R01,150.4,135.4,10.5,4.5,0.9
2023-08-01,E0380,R02,142.4,107.6,15.1,19.7,0.7556
2023-09-01,E0380,R02,158.4,122.5,20.2,15.7,0.7736
2023-10-01,E0380,R02,166.4,123.7,15.8,26.9,0.7437
2023-11-01,E0380,R02,158.4,115.4,7.4,35.6,0.7288
2023-12-01,E0380,R02,158.4,108.2,11.9,38.3,0.6828
2024-01-01,E0380,R02,166.4,102.5,10.1,53.8,0.6161
2024-02-01,E0380,R02,158.4,111,8.9,38.5,0.7006
2024-03-01,E0380,R02,150.4,121.3,15.5,13.7,0.8063
2024-04-01,E0380,R02,166.4,131.6,14.2,20.6,0.7908
2024-05-01,E0380,R02,150.4,114.3,20.3,15.8,0.7599
2024-06-01,E0380,R02,166.4,114,11.9,40.5,0.6853
2024-07-01,E0380,R02,142.4,110.6,15.2,16.6,0.7767
2024-08-01,E0380,R02,158.4,121,13.5,23.9,0.7636
2024-09-01,E0380,R02,158.4,117.9,14.8,25.7,0.744
2024-10-01,E0380,R02,158.4,129.9,17.1,11.5,0.8198
2024-11-01,E0380,R02,166.4,142.8,13.3,10.3,0.8582
2024-12-01,E0380,R02,150.4,114.8,14.1,21.5,0.7635
2025-01-01,E0380,R02,150.4,102,13.1,35.4,0.6779
2025-02-01,E0380,R02,150.4,96.2,11.3,42.8,0.6399
2025-03-01,E0380,R02,158.4,100.3,10.4,47.7,0.6335
2025-04-01,E0380,R02,158.4,116.2,18.8,23.4,0.7334
2025-05-01,E0380,R02,158.4,121,22.9,14.5,0.7637
2025-06-01,E0380,R02,158.4,101,15.9,41.5,0.6377
2025-07-01,E0380,R02,166.4,119.7,23.2,23.5,0.7193
2025-08-01,E0380,R02,166.4,118.4,16.3,31.6,0.7118
2025-09-01,E0380,R02,166.4,123.7,17.3,25.4,0.7435
2025-10-01,E0380,R02,158.4,124.3,17.1,17.1,0.7844
2025-11-01,E0380,R02,158.4,121,20.8,16.5,0.7642
2025-12-01,E0380,R02,166.4,112.7,18.5,35.2,0.6773
2026-01-01,E0380,R02,150.4,96.1,12.2,42.1,0.6391
2026-02-01,E0380,R02,158.4,120,15.9,22.5,0.7574
2026-03-01,E0380,R02,158.4,138.1,20.3,0,0.872
2026-04-01,E0380,R02,158.4,121.1,14.2,23.1,0.7644
2026-05-01,E0380,R02,158.4,129.4,16.4,12.7,0.8168
2026-06-01,E0380,R02,166.4,130.2,17.4,18.8,0.7822
2023-09-01,E0383,R01,150.4,119.6,10.9,20,0.7951
2023-10-01,E0383,R01,158.4,120.9,11.7,25.9,0.7631
2023-11-01,E0383,R01,166.4,140,15.5,10.9,0.8412
2023-12-01,E0383,R01,158.4,116.4,17.3,24.8,0.7347
2024-01-01,E0383,R01,166.4,108.5,16,41.9,0.6522
2024-02-01,E0383,R01,150.4,116.8,11.7,21.9,0.7766
2024-03-01,E0383,R01,166.4,122.7,19.3,24.4,0.7372
2024-04-01,E0383,R01,158.4,114.2,13.2,30.9,0.7212
2024-05-01,E0383,R01,166.4,136.6,18.8,11,0.8211
2024-06-01,E0383,R01,142.4,107.4,17.6,17.4,0.7544
2024-07-01,E0383,R01,150.4,120.4,22.3,7.7,0.8006
2024-08-01,E0383,R01,150.4,109.6,13.4,27.3,0.7291
2024-09-01,E0383,R01,166.4,129.7,11.4,25.3,0.7794
2024-10-01,E0383,R01,158.4,122.5,19,16.9,0.7735
2024-11-01,E0383,R01,166.4,130.3,15.8,20.3,0.7828
2024-12-01,E0383,R01,158.4,111.9,17.3,29.2,0.7063
2025-01-01,E0383,R01,158.4,95.4,18.3,44.7,0.602
2025-02-01,E0383,R01,150.4,109.7,9.9,30.8,0.7293
2025-03-01,E0383,R01,150.4,113.4,16.1,20.8,0.7542
2025-04-01,E0383,R01,166.4,115.3,16.6,34.5,0.693
2025-05-01,E0383,R01,166.4,119.6,20.1,26.8,0.7185
2025-06-01,E0383,R01,150.4,111.4,20.9,18.1,0.7405
2025-07-01,E0383,R01,158.4,132.1,19.2,7,0.8341
2025-08-01,E0383,R01,158.4,106.8,9.1,42.5,0.6743
2025-09-01,E0383,R01,166.4,112.2,15.5,38.7,0.6745
2025-10-01,E0383,R01,150.4,114.2,23.3,12.9,0.7592
2025-11-01,E0383,R01,158.4,114.8,14,29.6,0.7247
2025-12-01,E0383,R01,150.4,104.4,7.7,38.3,0.6939
2026-01-01,E0383,R01,158.4,102.4,19.2,36.8,0.6463
2026-02-01,E0383,R01,158.4,104.1,15.9,38.5,0.657
2026-03-01,E0383,R01,158.4,106.5,15.4,36.5,0.6724
2026-04-01,E0383,R01,158.4,120.8,15,22.6,0.7626
2026-05-01,E0383,R01,166.4,127.7,17.9,20.8,0.7673
2026-06-01,E0383,R01,166.4,141,17.6,7.8,0.8475
2024-10-01,E0388,R02,158.4,120.5,15.4,22.5,0.7605
2024-11-01,E0388,R02,158.4,121.3,11.4,25.7,0.766
2024-12-01,E0388,R02,150.4,90.6,13.3,46.5,0.6022
2025-01-01,E0388,R02,150.4,106.2,9.4,34.8,0.7061
2025-02-01,E0388,R02,166.4,125.2,15.8,25.5,0.7522
2025-03-01,E0388,R02,158.4,116.3,11.7,30.4,0.7341
2025-04-01,E0388,R02,158.4,127.2,9,22.2,0.8029
2025-05-01,E0388,R02,166.4,124,10.6,31.8,0.7451
2025-06-01,E0388,R02,150.4,119.8,17.6,13,0.7967
2025-07-01,E0388,R02,142.4,116.7,16.3,9.4,0.8195
2025-08-01,E0388,R02,158.4,126.3,19.3,12.8,0.7973
2025-09-01,E0388,R02,166.4,123.3,11.5,31.6,0.7412
2025-10-01,E0388,R02,158.4,116.5,12.4,29.5,0.7353
2025-11-01,E0388,R02,150.4,109.4,13.8,27.2,0.7276
2025-12-01,E0388,R02,158.4,121.8,13.9,22.7,0.7688
2026-01-01,E0388,R02,166.4,105.9,16,44.5,0.6365
2026-02-01,E0388,R02,166.4,111.7,16.1,38.6,0.6711
2026-03-01,E0388,R02,158.4,118,11.8,28.6,0.7452
2026-04-01,E0388,R02,166.4,140.4,16.3,9.7,0.844
2026-05-01,E0388,R02,158.4,126.2,11.5,20.7,0.797
2026-06-01,E0388,R02,150.4,114.9,14.7,20.8,0.7637
2024-06-01,E0391,R03,166.4,124.4,15.9,26,0.7478
2024-07-01,E0391,R03,166.4,123.6,18.1,24.7,0.7427
2024-08-01,E0391,R03,158.4,114.5,17.3,26.6,0.7228
2024-09-01,E0391,R03,150.4,105.9,14.9,29.6,0.7042
2024-10-01,E0391,R03,166.4,110.9,14.8,40.7,0.6665
2024-11-01,E0391,R03,166.4,136.9,18.7,10.8,0.8225
2024-12-01,E0391,R03,158.4,93.6,21.1,43.7,0.5908
2025-01-01,E0391,R03,150.4,105.6,18.9,25.9,0.702
2025-02-01,E0391,R03,158.4,129.2,12.3,16.9,0.8158
2025-03-01,E0391,R03,150.4,120.3,16.8,13.3,0.7997
2025-04-01,E0391,R03,142.4,114.6,17,10.8,0.8049
2025-05-01,E0391,R03,150.4,104.4,14.7,31.3,0.6941
2025-06-01,E0391,R03,166.4,116.5,15.8,34.1,0.7003
2025-07-01,E0391,R03,150.4,110.9,13.5,26,0.7375
2025-08-01,E0391,R03,158.4,120.4,20.4,17.6,0.7604
2025-09-01,E0391,R03,158.4,124.1,14.4,20,0.7832
2025-10-01,E0391,R03,150.4,113.4,20.1,16.9,0.7539
2024-07-01,E0426,R03,158.4,124.6,21.6,12.2,0.7865
2024-08-01,E0426,R03,158.4,120.2,23.3,14.9,0.7587
2024-09-01,E0426,R03,166.4,124.2,15.1,27.1,0.7464
2024-10-01,E0426,R03,166.4,114.8,6.7,45,0.6898
2024-11-01,E0426,R03,166.4,118.5,22.8,25.1,0.7124
2024-12-01,E0426,R03,158.4,104.7,9.5,44.2,0.6609
2025-01-01,E0426,R03,158.4,113.6,17.4,27.5,0.717
2025-02-01,E0426,R03,150.4,113.9,16.9,19.6,0.7574
2025-03-01,E0426,R03,166.4,111.7,15.7,39,0.6715
2025-04-01,E0426,R03,166.4,137.1,13.7,15.7,0.8236
2025-05-01,E0426,R03,166.4,133.7,17.8,14.8,0.8036
2025-06-01,E0426,R03,150.4,111.4,11.9,27,0.741
2025-07-01,E0426,R03,158.4,116.5,13.1,28.9,0.7354
2025-08-01,E0426,R03,142.4,98.3,12.8,31.4,0.6901
2025-09-01,E0426,R03,158.4,107,22,29.4,0.6756
2025-10-01,E0426,R03,158.4,119.5,21.2,17.8,0.7542
2025-11-01,E0426,R03,158.4,119.5,15.2,23.7,0.7545
2025-12-01,E0426,R03,166.4,119.5,16.8,30.1,0.718
2026-01-01,E0426,R03,158.4,101.9,17.9,38.6,0.6436
2026-02-01,E0426,R03,166.4,110.4,9.8,46.2,0.6637
2026-03-01,E0426,R03,158.4,108.2,10.7,39.5,0.6831
2026-04-01,E0426,R03,166.4,115.1,25.9,25.4,0.6919
2026-05-01,E0426,R03,158.4,129.8,19.3,9.2,0.8197
2026-06-01,E0426,R03,158.4,123.7,10.4,24.3,0.7808
2024-05-01,E0427,R02,158.4,135.5,22.8,0.1,0.8557
2024-06-01,E0427,R02,150.4,110.2,10.4,29.8,0.7328
2024-07-01,E0427,R02,166.4,120.5,17.1,28.8,0.724
2024-08-01,E0427,R02,166.4,125.3,13.7,27.4,0.7529
2024-09-01,E0427,R02,150.4,115,15.9,19.5,0.7645
2024-10-01,E0427,R02,158.4,113.4,15.8,29.2,0.716
2024-11-01,E0427,R02,166.4,102.5,11.4,52.5,0.6162
2024-12-01,E0427,R02,150.4,101.9,22.7,25.8,0.6777
2025-01-01,E0427,R02,158.4,118.5,10.5,29.4,0.7479
2025-02-01,E0427,R02,158.4,112.8,14.3,31.4,0.712
2025-03-01,E0427,R02,158.4,132.4,16.3,9.7,0.8359
2025-04-01,E0427,R02,150.4,119.7,15,15.7,0.7958
2025-05-01,E0427,R02,166.4,131.4,23.2,11.7,0.7899
2025-06-01,E0427,R02,150.4,118.6,9,22.9,0.7883
2025-07-01,E0427,R02,150.4,111.9,16.4,22.1,0.744
2025-08-01,E0427,R02,150.4,100.5,14.8,35.1,0.6685
2025-09-01,E0427,R02,150.4,122.5,22,5.9,0.8145
2025-10-01,E0427,R02,142.4,98,15,29.4,0.6884
2025-11-01,E0427,R02,158.4,132.1,18.2,8.1,0.8339
2025-12-01,E0427,R02,166.4,119.6,15,31.8,0.7188
2026-01-01,E0427,R02,158.4,110.9,13,34.5,0.7002
2026-02-01,E0427,R02,166.4,103,17.5,46,0.6187
2026-03-01,E0427,R02,166.4,137.4,18.4,10.5,0.826
2026-04-01,E0427,R02,158.4,112.9,21.9,23.6,0.7128
2026-05-01,E0427,R02,158.4,127.5,17.3,13.6,0.8048
2026-06-01,E0427,R02,166.4,125.1,16.4,24.8,0.7519
2025-06-01,E0454,R03,158.4,117.6,15.7,25.1,0.7422
2025-07-01,E0454,R03,166.4,130.2,18.1,18.1,0.7827
2025-08-01,E0454,R03,166.4,125.2,21.2,20.1,0.7523
2025-09-01,E0454,R03,150.4,95.3,13.4,41.8,0.6333
2025-10-01,E0454,R03,158.4,104.8,20,33.6,0.6617
2025-11-01,E0454,R03,158.4,114.6,19.9,24,0.7234
2025-12-01,E0454,R03,158.4,124.9,17.5,15.9,0.7885
2026-01-01,E0454,R03,166.4,98.5,11.4,56.5,0.5919
2026-02-01,E0454,R03,150.4,82.9,13.9,53.6,0.5514
2026-03-01,E0454,R03,158.4,127.2,15.2,16,0.8032
2026-04-01,E0454,R03,150.4,110.5,17.1,22.8,0.735
2026-05-01,E0454,R03,158.4,120.1,17.7,20.6,0.758
2026-06-01,E0454,R03,166.4,131.2,22.4,12.8,0.7884
2025-10-01,E0470,R03,166.4,136.5,15.1,14.8,0.8204
2025-11-01,E0470,R03,150.4,115.8,19.4,15.2,0.7697
2025-12-01,E0470,R03,166.4,123.5,12.6,30.4,0.742
2026-01-01,E0470,R03,166.4,110.1,23.3,33.1,0.6615
2026-02-01,E0470,R03,158.4,108.8,12.4,37.3,0.6866
2026-03-01,E0470,R03,158.4,120.5,13.1,24.8,0.7609
2026-04-01,E0470,R03,158.4,126.4,16.9,15.1,0.7983
2026-05-01,E0470,R03,150.4,120.4,14.8,15.2,0.8006
2026-06-01,E0470,R03,166.4,130.3,16.7,19.4,0.7832
2026-05-01,E0493,R01,150.4,108.7,18.6,23.2,0.7225
2026-06-01,E0493,R01,150.4,120.8,11.4,18.1,0.8033
2026-02-01,E0499,R03,158.4,102.6,17.8,38,0.648
2026-03-01,E0499,R03,166.4,130,17.9,18.5,0.7812
2026-04-01,E0499,R03,158.4,141.4,17,0,0.8925
2026-05-01,E0499,R03,158.4,135,19.1,4.3,0.852
2026-06-01,E0499,R03,150.4,119.6,15.2,15.6,0.7951
2026-01-01,E0501,R04,158.4,111.2,21.7,25.5,0.7018
2026-02-01,E0501,R04,166.4,135.5,17.5,13.5,0.8142
2026-03-01,E0501,R04,166.4,120.7,16,29.7,0.7254
2026-04-01,E0501,R04,150.4,116.2,10.9,23.3,0.7727
2026-05-01,E0501,R04,158.4,129.7,16.2,12.4,0.8191
2026-06-01,E0501,R04,158.4,135.6,21.9,0.8,0.8564
