invoice_id,customer_id,project_id,invoice_type,issue_date,due_date,paid_date,invoice_amount_usd,amount_paid_usd,outstanding_usd,invoice_status,payment_terms_days,days_to_pay,as_of_date
INV0000001,C0001,,Subscription,2024-04-01,2024-05-31,2024-05-17,1751274.6,1751274.6,0,Paid,60,46,2026-06-30
INV0000002,C0001,,Subscription,2025-04-01,2025-05-31,2025-05-23,1893665.88,1893665.88,0,Paid,60,52,2026-06-30
INV0000003,C0001,,Subscription,2026-04-01,2026-05-31,2026-06-04,1950475.8,1950475.8,0,Paid,60,64,2026-06-30
INV0000004,C0002,,Subscription,2024-11-01,2024-12-31,2024-12-23,74162.16,74162.16,0,Paid,60,52,2026-06-30
INV0000005,C0002,,Subscription,2025-11-01,2025-12-31,2025-12-02,76387.08,76387.08,0,Paid,60,31,2026-06-30
INV0000006,C0003,,Subscription,2024-11-01,2024-12-01,2024-12-09,43935.96,43935.96,0,Paid,30,38,2026-06-30
INV0000007,C0003,,Subscription,2025-11-01,2025-12-01,2025-12-11,47686.08,47686.08,0,Paid,30,40,2026-06-30
INV0000008,C0004,,Subscription,2024-02-01,2024-03-17,2024-03-03,494126.04,494126.04,0,Paid,45,31,2026-06-30
INV0000009,C0004,,Subscription,2025-02-01,2025-03-18,2025-03-27,562831.44,562831.44,0,Paid,45,54,2026-06-30
INV0000010,C0004,,Subscription,2026-02-01,2026-03-18,2026-03-27,615691.32,615691.32,0,Paid,45,54,2026-06-30
INV0000011,C0005,,Subscription,2024-02-01,2024-03-02,2024-03-07,41344.17,41344.17,0,Paid,30,35,2026-06-30
INV0000012,C0005,,Subscription,2024-05-01,2024-05-31,2024-06-22,41344.17,41344.17,0,Paid,30,52,2026-06-30
INV0000013,C0005,,Subscription,2024-08-01,2024-08-31,2024-09-09,41344.17,41344.17,0,Paid,30,39,2026-06-30
INV0000014,C0005,,Subscription,2024-11-01,2024-12-01,2024-12-17,41344.17,41344.17,0,Paid,30,46,2026-06-30
INV0000015,C0005,,Subscription,2025-02-01,2025-03-03,2025-03-02,42584.49,42584.49,0,Paid,30,29,2026-06-30
INV0000016,C0005,,Subscription,2025-05-01,2025-05-31,2025-05-16,42584.49,42584.49,0,Paid,30,15,2026-06-30
INV0000017,C0005,,Subscription,2025-08-01,2025-08-31,2025-08-21,42584.49,42584.49,0,Paid,30,20,2026-06-30
INV0000018,C0005,,Subscription,2025-11-01,2025-12-01,,42584.49,0,42584.49,Past Due,30,,2026-06-30
INV0000019,C0005,,Subscription,2026-02-01,2026-03-03,2026-03-26,43862.01,43862.01,0,Paid,30,53,2026-06-30
INV0000020,C0005,,Subscription,2026-05-01,2026-05-31,2026-06-13,43862.01,43862.01,0,Paid,30,43,2026-06-30
INV0000021,C0006,,Subscription,2024-08-01,2024-09-30,2024-10-07,149160.84,149160.84,0,Paid,60,67,2026-06-30
INV0000022,C0006,,Subscription,2025-08-01,2025-09-30,2025-10-07,140857.8,140857.8,0,Paid,60,67,2026-06-30
INV0000023,C0007,,Subscription,2024-09-01,2024-10-16,2024-10-22,119995.68,119995.68,0,Paid,45,51,2026-06-30
INV0000024,C0007,,Subscription,2025-09-01,2025-10-16,2025-10-06,129337.8,129337.8,0,Paid,45,35,2026-06-30
INV0000025,C0008,,Subscription,2024-01-01,2024-02-15,2024-03-25,304042.56,304042.56,0,Paid,45,84,2026-06-30
INV0000026,C0008,,Subscription,2025-01-01,2025-02-15,2025-03-22,326664.24,326664.24,0,Paid,45,80,2026-06-30
INV0000027,C0008,,Subscription,2026-01-01,2026-02-15,2026-04-27,358095.24,358095.24,0,Paid,45,116,2026-06-30
INV0000028,C0009,,Subscription,2024-03-01,2024-03-31,2024-03-17,55130.76,55130.76,0,Paid,30,16,2026-06-30
INV0000029,C0009,,Subscription,2025-03-01,2025-03-31,2025-04-03,60390.48,60390.48,0,Paid,30,33,2026-06-30
INV0000030,C0009,,Subscription,2026-03-01,2026-03-31,2026-03-24,62202.24,62202.24,0,Paid,30,23,2026-06-30
INV0000031,C0010,,Subscription,2024-02-01,2024-03-02,2024-03-20,5945.22,5945.22,0,Paid,30,48,2026-06-30
INV0000032,C0010,,Subscription,2024-05-01,2024-05-31,2024-05-25,5945.22,5945.22,0,Paid,30,24,2026-06-30
INV0000033,C0010,,Subscription,2024-08-01,2024-08-31,2024-08-17,5945.22,5945.22,0,Paid,30,16,2026-06-30
INV0000034,C0010,,Subscription,2024-11-01,2024-12-01,2024-12-02,5945.22,5945.22,0,Paid,30,31,2026-06-30
INV0000035,C0010,,Subscription,2025-02-01,2025-03-03,2025-02-22,6123.57,6123.57,0,Paid,30,21,2026-06-30
INV0000036,C0010,,Subscription,2025-05-01,2025-05-31,2025-06-06,6123.57,6123.57,0,Paid,30,36,2026-06-30
INV0000037,C0010,,Subscription,2025-08-01,2025-08-31,2025-08-19,6123.57,6123.57,0,Paid,30,18,2026-06-30
INV0000038,C0010,,Subscription,2025-11-01,2025-12-01,2025-12-02,6123.57,6123.57,0,Paid,30,31,2026-06-30
INV0000039,C0010,,Subscription,2026-02-01,2026-03-03,2026-03-05,6307.29,6307.29,0,Paid,30,32,2026-06-30
INV0000040,C0010,,Subscription,2026-05-01,2026-05-31,2026-06-01,6307.29,6307.29,0,Paid,30,31,2026-06-30
INV0000041,C0011,,Subscription,2024-12-01,2024-12-31,2025-01-28,54303.48,54303.48,0,Paid,30,58,2026-06-30
INV0000042,C0011,,Subscription,2025-12-01,2025-12-31,2026-02-08,59970.48,59970.48,0,Paid,30,69,2026-06-30
INV0000043,C0012,,Subscription,2024-11-01,2024-12-01,2024-12-05,45346.23,45346.23,0,Paid,30,34,2026-06-30
INV0000044,C0012,,Subscription,2025-02-01,2025-03-03,2025-03-05,45346.23,45346.23,0,Paid,30,32,2026-06-30
INV0000045,C0012,,Subscription,2025-05-01,2025-05-31,2025-05-18,45346.23,45346.23,0,Paid,30,17,2026-06-30
INV0000046,C0012,,Subscription,2025-08-01,2025-08-31,2025-08-25,45346.23,45346.23,0,Paid,30,24,2026-06-30
INV0000047,C0012,,Subscription,2025-11-01,2025-12-01,2025-12-11,45237.81,45237.81,0,Paid,30,40,2026-06-30
INV0000048,C0012,,Subscription,2026-02-01,2026-03-03,2026-02-18,45237.81,45237.81,0,Paid,30,17,2026-06-30
INV0000049,C0012,,Subscription,2026-05-01,2026-05-31,2026-05-24,45237.81,45237.81,0,Paid,30,23,2026-06-30
INV0000050,C0013,,Subscription,2024-01-01,2024-01-31,2024-02-29,119862.6,119862.6,0,Paid,30,59,2026-06-30
INV0000051,C0013,,Subscription,2025-01-01,2025-01-31,2025-01-17,128038.44,128038.44,0,Paid,30,16,2026-06-30
INV0000052,C0013,,Subscription,2026-01-01,2026-01-31,2026-01-31,131879.52,131879.52,0,Paid,30,30,2026-06-30
INV0000053,C0014,,Subscription,2024-04-01,2024-05-01,2024-04-14,7717.86,7717.86,0,Paid,30,13,2026-06-30
INV0000054,C0014,,Subscription,2024-07-01,2024-07-31,2024-08-04,7717.86,7717.86,0,Paid,30,34,2026-06-30
INV0000055,C0014,,Subscription,2024-10-01,2024-10-31,2024-11-08,7717.86,7717.86,0,Paid,30,38,2026-06-30
INV0000056,C0014,,Subscription,2025-01-01,2025-01-31,2025-02-01,7717.86,7717.86,0,Paid,30,31,2026-06-30
INV0000057,C0014,,Subscription,2025-04-01,2025-05-01,2025-04-21,8376.06,8376.06,0,Paid,30,20,2026-06-30
INV0000058,C0014,,Subscription,2025-07-01,2025-07-31,2025-07-14,8376.06,8376.06,0,Paid,30,13,2026-06-30
INV0000059,C0014,,Subscription,2025-10-01,2025-10-31,2025-10-21,8376.06,8376.06,0,Paid,30,20,2026-06-30
INV0000060,C0014,,Subscription,2026-01-01,2026-01-31,2026-01-30,8376.06,8376.06,0,Paid,30,29,2026-06-30
INV0000061,C0014,,Subscription,2026-04-01,2026-05-01,2026-05-01,8627.34,8627.34,0,Paid,30,30,2026-06-30
INV0000062,C0015,,Subscription,2024-12-01,2024-12-31,2025-01-07,33996.84,33996.84,0,Paid,30,37,2026-06-30
INV0000063,C0015,,Subscription,2025-12-01,2025-12-31,2025-12-16,35016.72,35016.72,0,Paid,30,15,2026-06-30
INV0000064,C0016,,Subscription,2024-03-01,2024-03-16,2024-03-12,37508.88,37508.88,0,Paid,15,11,2026-06-30
INV0000065,C0017,,Subscription,2025-06-01,2025-07-16,2025-07-15,738419.52,738419.52,0,Paid,45,44,2026-06-30
INV0000066,C0017,,Subscription,2026-06-01,2026-07-16,,760572.12,0,760572.12,Open,45,,2026-06-30
INV0000067,C0018,,Subscription,2024-12-01,2024-12-31,2025-01-02,35362.92,35362.92,0,Paid,30,32,2026-06-30
INV0000068,C0018,,Subscription,2025-12-01,2025-12-31,2025-12-30,38991.24,38991.24,0,Paid,30,29,2026-06-30
INV0000069,C0019,,Subscription,2025-08-01,2025-09-15,2025-09-23,683151.36,683151.36,0,Paid,45,53,2026-06-30
INV0000070,C0020,,Subscription,2024-02-01,2024-03-17,2024-03-12,36549.33,36549.33,0,Paid,45,40,2026-06-30
INV0000071,C0020,,Subscription,2024-05-01,2024-06-15,2024-06-21,36549.33,36549.33,0,Paid,45,51,2026-06-30
INV0000072,C0020,,Subscription,2024-08-01,2024-09-15,2024-09-06,36549.33,36549.33,0,Paid,45,36,2026-06-30
INV0000073,C0020,,Subscription,2024-11-01,2024-12-16,2024-12-16,36549.33,36549.33,0,Paid,45,45,2026-06-30
INV0000074,C0020,,Subscription,2025-02-01,2025-03-18,2025-03-12,35951.97,35951.97,0,Paid,45,39,2026-06-30
INV0000075,C0020,,Subscription,2025-05-01,2025-06-15,2025-06-25,35951.97,35951.97,0,Paid,45,55,2026-06-30
INV0000076,C0020,,Subscription,2025-08-01,2025-09-15,2025-09-07,35951.97,35951.97,0,Paid,45,37,2026-06-30
INV0000077,C0020,,Subscription,2025-11-01,2025-12-16,2025-12-26,35951.97,35951.97,0,Paid,45,55,2026-06-30
INV0000078,C0020,,Subscription,2026-02-01,2026-03-18,,37030.53,0,37030.53,Past Due,45,,2026-06-30
INV0000079,C0020,,Subscription,2026-05-01,2026-06-15,2026-06-14,37030.53,37030.53,0,Paid,45,44,2026-06-30
INV0000080,C0021,,Subscription,2024-12-01,2024-12-31,2025-01-01,78823.14,78823.14,0,Paid,30,31,2026-06-30
INV0000081,C0021,,Subscription,2025-03-01,2025-03-31,2025-04-14,78823.14,78823.14,0,Paid,30,44,2026-06-30
INV0000082,C0021,,Subscription,2025-06-01,2025-07-01,2025-06-27,78823.14,78823.14,0,Paid,30,26,2026-06-30
INV0000083,C0021,,Subscription,2025-09-01,2025-10-01,2025-10-07,78823.14,78823.14,0,Paid,30,36,2026-06-30
INV0000084,C0021,,Subscription,2025-12-01,2025-12-31,2025-12-23,78306.57,78306.57,0,Paid,30,22,2026-06-30
INV0000085,C0021,,Subscription,2026-03-01,2026-03-31,2026-04-09,78306.57,78306.57,0,Paid,30,39,2026-06-30
INV0000086,C0021,,Subscription,2026-06-01,2026-07-01,,78306.57,0,78306.57,Open,30,,2026-06-30
INV0000087,C0022,,Subscription,2024-06-01,2024-07-16,2024-07-26,124791.72,124791.72,0,Paid,45,55,2026-06-30
INV0000088,C0022,,Subscription,2025-06-01,2025-07-16,2025-08-13,128535.48,128535.48,0,Paid,45,73,2026-06-30
INV0000089,C0022,,Subscription,2026-06-01,2026-07-16,,132391.56,0,132391.56,Open,45,,2026-06-30
INV0000090,C0023,,Subscription,2024-01-01,2024-02-15,2024-02-24,1499844.36,1499844.36,0,Paid,45,54,2026-06-30
INV0000091,C0023,,Subscription,2025-01-01,2025-02-15,2025-02-12,1544839.68,1544839.68,0,Paid,45,42,2026-06-30
INV0000092,C0023,,Subscription,2026-01-01,2026-02-15,2026-02-18,1666935.24,1666935.24,0,Paid,45,48,2026-06-30
INV0000093,C0024,,Subscription,2024-10-01,2024-10-31,2024-11-28,119648.04,119648.04,0,Paid,30,58,2026-06-30
INV0000094,C0024,,Subscription,2025-10-01,2025-10-31,2025-11-06,127541.04,127541.04,0,Paid,30,36,2026-06-30
INV0000095,C0025,,Subscription,2024-07-01,2024-07-31,2024-08-19,11163.78,11163.78,0,Paid,30,49,2026-06-30
INV0000096,C0025,,Subscription,2024-10-01,2024-10-31,2024-11-21,11163.78,11163.78,0,Paid,30,51,2026-06-30
INV0000097,C0025,,Subscription,2025-01-01,2025-01-31,2025-02-04,11163.78,11163.78,0,Paid,30,34,2026-06-30
INV0000098,C0025,,Subscription,2025-04-01,2025-05-01,2025-05-08,11163.78,11163.78,0,Paid,30,37,2026-06-30
INV0000099,C0025,,Subscription,2025-07-01,2025-07-31,2025-08-09,11643.78,11643.78,0,Paid,30,39,2026-06-30
INV0000100,C0025,,Subscription,2025-10-01,2025-10-31,2025-11-01,11643.78,11643.78,0,Paid,30,31,2026-06-30
INV0000101,C0025,,Subscription,2026-01-01,2026-01-31,2026-02-07,11643.78,11643.78,0,Paid,30,37,2026-06-30
INV0000102,C0025,,Subscription,2026-04-01,2026-05-01,2026-05-01,11643.78,11643.78,0,Paid,30,30,2026-06-30
INV0000103,C0026,,Subscription,2024-10-01,2024-10-31,2024-11-06,79125.36,79125.36,0,Paid,30,36,2026-06-30
INV0000104,C0026,,Subscription,2025-10-01,2025-10-31,2025-11-08,81499.2,81499.2,0,Paid,30,38,2026-06-30
INV0000105,C0027,,Subscription,2026-03-01,2026-03-31,2026-04-06,7059.21,7059.21,0,Paid,30,36,2026-06-30
INV0000106,C0027,,Subscription,2026-06-01,2026-07-01,2026-06-22,7059.21,7059.21,0,Paid,30,21,2026-06-30
INV0000107,C0028,,Subscription,2024-05-01,2024-06-15,2024-06-21,133339.44,133339.44,0,Paid,45,51,2026-06-30
INV0000108,C0028,,Subscription,2024-08-01,2024-09-15,2024-09-16,133339.44,133339.44,0,Paid,45,46,2026-06-30
INV0000109,C0028,,Subscription,2024-11-01,2024-12-16,2024-12-17,133339.44,133339.44,0,Paid,45,46,2026-06-30
INV0000110,C0028,,Subscription,2025-02-01,2025-03-18,2025-03-08,133339.44,133339.44,0,Paid,45,35,2026-06-30
INV0000111,C0028,,Subscription,2025-05-01,2025-06-15,2025-06-13,147063.03,147063.03,0,Paid,45,43,2026-06-30
INV0000112,C0028,,Subscription,2025-08-01,2025-09-15,2025-09-07,147063.03,147063.03,0,Paid,45,37,2026-06-30
INV0000113,C0028,,Subscription,2025-11-01,2025-12-16,2025-12-06,147063.03,147063.03,0,Paid,45,35,2026-06-30
INV0000114,C0028,,Subscription,2026-02-01,2026-03-18,2026-03-19,147063.03,147063.03,0,Paid,45,46,2026-06-30
INV0000115,C0028,,Subscription,2026-05-01,2026-06-15,2026-06-07,158450.46,158450.46,0,Paid,45,37,2026-06-30
INV0000116,C0029,,Subscription,2024-12-01,2025-01-15,2025-01-29,68176.98,68176.98,0,Paid,45,59,2026-06-30
INV0000117,C0029,,Subscription,2025-03-01,2025-04-15,2025-03-25,68176.98,68176.98,0,Paid,45,24,2026-06-30
INV0000118,C0029,,Subscription,2025-06-01,2025-07-16,2025-07-28,68176.98,68176.98,0,Paid,45,57,2026-06-30
INV0000119,C0029,,Subscription,2025-09-01,2025-10-16,2025-11-03,68176.98,68176.98,0,Paid,45,63,2026-06-30
INV0000120,C0030,,Subscription,2024-01-01,2024-03-01,2024-03-01,1307719.8,1307719.8,0,Paid,60,60,2026-06-30
INV0000121,C0030,,Subscription,2025-01-01,2025-03-02,2025-02-13,1494883.44,1494883.44,0,Paid,60,43,2026-06-30
INV0000122,C0030,,Subscription,2026-01-01,2026-03-02,2026-02-20,1664327.52,1664327.52,0,Paid,60,50,2026-06-30
INV0000123,C0031,,Subscription,2025-12-01,2026-01-15,2026-01-24,1013999.4,1013999.4,0,Paid,45,54,2026-06-30
INV0000124,C0032,,Subscription,2024-11-01,2024-12-01,2024-11-29,240178.32,240178.32,0,Paid,30,28,2026-06-30
INV0000125,C0032,,Subscription,2025-11-01,2025-12-01,2025-12-10,259714.32,259714.32,0,Paid,30,39,2026-06-30
INV0000126,C0033,,Subscription,2025-05-01,2025-06-15,2025-06-01,169339.8,169339.8,0,Paid,45,31,2026-06-30
INV0000127,C0034,,Subscription,2024-08-01,2024-09-15,2024-09-09,118850.76,118850.76,0,Paid,45,39,2026-06-30
INV0000128,C0034,,Subscription,2025-08-01,2025-09-15,2025-09-07,118583.88,118583.88,0,Paid,45,37,2026-06-30
INV0000129,C0035,,Subscription,2024-11-01,2024-12-31,2025-01-05,1081526.88,1081526.88,0,Paid,60,65,2026-06-30
INV0000130,C0035,,Subscription,2025-11-01,2025-12-31,2026-01-07,1113972.72,1113972.72,0,Paid,60,67,2026-06-30
INV0000131,C0036,,Subscription,2024-03-01,2024-04-15,2024-05-18,388172.73,388172.73,0,Paid,45,78,2026-06-30
INV0000132,C0036,,Subscription,2024-06-01,2024-07-16,2024-07-27,388172.73,388172.73,0,Paid,45,56,2026-06-30
INV0000133,C0036,,Subscription,2024-09-01,2024-10-16,2024-11-10,388172.73,388172.73,0,Paid,45,70,2026-06-30
INV0000134,C0036,,Subscription,2024-12-01,2025-01-15,2025-03-02,388172.73,388172.73,0,Paid,45,91,2026-06-30
INV0000135,C0036,,Subscription,2025-03-01,2025-04-15,2025-05-19,399817.89,399817.89,0,Paid,45,79,2026-06-30
INV0000136,C0036,,Subscription,2025-06-01,2025-07-16,2025-08-19,399817.89,399817.89,0,Paid,45,79,2026-06-30
INV0000137,C0036,,Subscription,2025-09-01,2025-10-16,2025-10-26,399817.89,399817.89,0,Paid,45,55,2026-06-30
INV0000138,C0036,,Subscription,2025-12-01,2026-01-15,2026-02-11,399817.89,399817.89,0,Paid,45,72,2026-06-30
INV0000139,C0037,,Subscription,2024-02-01,2024-03-17,2024-03-08,1669155.48,1669155.48,0,Paid,45,36,2026-06-30
INV0000140,C0037,,Subscription,2025-02-01,2025-03-18,2025-03-15,1849770.48,1849770.48,0,Paid,45,42,2026-06-30
INV0000141,C0037,,Subscription,2026-02-01,2026-03-18,2026-03-22,1905263.52,1905263.52,0,Paid,45,49,2026-06-30
INV0000142,C0038,,Subscription,2024-08-01,2024-09-30,2024-10-18,30609.51,30609.51,0,Paid,60,78,2026-06-30
INV0000143,C0038,,Subscription,2024-11-01,2024-12-31,2025-01-22,30609.51,30609.51,0,Paid,60,82,2026-06-30
INV0000144,C0038,,Subscription,2025-02-01,2025-04-02,2025-04-28,30609.51,30609.51,0,Paid,60,86,2026-06-30
INV0000145,C0038,,Subscription,2025-05-01,2025-06-30,2025-07-21,30609.51,30609.51,0,Paid,60,81,2026-06-30
INV0000146,C0038,,Subscription,2025-08-01,2025-09-30,2025-09-20,31527.81,31527.81,0,Paid,60,50,2026-06-30
INV0000147,C0038,,Subscription,2025-11-01,2025-12-31,2026-01-10,31527.81,31527.81,0,Paid,60,70,2026-06-30
INV0000148,C0038,,Subscription,2026-02-01,2026-04-02,2026-04-06,31527.81,31527.81,0,Paid,60,64,2026-06-30
INV0000149,C0038,,Subscription,2026-05-01,2026-06-30,,31527.81,0,31527.81,Open,60,,2026-06-30
INV0000150,C0039,,Subscription,2024-06-01,2024-07-01,2024-06-21,8550.87,8550.87,0,Paid,30,20,2026-06-30
INV0000151,C0039,,Subscription,2024-09-01,2024-10-01,2024-10-15,8550.87,8550.87,0,Paid,30,44,2026-06-30
INV0000152,C0039,,Subscription,2024-12-01,2024-12-31,2025-02-06,8550.87,8550.87,0,Paid,30,67,2026-06-30
INV0000153,C0039,,Subscription,2025-03-01,2025-03-31,2025-04-11,8550.87,8550.87,0,Paid,30,41,2026-06-30
INV0000154,C0039,,Subscription,2025-06-01,2025-07-01,2025-07-06,8807.4,8807.4,0,Paid,30,35,2026-06-30
INV0000155,C0039,,Subscription,2025-09-01,2025-10-01,2025-10-13,8807.4,8807.4,0,Paid,30,42,2026-06-30
INV0000156,C0039,,Subscription,2025-12-01,2025-12-31,2026-01-08,8807.4,8807.4,0,Paid,30,38,2026-06-30
INV0000157,C0039,,Subscription,2026-03-01,2026-03-31,2026-04-05,8807.4,8807.4,0,Paid,30,35,2026-06-30
INV0000158,C0039,,Subscription,2026-06-01,2026-07-01,2026-06-29,9372.27,9372.27,0,Paid,30,28,2026-06-30
INV0000159,C0040,,Subscription,2024-08-01,2024-09-15,2024-09-22,214699.08,214699.08,0,Paid,45,52,2026-06-30
INV0000160,C0040,,Subscription,2025-08-01,2025-09-15,2025-10-09,240534.72,240534.72,0,Paid,45,69,2026-06-30
INV0000161,C0041,,Subscription,2024-10-01,2024-10-31,2024-11-07,138814.14,138814.14,0,Paid,30,37,2026-06-30
INV0000162,C0041,,Subscription,2025-01-01,2025-01-31,2025-01-12,138814.14,138814.14,0,Paid,30,11,2026-06-30
INV0000163,C0041,,Subscription,2025-04-01,2025-05-01,2025-05-19,138814.14,138814.14,0,Paid,30,48,2026-06-30
INV0000164,C0041,,Subscription,2025-07-01,2025-07-31,2025-08-06,138814.14,138814.14,0,Paid,30,36,2026-06-30
INV0000165,C0041,,Subscription,2025-10-01,2025-10-31,2025-10-29,145060.77,145060.77,0,Paid,30,28,2026-06-30
INV0000166,C0041,,Subscription,2026-01-01,2026-01-31,2026-02-27,145060.77,145060.77,0,Paid,30,57,2026-06-30
INV0000167,C0041,,Subscription,2026-04-01,2026-05-01,2026-06-01,145060.77,145060.77,0,Paid,30,61,2026-06-30
INV0000168,C0043,,Subscription,2026-01-01,2026-01-31,2026-02-18,214725.72,214725.72,0,Paid,30,48,2026-06-30
INV0000169,C0044,,Subscription,2024-07-01,2024-07-31,2024-08-15,12077.7,12077.7,0,Paid,30,45,2026-06-30
INV0000170,C0044,,Subscription,2024-10-01,2024-10-31,2024-10-29,12077.7,12077.7,0,Paid,30,28,2026-06-30
INV0000171,C0044,,Subscription,2025-01-01,2025-01-31,2025-02-26,12077.7,12077.7,0,Paid,30,56,2026-06-30
INV0000172,C0044,,Subscription,2025-04-01,2025-05-01,2025-05-17,12077.7,12077.7,0,Paid,30,46,2026-06-30
INV0000173,C0044,,Subscription,2025-07-01,2025-07-31,2025-08-02,13366.11,13366.11,0,Paid,30,32,2026-06-30
INV0000174,C0044,,Subscription,2025-10-01,2025-10-31,2025-11-15,13366.11,13366.11,0,Paid,30,45,2026-06-30
INV0000175,C0044,,Subscription,2026-01-01,2026-01-31,2026-02-14,13366.11,13366.11,0,Paid,30,44,2026-06-30
INV0000176,C0044,,Subscription,2026-04-01,2026-05-01,2026-05-13,13366.11,13366.11,0,Paid,30,42,2026-06-30
INV0000177,C0045,,Subscription,2024-09-01,2024-10-01,2024-09-29,203701.56,203701.56,0,Paid,30,28,2026-06-30
INV0000178,C0045,,Subscription,2025-09-01,2025-10-01,2025-09-19,226183.8,226183.8,0,Paid,30,18,2026-06-30
INV0000179,C0046,,Subscription,2025-05-01,2025-06-15,2025-06-02,316053.96,316053.96,0,Paid,45,32,2026-06-30
INV0000180,C0046,,Subscription,2025-08-01,2025-09-15,2025-09-12,316053.96,316053.96,0,Paid,45,42,2026-06-30
INV0000181,C0046,,Subscription,2025-11-01,2025-12-16,2025-12-13,316053.96,316053.96,0,Paid,45,42,2026-06-30
INV0000182,C0046,,Subscription,2026-02-01,2026-03-18,2026-03-01,316053.96,316053.96,0,Paid,45,28,2026-06-30
INV0000183,C0046,,Subscription,2026-05-01,2026-06-15,2026-06-13,350840.85,350840.85,0,Paid,45,43,2026-06-30
INV0000184,C0047,,Subscription,2024-12-01,2024-12-31,2025-01-16,224308.08,224308.08,0,Paid,30,46,2026-06-30
INV0000185,C0047,,Subscription,2025-12-01,2025-12-31,2026-01-16,224869.92,224869.92,0,Paid,30,46,2026-06-30
INV0000186,C0048,,Subscription,2024-09-01,2024-10-01,2024-09-28,44112.69,44112.69,0,Paid,30,27,2026-06-30
INV0000187,C0048,,Subscription,2024-12-01,2024-12-31,2025-01-09,44112.69,44112.69,0,Paid,30,39,2026-06-30
INV0000188,C0048,,Subscription,2025-03-01,2025-03-31,2025-05-18,44112.69,44112.69,0,Paid,30,78,2026-06-30
INV0000189,C0048,,Subscription,2025-06-01,2025-07-01,2025-08-28,44112.69,44112.69,0,Paid,30,88,2026-06-30
INV0000190,C0048,,Subscription,2025-09-01,2025-10-01,2025-07-20,43888.29,43888.29,0,Paid,30,-43,2026-06-30
INV0000191,C0048,,Subscription,2025-12-01,2025-12-31,2026-02-04,43888.29,43888.29,0,Paid,30,65,2026-06-30
INV0000192,C0048,,Subscription,2026-03-01,2026-03-31,2026-04-20,43888.29,43888.29,0,Paid,30,50,2026-06-30
INV0000193,C0048,,Subscription,2026-06-01,2026-07-01,,43888.29,0,43888.29,Open,30,,2026-06-30
INV0000194,C0049,,Subscription,2024-04-01,2024-05-16,2024-06-23,110046.84,110046.84,0,Paid,45,83,2026-06-30
INV0000195,C0049,,Subscription,2025-04-01,2025-05-16,2025-05-10,118578.36,118578.36,0,Paid,45,39,2026-06-30
INV0000196,C0049,,Subscription,2026-04-01,2026-05-16,2026-06-30,122135.64,122135.64,0,Paid,45,90,2026-06-30
INV0000197,C0050,,Subscription,2024-11-01,2024-12-01,2024-11-28,12569.97,12569.97,0,Paid,30,27,2026-06-30
INV0000198,C0050,,Subscription,2025-02-01,2025-03-03,2025-03-07,12569.97,12569.97,0,Paid,30,34,2026-06-30
INV0000199,C0050,,Subscription,2025-05-01,2025-05-31,2025-05-15,12569.97,12569.97,0,Paid,30,14,2026-06-30
INV0000200,C0050,,Subscription,2025-08-01,2025-08-31,2025-08-19,12569.97,12569.97,0,Paid,30,18,2026-06-30
INV0000201,C0050,,Subscription,2025-11-01,2025-12-01,2025-12-08,12947.07,12947.07,0,Paid,30,37,2026-06-30
INV0000202,C0050,,Subscription,2026-02-01,2026-03-03,2026-03-06,12947.07,12947.07,0,Paid,30,33,2026-06-30
INV0000203,C0050,,Subscription,2026-05-01,2026-05-31,2026-05-29,12947.07,12947.07,0,Paid,30,28,2026-06-30
INV0000204,C0051,,Subscription,2024-03-01,2024-03-31,2024-04-03,10251.93,10251.93,0,Paid,30,33,2026-06-30
INV0000205,C0051,,Subscription,2024-06-01,2024-07-01,2024-06-26,10251.93,10251.93,0,Paid,30,25,2026-06-30
INV0000206,C0051,,Subscription,2024-09-01,2024-10-01,2024-10-03,10251.93,10251.93,0,Paid,30,32,2026-06-30
INV0000207,C0051,,Subscription,2024-12-01,2024-12-31,2024-12-28,10251.93,10251.93,0,Paid,30,27,2026-06-30
INV0000208,C0052,,Subscription,2024-11-01,2024-12-16,2024-11-26,146706.72,146706.72,0,Paid,45,25,2026-06-30
INV0000209,C0052,,Subscription,2025-11-01,2025-12-16,2025-12-15,151107.84,151107.84,0,Paid,45,44,2026-06-30
INV0000210,C0053,,Subscription,2024-03-01,2024-03-31,2024-03-29,55248.06,55248.06,0,Paid,30,28,2026-06-30
INV0000211,C0053,,Subscription,2024-06-01,2024-07-01,2024-06-25,55248.06,55248.06,0,Paid,30,24,2026-06-30
INV0000212,C0053,,Subscription,2024-09-01,2024-10-01,2024-09-13,55248.06,55248.06,0,Paid,30,12,2026-06-30
INV0000213,C0053,,Subscription,2024-12-01,2024-12-31,2024-12-14,55248.06,55248.06,0,Paid,30,13,2026-06-30
INV0000214,C0053,,Subscription,2025-03-01,2025-03-31,2025-03-26,61302.21,61302.21,0,Paid,30,25,2026-06-30
INV0000215,C0053,,Subscription,2025-06-01,2025-07-01,2025-07-06,61302.21,61302.21,0,Paid,30,35,2026-06-30
INV0000216,C0053,,Subscription,2025-09-01,2025-10-01,2025-10-06,61302.21,61302.21,0,Paid,30,35,2026-06-30
INV0000217,C0053,,Subscription,2025-12-01,2025-12-31,2025-12-27,61302.21,61302.21,0,Paid,30,26,2026-06-30
INV0000218,C0053,,Subscription,2026-03-01,2026-03-31,2026-03-28,66224.28,66224.28,0,Paid,30,27,2026-06-30
INV0000219,C0053,,Subscription,2026-06-01,2026-07-01,,66224.28,0,66224.28,Open,30,,2026-06-30
INV0000220,C0054,,Subscription,2024-02-01,2024-03-02,2024-03-13,74772.48,74772.48,0,Paid,30,41,2026-06-30
INV0000221,C0054,,Subscription,2025-02-01,2025-03-03,2025-04-01,82157.16,82157.16,0,Paid,30,59,2026-06-30
INV0000222,C0054,,Subscription,2026-02-01,2026-03-03,2026-03-04,90993.36,90993.36,0,Paid,30,31,2026-06-30
INV0000223,C0055,,Subscription,2024-02-01,2024-03-02,2024-03-13,35242.8,35242.8,0,Paid,30,41,2026-06-30
INV0000224,C0055,,Subscription,2025-02-01,2025-03-03,2025-02-17,38226.6,38226.6,0,Paid,30,16,2026-06-30
INV0000225,C0055,,Subscription,2026-02-01,2026-03-03,2026-03-19,40620.12,40620.12,0,Paid,30,46,2026-06-30
INV0000226,C0056,,Subscription,2024-07-01,2024-07-31,2024-07-24,36882.81,36882.81,0,Paid,30,23,2026-06-30
INV0000227,C0056,,Subscription,2024-10-01,2024-10-31,2024-10-18,36882.81,36882.81,0,Paid,30,17,2026-06-30
INV0000228,C0056,,Subscription,2025-01-01,2025-01-31,2025-02-09,36882.81,36882.81,0,Paid,30,39,2026-06-30
INV0000229,C0056,,Subscription,2025-04-01,2025-05-01,2025-05-03,36882.81,36882.81,0,Paid,30,32,2026-06-30
INV0000230,C0056,,Subscription,2025-07-01,2025-07-31,2025-08-11,37117.44,37117.44,0,Paid,30,41,2026-06-30
INV0000231,C0056,,Subscription,2025-10-01,2025-10-31,2025-11-10,37117.44,37117.44,0,Paid,30,40,2026-06-30
INV0000232,C0056,,Subscription,2026-01-01,2026-01-31,2026-01-26,37117.44,37117.44,0,Paid,30,25,2026-06-30
INV0000233,C0056,,Subscription,2026-04-01,2026-05-01,2026-05-03,37117.44,37117.44,0,Paid,30,32,2026-06-30
INV0000234,C0057,,Subscription,2024-02-01,2024-04-01,2024-03-21,122837.52,122837.52,0,Paid,60,49,2026-06-30
INV0000235,C0057,,Subscription,2025-02-01,2025-04-02,2025-03-25,135784.56,135784.56,0,Paid,60,52,2026-06-30
INV0000236,C0057,,Subscription,2026-02-01,2026-04-02,2026-04-06,139858.2,139858.2,0,Paid,60,64,2026-06-30
INV0000237,C0058,,Subscription,2025-05-01,2025-05-31,2025-05-21,508620.72,508620.72,0,Paid,30,20,2026-06-30
INV0000238,C0058,,Subscription,2026-05-01,2026-05-31,2026-05-27,559257.12,559257.12,0,Paid,30,26,2026-06-30
INV0000239,C0059,,Subscription,2024-01-01,2024-01-31,2024-02-11,125810.88,125810.88,0,Paid,30,41,2026-06-30
INV0000240,C0059,,Subscription,2025-01-01,2025-01-31,2025-01-17,129585.12,129585.12,0,Paid,30,16,2026-06-30
INV0000241,C0059,,Subscription,2026-01-01,2026-01-31,2026-01-25,133472.76,133472.76,0,Paid,30,24,2026-06-30
INV0000242,C0060,,Subscription,2024-09-01,2024-10-01,2024-10-05,201161.52,201161.52,0,Paid,30,34,2026-06-30
INV0000243,C0060,,Subscription,2025-09-01,2025-10-01,2025-09-28,217138.56,217138.56,0,Paid,30,27,2026-06-30
INV0000244,C0061,,Subscription,2024-04-01,2024-05-01,2024-04-30,157340.52,157340.52,0,Paid,30,29,2026-06-30
INV0000245,C0061,,Subscription,2025-04-01,2025-05-01,2025-04-25,174267.36,174267.36,0,Paid,30,24,2026-06-30
INV0000246,C0061,,Subscription,2026-04-01,2026-05-01,2026-04-24,179495.4,179495.4,0,Paid,30,23,2026-06-30
INV0000247,C0062,,Subscription,2024-11-01,2024-11-16,2024-12-01,14001.27,14001.27,0,Paid,15,30,2026-06-30
INV0000248,C0062,,Subscription,2025-02-01,2025-02-16,2025-03-05,14001.27,14001.27,0,Paid,15,32,2026-06-30
INV0000249,C0062,,Subscription,2025-05-01,2025-05-16,2025-05-23,14001.27,14001.27,0,Paid,15,22,2026-06-30
INV0000250,C0062,,Subscription,2025-08-01,2025-08-16,2025-08-27,14001.27,14001.27,0,Paid,15,26,2026-06-30
INV0000251,C0062,,Subscription,2025-11-01,2025-11-16,2025-11-14,14421.3,14421.3,0,Paid,15,13,2026-06-30
INV0000252,C0062,,Subscription,2026-02-01,2026-02-16,2026-02-22,14421.3,14421.3,0,Paid,15,21,2026-06-30
INV0000253,C0062,,Subscription,2026-05-01,2026-05-16,2026-06-03,14421.3,14421.3,0,Paid,15,33,2026-06-30
INV0000254,C0063,,Subscription,2024-08-01,2024-09-15,2024-10-05,67809.75,67809.75,0,Paid,45,65,2026-06-30
INV0000255,C0063,,Subscription,2024-11-01,2024-12-16,2024-12-31,67809.75,67809.75,0,Paid,45,60,2026-06-30
INV0000256,C0063,,Subscription,2025-02-01,2025-03-18,2025-03-29,67809.75,67809.75,0,Paid,45,56,2026-06-30
INV0000257,C0063,,Subscription,2025-05-01,2025-06-15,2025-06-14,67809.75,67809.75,0,Paid,45,44,2026-06-30
INV0000258,C0063,,Subscription,2025-08-01,2025-09-15,2025-10-07,69844.02,69844.02,0,Paid,45,67,2026-06-30
INV0000259,C0063,,Subscription,2025-11-01,2025-12-16,2026-02-16,69844.02,69844.02,0,Paid,45,107,2026-06-30
INV0000260,C0063,,Subscription,2026-02-01,2026-03-18,2026-04-02,69844.02,69844.02,0,Paid,45,60,2026-06-30
INV0000261,C0063,,Subscription,2026-05-01,2026-06-15,2026-06-09,69844.02,69844.02,0,Paid,45,39,2026-06-30
INV0000262,C0064,,Subscription,2024-09-01,2024-10-16,2024-10-24,703339.92,703339.92,0,Paid,45,53,2026-06-30
INV0000263,C0064,,Subscription,2025-09-01,2025-10-16,2025-10-01,787850.16,787850.16,0,Paid,45,30,2026-06-30
INV0000264,C0065,,Subscription,2024-07-01,2024-07-31,2024-08-08,8869.47,8869.47,0,Paid,30,38,2026-06-30
INV0000265,C0065,,Subscription,2024-10-01,2024-10-31,2024-10-21,8869.47,8869.47,0,Paid,30,20,2026-06-30
INV0000266,C0065,,Subscription,2025-01-01,2025-01-31,2025-02-02,8869.47,8869.47,0,Paid,30,32,2026-06-30
INV0000267,C0065,,Subscription,2025-04-01,2025-05-01,2025-04-28,8869.47,8869.47,0,Paid,30,27,2026-06-30
INV0000268,C0065,,Subscription,2025-07-01,2025-07-31,2025-08-03,9954.9,9954.9,0,Paid,30,33,2026-06-30
INV0000269,C0065,,Subscription,2025-10-01,2025-10-31,2025-11-02,9954.9,9954.9,0,Paid,30,32,2026-06-30
INV0000270,C0065,,Subscription,2026-01-01,2026-01-31,2026-02-08,9954.9,9954.9,0,Paid,30,38,2026-06-30
INV0000271,C0065,,Subscription,2026-04-01,2026-05-01,2026-05-02,9954.9,9954.9,0,Paid,30,31,2026-06-30
INV0000272,C0066,,Subscription,2024-11-01,2024-11-16,2025-01-21,47774.04,47774.04,0,Paid,15,81,2026-06-30
INV0000273,C0066,,Subscription,2025-11-01,2025-11-16,2025-12-10,49207.32,49207.32,0,Paid,15,39,2026-06-30
INV0000274,C0067,,Subscription,2025-07-01,2025-07-31,2025-08-04,73583.64,73583.64,0,Paid,30,34,2026-06-30
INV0000275,C0068,,Subscription,2025-03-01,2025-03-31,2025-03-06,220560.6,220560.6,0,Paid,30,5,2026-06-30
INV0000276,C0068,,Subscription,2026-03-01,2026-03-31,2026-04-26,227177.4,227177.4,0,Paid,30,56,2026-06-30
INV0000277,C0069,,Subscription,2024-02-01,2024-03-02,2024-02-20,6527.22,6527.22,0,Paid,30,19,2026-06-30
INV0000278,C0069,,Subscription,2024-05-01,2024-05-31,2024-06-05,6527.22,6527.22,0,Paid,30,35,2026-06-30
INV0000279,C0069,,Subscription,2024-08-01,2024-08-31,2024-09-03,6527.22,6527.22,0,Paid,30,33,2026-06-30
INV0000280,C0069,,Subscription,2024-11-01,2024-12-01,2024-12-08,6527.22,6527.22,0,Paid,30,37,2026-06-30
INV0000281,C0069,,Subscription,2025-02-01,2025-03-03,2025-02-20,7110.12,7110.12,0,Paid,30,19,2026-06-30
INV0000282,C0069,,Subscription,2025-05-01,2025-05-31,2025-05-13,7110.12,7110.12,0,Paid,30,12,2026-06-30
INV0000283,C0069,,Subscription,2025-08-01,2025-08-31,2025-09-10,7110.12,7110.12,0,Paid,30,40,2026-06-30
INV0000284,C0069,,Subscription,2025-11-01,2025-12-01,2025-11-25,7110.12,7110.12,0,Paid,30,24,2026-06-30
INV0000285,C0069,,Subscription,2026-02-01,2026-03-03,2026-03-08,7851.75,7851.75,0,Paid,30,35,2026-06-30
INV0000286,C0069,,Subscription,2026-05-01,2026-05-31,2026-05-21,7851.75,7851.75,0,Paid,30,20,2026-06-30
INV0000287,C0070,,Subscription,2024-07-01,2024-07-31,2024-08-13,7899.36,7899.36,0,Paid,30,43,2026-06-30
INV0000288,C0070,,Subscription,2024-10-01,2024-10-31,2024-11-01,7899.36,7899.36,0,Paid,30,31,2026-06-30
INV0000289,C0070,,Subscription,2025-01-01,2025-01-31,2025-02-10,7899.36,7899.36,0,Paid,30,40,2026-06-30
INV0000290,C0070,,Subscription,2025-04-01,2025-05-01,2025-04-22,7899.36,7899.36,0,Paid,30,21,2026-06-30
INV0000291,C0070,,Subscription,2025-07-01,2025-07-31,2025-07-17,8254.83,8254.83,0,Paid,30,16,2026-06-30
INV0000292,C0070,,Subscription,2025-10-01,2025-10-31,2025-11-09,8254.83,8254.83,0,Paid,30,39,2026-06-30
INV0000293,C0070,,Subscription,2026-01-01,2026-01-31,2026-01-17,8254.83,8254.83,0,Paid,30,16,2026-06-30
INV0000294,C0070,,Subscription,2026-04-01,2026-05-01,2026-05-11,8254.83,8254.83,0,Paid,30,40,2026-06-30
INV0000295,C0071,,Subscription,2024-03-01,2024-04-15,2024-04-15,795904.08,795904.08,0,Paid,45,45,2026-06-30
INV0000296,C0071,,Subscription,2025-03-01,2025-04-15,2025-04-12,879270.48,879270.48,0,Paid,45,42,2026-06-30
INV0000297,C0071,,Subscription,2026-03-01,2026-04-15,2026-04-19,949838.88,949838.88,0,Paid,45,49,2026-06-30
INV0000298,C0072,,Subscription,2024-05-01,2024-06-30,2024-06-22,802618.8,802618.8,0,Paid,60,52,2026-06-30
INV0000299,C0072,,Subscription,2025-05-01,2025-06-30,2025-07-01,885663.48,885663.48,0,Paid,60,61,2026-06-30
INV0000300,C0072,,Subscription,2026-05-01,2026-06-30,2026-06-27,1000590.84,1000590.84,0,Paid,60,57,2026-06-30
INV0000301,C0073,,Subscription,2024-04-01,2024-05-31,2024-05-17,172179.57,172179.57,0,Paid,60,46,2026-06-30
INV0000302,C0073,,Subscription,2024-07-01,2024-08-30,2024-08-30,172179.57,172179.57,0,Paid,60,60,2026-06-30
INV0000303,C0073,,Subscription,2024-10-01,2024-11-30,2024-11-22,172179.57,172179.57,0,Paid,60,52,2026-06-30
INV0000304,C0073,,Subscription,2025-01-01,2025-03-02,2025-03-04,172179.57,172179.57,0,Paid,60,62,2026-06-30
INV0000305,C0073,,Subscription,2025-04-01,2025-05-31,2025-05-16,177344.97,177344.97,0,Paid,60,45,2026-06-30
INV0000306,C0073,,Subscription,2025-07-01,2025-08-30,2025-08-29,177344.97,177344.97,0,Paid,60,59,2026-06-30
INV0000307,C0073,,Subscription,2025-10-01,2025-11-30,2025-11-29,177344.97,177344.97,0,Paid,60,59,2026-06-30
INV0000308,C0073,,Subscription,2026-01-01,2026-03-02,2026-03-01,177344.97,177344.97,0,Paid,60,59,2026-06-30
INV0000309,C0073,,Subscription,2026-04-01,2026-05-31,2026-06-01,192897.39,192897.39,0,Paid,60,61,2026-06-30
INV0000310,C0074,,Subscription,2024-04-01,2024-05-01,2024-04-29,35256.21,35256.21,0,Paid,30,28,2026-06-30
INV0000311,C0074,,Subscription,2024-07-01,2024-07-31,2024-08-03,35256.21,35256.21,0,Paid,30,33,2026-06-30
INV0000312,C0074,,Subscription,2024-10-01,2024-10-31,2024-11-05,35256.21,35256.21,0,Paid,30,35,2026-06-30
INV0000313,C0074,,Subscription,2025-01-01,2025-01-31,2025-02-01,35256.21,35256.21,0,Paid,30,31,2026-06-30
INV0000314,C0075,,Subscription,2024-01-01,2024-01-31,2024-02-04,1878056.76,1878056.76,0,Paid,30,34,2026-06-30
INV0000315,C0075,,Subscription,2025-01-01,2025-01-31,2025-01-26,1934398.44,1934398.44,0,Paid,30,25,2026-06-30
INV0000316,C0075,,Subscription,2026-01-01,2026-01-31,2026-01-29,2102186.4,2102186.4,0,Paid,30,28,2026-06-30
INV0000317,C0076,,Subscription,2026-01-01,2026-02-15,2026-02-04,200879.04,200879.04,0,Paid,45,34,2026-06-30
INV0000318,C0077,,Subscription,2025-05-01,2025-05-31,2025-05-26,46474.14,46474.14,0,Paid,30,25,2026-06-30
INV0000319,C0077,,Subscription,2025-08-01,2025-08-31,2025-08-20,46474.14,46474.14,0,Paid,30,19,2026-06-30
INV0000320,C0077,,Subscription,2025-11-01,2025-12-01,2025-12-06,46474.14,46474.14,0,Paid,30,35,2026-06-30
INV0000321,C0077,,Subscription,2026-02-01,2026-03-03,2026-02-21,46474.14,46474.14,0,Paid,30,20,2026-06-30
INV0000322,C0077,,Subscription,2026-05-01,2026-05-31,2026-05-21,46547.55,46547.55,0,Paid,30,20,2026-06-30
INV0000323,C0078,,Subscription,2025-08-01,2025-08-31,2025-08-31,122211.24,122211.24,0,Paid,30,30,2026-06-30
INV0000324,C0080,,Subscription,2024-07-01,2024-08-15,2024-08-13,263609.1,263609.1,0,Paid,45,43,2026-06-30
INV0000325,C0080,,Subscription,2024-10-01,2024-11-15,2024-11-05,263609.1,263609.1,0,Paid,45,35,2026-06-30
INV0000326,C0080,,Subscription,2025-01-01,2025-02-15,2025-02-19,263609.1,263609.1,0,Paid,45,49,2026-06-30
INV0000327,C0080,,Subscription,2025-04-01,2025-05-16,2025-05-24,263609.1,263609.1,0,Paid,45,53,2026-06-30
INV0000328,C0080,,Subscription,2025-07-01,2025-08-15,2025-08-14,297616.14,297616.14,0,Paid,45,44,2026-06-30
INV0000329,C0080,,Subscription,2025-10-01,2025-11-15,2025-11-15,297616.14,297616.14,0,Paid,45,45,2026-06-30
INV0000330,C0080,,Subscription,2026-01-01,2026-02-15,2026-02-16,297616.14,297616.14,0,Paid,45,46,2026-06-30
INV0000331,C0080,,Subscription,2026-04-01,2026-05-16,2026-05-13,297616.14,297616.14,0,Paid,45,42,2026-06-30
INV0000332,C0082,,Subscription,2024-03-01,2024-03-31,2024-04-01,61188.84,61188.84,0,Paid,30,31,2026-06-30
INV0000333,C0082,,Subscription,2025-03-01,2025-03-31,2025-04-11,63024.48,63024.48,0,Paid,30,41,2026-06-30
INV0000334,C0082,,Subscription,2026-03-01,2026-03-31,2026-04-04,64915.2,64915.2,0,Paid,30,34,2026-06-30
INV0000335,C0083,,Subscription,2024-10-01,2024-10-16,2024-10-14,48762.48,48762.48,0,Paid,15,13,2026-06-30
INV0000336,C0083,,Subscription,2025-10-01,2025-10-16,2025-10-22,52041,52041,0,Paid,15,21,2026-06-30
INV0000337,C0084,,Subscription,2024-07-01,2024-07-31,2024-08-15,37143.96,37143.96,0,Paid,30,45,2026-06-30
INV0000338,C0084,,Subscription,2025-07-01,2025-07-31,2025-09-06,38258.28,38258.28,0,Paid,30,67,2026-06-30
INV0000339,C0085,,Subscription,2025-09-01,2025-10-01,2025-09-26,432389.16,432389.16,0,Paid,30,25,2026-06-30
INV0000340,C0086,,Subscription,2024-01-01,2024-02-15,2024-02-15,46655.79,46655.79,0,Paid,45,45,2026-06-30
INV0000341,C0086,,Subscription,2024-04-01,2024-05-16,2024-05-18,46655.79,46655.79,0,Paid,45,47,2026-06-30
INV0000342,C0086,,Subscription,2024-07-01,2024-08-15,2024-08-02,46655.79,46655.79,0,Paid,45,32,2026-06-30
INV0000343,C0086,,Subscription,2024-10-01,2024-11-15,2024-11-09,46655.79,46655.79,0,Paid,45,39,2026-06-30
INV0000344,C0086,,Subscription,2025-01-01,2025-02-15,2025-02-14,49250.55,49250.55,0,Paid,45,44,2026-06-30
INV0000345,C0086,,Subscription,2025-04-01,2025-05-16,2025-05-04,49250.55,49250.55,0,Paid,45,33,2026-06-30
INV0000346,C0086,,Subscription,2025-07-01,2025-08-15,2025-07-29,49250.55,49250.55,0,Paid,45,28,2026-06-30
INV0000347,C0086,,Subscription,2025-10-01,2025-11-15,2025-11-19,49250.55,49250.55,0,Paid,45,49,2026-06-30
INV0000348,C0086,,Subscription,2026-01-01,2026-02-15,2026-03-03,50728.08,50728.08,0,Paid,45,61,2026-06-30
INV0000349,C0086,,Subscription,2026-04-01,2026-05-16,2026-05-17,50728.08,50728.08,0,Paid,45,46,2026-06-30
INV0000350,C0087,,Subscription,2024-07-01,2024-07-31,2024-08-03,165188.28,165188.28,0,Paid,30,33,2026-06-30
INV0000351,C0087,,Subscription,2025-07-01,2025-07-31,2025-08-05,179246.16,179246.16,0,Paid,30,35,2026-06-30
INV0000352,C0088,,Subscription,2024-08-01,2024-09-30,2024-09-26,367413.09,367413.09,0,Paid,60,56,2026-06-30
INV0000353,C0088,,Subscription,2024-11-01,2024-12-31,2024-12-24,367413.09,367413.09,0,Paid,60,53,2026-06-30
INV0000354,C0088,,Subscription,2025-02-01,2025-04-02,2025-03-27,367413.09,367413.09,0,Paid,60,54,2026-06-30
INV0000355,C0088,,Subscription,2025-05-01,2025-06-30,2025-06-17,367413.09,367413.09,0,Paid,60,47,2026-06-30
INV0000356,C0088,,Subscription,2025-08-01,2025-09-30,2025-09-23,420384.48,420384.48,0,Paid,60,53,2026-06-30
INV0000357,C0088,,Subscription,2025-11-01,2025-12-31,2026-01-02,420384.48,420384.48,0,Paid,60,62,2026-06-30
INV0000358,C0088,,Subscription,2026-02-01,2026-04-02,2026-04-12,420384.48,420384.48,0,Paid,60,70,2026-06-30
INV0000359,C0088,,Subscription,2026-05-01,2026-06-30,,420384.48,0,420384.48,Open,60,,2026-06-30
INV0000360,C0089,,Subscription,2024-12-01,2025-01-15,2024-12-31,28765.98,28765.98,0,Paid,45,30,2026-06-30
INV0000361,C0089,,Subscription,2025-03-01,2025-04-15,2025-03-27,28765.98,28765.98,0,Paid,45,26,2026-06-30
INV0000362,C0089,,Subscription,2025-06-01,2025-07-16,2025-07-19,28765.98,28765.98,0,Paid,45,48,2026-06-30
INV0000363,C0089,,Subscription,2025-09-01,2025-10-16,2025-10-04,28765.98,28765.98,0,Paid,45,33,2026-06-30
INV0000364,C0089,,Subscription,2025-12-01,2026-01-15,2026-01-16,29628.96,29628.96,0,Paid,45,46,2026-06-30
INV0000365,C0089,,Subscription,2026-03-01,2026-04-15,2026-04-13,29628.96,29628.96,0,Paid,45,43,2026-06-30
INV0000366,C0089,,Subscription,2026-06-01,2026-07-16,,29628.96,0,29628.96,Open,45,,2026-06-30
INV0000367,C0090,,Subscription,2026-05-01,2026-06-15,,201032.52,0,201032.52,Past Due,45,,2026-06-30
INV0000368,C0091,,Subscription,2026-05-01,2026-06-30,2026-06-25,684481.8,684481.8,0,Paid,60,55,2026-06-30
INV0000369,C0092,,Subscription,2026-04-01,2026-05-01,2026-05-27,39894.21,39894.21,0,Paid,30,56,2026-06-30
INV0000370,C0093,,Subscription,2025-06-01,2025-07-01,2025-07-13,399087.6,399087.6,0,Paid,30,42,2026-06-30
INV0000371,C0093,,Subscription,2026-06-01,2026-07-01,,443695.68,0,443695.68,Open,30,,2026-06-30
INV0000372,C0094,,Subscription,2024-11-01,2024-12-31,2024-12-31,481045.56,481045.56,0,Paid,60,60,2026-06-30
INV0000373,C0094,,Subscription,2025-11-01,2025-12-31,2025-12-15,525838.32,525838.32,0,Paid,60,44,2026-06-30
INV0000374,C0095,,Subscription,2025-08-01,2025-08-31,2025-09-25,234400.56,234400.56,0,Paid,30,55,2026-06-30
INV0000375,C0096,,Subscription,2024-11-01,2024-12-01,2025-01-03,12131.88,12131.88,0,Paid,30,63,2026-06-30
INV0000376,C0096,,Subscription,2025-02-01,2025-03-03,2025-02-26,12131.88,12131.88,0,Paid,30,25,2026-06-30
INV0000377,C0096,,Subscription,2025-05-01,2025-05-31,2025-05-30,12131.88,12131.88,0,Paid,30,29,2026-06-30
INV0000378,C0096,,Subscription,2025-08-01,2025-08-31,2025-09-23,12131.88,12131.88,0,Paid,30,53,2026-06-30
INV0000379,C0096,,Subscription,2025-11-01,2025-12-01,2025-12-11,12495.84,12495.84,0,Paid,30,40,2026-06-30
INV0000380,C0096,,Subscription,2026-02-01,2026-03-03,2026-03-08,12495.84,12495.84,0,Paid,30,35,2026-06-30
INV0000381,C0096,,Subscription,2026-05-01,2026-05-31,2026-06-14,12495.84,12495.84,0,Paid,30,44,2026-06-30
INV0000382,C0097,,Subscription,2024-06-01,2024-07-01,2024-07-15,55182.57,55182.57,0,Paid,30,44,2026-06-30
INV0000383,C0097,,Subscription,2024-09-01,2024-10-01,2024-11-06,55182.57,55182.57,0,Paid,30,66,2026-06-30
INV0000384,C0097,,Subscription,2024-12-01,2024-12-31,2025-01-14,55182.57,55182.57,0,Paid,30,44,2026-06-30
INV0000385,C0097,,Subscription,2025-03-01,2025-03-31,2025-05-03,55182.57,55182.57,0,Paid,30,63,2026-06-30
INV0000386,C0097,,Subscription,2025-06-01,2025-07-01,2025-07-25,58866.39,58866.39,0,Paid,30,54,2026-06-30
INV0000387,C0097,,Subscription,2025-09-01,2025-10-01,2025-10-27,58866.39,58866.39,0,Paid,30,56,2026-06-30
INV0000388,C0097,,Subscription,2025-12-01,2025-12-31,2026-01-18,58866.39,58866.39,0,Paid,30,48,2026-06-30
INV0000389,C0097,,Subscription,2026-03-01,2026-03-31,2026-05-08,58866.39,58866.39,0,Paid,30,68,2026-06-30
INV0000390,C0097,,Subscription,2026-06-01,2026-07-01,,59489.94,0,59489.94,Open,30,,2026-06-30
INV0000391,C0098,,Subscription,2025-06-01,2025-07-31,2025-08-23,278795.79,278795.79,0,Paid,60,83,2026-06-30
INV0000392,C0098,,Subscription,2025-09-01,2025-10-31,2025-10-20,278795.79,278795.79,0,Paid,60,49,2026-06-30
INV0000393,C0098,,Subscription,2025-12-01,2026-01-30,2026-01-17,278795.79,278795.79,0,Paid,60,47,2026-06-30
INV0000394,C0098,,Subscription,2026-03-01,2026-04-30,2026-05-19,278795.79,278795.79,0,Paid,60,79,2026-06-30
INV0000395,C0098,,Subscription,2026-06-01,2026-07-31,,318001.26,0,318001.26,Open,60,,2026-06-30
INV0000396,C0099,,Subscription,2024-03-01,2024-03-16,2024-03-04,12648.12,12648.12,0,Paid,15,3,2026-06-30
INV0000397,C0099,,Subscription,2024-06-01,2024-06-16,2024-06-16,12648.12,12648.12,0,Paid,15,15,2026-06-30
INV0000398,C0099,,Subscription,2024-09-01,2024-09-16,2024-10-14,12648.12,12648.12,0,Paid,15,43,2026-06-30
INV0000399,C0099,,Subscription,2024-12-01,2024-12-16,2024-12-27,12648.12,12648.12,0,Paid,15,26,2026-06-30
INV0000400,C0099,,Subscription,2025-03-01,2025-03-16,2025-04-01,13027.59,13027.59,0,Paid,15,31,2026-06-30
INV0000401,C0099,,Subscription,2025-06-01,2025-06-16,2025-07-10,13027.59,13027.59,0,Paid,15,39,2026-06-30
INV0000402,C0099,,Subscription,2025-09-01,2025-09-16,2025-09-27,13027.59,13027.59,0,Paid,15,26,2026-06-30
INV0000403,C0099,,Subscription,2025-12-01,2025-12-16,2025-12-05,13027.59,13027.59,0,Paid,15,4,2026-06-30
INV0000404,C0099,,Subscription,2026-03-01,2026-03-16,2026-03-28,14249.43,14249.43,0,Paid,15,27,2026-06-30
INV0000405,C0099,,Subscription,2026-06-01,2026-06-16,2026-06-07,14249.43,14249.43,0,Paid,15,6,2026-06-30
INV0000406,C0100,,Subscription,2024-11-01,2024-11-16,2024-11-17,14947.08,14947.08,0,Paid,15,16,2026-06-30
INV0000407,C0100,,Subscription,2025-02-01,2025-02-16,2025-02-11,14947.08,14947.08,0,Paid,15,10,2026-06-30
INV0000408,C0100,,Subscription,2025-05-01,2025-05-16,2025-05-24,14947.08,14947.08,0,Paid,15,23,2026-06-30
INV0000409,C0100,,Subscription,2025-08-01,2025-08-16,2025-09-11,14947.08,14947.08,0,Paid,15,41,2026-06-30
INV0000410,C0100,,Subscription,2025-11-01,2025-11-16,2025-11-28,15395.49,15395.49,0,Paid,15,27,2026-06-30
INV0000411,C0100,,Subscription,2026-02-01,2026-02-16,2026-02-18,15395.49,15395.49,0,Paid,15,17,2026-06-30
INV0000412,C0100,,Subscription,2026-05-01,2026-05-16,2026-05-09,15395.49,15395.49,0,Paid,15,8,2026-06-30
INV0000413,C0101,,Subscription,2024-09-01,2024-10-31,2024-10-30,1015250.28,1015250.28,0,Paid,60,59,2026-06-30
INV0000414,C0101,,Subscription,2025-09-01,2025-10-31,2025-11-21,1114663.44,1114663.44,0,Paid,60,81,2026-06-30
INV0000415,C0102,,Subscription,2024-12-01,2025-01-15,2025-01-09,1298786.64,1298786.64,0,Paid,45,39,2026-06-30
INV0000416,C0102,,Subscription,2025-12-01,2026-01-15,2026-01-07,1458036.24,1458036.24,0,Paid,45,37,2026-06-30
INV0000417,C0103,,Subscription,2024-05-01,2024-06-15,2024-05-31,501124.08,501124.08,0,Paid,45,30,2026-06-30
INV0000418,C0103,,Subscription,2025-05-01,2025-06-15,2025-06-01,556167.84,556167.84,0,Paid,45,31,2026-06-30
INV0000419,C0103,,Subscription,2026-05-01,2026-06-15,2026-06-06,572852.88,572852.88,0,Paid,45,36,2026-06-30
INV0000420,C0105,,Subscription,2024-09-01,2024-10-31,2024-11-08,1507229.04,1507229.04,0,Paid,60,68,2026-06-30
INV0000421,C0105,,Subscription,2025-09-01,2025-10-31,2025-10-27,1552445.88,1552445.88,0,Paid,60,56,2026-06-30
INV0000422,C0106,,Subscription,2024-10-01,2024-11-15,2024-11-08,1087476.12,1087476.12,0,Paid,45,38,2026-06-30
INV0000423,C0106,,Subscription,2025-10-01,2025-11-15,2025-11-10,1233655.44,1233655.44,0,Paid,45,40,2026-06-30
INV0000424,C0107,,Subscription,2024-02-01,2024-03-02,2024-03-17,5008.68,5008.68,0,Paid,30,45,2026-06-30
INV0000425,C0107,,Subscription,2024-05-01,2024-05-31,2024-05-26,5008.68,5008.68,0,Paid,30,25,2026-06-30
INV0000426,C0107,,Subscription,2024-08-01,2024-08-31,2024-08-21,5008.68,5008.68,0,Paid,30,20,2026-06-30
INV0000427,C0107,,Subscription,2024-11-01,2024-12-01,2024-11-29,5008.68,5008.68,0,Paid,30,28,2026-06-30
INV0000428,C0107,,Subscription,2025-02-01,2025-03-03,2025-02-17,5501.07,5501.07,0,Paid,30,16,2026-06-30
INV0000429,C0107,,Subscription,2025-05-01,2025-05-31,2025-06-02,5501.07,5501.07,0,Paid,30,32,2026-06-30
INV0000430,C0107,,Subscription,2025-08-01,2025-08-31,2025-08-29,5501.07,5501.07,0,Paid,30,28,2026-06-30
INV0000431,C0107,,Subscription,2025-11-01,2025-12-01,2025-11-19,5501.07,5501.07,0,Paid,30,18,2026-06-30
INV0000432,C0107,,Subscription,2026-02-01,2026-03-03,2026-02-23,5666.13,5666.13,0,Paid,30,22,2026-06-30
INV0000433,C0107,,Subscription,2026-05-01,2026-05-31,2026-05-30,5666.13,5666.13,0,Paid,30,29,2026-06-30
INV0000434,C0109,,Subscription,2024-11-01,2024-12-16,2024-12-06,865444.8,865444.8,0,Paid,45,35,2026-06-30
INV0000435,C0109,,Subscription,2025-11-01,2025-12-16,2025-12-19,891408.12,891408.12,0,Paid,45,48,2026-06-30
INV0000436,C0110,,Subscription,2024-04-01,2024-05-16,2024-05-18,272053.23,272053.23,0,Paid,45,47,2026-06-30
INV0000437,C0110,,Subscription,2024-07-01,2024-08-15,2024-08-18,272053.23,272053.23,0,Paid,45,48,2026-06-30
INV0000438,C0110,,Subscription,2024-10-01,2024-11-15,2024-11-29,272053.23,272053.23,0,Paid,45,59,2026-06-30
INV0000439,C0110,,Subscription,2025-01-01,2025-02-15,2025-01-25,272053.23,272053.23,0,Paid,45,24,2026-06-30
INV0000440,C0110,,Subscription,2025-04-01,2025-05-16,2025-05-03,306960.03,306960.03,0,Paid,45,32,2026-06-30
INV0000441,C0110,,Subscription,2025-07-01,2025-08-15,2025-08-27,306960.03,306960.03,0,Paid,45,57,2026-06-30
INV0000442,C0110,,Subscription,2025-10-01,2025-11-15,2025-11-16,306960.03,306960.03,0,Paid,45,46,2026-06-30
INV0000443,C0110,,Subscription,2026-01-01,2026-02-15,2026-02-19,306960.03,306960.03,0,Paid,45,49,2026-06-30
INV0000444,C0110,,Subscription,2026-04-01,2026-05-16,2026-05-09,333229.47,333229.47,0,Paid,45,38,2026-06-30
INV0000445,C0112,,Subscription,2024-08-01,2024-09-15,2024-09-22,514926.84,514926.84,0,Paid,45,52,2026-06-30
INV0000446,C0112,,Subscription,2025-08-01,2025-09-15,2025-09-07,544925.4,544925.4,0,Paid,45,37,2026-06-30
INV0000447,C0113,,Subscription,2024-09-01,2024-10-01,2024-10-03,5416.26,5416.26,0,Paid,30,32,2026-06-30
INV0000448,C0113,,Subscription,2024-12-01,2024-12-31,2024-12-23,5416.26,5416.26,0,Paid,30,22,2026-06-30
INV0000449,C0113,,Subscription,2025-03-01,2025-03-31,2025-04-27,5416.26,5416.26,0,Paid,30,57,2026-06-30
INV0000450,C0113,,Subscription,2025-06-01,2025-07-01,2025-07-22,5416.26,5416.26,0,Paid,30,51,2026-06-30
INV0000451,C0113,,Subscription,2025-09-01,2025-10-01,2025-09-26,5823.57,5823.57,0,Paid,30,25,2026-06-30
INV0000452,C0113,,Subscription,2025-12-01,2025-12-31,2026-01-22,5823.57,5823.57,0,Paid,30,52,2026-06-30
INV0000453,C0113,,Subscription,2026-03-01,2026-03-31,2026-04-29,5823.57,5823.57,0,Paid,30,59,2026-06-30
INV0000454,C0113,,Subscription,2026-06-01,2026-07-01,,5823.57,0,5823.57,Open,30,,2026-06-30
INV0000455,C0114,,Subscription,2024-02-01,2024-04-01,2024-03-25,1478337.24,1478337.24,0,Paid,60,53,2026-06-30
INV0000456,C0114,,Subscription,2025-02-01,2025-04-02,2025-05-01,1559524.08,1559524.08,0,Paid,60,89,2026-06-30
INV0000457,C0114,,Subscription,2026-02-01,2026-04-02,2026-05-01,1703046.36,1703046.36,0,Paid,60,89,2026-06-30
INV0000458,C0115,,Subscription,2024-05-01,2024-06-15,2024-07-07,1412450.16,1412450.16,0,Paid,45,67,2026-06-30
INV0000459,C0115,,Subscription,2025-05-01,2025-06-15,2025-06-15,1574421.84,1574421.84,0,Paid,45,45,2026-06-30
INV0000460,C0115,,Subscription,2026-05-01,2026-06-15,2026-06-01,1710994.92,1710994.92,0,Paid,45,31,2026-06-30
INV0000461,C0116,,Subscription,2024-02-01,2024-03-02,2024-03-22,166899.24,166899.24,0,Paid,30,50,2026-06-30
INV0000462,C0116,,Subscription,2025-02-01,2025-03-03,2025-02-24,178433.88,178433.88,0,Paid,30,23,2026-06-30
INV0000463,C0116,,Subscription,2026-02-01,2026-03-03,2026-03-13,180517.08,180517.08,0,Paid,30,40,2026-06-30
INV0000464,C0117,,Subscription,2024-12-01,2024-12-31,2024-12-28,198735,198735,0,Paid,30,27,2026-06-30
INV0000465,C0117,,Subscription,2025-12-01,2025-12-31,2026-01-14,208959.48,208959.48,0,Paid,30,44,2026-06-30
INV0000466,C0118,,Subscription,2024-06-01,2024-07-31,2024-08-19,783108,783108,0,Paid,60,79,2026-06-30
INV0000467,C0118,,Subscription,2025-06-01,2025-07-31,2025-07-29,806601.24,806601.24,0,Paid,60,58,2026-06-30
INV0000468,C0118,,Subscription,2026-06-01,2026-07-31,,896177.76,0,896177.76,Open,60,,2026-06-30
INV0000469,C0119,,Subscription,2024-12-01,2025-01-15,2025-01-24,920695.8,920695.8,0,Paid,45,54,2026-06-30
INV0000470,C0119,,Subscription,2025-12-01,2026-01-15,2025-12-26,1011627,1011627,0,Paid,45,25,2026-06-30
INV0000471,C0120,,Subscription,2024-05-01,2024-05-31,2024-05-24,1346922.48,1346922.48,0,Paid,30,23,2026-06-30
INV0000472,C0120,,Subscription,2025-05-01,2025-05-31,2025-05-23,1430051.28,1430051.28,0,Paid,30,22,2026-06-30
INV0000473,C0120,,Subscription,2026-05-01,2026-05-31,2026-05-31,1540168.8,1540168.8,0,Paid,30,30,2026-06-30
INV0000474,C0121,,Subscription,2025-11-01,2025-12-16,2025-12-10,23317.14,23317.14,0,Paid,45,39,2026-06-30
INV0000475,C0121,,Subscription,2026-02-01,2026-03-18,2026-03-23,23317.14,23317.14,0,Paid,45,50,2026-06-30
INV0000476,C0121,,Subscription,2026-05-01,2026-06-15,,23317.14,0,23317.14,Past Due,45,,2026-06-30
INV0000477,C0122,,Subscription,2024-12-01,2025-01-15,2024-12-28,49837.05,49837.05,0,Paid,45,27,2026-06-30
INV0000478,C0122,,Subscription,2025-03-01,2025-04-15,2025-04-07,49837.05,49837.05,0,Paid,45,37,2026-06-30
INV0000479,C0122,,Subscription,2025-06-01,2025-07-16,2025-07-01,49837.05,49837.05,0,Paid,45,30,2026-06-30
INV0000480,C0122,,Subscription,2025-09-01,2025-10-16,2025-10-19,49837.05,49837.05,0,Paid,45,48,2026-06-30
INV0000481,C0122,,Subscription,2025-12-01,2026-01-15,2026-01-05,52922.16,52922.16,0,Paid,45,35,2026-06-30
INV0000482,C0122,,Subscription,2026-03-01,2026-04-15,2026-04-13,52922.16,52922.16,0,Paid,45,43,2026-06-30
INV0000483,C0122,,Subscription,2026-06-01,2026-07-16,,52922.16,0,52922.16,Open,45,,2026-06-30
INV0000484,C0123,,Subscription,2024-05-01,2024-05-31,2024-06-05,295700.76,295700.76,0,Paid,30,35,2026-06-30
INV0000485,C0123,,Subscription,2025-05-01,2025-05-31,2025-06-09,309394.2,309394.2,0,Paid,30,39,2026-06-30
INV0000486,C0123,,Subscription,2026-05-01,2026-05-31,2026-05-21,332190.12,332190.12,0,Paid,30,20,2026-06-30
INV0000487,C0124,,Subscription,2024-01-01,2024-01-31,2024-01-29,53621.52,53621.52,0,Paid,30,28,2026-06-30
INV0000488,C0124,,Subscription,2025-01-01,2025-01-31,2025-02-02,55230.24,55230.24,0,Paid,30,32,2026-06-30
INV0000489,C0124,,Subscription,2026-01-01,2026-01-31,2026-01-24,56334.84,56334.84,0,Paid,30,23,2026-06-30
INV0000490,C0125,,Subscription,2026-03-01,2026-03-31,2026-04-07,5634.93,5634.93,0,Paid,30,37,2026-06-30
INV0000491,C0125,,Subscription,2026-06-01,2026-07-01,,5634.93,0,5634.93,Open,30,,2026-06-30
INV0000492,C0126,,Subscription,2024-10-01,2024-10-31,2024-11-07,12601.77,12601.77,0,Paid,30,37,2026-06-30
INV0000493,C0126,,Subscription,2025-01-01,2025-01-31,2025-01-20,12601.77,12601.77,0,Paid,30,19,2026-06-30
INV0000494,C0126,,Subscription,2025-04-01,2025-05-01,2025-05-06,12601.77,12601.77,0,Paid,30,35,2026-06-30
INV0000495,C0126,,Subscription,2025-07-01,2025-07-31,2025-07-26,12601.77,12601.77,0,Paid,30,25,2026-06-30
INV0000496,C0126,,Subscription,2025-10-01,2025-10-31,2025-11-08,14167.26,14167.26,0,Paid,30,38,2026-06-30
INV0000497,C0126,,Subscription,2026-01-01,2026-01-31,2026-01-23,14167.26,14167.26,0,Paid,30,22,2026-06-30
INV0000498,C0126,,Subscription,2026-04-01,2026-05-01,2026-05-06,14167.26,14167.26,0,Paid,30,35,2026-06-30
INV0000499,C0127,,Subscription,2024-09-01,2024-10-01,2024-10-11,205513.08,205513.08,0,Paid,30,40,2026-06-30
INV0000500,C0127,,Subscription,2025-09-01,2025-10-01,2025-10-21,224713.68,224713.68,0,Paid,30,50,2026-06-30
INV0000501,C0128,,Subscription,2024-02-01,2024-03-02,2024-03-09,11178,11178,0,Paid,30,37,2026-06-30
INV0000502,C0128,,Subscription,2024-05-01,2024-05-31,2024-06-01,11178,11178,0,Paid,30,31,2026-06-30
INV0000503,C0128,,Subscription,2024-08-01,2024-08-31,2024-09-24,11178,11178,0,Paid,30,54,2026-06-30
INV0000504,C0128,,Subscription,2024-11-01,2024-12-01,2024-12-14,11178,11178,0,Paid,30,43,2026-06-30
INV0000505,C0128,,Subscription,2025-02-01,2025-03-03,2025-02-25,11513.34,11513.34,0,Paid,30,24,2026-06-30
INV0000506,C0128,,Subscription,2025-05-01,2025-05-31,2025-05-31,11513.34,11513.34,0,Paid,30,30,2026-06-30
INV0000507,C0128,,Subscription,2025-08-01,2025-08-31,2025-09-07,11513.34,11513.34,0,Paid,30,37,2026-06-30
INV0000508,C0128,,Subscription,2025-11-01,2025-12-01,2025-11-30,11513.34,11513.34,0,Paid,30,29,2026-06-30
INV0000509,C0128,,Subscription,2026-02-01,2026-03-03,2026-03-09,12160.5,12160.5,0,Paid,30,36,2026-06-30
INV0000510,C0128,,Subscription,2026-05-01,2026-05-31,2026-05-24,12160.5,12160.5,0,Paid,30,23,2026-06-30
INV0000511,C0129,,Subscription,2025-09-01,2025-10-01,2025-09-22,7658.94,7658.94,0,Paid,30,21,2026-06-30
INV0000512,C0129,,Subscription,2025-12-01,2025-12-31,2025-12-25,7658.94,7658.94,0,Paid,30,24,2026-06-30
INV0000513,C0129,,Subscription,2026-03-01,2026-03-31,2026-03-24,7658.94,7658.94,0,Paid,30,23,2026-06-30
INV0000514,C0129,,Subscription,2026-06-01,2026-07-01,,7658.94,0,7658.94,Open,30,,2026-06-30
INV0000515,C0130,,Subscription,2024-05-01,2024-05-31,2024-07-14,690049.8,690049.8,0,Paid,30,74,2026-06-30
INV0000516,C0130,,Subscription,2025-05-01,2025-05-31,2025-06-25,742927.2,742927.2,0,Paid,30,55,2026-06-30
INV0000517,C0130,,Subscription,2026-05-01,2026-05-31,2026-06-30,795996.24,795996.24,0,Paid,30,60,2026-06-30
INV0000518,C0131,,Subscription,2024-04-01,2024-04-16,2024-04-10,32272.8,32272.8,0,Paid,15,9,2026-06-30
INV0000519,C0131,,Subscription,2025-04-01,2025-04-16,2025-04-21,35017.2,35017.2,0,Paid,15,20,2026-06-30
INV0000520,C0131,,Subscription,2026-04-01,2026-04-16,2026-04-15,37278.36,37278.36,0,Paid,15,14,2026-06-30
INV0000521,C0132,,Subscription,2024-01-01,2024-01-31,2024-03-03,157322.52,157322.52,0,Paid,30,62,2026-06-30
INV0000522,C0132,,Subscription,2025-01-01,2025-01-31,2025-02-05,162042.12,162042.12,0,Paid,30,35,2026-06-30
INV0000523,C0132,,Subscription,2026-01-01,2026-01-31,2026-02-05,173670.6,173670.6,0,Paid,30,35,2026-06-30
INV0000524,C0133,,Subscription,2024-06-01,2024-07-01,2024-06-25,70900.35,70900.35,0,Paid,30,24,2026-06-30
INV0000525,C0133,,Subscription,2024-09-01,2024-10-01,2024-10-10,70900.35,70900.35,0,Paid,30,39,2026-06-30
INV0000526,C0133,,Subscription,2024-12-01,2024-12-31,2024-12-16,70900.35,70900.35,0,Paid,30,15,2026-06-30
INV0000527,C0133,,Subscription,2025-03-01,2025-03-31,2025-04-09,70900.35,70900.35,0,Paid,30,39,2026-06-30
INV0000528,C0133,,Subscription,2025-06-01,2025-07-01,2025-07-10,74702.4,74702.4,0,Paid,30,39,2026-06-30
INV0000529,C0133,,Subscription,2025-09-01,2025-10-01,2025-10-24,74702.4,74702.4,0,Paid,30,53,2026-06-30
INV0000530,C0133,,Subscription,2025-12-01,2025-12-31,2026-01-07,74702.4,74702.4,0,Paid,30,37,2026-06-30
INV0000531,C0133,,Subscription,2026-03-01,2026-03-31,2026-03-20,74702.4,74702.4,0,Paid,30,19,2026-06-30
INV0000532,C0133,,Subscription,2026-06-01,2026-07-01,,76943.49,0,76943.49,Open,30,,2026-06-30
INV0000533,C0134,,Subscription,2024-06-01,2024-06-16,2024-07-29,19374.69,19374.69,0,Paid,15,58,2026-06-30
INV0000534,C0134,,Subscription,2024-09-01,2024-09-16,,19374.69,0,19374.69,Past Due,15,,2026-06-30
INV0000535,C0134,,Subscription,2024-12-01,2024-12-16,2025-01-02,19374.69,19374.69,0,Paid,15,32,2026-06-30
INV0000536,C0134,,Subscription,2025-03-01,2025-03-16,2025-04-23,19374.69,19374.69,0,Paid,15,53,2026-06-30
INV0000537,C0134,,Subscription,2025-06-01,2025-06-16,2025-06-19,19955.94,19955.94,0,Paid,15,18,2026-06-30
INV0000538,C0134,,Subscription,2025-09-01,2025-09-16,2025-09-06,19955.94,19955.94,0,Paid,15,5,2026-06-30
INV0000539,C0134,,Subscription,2025-12-01,2025-12-16,2026-01-31,19955.94,19955.94,0,Paid,15,61,2026-06-30
INV0000540,C0134,,Subscription,2026-03-01,2026-03-16,2026-04-29,19955.94,19955.94,0,Paid,15,59,2026-06-30
INV0000541,C0134,,Subscription,2026-06-01,2026-06-16,,20554.62,0,20554.62,Past Due,15,,2026-06-30
INV0000542,C0135,,Subscription,2024-08-01,2024-09-30,2024-10-02,722153.28,722153.28,0,Paid,60,62,2026-06-30
INV0000543,C0135,,Subscription,2025-08-01,2025-09-30,2025-09-24,812832.24,812832.24,0,Paid,60,54,2026-06-30
INV0000544,C0136,,Subscription,2025-09-01,2025-10-16,2025-10-17,43346.16,43346.16,0,Paid,45,46,2026-06-30
INV0000545,C0136,,Subscription,2025-12-01,2026-01-15,2026-01-22,43346.16,43346.16,0,Paid,45,52,2026-06-30
INV0000546,C0136,,Subscription,2026-03-01,2026-04-15,2026-05-01,43346.16,43346.16,0,Paid,45,61,2026-06-30
INV0000547,C0136,,Subscription,2026-06-01,2026-07-16,,43346.16,0,43346.16,Open,45,,2026-06-30
INV0000548,C0137,,Subscription,2024-10-01,2024-11-15,2024-11-14,622136.52,622136.52,0,Paid,45,44,2026-06-30
INV0000549,C0137,,Subscription,2025-10-01,2025-11-15,2025-11-25,709209,709209,0,Paid,45,55,2026-06-30
INV0000550,C0138,,Subscription,2024-11-01,2024-12-01,2024-12-07,17163.12,17163.12,0,Paid,30,36,2026-06-30
INV0000551,C0138,,Subscription,2025-02-01,2025-03-03,2025-02-25,17163.12,17163.12,0,Paid,30,24,2026-06-30
INV0000552,C0138,,Subscription,2025-05-01,2025-05-31,2025-06-09,17163.12,17163.12,0,Paid,30,39,2026-06-30
INV0000553,C0138,,Subscription,2025-08-01,2025-08-31,2025-08-24,17163.12,17163.12,0,Paid,30,23,2026-06-30
INV0000554,C0138,,Subscription,2025-11-01,2025-12-01,2025-12-01,18355.74,18355.74,0,Paid,30,30,2026-06-30
INV0000555,C0138,,Subscription,2026-02-01,2026-03-03,2026-02-25,18355.74,18355.74,0,Paid,30,24,2026-06-30
INV0000556,C0138,,Subscription,2026-05-01,2026-05-31,2026-06-01,18355.74,18355.74,0,Paid,30,31,2026-06-30
INV0000557,C0139,,Subscription,2024-07-01,2024-07-31,2024-07-24,192118.56,192118.56,0,Paid,30,23,2026-06-30
INV0000558,C0139,,Subscription,2025-07-01,2025-07-31,2025-08-10,200763.84,200763.84,0,Paid,30,40,2026-06-30
INV0000559,C0140,,Subscription,2024-12-01,2024-12-31,2024-12-18,260072.16,260072.16,0,Paid,30,17,2026-06-30
INV0000560,C0140,,Subscription,2025-12-01,2025-12-31,2025-12-31,291206.64,291206.64,0,Paid,30,30,2026-06-30
INV0000561,C0141,,Subscription,2024-04-01,2024-05-01,2024-04-21,170005.92,170005.92,0,Paid,30,20,2026-06-30
INV0000562,C0141,,Subscription,2025-04-01,2025-05-01,2025-05-03,175106.04,175106.04,0,Paid,30,32,2026-06-30
INV0000563,C0141,,Subscription,2026-04-01,2026-05-01,2026-04-29,187719.36,187719.36,0,Paid,30,28,2026-06-30
INV0000564,C0142,,Subscription,2024-04-01,2024-05-01,2024-06-14,85074.12,85074.12,0,Paid,30,74,2026-06-30
INV0000565,C0142,,Subscription,2025-04-01,2025-05-01,2025-05-26,96355.08,96355.08,0,Paid,30,55,2026-06-30
INV0000566,C0142,,Subscription,2026-04-01,2026-05-01,,95577.48,0,95577.48,Past Due,30,,2026-06-30
INV0000567,C0144,,Subscription,2024-12-01,2024-12-31,2024-12-26,52843.68,52843.68,0,Paid,30,25,2026-06-30
INV0000568,C0144,,Subscription,2025-12-01,2025-12-31,2025-12-27,55741.92,55741.92,0,Paid,30,26,2026-06-30
INV0000569,C0145,,Subscription,2024-02-01,2024-03-02,2024-02-09,36689.49,36689.49,0,Paid,30,8,2026-06-30
INV0000570,C0145,,Subscription,2024-05-01,2024-05-31,2024-05-30,36689.49,36689.49,0,Paid,30,29,2026-06-30
INV0000571,C0145,,Subscription,2024-08-01,2024-08-31,2024-09-03,36689.49,36689.49,0,Paid,30,33,2026-06-30
INV0000572,C0145,,Subscription,2024-11-01,2024-12-01,2024-11-25,36689.49,36689.49,0,Paid,30,24,2026-06-30
INV0000573,C0145,,Subscription,2025-02-01,2025-03-03,2025-02-25,39372.9,39372.9,0,Paid,30,24,2026-06-30
INV0000574,C0145,,Subscription,2025-05-01,2025-05-31,2025-05-24,39372.9,39372.9,0,Paid,30,23,2026-06-30
INV0000575,C0145,,Subscription,2025-08-01,2025-08-31,2025-09-10,39372.9,39372.9,0,Paid,30,40,2026-06-30
INV0000576,C0145,,Subscription,2025-11-01,2025-12-01,2025-12-07,39372.9,39372.9,0,Paid,30,36,2026-06-30
INV0000577,C0145,,Subscription,2026-02-01,2026-03-03,2026-02-18,40554.09,40554.09,0,Paid,30,17,2026-06-30
INV0000578,C0145,,Subscription,2026-05-01,2026-05-31,2026-06-02,40554.09,40554.09,0,Paid,30,32,2026-06-30
INV0000579,C0147,,Subscription,2024-11-01,2024-12-16,2024-12-05,167269.8,167269.8,0,Paid,45,34,2026-06-30
INV0000580,C0147,,Subscription,2025-11-01,2025-12-16,2025-12-10,176998.44,176998.44,0,Paid,45,39,2026-06-30
INV0000581,C0148,,Subscription,2024-08-01,2024-09-15,2024-08-29,158002.56,158002.56,0,Paid,45,28,2026-06-30
INV0000582,C0148,,Subscription,2025-08-01,2025-09-15,2025-09-07,165112.56,165112.56,0,Paid,45,37,2026-06-30
INV0000583,C0149,,Subscription,2024-12-01,2025-01-15,2025-01-08,1236015.6,1236015.6,0,Paid,45,38,2026-06-30
INV0000584,C0149,,Subscription,2025-12-01,2026-01-15,2026-01-10,1377300.48,1377300.48,0,Paid,45,40,2026-06-30
INV0000585,C0150,,Subscription,2024-07-01,2024-08-15,2024-08-09,301078.2,301078.2,0,Paid,45,39,2026-06-30
INV0000586,C0150,,Subscription,2025-07-01,2025-08-15,2025-08-04,294357,294357,0,Paid,45,34,2026-06-30
INV0000587,C0151,,Subscription,2024-01-01,2024-02-15,2024-01-31,885255,885255,0,Paid,45,30,2026-06-30
INV0000588,C0151,,Subscription,2025-01-01,2025-02-15,2025-01-28,967331.28,967331.28,0,Paid,45,27,2026-06-30
INV0000589,C0151,,Subscription,2026-01-01,2026-02-15,2026-02-24,996351.24,996351.24,0,Paid,45,54,2026-06-30
INV0000590,C0152,,Subscription,2024-10-01,2024-11-15,2024-11-19,37575.3,37575.3,0,Paid,45,49,2026-06-30
INV0000591,C0152,,Subscription,2025-01-01,2025-02-15,2025-02-03,37575.3,37575.3,0,Paid,45,33,2026-06-30
INV0000592,C0152,,Subscription,2025-04-01,2025-05-16,2025-05-17,37575.3,37575.3,0,Paid,45,46,2026-06-30
INV0000593,C0152,,Subscription,2025-07-01,2025-08-15,2025-08-16,37575.3,37575.3,0,Paid,45,46,2026-06-30
INV0000594,C0152,,Subscription,2025-10-01,2025-11-15,2025-11-21,39266.19,39266.19,0,Paid,45,51,2026-06-30
INV0000595,C0152,,Subscription,2026-01-01,2026-02-15,2026-02-22,39266.19,39266.19,0,Paid,45,52,2026-06-30
INV0000596,C0152,,Subscription,2026-04-01,2026-05-16,2026-05-25,39266.19,39266.19,0,Paid,45,54,2026-06-30
INV0000597,C0153,,Subscription,2024-04-01,2024-05-01,2024-04-08,20009.25,20009.25,0,Paid,30,7,2026-06-30
INV0000598,C0153,,Subscription,2024-07-01,2024-07-31,2024-07-27,20009.25,20009.25,0,Paid,30,26,2026-06-30
INV0000599,C0153,,Subscription,2024-10-01,2024-10-31,2024-11-11,20009.25,20009.25,0,Paid,30,41,2026-06-30
INV0000600,C0153,,Subscription,2025-01-01,2025-01-31,2025-03-13,20009.25,20009.25,0,Paid,30,71,2026-06-30
INV0000601,C0153,,Subscription,2025-04-01,2025-05-01,2025-05-26,20609.52,20609.52,0,Paid,30,55,2026-06-30
INV0000602,C0153,,Subscription,2025-07-01,2025-07-31,2025-08-12,20609.52,20609.52,0,Paid,30,42,2026-06-30
INV0000603,C0153,,Subscription,2025-10-01,2025-10-31,2025-11-16,20609.52,20609.52,0,Paid,30,46,2026-06-30
INV0000604,C0153,,Subscription,2026-01-01,2026-01-31,2026-02-07,20609.52,20609.52,0,Paid,30,37,2026-06-30
INV0000605,C0153,,Subscription,2026-04-01,2026-05-01,2026-05-11,22300.68,22300.68,0,Paid,30,40,2026-06-30
INV0000606,C0154,,Subscription,2024-08-01,2024-09-15,2024-09-03,23919.18,23919.18,0,Paid,45,33,2026-06-30
INV0000607,C0154,,Subscription,2024-11-01,2024-12-16,2024-12-27,23919.18,23919.18,0,Paid,45,56,2026-06-30
INV0000608,C0154,,Subscription,2025-02-01,2025-03-18,2025-03-11,23919.18,23919.18,0,Paid,45,38,2026-06-30
INV0000609,C0154,,Subscription,2025-05-01,2025-06-15,2025-06-10,23919.18,23919.18,0,Paid,45,40,2026-06-30
INV0000610,C0154,,Subscription,2025-08-01,2025-09-15,2025-09-17,24636.75,24636.75,0,Paid,45,47,2026-06-30
INV0000611,C0154,,Subscription,2025-11-01,2025-12-16,2025-12-04,24636.75,24636.75,0,Paid,45,33,2026-06-30
INV0000612,C0154,,Subscription,2026-02-01,2026-03-18,2026-03-16,24636.75,24636.75,0,Paid,45,43,2026-06-30
INV0000613,C0154,,Subscription,2026-05-01,2026-06-15,2026-06-17,24636.75,24636.75,0,Paid,45,47,2026-06-30
INV0000614,C0155,,Subscription,2024-07-01,2024-08-30,2024-08-17,131579.76,131579.76,0,Paid,60,47,2026-06-30
INV0000615,C0155,,Subscription,2025-07-01,2025-08-30,2025-08-25,135527.16,135527.16,0,Paid,60,55,2026-06-30
INV0000616,C0156,,Subscription,2024-02-01,2024-03-02,2024-03-09,121122.78,121122.78,0,Paid,30,37,2026-06-30
INV0000617,C0156,,Subscription,2024-05-01,2024-05-31,2024-06-07,121122.78,121122.78,0,Paid,30,37,2026-06-30
INV0000618,C0156,,Subscription,2024-08-01,2024-08-31,2024-10-02,121122.78,121122.78,0,Paid,30,62,2026-06-30
INV0000619,C0156,,Subscription,2024-11-01,2024-12-01,2024-12-21,121122.78,121122.78,0,Paid,30,50,2026-06-30
INV0000620,C0156,,Subscription,2025-02-01,2025-03-03,2025-03-21,135596.19,135596.19,0,Paid,30,48,2026-06-30
INV0000621,C0156,,Subscription,2025-05-01,2025-05-31,2025-05-29,135596.19,135596.19,0,Paid,30,28,2026-06-30
INV0000622,C0156,,Subscription,2025-08-01,2025-08-31,2025-08-02,135596.19,135596.19,0,Paid,30,1,2026-06-30
INV0000623,C0156,,Subscription,2025-11-01,2025-12-01,2025-11-19,135596.19,135596.19,0,Paid,30,18,2026-06-30
INV0000624,C0156,,Subscription,2026-02-01,2026-03-03,2026-03-24,139664.07,139664.07,0,Paid,30,51,2026-06-30
INV0000625,C0156,,Subscription,2026-05-01,2026-05-31,2026-06-18,139664.07,139664.07,0,Paid,30,48,2026-06-30
INV0000626,C0157,,Subscription,2024-05-01,2024-05-31,2024-05-15,252329.52,252329.52,0,Paid,30,14,2026-06-30
INV0000627,C0157,,Subscription,2025-05-01,2025-05-31,2025-05-20,271380.24,271380.24,0,Paid,30,19,2026-06-30
INV0000628,C0157,,Subscription,2026-05-01,2026-05-31,2026-05-24,279521.64,279521.64,0,Paid,30,23,2026-06-30
INV0000629,C0158,,Subscription,2024-10-01,2024-11-15,2024-11-23,38630.31,38630.31,0,Paid,45,53,2026-06-30
INV0000630,C0158,,Subscription,2025-01-01,2025-02-15,2025-02-07,38630.31,38630.31,0,Paid,45,37,2026-06-30
INV0000631,C0158,,Subscription,2025-04-01,2025-05-16,2025-04-26,38630.31,38630.31,0,Paid,45,25,2026-06-30
INV0000632,C0158,,Subscription,2025-07-01,2025-08-15,2025-08-05,38630.31,38630.31,0,Paid,45,35,2026-06-30
INV0000633,C0158,,Subscription,2025-10-01,2025-11-15,2025-11-11,39789.24,39789.24,0,Paid,45,41,2026-06-30
INV0000634,C0158,,Subscription,2026-01-01,2026-02-15,2026-02-08,39789.24,39789.24,0,Paid,45,38,2026-06-30
INV0000635,C0158,,Subscription,2026-04-01,2026-05-16,2026-05-02,39789.24,39789.24,0,Paid,45,31,2026-06-30
INV0000636,C0159,,Subscription,2024-07-01,2024-07-31,2024-08-01,74532.81,74532.81,0,Paid,30,31,2026-06-30
INV0000637,C0159,,Subscription,2024-10-01,2024-10-31,2024-11-01,74532.81,74532.81,0,Paid,30,31,2026-06-30
INV0000638,C0159,,Subscription,2025-01-01,2025-01-31,2025-01-22,74532.81,74532.81,0,Paid,30,21,2026-06-30
INV0000639,C0159,,Subscription,2025-04-01,2025-05-01,2025-04-29,74532.81,74532.81,0,Paid,30,28,2026-06-30
INV0000640,C0159,,Subscription,2025-07-01,2025-07-31,2025-08-10,83520.84,83520.84,0,Paid,30,40,2026-06-30
INV0000641,C0159,,Subscription,2025-10-01,2025-10-31,2025-10-23,83520.84,83520.84,0,Paid,30,22,2026-06-30
INV0000642,C0159,,Subscription,2026-01-01,2026-01-31,2026-01-22,83520.84,83520.84,0,Paid,30,21,2026-06-30
INV0000643,C0159,,Subscription,2026-04-01,2026-05-01,2026-04-27,83520.84,83520.84,0,Paid,30,26,2026-06-30
INV0000644,C0160,,Subscription,2024-08-01,2024-09-15,2024-09-17,51642.99,51642.99,0,Paid,45,47,2026-06-30
INV0000645,C0160,,Subscription,2024-11-01,2024-12-16,2024-12-24,51642.99,51642.99,0,Paid,45,53,2026-06-30
INV0000646,C0160,,Subscription,2025-02-01,2025-03-18,2025-03-19,51642.99,51642.99,0,Paid,45,46,2026-06-30
INV0000647,C0160,,Subscription,2025-05-01,2025-06-15,2025-06-21,51642.99,51642.99,0,Paid,45,51,2026-06-30
INV0000648,C0160,,Subscription,2025-08-01,2025-09-15,2025-10-01,52725.75,52725.75,0,Paid,45,61,2026-06-30
INV0000649,C0160,,Subscription,2025-11-01,2025-12-16,2026-01-13,52725.75,52725.75,0,Paid,45,73,2026-06-30
INV0000650,C0160,,Subscription,2026-02-01,2026-03-18,2026-03-25,52725.75,52725.75,0,Paid,45,52,2026-06-30
INV0000651,C0160,,Subscription,2026-05-01,2026-06-15,2026-06-13,52725.75,52725.75,0,Paid,45,43,2026-06-30
INV0000652,C0161,,Subscription,2024-04-01,2024-05-16,2024-05-19,184343.76,184343.76,0,Paid,45,48,2026-06-30
INV0000653,C0161,,Subscription,2024-07-01,2024-08-15,2024-08-13,184343.76,184343.76,0,Paid,45,43,2026-06-30
INV0000654,C0161,,Subscription,2024-10-01,2024-11-15,2024-11-28,184343.76,184343.76,0,Paid,45,58,2026-06-30
INV0000655,C0161,,Subscription,2025-01-01,2025-02-15,2025-02-18,184343.76,184343.76,0,Paid,45,48,2026-06-30
INV0000656,C0161,,Subscription,2025-04-01,2025-05-16,2025-05-09,208034.28,208034.28,0,Paid,45,38,2026-06-30
INV0000657,C0161,,Subscription,2025-07-01,2025-08-15,2025-08-13,208034.28,208034.28,0,Paid,45,43,2026-06-30
INV0000658,C0161,,Subscription,2025-10-01,2025-11-15,2025-11-12,208034.28,208034.28,0,Paid,45,42,2026-06-30
INV0000659,C0161,,Subscription,2026-01-01,2026-02-15,2026-02-05,208034.28,208034.28,0,Paid,45,35,2026-06-30
INV0000660,C0161,,Subscription,2026-04-01,2026-05-16,2026-05-17,225834.99,225834.99,0,Paid,45,46,2026-06-30
INV0000661,C0162,,Subscription,2024-08-01,2024-09-15,2024-09-26,271287.84,271287.84,0,Paid,45,56,2026-06-30
INV0000662,C0162,,Subscription,2025-08-01,2025-09-15,2025-09-25,281677.8,281677.8,0,Paid,45,55,2026-06-30
INV0000663,C0163,,Subscription,2024-12-01,2025-01-30,2025-01-26,1821294.84,1821294.84,0,Paid,60,56,2026-06-30
INV0000664,C0163,,Subscription,2025-12-01,2026-01-30,2026-01-11,2111036.4,2111036.4,0,Paid,60,41,2026-06-30
INV0000665,C0164,,Subscription,2024-03-01,2024-04-15,2024-04-14,234733.32,234733.32,0,Paid,45,44,2026-06-30
INV0000666,C0164,,Subscription,2025-03-01,2025-04-15,2025-04-14,253041.12,253041.12,0,Paid,45,44,2026-06-30
INV0000667,C0164,,Subscription,2026-03-01,2026-04-15,2026-04-20,278475.12,278475.12,0,Paid,45,50,2026-06-30
INV0000668,C0165,,Subscription,2024-02-01,2024-04-01,2024-04-10,865569,865569,0,Paid,60,69,2026-06-30
INV0000669,C0165,,Subscription,2025-02-01,2025-04-02,2025-04-11,891536.16,891536.16,0,Paid,60,69,2026-06-30
INV0000670,C0165,,Subscription,2026-02-01,2026-04-02,2026-04-30,918282.24,918282.24,0,Paid,60,88,2026-06-30
INV0000671,C0166,,Subscription,2024-04-01,2024-05-01,2024-05-09,37412.04,37412.04,0,Paid,30,38,2026-06-30
INV0000672,C0166,,Subscription,2025-04-01,2025-05-01,2025-04-18,38752.2,38752.2,0,Paid,30,17,2026-06-30
INV0000673,C0166,,Subscription,2026-04-01,2026-05-01,2026-05-27,41626.8,41626.8,0,Paid,30,56,2026-06-30
INV0000674,C0167,,Subscription,2026-03-01,2026-04-30,2026-04-23,925960.8,925960.8,0,Paid,60,53,2026-06-30
INV0000675,C0168,,Subscription,2024-03-01,2024-03-31,2024-03-30,45990,45990,0,Paid,30,29,2026-06-30
INV0000676,C0168,,Subscription,2024-06-01,2024-07-01,2024-06-26,45990,45990,0,Paid,30,25,2026-06-30
INV0000677,C0168,,Subscription,2024-09-01,2024-10-01,2024-10-17,45990,45990,0,Paid,30,46,2026-06-30
INV0000678,C0168,,Subscription,2024-12-01,2024-12-31,2025-01-02,45990,45990,0,Paid,30,32,2026-06-30
INV0000679,C0168,,Subscription,2025-03-01,2025-03-31,2025-04-11,51079.29,51079.29,0,Paid,30,41,2026-06-30
INV0000680,C0168,,Subscription,2025-06-01,2025-07-01,2025-08-07,51079.29,51079.29,0,Paid,30,67,2026-06-30
INV0000681,C0168,,Subscription,2025-09-01,2025-10-01,2025-09-25,51079.29,51079.29,0,Paid,30,24,2026-06-30
INV0000682,C0168,,Subscription,2025-12-01,2025-12-31,2026-01-12,51079.29,51079.29,0,Paid,30,42,2026-06-30
INV0000683,C0168,,Subscription,2026-03-01,2026-03-31,2026-04-24,55637.91,55637.91,0,Paid,30,54,2026-06-30
INV0000684,C0168,,Subscription,2026-06-01,2026-07-01,,55637.91,0,55637.91,Open,30,,2026-06-30
INV0000685,C0169,,Subscription,2024-04-01,2024-05-16,2024-07-16,1134435.36,1134435.36,0,Paid,45,106,2026-06-30
INV0000686,C0169,,Subscription,2025-04-01,2025-05-16,2025-06-20,1298399.4,1298399.4,0,Paid,45,80,2026-06-30
INV0000687,C0169,,Subscription,2026-04-01,2026-05-16,2026-05-20,1426732.92,1426732.92,0,Paid,45,49,2026-06-30
INV0000688,C0170,,Subscription,2024-04-01,2024-05-16,2024-05-14,540193.68,540193.68,0,Paid,45,43,2026-06-30
INV0000689,C0170,,Subscription,2025-04-01,2025-05-16,2025-05-02,556399.44,556399.44,0,Paid,45,31,2026-06-30
INV0000690,C0170,,Subscription,2026-04-01,2026-05-16,2026-05-26,573091.44,573091.44,0,Paid,45,55,2026-06-30
INV0000691,C0171,,Subscription,2024-01-01,2024-02-15,2024-02-19,50491.77,50491.77,0,Paid,45,49,2026-06-30
INV0000692,C0171,,Subscription,2024-04-01,2024-05-16,2024-05-09,50491.77,50491.77,0,Paid,45,38,2026-06-30
INV0000693,C0171,,Subscription,2024-07-01,2024-08-15,2024-08-10,50491.77,50491.77,0,Paid,45,40,2026-06-30
INV0000694,C0171,,Subscription,2024-10-01,2024-11-15,2024-11-13,50491.77,50491.77,0,Paid,45,43,2026-06-30
INV0000695,C0171,,Subscription,2025-01-01,2025-02-15,2025-02-04,49614.69,49614.69,0,Paid,45,34,2026-06-30
INV0000696,C0171,,Subscription,2025-04-01,2025-05-16,2025-05-12,49614.69,49614.69,0,Paid,45,41,2026-06-30
INV0000697,C0171,,Subscription,2025-07-01,2025-08-15,2025-08-08,49614.69,49614.69,0,Paid,45,38,2026-06-30
INV0000698,C0171,,Subscription,2025-10-01,2025-11-15,2025-11-14,49614.69,49614.69,0,Paid,45,44,2026-06-30
INV0000699,C0171,,Subscription,2026-01-01,2026-02-15,2026-01-22,51847.38,51847.38,0,Paid,45,21,2026-06-30
INV0000700,C0171,,Subscription,2026-04-01,2026-05-16,2026-05-25,51847.38,51847.38,0,Paid,45,54,2026-06-30
INV0000701,C0172,,Subscription,2024-06-01,2024-07-01,2024-07-02,51680.7,51680.7,0,Paid,30,31,2026-06-30
INV0000702,C0172,,Subscription,2024-09-01,2024-10-01,2024-09-22,51680.7,51680.7,0,Paid,30,21,2026-06-30
INV0000703,C0172,,Subscription,2024-12-01,2024-12-31,2025-01-03,51680.7,51680.7,0,Paid,30,33,2026-06-30
INV0000704,C0172,,Subscription,2025-03-01,2025-03-31,2025-03-31,51680.7,51680.7,0,Paid,30,30,2026-06-30
INV0000705,C0172,,Subscription,2025-06-01,2025-07-01,2025-06-20,53231.1,53231.1,0,Paid,30,19,2026-06-30
INV0000706,C0172,,Subscription,2025-09-01,2025-10-01,2025-10-06,53231.1,53231.1,0,Paid,30,35,2026-06-30
INV0000707,C0172,,Subscription,2025-12-01,2025-12-31,2025-12-14,53231.1,53231.1,0,Paid,30,13,2026-06-30
INV0000708,C0172,,Subscription,2026-03-01,2026-03-31,2026-03-26,53231.1,53231.1,0,Paid,30,25,2026-06-30
INV0000709,C0172,,Subscription,2026-06-01,2026-07-01,,55626.51,0,55626.51,Open,30,,2026-06-30
INV0000710,C0173,,Subscription,2024-07-01,2024-07-31,2024-08-04,33462.96,33462.96,0,Paid,30,34,2026-06-30
INV0000711,C0173,,Subscription,2024-10-01,2024-10-31,2024-11-05,33462.96,33462.96,0,Paid,30,35,2026-06-30
INV0000712,C0173,,Subscription,2025-01-01,2025-01-31,2025-02-03,33462.96,33462.96,0,Paid,30,33,2026-06-30
INV0000713,C0173,,Subscription,2025-04-01,2025-05-01,2025-04-16,33462.96,33462.96,0,Paid,30,15,2026-06-30
INV0000714,C0173,,Subscription,2025-07-01,2025-07-31,2025-08-04,33452.31,33452.31,0,Paid,30,34,2026-06-30
INV0000715,C0173,,Subscription,2025-10-01,2025-10-31,2025-10-24,33452.31,33452.31,0,Paid,30,23,2026-06-30
INV0000716,C0173,,Subscription,2026-01-01,2026-01-31,2026-01-14,33452.31,33452.31,0,Paid,30,13,2026-06-30
INV0000717,C0173,,Subscription,2026-04-01,2026-05-01,2026-05-06,33452.31,33452.31,0,Paid,30,35,2026-06-30
INV0000718,C0174,,Subscription,2024-03-01,2024-04-15,2024-05-09,561132,561132,0,Paid,45,69,2026-06-30
INV0000719,C0174,,Subscription,2025-03-01,2025-04-15,2025-04-23,626657.16,626657.16,0,Paid,45,53,2026-06-30
INV0000720,C0174,,Subscription,2026-03-01,2026-04-15,2026-05-18,645456.84,645456.84,0,Paid,45,78,2026-06-30
INV0000721,C0175,,Subscription,2024-08-01,2024-08-31,2024-08-06,297610.8,297610.8,0,Paid,30,5,2026-06-30
INV0000722,C0175,,Subscription,2025-08-01,2025-08-31,2025-08-24,331405.2,331405.2,0,Paid,30,23,2026-06-30
INV0000723,C0176,,Subscription,2024-05-01,2024-06-15,2024-07-03,294095.88,294095.88,0,Paid,45,63,2026-06-30
INV0000724,C0176,,Subscription,2025-05-01,2025-06-15,2025-07-09,302918.76,302918.76,0,Paid,45,69,2026-06-30
INV0000725,C0176,,Subscription,2026-05-01,2026-06-15,2026-05-15,331883.52,331883.52,0,Paid,45,14,2026-06-30
INV0000726,C0177,,Subscription,2024-04-01,2024-05-16,2024-05-10,29483.52,29483.52,0,Paid,45,39,2026-06-30
INV0000727,C0177,,Subscription,2024-07-01,2024-08-15,2024-08-19,29483.52,29483.52,0,Paid,45,49,2026-06-30
INV0000728,C0177,,Subscription,2024-10-01,2024-11-15,2024-11-05,29483.52,29483.52,0,Paid,45,35,2026-06-30
INV0000729,C0177,,Subscription,2025-01-01,2025-02-15,2025-02-04,29483.52,29483.52,0,Paid,45,34,2026-06-30
INV0000730,C0177,,Subscription,2025-04-01,2025-05-16,2025-05-17,30073.2,30073.2,0,Paid,45,46,2026-06-30
INV0000731,C0177,,Subscription,2025-07-01,2025-08-15,2025-08-14,30073.2,30073.2,0,Paid,45,44,2026-06-30
INV0000732,C0177,,Subscription,2025-10-01,2025-11-15,2025-11-06,30073.2,30073.2,0,Paid,45,36,2026-06-30
INV0000733,C0177,,Subscription,2026-01-01,2026-02-15,2026-02-23,30073.2,30073.2,0,Paid,45,53,2026-06-30
INV0000734,C0177,,Subscription,2026-04-01,2026-05-16,2026-05-20,30975.39,30975.39,0,Paid,45,49,2026-06-30
INV0000735,C0178,,Subscription,2024-07-01,2024-08-15,2024-08-13,85158.09,85158.09,0,Paid,45,43,2026-06-30
INV0000736,C0178,,Subscription,2024-10-01,2024-11-15,2024-11-25,85158.09,85158.09,0,Paid,45,55,2026-06-30
INV0000737,C0178,,Subscription,2025-01-01,2025-02-15,2025-01-31,85158.09,85158.09,0,Paid,45,30,2026-06-30
INV0000738,C0178,,Subscription,2025-04-01,2025-05-16,2025-05-22,85158.09,85158.09,0,Paid,45,51,2026-06-30
INV0000739,C0178,,Subscription,2025-07-01,2025-08-15,2025-08-15,92484.87,92484.87,0,Paid,45,45,2026-06-30
INV0000740,C0178,,Subscription,2025-10-01,2025-11-15,2025-11-12,92484.87,92484.87,0,Paid,45,42,2026-06-30
INV0000741,C0178,,Subscription,2026-01-01,2026-02-15,2026-02-13,92484.87,92484.87,0,Paid,45,43,2026-06-30
INV0000742,C0178,,Subscription,2026-04-01,2026-05-16,2026-05-12,92484.87,92484.87,0,Paid,45,41,2026-06-30
INV0000743,C0179,,Subscription,2024-09-01,2024-10-16,2024-10-16,866306.52,866306.52,0,Paid,45,45,2026-06-30
INV0000744,C0179,,Subscription,2025-09-01,2025-10-16,2025-10-22,925541.4,925541.4,0,Paid,45,51,2026-06-30
INV0000745,C0180,,Subscription,2024-11-01,2024-12-01,2024-12-03,168310.56,168310.56,0,Paid,30,32,2026-06-30
INV0000746,C0180,,Subscription,2025-11-01,2025-12-01,2025-12-04,190452.6,190452.6,0,Paid,30,33,2026-06-30
INV0000747,C0181,,Subscription,2024-07-01,2024-07-31,2024-08-20,116788.92,116788.92,0,Paid,30,50,2026-06-30
INV0000748,C0181,,Subscription,2025-07-01,2025-07-31,2025-08-11,119454.96,119454.96,0,Paid,30,41,2026-06-30
INV0000749,C0182,,Subscription,2024-02-01,2024-03-17,2024-04-10,30937.17,30937.17,0,Paid,45,69,2026-06-30
INV0000750,C0182,,Subscription,2024-05-01,2024-06-15,2024-06-15,30937.17,30937.17,0,Paid,45,45,2026-06-30
INV0000751,C0182,,Subscription,2024-08-01,2024-09-15,2024-09-20,30937.17,30937.17,0,Paid,45,50,2026-06-30
INV0000752,C0182,,Subscription,2024-11-01,2024-12-16,2024-12-25,30937.17,30937.17,0,Paid,45,54,2026-06-30
INV0000753,C0182,,Subscription,2025-02-01,2025-03-18,2025-03-16,31865.28,31865.28,0,Paid,45,43,2026-06-30
INV0000754,C0182,,Subscription,2025-05-01,2025-06-15,2025-06-13,31865.28,31865.28,0,Paid,45,43,2026-06-30
INV0000755,C0182,,Subscription,2025-08-01,2025-09-15,,31865.28,0,31865.28,Past Due,45,,2026-06-30
INV0000756,C0182,,Subscription,2025-11-01,2025-12-16,2025-12-08,31865.28,31865.28,0,Paid,45,37,2026-06-30
INV0000757,C0182,,Subscription,2026-02-01,2026-03-18,2026-03-14,33551.7,33551.7,0,Paid,45,41,2026-06-30
INV0000758,C0182,,Subscription,2026-05-01,2026-06-15,2026-05-31,33551.7,33551.7,0,Paid,45,30,2026-06-30
INV0000759,C0183,,Subscription,2024-07-01,2024-07-31,2024-08-19,7398.84,7398.84,0,Paid,30,49,2026-06-30
INV0000760,C0183,,Subscription,2024-10-01,2024-10-31,2024-10-30,7398.84,7398.84,0,Paid,30,29,2026-06-30
INV0000761,C0183,,Subscription,2025-01-01,2025-01-31,2025-01-26,7398.84,7398.84,0,Paid,30,25,2026-06-30
INV0000762,C0183,,Subscription,2025-04-01,2025-05-01,2025-05-26,7398.84,7398.84,0,Paid,30,55,2026-06-30
INV0000763,C0183,,Subscription,2025-07-01,2025-07-31,2025-07-25,8062.32,8062.32,0,Paid,30,24,2026-06-30
INV0000764,C0183,,Subscription,2025-10-01,2025-10-31,2025-11-18,8062.32,8062.32,0,Paid,30,48,2026-06-30
INV0000765,C0183,,Subscription,2026-01-01,2026-01-31,2026-01-16,8062.32,8062.32,0,Paid,30,15,2026-06-30
INV0000766,C0183,,Subscription,2026-04-01,2026-05-01,2026-04-26,8062.32,8062.32,0,Paid,30,25,2026-06-30
INV0000767,C0184,,Subscription,2024-03-01,2024-03-31,2024-05-10,100268.4,100268.4,0,Paid,30,70,2026-06-30
INV0000768,C0184,,Subscription,2025-03-01,2025-03-31,2025-04-05,103276.56,103276.56,0,Paid,30,35,2026-06-30
INV0000769,C0184,,Subscription,2026-03-01,2026-03-31,2026-04-14,112808.16,112808.16,0,Paid,30,44,2026-06-30
INV0000770,C0185,,Subscription,2024-03-01,2024-03-31,2024-04-27,11786.4,11786.4,0,Paid,30,57,2026-06-30
INV0000771,C0185,,Subscription,2024-06-01,2024-07-01,2024-07-11,11786.4,11786.4,0,Paid,30,40,2026-06-30
INV0000772,C0185,,Subscription,2024-09-01,2024-10-01,2024-10-24,11786.4,11786.4,0,Paid,30,53,2026-06-30
INV0000773,C0185,,Subscription,2024-12-01,2024-12-31,2025-01-23,11786.4,11786.4,0,Paid,30,53,2026-06-30
INV0000774,C0185,,Subscription,2025-03-01,2025-03-31,2025-03-28,13038.93,13038.93,0,Paid,30,27,2026-06-30
INV0000775,C0185,,Subscription,2025-06-01,2025-07-01,2025-06-27,13038.93,13038.93,0,Paid,30,26,2026-06-30
INV0000776,C0185,,Subscription,2025-09-01,2025-10-01,2025-10-19,13038.93,13038.93,0,Paid,30,48,2026-06-30
INV0000777,C0185,,Subscription,2025-12-01,2025-12-31,2026-01-05,13038.93,13038.93,0,Paid,30,35,2026-06-30
INV0000778,C0185,,Subscription,2026-03-01,2026-03-31,2026-04-10,13430.1,13430.1,0,Paid,30,40,2026-06-30
INV0000779,C0185,,Subscription,2026-06-01,2026-07-01,,13430.1,0,13430.1,Open,30,,2026-06-30
INV0000780,C0186,,Subscription,2024-11-01,2024-12-16,2024-12-14,762505.32,762505.32,0,Paid,45,43,2026-06-30
INV0000781,C0187,,Subscription,2025-05-01,2025-05-31,,9670.74,0,9670.74,Past Due,30,,2026-06-30
INV0000782,C0187,,Subscription,2025-08-01,2025-08-31,2025-08-20,9670.74,9670.74,0,Paid,30,19,2026-06-30
INV0000783,C0187,,Subscription,2025-11-01,2025-12-01,2025-12-21,9670.74,9670.74,0,Paid,30,50,2026-06-30
INV0000784,C0187,,Subscription,2026-02-01,2026-03-03,2026-03-11,9670.74,9670.74,0,Paid,30,38,2026-06-30
INV0000785,C0187,,Subscription,2026-05-01,2026-05-31,2026-06-17,9960.87,9960.87,0,Paid,30,47,2026-06-30
INV0000786,C0188,,Subscription,2024-06-01,2024-07-31,2024-09-16,94672.11,94672.11,0,Paid,60,107,2026-06-30
INV0000787,C0188,,Subscription,2024-09-01,2024-10-31,2024-11-15,94672.11,94672.11,0,Paid,60,75,2026-06-30
INV0000788,C0188,,Subscription,2024-12-01,2025-01-30,2025-01-15,94672.11,94672.11,0,Paid,60,45,2026-06-30
INV0000789,C0188,,Subscription,2025-03-01,2025-04-30,2025-06-14,94672.11,94672.11,0,Paid,60,105,2026-06-30
INV0000790,C0188,,Subscription,2025-06-01,2025-07-31,2025-09-25,100538.31,100538.31,0,Paid,60,116,2026-06-30
INV0000791,C0188,,Subscription,2025-09-01,2025-10-31,2025-10-20,100538.31,100538.31,0,Paid,60,49,2026-06-30
INV0000792,C0188,,Subscription,2025-12-01,2026-01-30,2026-01-29,100538.31,100538.31,0,Paid,60,59,2026-06-30
INV0000793,C0188,,Subscription,2026-03-01,2026-04-30,2026-04-29,100538.31,100538.31,0,Paid,60,59,2026-06-30
INV0000794,C0188,,Subscription,2026-06-01,2026-07-31,,106260.45,0,106260.45,Open,60,,2026-06-30
INV0000795,C0189,,Subscription,2024-12-01,2024-12-31,2024-12-23,163186.08,163186.08,0,Paid,30,22,2026-06-30
INV0000796,C0190,,Subscription,2024-10-01,2024-11-15,2024-11-02,1003520.76,1003520.76,0,Paid,45,32,2026-06-30
INV0000797,C0190,,Subscription,2025-10-01,2025-11-15,2025-11-23,1033626.36,1033626.36,0,Paid,45,53,2026-06-30
INV0000798,C0191,,Subscription,2024-03-01,2024-03-31,2024-04-06,60816.84,60816.84,0,Paid,30,36,2026-06-30
INV0000799,C0191,,Subscription,2025-03-01,2025-03-31,2025-03-31,62641.44,62641.44,0,Paid,30,30,2026-06-30
INV0000800,C0191,,Subscription,2026-03-01,2026-03-31,2026-03-21,64520.64,64520.64,0,Paid,30,20,2026-06-30
INV0000801,C0192,,Subscription,2024-05-01,2024-05-31,2024-05-28,9407.16,9407.16,0,Paid,30,27,2026-06-30
INV0000802,C0192,,Subscription,2024-08-01,2024-08-31,2024-09-01,9407.16,9407.16,0,Paid,30,31,2026-06-30
INV0000803,C0192,,Subscription,2024-11-01,2024-12-01,2024-12-11,9407.16,9407.16,0,Paid,30,40,2026-06-30
INV0000804,C0192,,Subscription,2025-02-01,2025-03-03,2025-02-20,9407.16,9407.16,0,Paid,30,19,2026-06-30
INV0000805,C0192,,Subscription,2025-05-01,2025-05-31,2025-05-23,9689.37,9689.37,0,Paid,30,22,2026-06-30
INV0000806,C0192,,Subscription,2025-08-01,2025-08-31,2025-09-14,9689.37,9689.37,0,Paid,30,44,2026-06-30
INV0000807,C0192,,Subscription,2025-11-01,2025-12-01,2025-11-27,9689.37,9689.37,0,Paid,30,26,2026-06-30
INV0000808,C0192,,Subscription,2026-02-01,2026-03-03,2026-02-11,9689.37,9689.37,0,Paid,30,10,2026-06-30
INV0000809,C0193,,Subscription,2024-11-01,2024-12-01,2024-12-01,125083.92,125083.92,0,Paid,30,30,2026-06-30
INV0000810,C0193,,Subscription,2025-11-01,2025-12-01,2025-11-21,132799.32,132799.32,0,Paid,30,20,2026-06-30
INV0000811,C0194,,Subscription,2026-01-01,2026-01-16,2026-01-16,4567.23,4567.23,0,Paid,15,15,2026-06-30
INV0000812,C0194,,Subscription,2026-04-01,2026-04-16,2026-04-12,4567.23,4567.23,0,Paid,15,11,2026-06-30
INV0000813,C0195,,Subscription,2024-05-01,2024-05-31,2024-07-03,151421.76,151421.76,0,Paid,30,63,2026-06-30
INV0000814,C0195,,Subscription,2025-05-01,2025-05-31,2025-06-29,155964.36,155964.36,0,Paid,30,59,2026-06-30
INV0000815,C0195,,Subscription,2026-05-01,2026-05-31,2026-06-10,160643.28,160643.28,0,Paid,30,40,2026-06-30
INV0000816,C0196,,Subscription,2024-10-01,2024-10-31,2024-11-13,41321.16,41321.16,0,Paid,30,43,2026-06-30
INV0000817,C0196,,Subscription,2025-10-01,2025-10-31,2025-10-26,42560.76,42560.76,0,Paid,30,25,2026-06-30
INV0000818,C0197,,Subscription,2024-09-01,2024-10-01,2024-09-21,28269.72,28269.72,0,Paid,30,20,2026-06-30
INV0000819,C0197,,Subscription,2025-09-01,2025-10-01,2025-09-22,29117.76,29117.76,0,Paid,30,21,2026-06-30
INV0000820,C0198,,Subscription,2024-02-01,2024-04-01,2024-03-30,1489034.88,1489034.88,0,Paid,60,58,2026-06-30
INV0000821,C0198,,Subscription,2025-02-01,2025-04-02,2025-04-13,1678040.04,1678040.04,0,Paid,60,71,2026-06-30
INV0000822,C0198,,Subscription,2026-02-01,2026-04-02,2026-03-28,1854707.76,1854707.76,0,Paid,60,55,2026-06-30
INV0000823,C0199,,Subscription,2024-11-01,2024-12-01,,16324.83,0,16324.83,Past Due,30,,2026-06-30
INV0000824,C0199,,Subscription,2025-02-01,2025-03-03,2025-04-11,16324.83,16324.83,0,Paid,30,69,2026-06-30
INV0000825,C0199,,Subscription,2025-05-01,2025-05-31,2025-05-08,16324.83,16324.83,0,Paid,30,7,2026-06-30
INV0000826,C0199,,Subscription,2025-08-01,2025-08-31,2025-10-05,16324.83,16324.83,0,Paid,30,65,2026-06-30
INV0000827,C0199,,Subscription,2025-11-01,2025-12-01,2026-02-22,17669.55,17669.55,0,Paid,30,113,2026-06-30
INV0000828,C0199,,Subscription,2026-02-01,2026-03-03,2026-04-15,17669.55,17669.55,0,Paid,30,73,2026-06-30
INV0000829,C0199,,Subscription,2026-05-01,2026-05-31,,17669.55,0,17669.55,Past Due,30,,2026-06-30
INV0000830,C0201,,Subscription,2025-10-01,2025-10-31,2025-10-30,9221.7,9221.7,0,Paid,30,29,2026-06-30
INV0000831,C0201,,Subscription,2026-01-01,2026-01-31,2026-02-02,9221.7,9221.7,0,Paid,30,32,2026-06-30
INV0000832,C0201,,Subscription,2026-04-01,2026-05-01,2026-05-04,9221.7,9221.7,0,Paid,30,33,2026-06-30
INV0000833,C0202,,Subscription,2024-09-01,2024-10-16,2024-10-14,705689.76,705689.76,0,Paid,45,43,2026-06-30
INV0000834,C0202,,Subscription,2025-09-01,2025-10-16,2025-10-16,776026.8,776026.8,0,Paid,45,45,2026-06-30
INV0000835,C0203,,Subscription,2024-04-01,2024-05-01,2024-05-08,42966.09,42966.09,0,Paid,30,37,2026-06-30
INV0000836,C0203,,Subscription,2024-07-01,2024-07-31,2024-09-03,42966.09,42966.09,0,Paid,30,64,2026-06-30
INV0000837,C0203,,Subscription,2024-10-01,2024-10-31,2024-11-14,42966.09,42966.09,0,Paid,30,44,2026-06-30
INV0000838,C0203,,Subscription,2025-01-01,2025-01-31,2025-02-19,42966.09,42966.09,0,Paid,30,49,2026-06-30
INV0000839,C0203,,Subscription,2025-04-01,2025-05-01,2025-04-20,40356.12,40356.12,0,Paid,30,19,2026-06-30
INV0000840,C0203,,Subscription,2025-07-01,2025-07-31,2025-07-17,40356.12,40356.12,0,Paid,30,16,2026-06-30
INV0000841,C0203,,Subscription,2025-10-01,2025-10-31,2025-11-25,40356.12,40356.12,0,Paid,30,55,2026-06-30
INV0000842,C0203,,Subscription,2026-01-01,2026-01-31,2026-03-03,40356.12,40356.12,0,Paid,30,61,2026-06-30
INV0000843,C0203,,Subscription,2026-04-01,2026-05-01,2026-05-09,42567.27,42567.27,0,Paid,30,38,2026-06-30
INV0000844,C0204,,Subscription,2024-04-01,2024-05-16,2024-05-26,1639684.8,1639684.8,0,Paid,45,55,2026-06-30
INV0000845,C0204,,Subscription,2025-04-01,2025-05-16,2025-05-29,1688875.32,1688875.32,0,Paid,45,58,2026-06-30
INV0000846,C0204,,Subscription,2026-04-01,2026-05-16,2026-05-18,1739541.6,1739541.6,0,Paid,45,47,2026-06-30
INV0000847,C0205,,Subscription,2024-07-01,2024-08-15,2024-08-19,137091,137091,0,Paid,45,49,2026-06-30
INV0000848,C0205,,Subscription,2025-07-01,2025-08-15,2025-08-16,147362.88,147362.88,0,Paid,45,46,2026-06-30
INV0000849,C0206,,Subscription,2024-12-01,2025-01-15,2025-02-17,151139.4,151139.4,0,Paid,45,78,2026-06-30
INV0000850,C0206,,Subscription,2025-12-01,2026-01-15,2026-01-17,162881.4,162881.4,0,Paid,45,47,2026-06-30
INV0000851,C0207,,Subscription,2024-04-01,2024-05-01,2024-04-26,216759.12,216759.12,0,Paid,30,25,2026-06-30
INV0000852,C0207,,Subscription,2025-04-01,2025-05-01,2025-05-07,232312.32,232312.32,0,Paid,30,36,2026-06-30
INV0000853,C0207,,Subscription,2026-04-01,2026-05-01,2026-05-09,239281.68,239281.68,0,Paid,30,38,2026-06-30
INV0000854,C0208,,Subscription,2024-06-01,2024-07-16,2024-07-03,38200.23,38200.23,0,Paid,45,32,2026-06-30
INV0000855,C0208,,Subscription,2024-09-01,2024-10-16,2024-10-11,38200.23,38200.23,0,Paid,45,40,2026-06-30
INV0000856,C0208,,Subscription,2024-12-01,2025-01-15,2025-01-15,38200.23,38200.23,0,Paid,45,45,2026-06-30
INV0000857,C0208,,Subscription,2025-03-01,2025-04-15,2025-04-17,38200.23,38200.23,0,Paid,45,47,2026-06-30
INV0000858,C0208,,Subscription,2025-06-01,2025-07-16,2025-07-03,39346.26,39346.26,0,Paid,45,32,2026-06-30
INV0000859,C0208,,Subscription,2025-09-01,2025-10-16,2025-10-21,39346.26,39346.26,0,Paid,45,50,2026-06-30
INV0000860,C0208,,Subscription,2025-12-01,2026-01-15,2026-01-22,39346.26,39346.26,0,Paid,45,52,2026-06-30
INV0000861,C0208,,Subscription,2026-03-01,2026-04-15,2026-04-15,39346.26,39346.26,0,Paid,45,45,2026-06-30
INV0000862,C0208,,Subscription,2026-06-01,2026-07-16,,43150.41,0,43150.41,Open,45,,2026-06-30
INV0000863,C0209,,Subscription,2024-08-01,2024-09-15,2024-10-24,45766.95,45766.95,0,Paid,45,84,2026-06-30
INV0000864,C0209,,Subscription,2024-11-01,2024-12-16,2025-02-01,45766.95,45766.95,0,Paid,45,92,2026-06-30
INV0000865,C0209,,Subscription,2025-02-01,2025-03-18,2025-03-21,45766.95,45766.95,0,Paid,45,48,2026-06-30
INV0000866,C0209,,Subscription,2025-05-01,2025-06-15,2025-06-09,45766.95,45766.95,0,Paid,45,39,2026-06-30
INV0000867,C0209,,Subscription,2025-08-01,2025-09-15,2025-08-30,49189.68,49189.68,0,Paid,45,29,2026-06-30
INV0000868,C0209,,Subscription,2025-11-01,2025-12-16,2026-01-12,49189.68,49189.68,0,Paid,45,72,2026-06-30
INV0000869,C0209,,Subscription,2026-02-01,2026-03-18,2026-03-18,49189.68,49189.68,0,Paid,45,45,2026-06-30
INV0000870,C0209,,Subscription,2026-05-01,2026-06-15,,49189.68,0,49189.68,Past Due,45,,2026-06-30
INV0000871,C0210,,Subscription,2024-11-01,2024-12-01,2024-12-02,8013.63,8013.63,0,Paid,30,31,2026-06-30
INV0000872,C0210,,Subscription,2025-02-01,2025-03-03,2025-03-10,8013.63,8013.63,0,Paid,30,37,2026-06-30
INV0000873,C0210,,Subscription,2025-05-01,2025-05-31,2025-05-21,8013.63,8013.63,0,Paid,30,20,2026-06-30
INV0000874,C0210,,Subscription,2025-08-01,2025-08-31,2025-09-07,8013.63,8013.63,0,Paid,30,37,2026-06-30
INV0000875,C0210,,Subscription,2025-11-01,2025-12-01,2025-12-09,8254.05,8254.05,0,Paid,30,38,2026-06-30
INV0000876,C0210,,Subscription,2026-02-01,2026-03-03,2026-02-15,8254.05,8254.05,0,Paid,30,14,2026-06-30
INV0000877,C0210,,Subscription,2026-05-01,2026-05-31,2026-06-02,8254.05,8254.05,0,Paid,30,32,2026-06-30
INV0000878,C0211,,Subscription,2024-08-01,2024-08-31,2024-09-02,1625471.76,1625471.76,0,Paid,30,32,2026-06-30
INV0000879,C0211,,Subscription,2025-08-01,2025-08-31,2025-08-26,1781613.36,1781613.36,0,Paid,30,25,2026-06-30
INV0000880,C0212,,Subscription,2024-09-01,2024-10-01,2024-09-24,99923.52,99923.52,0,Paid,30,23,2026-06-30
INV0000881,C0212,,Subscription,2025-09-01,2025-10-01,2025-10-08,102921.24,102921.24,0,Paid,30,37,2026-06-30
INV0000882,C0213,,Subscription,2024-12-01,2024-12-31,2025-01-04,27029.55,27029.55,0,Paid,30,34,2026-06-30
INV0000883,C0213,,Subscription,2025-03-01,2025-03-31,2025-06-19,27029.55,27029.55,0,Paid,30,110,2026-06-30
INV0000884,C0213,,Subscription,2025-06-01,2025-07-01,2025-07-10,27029.55,27029.55,0,Paid,30,39,2026-06-30
INV0000885,C0213,,Subscription,2025-09-01,2025-10-01,2025-11-23,27029.55,27029.55,0,Paid,30,83,2026-06-30
INV0000886,C0213,,Subscription,2025-12-01,2025-12-31,2026-03-04,27840.42,27840.42,0,Paid,30,93,2026-06-30
INV0000887,C0213,,Subscription,2026-03-01,2026-03-31,2026-05-10,27840.42,27840.42,0,Paid,30,70,2026-06-30
INV0000888,C0213,,Subscription,2026-06-01,2026-07-01,,27840.42,0,27840.42,Open,30,,2026-06-30
INV0000889,C0214,,Subscription,2024-09-01,2024-10-16,2024-10-13,66919.62,66919.62,0,Paid,45,42,2026-06-30
INV0000890,C0214,,Subscription,2024-12-01,2025-01-15,2025-01-13,66919.62,66919.62,0,Paid,45,43,2026-06-30
INV0000891,C0214,,Subscription,2025-03-01,2025-04-15,2025-04-13,66919.62,66919.62,0,Paid,45,43,2026-06-30
INV0000892,C0214,,Subscription,2025-06-01,2025-07-16,2025-07-26,66919.62,66919.62,0,Paid,45,55,2026-06-30
INV0000893,C0214,,Subscription,2025-09-01,2025-10-16,2025-10-18,72273.3,72273.3,0,Paid,45,47,2026-06-30
INV0000894,C0214,,Subscription,2025-12-01,2026-01-15,2026-01-08,72273.3,72273.3,0,Paid,45,38,2026-06-30
INV0000895,C0214,,Subscription,2026-03-01,2026-04-15,2026-04-24,72273.3,72273.3,0,Paid,45,54,2026-06-30
INV0000896,C0214,,Subscription,2026-06-01,2026-07-16,,72273.3,0,72273.3,Open,45,,2026-06-30
INV0000897,C0215,,Subscription,2024-10-01,2024-11-15,2024-10-30,607398,607398,0,Paid,45,29,2026-06-30
INV0000898,C0215,,Subscription,2025-10-01,2025-11-15,2025-12-31,677489.28,677489.28,0,Paid,45,91,2026-06-30
INV0000899,C0216,,Subscription,2024-04-01,2024-05-16,2024-05-05,90344.58,90344.58,0,Paid,45,34,2026-06-30
INV0000900,C0216,,Subscription,2024-07-01,2024-08-15,2024-08-22,90344.58,90344.58,0,Paid,45,52,2026-06-30
INV0000901,C0216,,Subscription,2024-10-01,2024-11-15,2024-11-03,90344.58,90344.58,0,Paid,45,33,2026-06-30
INV0000902,C0216,,Subscription,2025-01-01,2025-02-15,2025-02-17,90344.58,90344.58,0,Paid,45,47,2026-06-30
INV0000903,C0216,,Subscription,2025-04-01,2025-05-16,2025-05-28,96368.49,96368.49,0,Paid,45,57,2026-06-30
INV0000904,C0216,,Subscription,2025-07-01,2025-08-15,2025-08-15,96368.49,96368.49,0,Paid,45,45,2026-06-30
INV0000905,C0216,,Subscription,2025-10-01,2025-11-15,2025-11-12,96368.49,96368.49,0,Paid,45,42,2026-06-30
INV0000906,C0216,,Subscription,2026-01-01,2026-02-15,2026-02-03,96368.49,96368.49,0,Paid,45,33,2026-06-30
INV0000907,C0216,,Subscription,2026-04-01,2026-05-16,2026-05-11,103635.87,103635.87,0,Paid,45,40,2026-06-30
INV0000908,C0217,,Subscription,2024-03-01,2024-04-15,2024-04-18,1076473.56,1076473.56,0,Paid,45,48,2026-06-30
INV0000909,C0217,,Subscription,2025-03-01,2025-04-15,2025-04-25,1203638.4,1203638.4,0,Paid,45,55,2026-06-30
INV0000910,C0217,,Subscription,2026-03-01,2026-04-15,2026-04-17,1362243.36,1362243.36,0,Paid,45,47,2026-06-30
INV0000911,C0218,,Subscription,2025-06-01,2025-07-01,2025-07-10,27296.4,27296.4,0,Paid,30,39,2026-06-30
INV0000912,C0218,,Subscription,2026-06-01,2026-07-01,2026-06-24,28115.28,28115.28,0,Paid,30,23,2026-06-30
INV0000913,C0219,,Subscription,2026-01-01,2026-01-31,2026-02-11,198490.32,198490.32,0,Paid,30,41,2026-06-30
INV0000914,C0220,,Subscription,2024-07-01,2024-07-31,2024-07-31,161781.6,161781.6,0,Paid,30,30,2026-06-30
INV0000915,C0220,,Subscription,2025-07-01,2025-07-31,2025-07-29,166635,166635,0,Paid,30,28,2026-06-30
INV0000916,C0221,,Subscription,2026-02-01,2026-04-02,2026-03-18,1251499.92,1251499.92,0,Paid,60,45,2026-06-30
INV0000917,C0222,,Subscription,2024-06-01,2024-07-01,2024-07-01,45313.2,45313.2,0,Paid,30,30,2026-06-30
INV0000918,C0222,,Subscription,2024-09-01,2024-10-01,2024-10-01,45313.2,45313.2,0,Paid,30,30,2026-06-30
INV0000919,C0222,,Subscription,2024-12-01,2024-12-31,2025-01-02,45313.2,45313.2,0,Paid,30,32,2026-06-30
INV0000920,C0222,,Subscription,2025-03-01,2025-03-31,2025-03-24,45313.2,45313.2,0,Paid,30,23,2026-06-30
INV0000921,C0222,,Subscription,2025-06-01,2025-07-01,2025-07-01,48630.18,48630.18,0,Paid,30,30,2026-06-30
INV0000922,C0222,,Subscription,2025-09-01,2025-10-01,2025-10-02,48630.18,48630.18,0,Paid,30,31,2026-06-30
INV0000923,C0222,,Subscription,2025-12-01,2025-12-31,2025-12-20,48630.18,48630.18,0,Paid,30,19,2026-06-30
INV0000924,C0222,,Subscription,2026-03-01,2026-03-31,2026-03-27,48630.18,48630.18,0,Paid,30,26,2026-06-30
INV0000925,C0222,,Subscription,2026-06-01,2026-07-01,,53425.95,0,53425.95,Open,30,,2026-06-30
INV0000926,C0223,,Subscription,2024-11-01,2024-12-16,2024-12-14,587248.8,587248.8,0,Paid,45,43,2026-06-30
INV0000927,C0223,,Subscription,2025-11-01,2025-12-16,2025-11-30,646093.44,646093.44,0,Paid,45,29,2026-06-30
INV0000928,C0224,,Subscription,2024-01-01,2024-01-16,2024-01-19,8438.46,8438.46,0,Paid,15,18,2026-06-30
INV0000929,C0224,,Subscription,2024-04-01,2024-04-16,2024-04-20,8438.46,8438.46,0,Paid,15,19,2026-06-30
INV0000930,C0224,,Subscription,2024-07-01,2024-07-16,2024-07-04,8438.46,8438.46,0,Paid,15,3,2026-06-30
INV0000931,C0224,,Subscription,2024-10-01,2024-10-16,2024-10-13,8438.46,8438.46,0,Paid,15,12,2026-06-30
INV0000932,C0224,,Subscription,2025-01-01,2025-01-16,2025-02-02,8691.63,8691.63,0,Paid,15,32,2026-06-30
INV0000933,C0224,,Subscription,2025-04-01,2025-04-16,2025-04-28,8691.63,8691.63,0,Paid,15,27,2026-06-30
INV0000934,C0224,,Subscription,2025-07-01,2025-07-16,2025-07-21,8691.63,8691.63,0,Paid,15,20,2026-06-30
INV0000935,C0224,,Subscription,2025-10-01,2025-10-16,2025-10-06,8691.63,8691.63,0,Paid,15,5,2026-06-30
INV0000936,C0224,,Subscription,2026-01-01,2026-01-16,2026-02-06,8848.05,8848.05,0,Paid,15,36,2026-06-30
INV0000937,C0224,,Subscription,2026-04-01,2026-04-16,2026-05-18,8848.05,8848.05,0,Paid,15,47,2026-06-30
INV0000938,C0225,,Subscription,2024-02-01,2024-03-02,2024-03-16,2334535.44,2334535.44,0,Paid,30,44,2026-06-30
INV0000939,C0225,,Subscription,2025-02-01,2025-03-03,2025-03-11,2404571.52,2404571.52,0,Paid,30,38,2026-06-30
INV0000940,C0225,,Subscription,2026-02-01,2026-03-03,2026-03-18,2713459.08,2713459.08,0,Paid,30,45,2026-06-30
INV0000941,C0226,,Subscription,2024-09-01,2024-10-01,2024-11-08,8918.85,8918.85,0,Paid,30,68,2026-06-30
INV0000942,C0226,,Subscription,2024-12-01,2024-12-31,2024-12-25,8918.85,8918.85,0,Paid,30,24,2026-06-30
INV0000943,C0226,,Subscription,2025-03-01,2025-03-31,2025-04-24,8918.85,8918.85,0,Paid,30,54,2026-06-30
INV0000944,C0226,,Subscription,2025-06-01,2025-07-01,2025-08-11,8918.85,8918.85,0,Paid,30,71,2026-06-30
INV0000945,C0226,,Subscription,2025-09-01,2025-10-01,2025-09-16,9186.42,9186.42,0,Paid,30,15,2026-06-30
INV0000946,C0226,,Subscription,2025-12-01,2025-12-31,2025-12-26,9186.42,9186.42,0,Paid,30,25,2026-06-30
INV0000947,C0226,,Subscription,2026-03-01,2026-03-31,2026-04-20,9186.42,9186.42,0,Paid,30,50,2026-06-30
INV0000948,C0226,,Subscription,2026-06-01,2026-07-01,,9186.42,0,9186.42,Open,30,,2026-06-30
INV0000949,C0227,,Subscription,2024-03-01,2024-04-15,2024-04-27,175017.72,175017.72,0,Paid,45,57,2026-06-30
INV0000950,C0227,,Subscription,2025-03-01,2025-04-15,2025-04-11,189114.72,189114.72,0,Paid,45,41,2026-06-30
INV0000951,C0227,,Subscription,2026-03-01,2026-04-15,2026-04-17,194788.08,194788.08,0,Paid,45,47,2026-06-30
INV0000952,C0228,,Subscription,2024-08-01,2024-08-31,2024-08-27,200484.48,200484.48,0,Paid,30,26,2026-06-30
INV0000953,C0228,,Subscription,2025-08-01,2025-08-31,2025-08-27,206499,206499,0,Paid,30,26,2026-06-30
INV0000954,C0229,,Subscription,2024-08-01,2024-09-15,2024-09-12,1315238.28,1315238.28,0,Paid,45,42,2026-06-30
INV0000955,C0229,,Subscription,2025-08-01,2025-09-15,2025-09-10,1523889.6,1523889.6,0,Paid,45,40,2026-06-30
INV0000956,C0230,,Subscription,2024-06-01,2024-07-16,2024-07-18,39207.36,39207.36,0,Paid,45,47,2026-06-30
INV0000957,C0230,,Subscription,2024-09-01,2024-10-16,2024-10-08,39207.36,39207.36,0,Paid,45,37,2026-06-30
INV0000958,C0230,,Subscription,2024-12-01,2025-01-15,2025-01-06,39207.36,39207.36,0,Paid,45,36,2026-06-30
INV0000959,C0230,,Subscription,2025-03-01,2025-04-15,2025-04-25,39207.36,39207.36,0,Paid,45,55,2026-06-30
INV0000960,C0230,,Subscription,2025-06-01,2025-07-16,2025-07-03,41483.4,41483.4,0,Paid,45,32,2026-06-30
INV0000961,C0230,,Subscription,2025-09-01,2025-10-16,2025-09-27,41483.4,41483.4,0,Paid,45,26,2026-06-30
INV0000962,C0230,,Subscription,2025-12-01,2026-01-15,2026-01-03,41483.4,41483.4,0,Paid,45,33,2026-06-30
INV0000963,C0230,,Subscription,2026-03-01,2026-04-15,2026-04-17,41483.4,41483.4,0,Paid,45,47,2026-06-30
INV0000964,C0230,,Subscription,2026-06-01,2026-07-16,,44753.01,0,44753.01,Open,45,,2026-06-30
INV0000965,C0231,,Subscription,2024-06-01,2024-07-01,2024-07-17,307313.4,307313.4,0,Paid,30,46,2026-06-30
INV0000966,C0231,,Subscription,2025-06-01,2025-07-01,2025-06-30,312250.68,312250.68,0,Paid,30,29,2026-06-30
INV0000967,C0231,,Subscription,2026-06-01,2026-07-01,2026-06-19,352084.32,352084.32,0,Paid,30,18,2026-06-30
INV0000968,C0232,,Subscription,2025-07-01,2025-07-31,2025-08-01,13690.62,13690.62,0,Paid,30,31,2026-06-30
INV0000969,C0232,,Subscription,2025-10-01,2025-10-31,2025-10-19,13690.62,13690.62,0,Paid,30,18,2026-06-30
INV0000970,C0232,,Subscription,2026-01-01,2026-01-31,2026-01-28,13690.62,13690.62,0,Paid,30,27,2026-06-30
INV0000971,C0232,,Subscription,2026-04-01,2026-05-01,2026-04-23,13690.62,13690.62,0,Paid,30,22,2026-06-30
INV0000972,C0233,,Subscription,2024-03-01,2024-04-15,2024-04-21,629405.64,629405.64,0,Paid,45,51,2026-06-30
INV0000973,C0233,,Subscription,2025-03-01,2025-04-15,2025-04-08,664095.6,664095.6,0,Paid,45,38,2026-06-30
INV0000974,C0233,,Subscription,2026-03-01,2026-04-15,2026-05-01,684018.48,684018.48,0,Paid,45,61,2026-06-30
INV0000975,C0234,,Subscription,2024-04-01,2024-05-01,2024-05-03,61877.55,61877.55,0,Paid,30,32,2026-06-30
INV0000976,C0234,,Subscription,2024-07-01,2024-07-31,2024-08-12,61877.55,61877.55,0,Paid,30,42,2026-06-30
INV0000977,C0234,,Subscription,2024-10-01,2024-10-31,2024-11-03,61877.55,61877.55,0,Paid,30,33,2026-06-30
INV0000978,C0234,,Subscription,2025-01-01,2025-01-31,2025-02-19,61877.55,61877.55,0,Paid,30,49,2026-06-30
INV0000979,C0235,,Subscription,2024-04-01,2024-05-01,2024-05-04,105127.32,105127.32,0,Paid,30,33,2026-06-30
INV0000980,C0236,,Subscription,2025-04-01,2025-05-16,2025-05-14,1052192.64,1052192.64,0,Paid,45,43,2026-06-30
INV0000981,C0236,,Subscription,2026-04-01,2026-05-16,2026-05-10,1083758.4,1083758.4,0,Paid,45,39,2026-06-30
INV0000982,C0237,,Subscription,2025-01-01,2025-01-31,2025-02-15,51437.79,51437.79,0,Paid,30,45,2026-06-30
INV0000983,C0237,,Subscription,2025-04-01,2025-05-01,2025-06-06,51437.79,51437.79,0,Paid,30,66,2026-06-30
INV0000984,C0237,,Subscription,2025-07-01,2025-07-31,2025-08-25,51437.79,51437.79,0,Paid,30,55,2026-06-30
INV0000985,C0237,,Subscription,2025-10-01,2025-10-31,2025-11-09,51437.79,51437.79,0,Paid,30,39,2026-06-30
INV0000986,C0237,,Subscription,2026-01-01,2026-01-31,2026-02-08,52980.93,52980.93,0,Paid,30,38,2026-06-30
INV0000987,C0237,,Subscription,2026-04-01,2026-05-01,2026-05-10,52980.93,52980.93,0,Paid,30,39,2026-06-30
INV0000988,C0238,,Subscription,2024-07-01,2024-08-30,2024-09-05,219755.76,219755.76,0,Paid,60,66,2026-06-30
INV0000989,C0238,,Subscription,2025-07-01,2025-08-30,2025-08-31,238508.76,238508.76,0,Paid,60,61,2026-06-30
INV0000990,C0239,,Subscription,2024-08-01,2024-09-15,2024-09-19,363529.92,363529.92,0,Paid,45,49,2026-06-30
INV0000991,C0240,,Subscription,2024-06-01,2024-07-01,2024-07-17,14940.51,14940.51,0,Paid,30,46,2026-06-30
INV0000992,C0240,,Subscription,2024-09-01,2024-10-01,2024-09-16,14940.51,14940.51,0,Paid,30,15,2026-06-30
INV0000993,C0240,,Subscription,2024-12-01,2024-12-31,2025-02-12,14940.51,14940.51,0,Paid,30,73,2026-06-30
INV0000994,C0240,,Subscription,2025-03-01,2025-03-31,2025-04-13,14940.51,14940.51,0,Paid,30,43,2026-06-30
INV0000995,C0240,,Subscription,2025-06-01,2025-07-01,2025-06-11,16271.37,16271.37,0,Paid,30,10,2026-06-30
INV0000996,C0240,,Subscription,2025-09-01,2025-10-01,2025-10-05,16271.37,16271.37,0,Paid,30,34,2026-06-30
INV0000997,C0240,,Subscription,2025-12-01,2025-12-31,2026-02-18,16271.37,16271.37,0,Paid,30,79,2026-06-30
INV0000998,C0240,,Subscription,2026-03-01,2026-03-31,2026-03-29,16271.37,16271.37,0,Paid,30,28,2026-06-30
INV0000999,C0240,,Subscription,2026-06-01,2026-07-01,,15732.18,0,15732.18,Open,30,,2026-06-30
INV0001000,C0241,,Subscription,2024-01-01,2024-01-31,2024-01-28,29852.91,29852.91,0,Paid,30,27,2026-06-30
INV0001001,C0241,,Subscription,2024-04-01,2024-05-01,2024-05-30,29852.91,29852.91,0,Paid,30,59,2026-06-30
INV0001002,C0241,,Subscription,2024-07-01,2024-07-31,2024-08-03,29852.91,29852.91,0,Paid,30,33,2026-06-30
INV0001003,C0241,,Subscription,2024-10-01,2024-10-31,2024-10-19,29852.91,29852.91,0,Paid,30,18,2026-06-30
INV0001004,C0241,,Subscription,2025-01-01,2025-01-31,2025-03-01,32723.64,32723.64,0,Paid,30,59,2026-06-30
INV0001005,C0241,,Subscription,2025-04-01,2025-05-01,2025-05-24,32723.64,32723.64,0,Paid,30,53,2026-06-30
INV0001006,C0241,,Subscription,2025-07-01,2025-07-31,2025-07-27,32723.64,32723.64,0,Paid,30,26,2026-06-30
INV0001007,C0241,,Subscription,2025-10-01,2025-10-31,2025-10-18,32723.64,32723.64,0,Paid,30,17,2026-06-30
INV0001008,C0241,,Subscription,2026-01-01,2026-01-31,2026-01-11,33705.33,33705.33,0,Paid,30,10,2026-06-30
INV0001009,C0241,,Subscription,2026-04-01,2026-05-01,2026-05-18,33705.33,33705.33,0,Paid,30,47,2026-06-30
INV0001010,C0242,,Subscription,2024-05-01,2024-06-15,2024-06-25,258278.16,258278.16,0,Paid,45,55,2026-06-30
INV0001011,C0242,,Subscription,2025-05-01,2025-06-15,2025-06-28,266026.56,266026.56,0,Paid,45,58,2026-06-30
INV0001012,C0242,,Subscription,2026-05-01,2026-06-15,2026-06-08,277015.68,277015.68,0,Paid,45,38,2026-06-30
INV0001013,C0243,,Subscription,2024-08-01,2024-08-31,2024-07-21,327231.6,327231.6,0,Paid,30,-11,2026-06-30
INV0001014,C0243,,Subscription,2025-08-01,2025-08-31,2025-09-06,354826.44,354826.44,0,Paid,30,36,2026-06-30
INV0001015,C0244,,Subscription,2024-04-01,2024-05-01,2024-04-19,10645.59,10645.59,0,Paid,30,18,2026-06-30
INV0001016,C0244,,Subscription,2024-07-01,2024-07-31,2024-08-01,10645.59,10645.59,0,Paid,30,31,2026-06-30
INV0001017,C0244,,Subscription,2024-10-01,2024-10-31,2024-10-26,10645.59,10645.59,0,Paid,30,25,2026-06-30
INV0001018,C0244,,Subscription,2025-01-01,2025-01-31,2025-02-06,10645.59,10645.59,0,Paid,30,36,2026-06-30
INV0001019,C0244,,Subscription,2025-04-01,2025-05-01,2025-05-04,10964.94,10964.94,0,Paid,30,33,2026-06-30
INV0001020,C0244,,Subscription,2025-07-01,2025-07-31,2025-08-02,10964.94,10964.94,0,Paid,30,32,2026-06-30
INV0001021,C0244,,Subscription,2025-10-01,2025-10-31,2025-11-04,10964.94,10964.94,0,Paid,30,34,2026-06-30
INV0001022,C0244,,Subscription,2026-01-01,2026-01-31,2026-01-26,10964.94,10964.94,0,Paid,30,25,2026-06-30
INV0001023,C0244,,Subscription,2026-04-01,2026-05-01,2026-04-19,11293.89,11293.89,0,Paid,30,18,2026-06-30
INV0001024,C0245,,Subscription,2024-06-01,2024-07-16,2024-07-15,1078256.28,1078256.28,0,Paid,45,44,2026-06-30
INV0001025,C0245,,Subscription,2025-06-01,2025-07-16,2025-07-14,1201290.12,1201290.12,0,Paid,45,43,2026-06-30
INV0001026,C0245,,Subscription,2026-06-01,2026-07-16,,1341510.96,0,1341510.96,Open,45,,2026-06-30
INV0001027,C0246,,Subscription,2024-11-01,2024-12-01,2024-11-29,46162.8,46162.8,0,Paid,30,28,2026-06-30
INV0001028,C0246,,Subscription,2025-11-01,2025-12-01,2025-12-04,48240.12,48240.12,0,Paid,30,33,2026-06-30
INV0001029,C0247,,Subscription,2024-10-01,2024-11-15,2024-12-01,350837.19,350837.19,0,Paid,45,61,2026-06-30
INV0001030,C0247,,Subscription,2025-01-01,2025-02-15,2025-03-01,350837.19,350837.19,0,Paid,45,59,2026-06-30
INV0001031,C0247,,Subscription,2025-04-01,2025-05-16,2025-05-27,350837.19,350837.19,0,Paid,45,56,2026-06-30
INV0001032,C0247,,Subscription,2025-07-01,2025-08-15,2025-08-27,350837.19,350837.19,0,Paid,45,57,2026-06-30
INV0001033,C0247,,Subscription,2025-10-01,2025-11-15,2025-12-12,361362.33,361362.33,0,Paid,45,72,2026-06-30
INV0001034,C0247,,Subscription,2026-01-01,2026-02-15,2026-03-15,361362.33,361362.33,0,Paid,45,73,2026-06-30
INV0001035,C0247,,Subscription,2026-04-01,2026-05-16,2026-05-03,361362.33,361362.33,0,Paid,45,32,2026-06-30
INV0001036,C0248,,Subscription,2024-08-01,2024-09-15,2024-09-01,52720.47,52720.47,0,Paid,45,31,2026-06-30
INV0001037,C0248,,Subscription,2024-11-01,2024-12-16,2025-01-18,52720.47,52720.47,0,Paid,45,78,2026-06-30
INV0001038,C0248,,Subscription,2025-02-01,2025-03-18,2025-04-03,52720.47,52720.47,0,Paid,45,61,2026-06-30
INV0001039,C0248,,Subscription,2025-05-01,2025-06-15,2025-06-26,52720.47,52720.47,0,Paid,45,56,2026-06-30
INV0001040,C0248,,Subscription,2025-08-01,2025-09-15,2025-09-16,58048.56,58048.56,0,Paid,45,46,2026-06-30
INV0001041,C0248,,Subscription,2025-11-01,2025-12-16,2025-12-04,58048.56,58048.56,0,Paid,45,33,2026-06-30
INV0001042,C0248,,Subscription,2026-02-01,2026-03-18,2026-04-18,58048.56,58048.56,0,Paid,45,76,2026-06-30
INV0001043,C0248,,Subscription,2026-05-01,2026-06-15,2026-06-16,58048.56,58048.56,0,Paid,45,46,2026-06-30
INV0001044,C0249,,Subscription,2024-11-01,2024-12-31,2025-02-07,920010.84,920010.84,0,Paid,60,98,2026-06-30
INV0001045,C0249,,Subscription,2025-11-01,2025-12-31,2026-02-12,971802.6,971802.6,0,Paid,60,103,2026-06-30
INV0001046,C0250,,Subscription,2024-07-01,2024-07-31,2024-08-12,15076.02,15076.02,0,Paid,30,42,2026-06-30
INV0001047,C0250,,Subscription,2024-10-01,2024-10-31,2024-10-23,15076.02,15076.02,0,Paid,30,22,2026-06-30
INV0001048,C0250,,Subscription,2025-01-01,2025-01-31,2025-01-26,15076.02,15076.02,0,Paid,30,25,2026-06-30
INV0001049,C0250,,Subscription,2025-04-01,2025-05-01,2025-05-03,15076.02,15076.02,0,Paid,30,32,2026-06-30
INV0001050,C0250,,Subscription,2025-07-01,2025-07-31,2025-07-23,16643.1,16643.1,0,Paid,30,22,2026-06-30
INV0001051,C0250,,Subscription,2025-10-01,2025-10-31,2025-11-13,16643.1,16643.1,0,Paid,30,43,2026-06-30
INV0001052,C0250,,Subscription,2026-01-01,2026-01-31,2026-01-20,16643.1,16643.1,0,Paid,30,19,2026-06-30
INV0001053,C0250,,Subscription,2026-04-01,2026-05-01,2026-04-28,16643.1,16643.1,0,Paid,30,27,2026-06-30
INV0001054,C0251,,Subscription,2024-12-01,2024-12-31,2024-12-19,9973.47,9973.47,0,Paid,30,18,2026-06-30
INV0001055,C0251,,Subscription,2025-03-01,2025-03-31,2025-03-25,9973.47,9973.47,0,Paid,30,24,2026-06-30
INV0001056,C0251,,Subscription,2025-06-01,2025-07-01,2025-06-30,9973.47,9973.47,0,Paid,30,29,2026-06-30
INV0001057,C0251,,Subscription,2025-09-01,2025-10-01,2025-09-11,9973.47,9973.47,0,Paid,30,10,2026-06-30
INV0001058,C0251,,Subscription,2025-12-01,2025-12-31,2026-01-03,11030.07,11030.07,0,Paid,30,33,2026-06-30
INV0001059,C0251,,Subscription,2026-03-01,2026-03-31,2026-03-26,11030.07,11030.07,0,Paid,30,25,2026-06-30
INV0001060,C0251,,Subscription,2026-06-01,2026-07-01,,11030.07,2757.52,8272.55,Partially Paid,30,,2026-06-30
INV0001061,C0252,,Subscription,2024-11-01,2024-12-01,2024-12-03,61784.16,61784.16,0,Paid,30,32,2026-06-30
INV0001062,C0252,,Subscription,2025-11-01,2025-12-01,2025-11-08,63637.68,63637.68,0,Paid,30,7,2026-06-30
INV0001063,C0253,,Subscription,2024-02-01,2024-03-17,2024-03-25,1237702.68,1237702.68,0,Paid,45,53,2026-06-30
INV0001064,C0253,,Subscription,2025-02-01,2025-03-18,2025-03-19,1299008.52,1299008.52,0,Paid,45,46,2026-06-30
INV0001065,C0253,,Subscription,2026-02-01,2026-03-18,2026-03-25,1426263.36,1426263.36,0,Paid,45,52,2026-06-30
INV0001066,C0254,,Subscription,2025-11-01,2025-12-01,2025-11-21,41803.2,41803.2,0,Paid,30,20,2026-06-30
INV0001067,C0254,,Subscription,2026-02-01,2026-03-03,2026-02-16,41803.2,41803.2,0,Paid,30,15,2026-06-30
INV0001068,C0254,,Subscription,2026-05-01,2026-05-31,2026-05-27,41803.2,41803.2,0,Paid,30,26,2026-06-30
INV0001069,C0255,,Subscription,2026-02-01,2026-03-03,2026-02-26,118816.92,118816.92,0,Paid,30,25,2026-06-30
INV0001070,C0256,,Subscription,2024-06-01,2024-07-01,2024-08-16,21701.82,21701.82,0,Paid,30,76,2026-06-30
INV0001071,C0256,,Subscription,2024-09-01,2024-10-01,2024-11-09,21701.82,21701.82,0,Paid,30,69,2026-06-30
INV0001072,C0256,,Subscription,2024-12-01,2024-12-31,2025-01-19,21701.82,21701.82,0,Paid,30,49,2026-06-30
INV0001073,C0256,,Subscription,2025-03-01,2025-03-31,2025-04-25,21701.82,21701.82,0,Paid,30,55,2026-06-30
INV0001074,C0256,,Subscription,2025-06-01,2025-07-01,2025-07-21,22177.86,22177.86,0,Paid,30,50,2026-06-30
INV0001075,C0256,,Subscription,2025-09-01,2025-10-01,2025-09-14,22177.86,22177.86,0,Paid,30,13,2026-06-30
INV0001076,C0256,,Subscription,2025-12-01,2025-12-31,2026-01-04,22177.86,22177.86,0,Paid,30,34,2026-06-30
INV0001077,C0256,,Subscription,2026-03-01,2026-03-31,2026-05-25,22177.86,22177.86,0,Paid,30,85,2026-06-30
INV0001078,C0256,,Subscription,2026-06-01,2026-07-01,,24416.31,0,24416.31,Open,30,,2026-06-30
INV0001079,C0257,,Subscription,2024-09-01,2024-10-16,2024-10-17,194927.22,194927.22,0,Paid,45,46,2026-06-30
INV0001080,C0257,,Subscription,2024-12-01,2025-01-15,2024-12-30,194927.22,194927.22,0,Paid,45,29,2026-06-30
INV0001081,C0257,,Subscription,2025-03-01,2025-04-15,2025-04-01,194927.22,194927.22,0,Paid,45,31,2026-06-30
INV0001082,C0257,,Subscription,2025-06-01,2025-07-16,2025-07-21,194927.22,194927.22,0,Paid,45,50,2026-06-30
INV0001083,C0257,,Subscription,2025-09-01,2025-10-16,2025-10-19,200775.03,200775.03,0,Paid,45,48,2026-06-30
INV0001084,C0257,,Subscription,2025-12-01,2026-01-15,2026-01-17,200775.03,200775.03,0,Paid,45,47,2026-06-30
INV0001085,C0257,,Subscription,2026-03-01,2026-04-15,2026-04-10,200775.03,200775.03,0,Paid,45,40,2026-06-30
INV0001086,C0257,,Subscription,2026-06-01,2026-07-16,,200775.03,0,200775.03,Open,45,,2026-06-30
INV0001087,C0258,,Subscription,2025-08-01,2025-09-30,2025-10-07,22146.39,22146.39,0,Paid,60,67,2026-06-30
INV0001088,C0258,,Subscription,2025-11-01,2025-12-31,2026-01-04,22146.39,22146.39,0,Paid,60,64,2026-06-30
INV0001089,C0258,,Subscription,2026-02-01,2026-04-02,2026-04-15,22146.39,22146.39,0,Paid,60,73,2026-06-30
INV0001090,C0258,,Subscription,2026-05-01,2026-06-30,,22146.39,0,22146.39,Open,60,,2026-06-30
INV0001091,C0259,,Subscription,2024-10-01,2024-10-31,2024-11-06,198115.32,198115.32,0,Paid,30,36,2026-06-30
INV0001092,C0259,,Subscription,2025-10-01,2025-10-31,2025-11-18,223935.84,223935.84,0,Paid,30,48,2026-06-30
INV0001093,C0260,,Subscription,2024-03-01,2024-03-31,2024-03-31,176542.8,176542.8,0,Paid,30,30,2026-06-30
INV0001094,C0260,,Subscription,2025-03-01,2025-03-31,2025-03-29,184637.16,184637.16,0,Paid,30,28,2026-06-30
INV0001095,C0261,,Subscription,2025-02-01,2025-03-03,2025-02-26,12752.64,12752.64,0,Paid,30,25,2026-06-30
INV0001096,C0261,,Subscription,2025-05-01,2025-05-31,2025-05-26,12752.64,12752.64,0,Paid,30,25,2026-06-30
INV0001097,C0261,,Subscription,2025-08-01,2025-08-31,2025-08-26,12752.64,12752.64,0,Paid,30,25,2026-06-30
INV0001098,C0261,,Subscription,2025-11-01,2025-12-01,2025-12-03,12752.64,12752.64,0,Paid,30,32,2026-06-30
INV0001099,C0261,,Subscription,2026-02-01,2026-03-03,2026-02-28,12382.35,12382.35,0,Paid,30,27,2026-06-30
INV0001100,C0261,,Subscription,2026-05-01,2026-05-31,2026-05-24,12382.35,12382.35,0,Paid,30,23,2026-06-30
INV0001101,C0263,,Subscription,2025-12-01,2026-01-15,2026-01-12,140723.28,140723.28,0,Paid,45,42,2026-06-30
INV0001102,C0264,,Subscription,2024-08-01,2024-08-31,2024-10-01,230049.12,230049.12,0,Paid,30,61,2026-06-30
INV0001103,C0264,,Subscription,2025-08-01,2025-08-31,2025-08-06,250892.4,250892.4,0,Paid,30,5,2026-06-30
INV0001104,C0265,,Subscription,2024-09-01,2024-10-16,2024-10-09,1120879.32,1120879.32,0,Paid,45,38,2026-06-30
INV0001105,C0265,,Subscription,2025-09-01,2025-10-16,2025-10-20,1154505.72,1154505.72,0,Paid,45,49,2026-06-30
INV0001106,C0266,,Subscription,2024-04-01,2024-05-31,2024-06-04,677421.84,677421.84,0,Paid,60,64,2026-06-30
INV0001107,C0266,,Subscription,2025-04-01,2025-05-31,2025-06-01,633220.68,633220.68,0,Paid,60,61,2026-06-30
INV0001108,C0266,,Subscription,2026-04-01,2026-05-31,2026-06-12,700749.24,700749.24,0,Paid,60,72,2026-06-30
INV0001109,C0267,,Subscription,2024-07-01,2024-07-31,2024-08-07,11373.93,11373.93,0,Paid,30,37,2026-06-30
INV0001110,C0267,,Subscription,2024-10-01,2024-10-31,2024-10-09,11373.93,11373.93,0,Paid,30,8,2026-06-30
INV0001111,C0267,,Subscription,2025-01-01,2025-01-31,2025-01-08,11373.93,11373.93,0,Paid,30,7,2026-06-30
INV0001112,C0267,,Subscription,2025-04-01,2025-05-01,2025-04-28,11373.93,11373.93,0,Paid,30,27,2026-06-30
INV0001113,C0267,,Subscription,2025-07-01,2025-07-31,2025-07-20,11715.15,11715.15,0,Paid,30,19,2026-06-30
INV0001114,C0267,,Subscription,2025-10-01,2025-10-31,2025-10-23,11715.15,11715.15,0,Paid,30,22,2026-06-30
INV0001115,C0267,,Subscription,2026-01-01,2026-01-31,2026-02-01,11715.15,11715.15,0,Paid,30,31,2026-06-30
INV0001116,C0267,,Subscription,2026-04-01,2026-05-01,2026-04-28,11715.15,11715.15,0,Paid,30,27,2026-06-30
INV0001117,C0268,,Subscription,2024-07-01,2024-08-30,2024-08-30,524759.64,524759.64,0,Paid,60,60,2026-06-30
INV0001118,C0268,,Subscription,2025-07-01,2025-08-30,2025-08-11,567015.24,567015.24,0,Paid,60,41,2026-06-30
INV0001119,C0270,,Subscription,2024-03-01,2024-04-30,2024-05-09,683433.84,683433.84,0,Paid,60,69,2026-06-30
INV0001120,C0270,,Subscription,2025-03-01,2025-04-30,2025-04-16,703936.92,703936.92,0,Paid,60,46,2026-06-30
INV0001121,C0270,,Subscription,2026-03-01,2026-04-30,2026-04-20,777951,777951,0,Paid,60,50,2026-06-30
INV0001122,C0271,,Subscription,2026-02-01,2026-02-16,2026-02-13,4670.19,4670.19,0,Paid,15,12,2026-06-30
INV0001123,C0271,,Subscription,2026-05-01,2026-05-16,2026-05-17,4670.19,4670.19,0,Paid,15,16,2026-06-30
INV0001124,C0272,,Subscription,2025-02-01,2025-03-03,2025-03-07,48289.98,48289.98,0,Paid,30,34,2026-06-30
INV0001125,C0272,,Subscription,2025-05-01,2025-05-31,2025-06-06,48289.98,48289.98,0,Paid,30,36,2026-06-30
INV0001126,C0272,,Subscription,2025-08-01,2025-08-31,2025-09-09,48289.98,48289.98,0,Paid,30,39,2026-06-30
INV0001127,C0272,,Subscription,2025-11-01,2025-12-01,2025-11-21,48289.98,48289.98,0,Paid,30,20,2026-06-30
INV0001128,C0272,,Subscription,2026-02-01,2026-03-03,2026-03-15,52395.12,52395.12,0,Paid,30,42,2026-06-30
INV0001129,C0272,,Subscription,2026-05-01,2026-05-31,2026-05-27,52395.12,52395.12,0,Paid,30,26,2026-06-30
INV0001130,C0273,,Subscription,2024-05-01,2024-06-30,2024-06-24,721051.44,721051.44,0,Paid,60,54,2026-06-30
INV0001131,C0273,,Subscription,2025-05-01,2025-06-30,2025-06-24,742683,742683,0,Paid,60,54,2026-06-30
INV0001132,C0273,,Subscription,2026-05-01,2026-06-30,2026-06-23,839215.2,839215.2,0,Paid,60,53,2026-06-30
INV0001133,C0274,,Subscription,2024-07-01,2024-07-16,2024-06-22,11096.4,11096.4,0,Paid,15,-9,2026-06-30
INV0001134,C0274,,Subscription,2024-10-01,2024-10-16,2024-10-06,11096.4,11096.4,0,Paid,15,5,2026-06-30
INV0001135,C0274,,Subscription,2025-01-01,2025-01-16,2025-02-19,11096.4,11096.4,0,Paid,15,49,2026-06-30
INV0001136,C0274,,Subscription,2025-04-01,2025-04-16,2025-05-03,11096.4,11096.4,0,Paid,15,32,2026-06-30
INV0001137,C0274,,Subscription,2025-07-01,2025-07-16,2025-07-08,11429.28,11429.28,0,Paid,15,7,2026-06-30
INV0001138,C0274,,Subscription,2025-10-01,2025-10-16,2025-11-05,11429.28,11429.28,0,Paid,15,35,2026-06-30
INV0001139,C0274,,Subscription,2026-01-01,2026-01-16,2026-01-21,11429.28,11429.28,0,Paid,15,20,2026-06-30
INV0001140,C0274,,Subscription,2026-04-01,2026-04-16,2026-04-03,11429.28,11429.28,0,Paid,15,2,2026-06-30
INV0001141,C0275,,Subscription,2024-04-01,2024-05-16,2024-05-11,38502.12,38502.12,0,Paid,45,40,2026-06-30
INV0001142,C0275,,Subscription,2024-07-01,2024-08-15,2024-09-06,38502.12,38502.12,0,Paid,45,67,2026-06-30
INV0001143,C0275,,Subscription,2024-10-01,2024-11-15,2024-11-11,38502.12,38502.12,0,Paid,45,41,2026-06-30
INV0001144,C0275,,Subscription,2025-01-01,2025-02-15,2025-02-09,38502.12,38502.12,0,Paid,45,39,2026-06-30
INV0001145,C0275,,Subscription,2025-04-01,2025-05-16,2025-06-09,41256.06,41256.06,0,Paid,45,69,2026-06-30
INV0001146,C0275,,Subscription,2025-07-01,2025-08-15,2025-08-14,41256.06,41256.06,0,Paid,45,44,2026-06-30
INV0001147,C0275,,Subscription,2025-10-01,2025-11-15,2025-12-15,41256.06,41256.06,0,Paid,45,75,2026-06-30
INV0001148,C0275,,Subscription,2026-01-01,2026-02-15,2026-03-17,41256.06,41256.06,0,Paid,45,75,2026-06-30
INV0001149,C0276,,Subscription,2024-11-01,2024-12-01,2024-12-12,48782.04,48782.04,0,Paid,30,41,2026-06-30
INV0001150,C0276,,Subscription,2025-11-01,2025-12-01,2025-11-29,51535.68,51535.68,0,Paid,30,28,2026-06-30
INV0001151,C0277,,Subscription,2024-05-01,2024-05-31,2024-06-08,10471.59,10471.59,0,Paid,30,38,2026-06-30
INV0001152,C0277,,Subscription,2024-08-01,2024-08-31,2024-09-15,10471.59,10471.59,0,Paid,30,45,2026-06-30
INV0001153,C0277,,Subscription,2024-11-01,2024-12-01,2024-11-28,10471.59,10471.59,0,Paid,30,27,2026-06-30
INV0001154,C0277,,Subscription,2025-02-01,2025-03-03,2025-03-02,10471.59,10471.59,0,Paid,30,29,2026-06-30
INV0001155,C0277,,Subscription,2025-05-01,2025-05-31,2025-05-10,10117.5,10117.5,0,Paid,30,9,2026-06-30
INV0001156,C0277,,Subscription,2025-08-01,2025-08-31,2025-09-04,10117.5,10117.5,0,Paid,30,34,2026-06-30
INV0001157,C0277,,Subscription,2025-11-01,2025-12-01,2025-11-22,10117.5,10117.5,0,Paid,30,21,2026-06-30
INV0001158,C0277,,Subscription,2026-02-01,2026-03-03,2026-02-28,10117.5,10117.5,0,Paid,30,27,2026-06-30
INV0001159,C0277,,Subscription,2026-05-01,2026-05-31,2026-05-30,10421.01,10421.01,0,Paid,30,29,2026-06-30
INV0001160,C0278,,Subscription,2024-03-01,2024-04-15,2024-04-05,1934093.64,1934093.64,0,Paid,45,35,2026-06-30
INV0001161,C0278,,Subscription,2025-03-01,2025-04-15,2025-04-10,2105646.6,2105646.6,0,Paid,45,40,2026-06-30
INV0001162,C0278,,Subscription,2026-03-01,2026-04-15,2026-04-04,2235291.24,2235291.24,0,Paid,45,34,2026-06-30
INV0001163,C0279,,Subscription,2024-05-01,2024-05-31,2024-06-03,7611.27,7611.27,0,Paid,30,33,2026-06-30
INV0001164,C0279,,Subscription,2024-08-01,2024-08-31,2024-09-01,7611.27,7611.27,0,Paid,30,31,2026-06-30
INV0001165,C0279,,Subscription,2024-11-01,2024-12-01,2024-11-27,7611.27,7611.27,0,Paid,30,26,2026-06-30
INV0001166,C0279,,Subscription,2025-02-01,2025-03-03,2025-02-08,7611.27,7611.27,0,Paid,30,7,2026-06-30
INV0001167,C0279,,Subscription,2025-05-01,2025-05-31,2025-05-29,7839.63,7839.63,0,Paid,30,28,2026-06-30
INV0001168,C0279,,Subscription,2025-08-01,2025-08-31,2025-09-02,7839.63,7839.63,0,Paid,30,32,2026-06-30
INV0001169,C0279,,Subscription,2025-11-01,2025-12-01,2025-11-27,7839.63,7839.63,0,Paid,30,26,2026-06-30
INV0001170,C0279,,Subscription,2026-02-01,2026-03-03,2026-02-20,7839.63,7839.63,0,Paid,30,19,2026-06-30
INV0001171,C0279,,Subscription,2026-05-01,2026-05-31,2026-05-28,8074.8,8074.8,0,Paid,30,27,2026-06-30
INV0001172,C0280,,Subscription,2025-05-01,2025-05-31,2025-06-13,349678.08,349678.08,0,Paid,30,43,2026-06-30
INV0001173,C0280,,Subscription,2026-05-01,2026-05-31,2026-05-21,397576.44,397576.44,0,Paid,30,20,2026-06-30
INV0001174,C0281,,Subscription,2024-01-01,2024-01-31,2024-02-04,90946.32,90946.32,0,Paid,30,34,2026-06-30
INV0001175,C0281,,Subscription,2025-01-01,2025-01-31,2025-01-14,91058.52,91058.52,0,Paid,30,13,2026-06-30
INV0001176,C0281,,Subscription,2026-01-01,2026-01-31,2026-01-22,93790.32,93790.32,0,Paid,30,21,2026-06-30
INV0001177,C0282,,Subscription,2024-03-01,2024-04-30,2024-04-22,34880.58,34880.58,0,Paid,60,52,2026-06-30
INV0001178,C0282,,Subscription,2024-06-01,2024-07-31,2024-08-03,34880.58,34880.58,0,Paid,60,63,2026-06-30
INV0001179,C0282,,Subscription,2024-09-01,2024-10-31,2024-11-04,34880.58,34880.58,0,Paid,60,64,2026-06-30
INV0001180,C0282,,Subscription,2024-12-01,2025-01-30,2025-01-18,34880.58,34880.58,0,Paid,60,48,2026-06-30
INV0001181,C0282,,Subscription,2025-03-01,2025-04-30,2025-04-16,35927.01,35927.01,0,Paid,60,46,2026-06-30
INV0001182,C0282,,Subscription,2025-06-01,2025-07-31,2025-07-31,35927.01,35927.01,0,Paid,60,60,2026-06-30
INV0001183,C0282,,Subscription,2025-09-01,2025-10-31,2025-11-16,35927.01,35927.01,0,Paid,60,76,2026-06-30
INV0001184,C0282,,Subscription,2025-12-01,2026-01-30,2026-02-09,35927.01,35927.01,0,Paid,60,70,2026-06-30
INV0001185,C0282,,Subscription,2026-03-01,2026-04-30,2026-04-23,39354.09,39354.09,0,Paid,60,53,2026-06-30
INV0001186,C0282,,Subscription,2026-06-01,2026-07-31,,39354.09,0,39354.09,Open,60,,2026-06-30
INV0001187,C0283,,Subscription,2024-01-01,2024-02-15,2024-02-07,1402501.8,1402501.8,0,Paid,45,37,2026-06-30
INV0001188,C0283,,Subscription,2025-01-01,2025-02-15,2025-02-15,1580991.36,1580991.36,0,Paid,45,45,2026-06-30
INV0001189,C0283,,Subscription,2026-01-01,2026-02-15,2026-02-07,1714205.88,1714205.88,0,Paid,45,37,2026-06-30
INV0001190,C0284,,Subscription,2024-11-01,2024-12-16,2024-12-10,278918.52,278918.52,0,Paid,45,39,2026-06-30
INV0001191,C0284,,Subscription,2025-11-01,2025-12-16,2026-01-17,287286.12,287286.12,0,Paid,45,77,2026-06-30
INV0001192,C0285,,Subscription,2024-04-01,2024-05-31,2024-06-22,18452.07,18452.07,0,Paid,60,82,2026-06-30
INV0001193,C0285,,Subscription,2024-07-01,2024-08-30,2024-08-03,18452.07,18452.07,0,Paid,60,33,2026-06-30
INV0001194,C0285,,Subscription,2024-10-01,2024-11-30,2024-12-03,18452.07,18452.07,0,Paid,60,63,2026-06-30
INV0001195,C0285,,Subscription,2025-01-01,2025-03-02,2025-03-08,18452.07,18452.07,0,Paid,60,66,2026-06-30
INV0001196,C0285,,Subscription,2025-04-01,2025-05-31,,19790.94,0,19790.94,Past Due,60,,2026-06-30
INV0001197,C0285,,Subscription,2025-07-01,2025-08-30,,19790.94,0,19790.94,Past Due,60,,2026-06-30
INV0001198,C0285,,Subscription,2025-10-01,2025-11-30,2025-12-19,19790.94,19790.94,0,Paid,60,79,2026-06-30
INV0001199,C0285,,Subscription,2026-01-01,2026-03-02,2026-04-21,19790.94,19790.94,0,Paid,60,110,2026-06-30
INV0001200,C0285,,Subscription,2026-04-01,2026-05-31,,21981.27,0,21981.27,Past Due,60,,2026-06-30
INV0001201,C0286,,Subscription,2024-01-01,2024-01-31,2024-01-21,32492.46,32492.46,0,Paid,30,20,2026-06-30
INV0001202,C0286,,Subscription,2024-04-01,2024-05-01,2024-05-01,32492.46,32492.46,0,Paid,30,30,2026-06-30
INV0001203,C0286,,Subscription,2024-07-01,2024-07-31,2024-08-05,32492.46,32492.46,0,Paid,30,35,2026-06-30
INV0001204,C0286,,Subscription,2024-10-01,2024-10-31,2024-10-16,32492.46,32492.46,0,Paid,30,15,2026-06-30
INV0001205,C0286,,Subscription,2025-01-01,2025-01-31,2025-01-25,33467.25,33467.25,0,Paid,30,24,2026-06-30
INV0001206,C0286,,Subscription,2025-04-01,2025-05-01,2025-04-30,33467.25,33467.25,0,Paid,30,29,2026-06-30
INV0001207,C0286,,Subscription,2025-07-01,2025-07-31,2025-07-30,33467.25,33467.25,0,Paid,30,29,2026-06-30
INV0001208,C0286,,Subscription,2025-10-01,2025-10-31,2025-11-02,33467.25,33467.25,0,Paid,30,32,2026-06-30
INV0001209,C0287,,Subscription,2024-05-01,2024-05-31,2024-05-30,943453.08,943453.08,0,Paid,30,29,2026-06-30
INV0001210,C0287,,Subscription,2025-05-01,2025-05-31,2025-06-10,972339.12,972339.12,0,Paid,30,40,2026-06-30
INV0001211,C0287,,Subscription,2026-05-01,2026-05-31,2026-05-31,1071235.92,1071235.92,0,Paid,30,30,2026-06-30
INV0001212,C0288,,Subscription,2024-10-01,2024-11-30,2024-12-11,1418386.2,1418386.2,0,Paid,60,71,2026-06-30
INV0001213,C0288,,Subscription,2025-10-01,2025-11-30,2025-12-04,1542244.8,1542244.8,0,Paid,60,64,2026-06-30
INV0001214,C0289,,Subscription,2024-08-01,2024-08-31,2024-08-20,158733.72,158733.72,0,Paid,30,19,2026-06-30
INV0001215,C0289,,Subscription,2025-08-01,2025-08-31,2025-09-10,171695.88,171695.88,0,Paid,30,40,2026-06-30
INV0001216,C0290,,Subscription,2024-05-01,2024-06-15,2024-06-15,875865.6,875865.6,0,Paid,45,45,2026-06-30
INV0001217,C0290,,Subscription,2025-05-01,2025-06-15,2025-07-06,860152.56,860152.56,0,Paid,45,66,2026-06-30
INV0001218,C0290,,Subscription,2026-05-01,2026-06-15,2026-06-21,956992.8,956992.8,0,Paid,45,51,2026-06-30
INV0001219,C0291,,Subscription,2024-05-01,2024-06-15,2024-06-19,177567.84,177567.84,0,Paid,45,49,2026-06-30
INV0001220,C0291,,Subscription,2024-08-01,2024-09-15,2024-09-06,177567.84,177567.84,0,Paid,45,36,2026-06-30
INV0001221,C0291,,Subscription,2024-11-01,2024-12-16,2024-12-14,177567.84,177567.84,0,Paid,45,43,2026-06-30
INV0001222,C0291,,Subscription,2025-02-01,2025-03-18,2025-03-14,177567.84,177567.84,0,Paid,45,41,2026-06-30
INV0001223,C0291,,Subscription,2025-05-01,2025-06-15,2025-06-13,198197.37,198197.37,0,Paid,45,43,2026-06-30
INV0001224,C0291,,Subscription,2025-08-01,2025-09-15,2025-09-22,198197.37,198197.37,0,Paid,45,52,2026-06-30
INV0001225,C0291,,Subscription,2025-11-01,2025-12-16,2025-12-15,198197.37,198197.37,0,Paid,45,44,2026-06-30
INV0001226,C0291,,Subscription,2026-02-01,2026-03-18,2026-03-25,198197.37,198197.37,0,Paid,45,52,2026-06-30
INV0001227,C0291,,Subscription,2026-05-01,2026-06-15,2026-06-03,204143.28,204143.28,0,Paid,45,33,2026-06-30
INV0001228,C0292,,Subscription,2024-02-01,2024-03-02,2024-02-29,142521.12,142521.12,0,Paid,30,28,2026-06-30
INV0001229,C0292,,Subscription,2025-02-01,2025-03-03,2025-03-03,146796.72,146796.72,0,Paid,30,30,2026-06-30
INV0001230,C0292,,Subscription,2026-02-01,2026-03-03,2026-02-20,159708.36,159708.36,0,Paid,30,19,2026-06-30
INV0001231,C0293,,Subscription,2024-05-01,2024-05-31,2024-05-29,160308.3,160308.3,0,Paid,30,28,2026-06-30
INV0001232,C0293,,Subscription,2024-08-01,2024-08-31,2024-08-28,160308.3,160308.3,0,Paid,30,27,2026-06-30
INV0001233,C0293,,Subscription,2024-11-01,2024-12-01,2024-12-03,160308.3,160308.3,0,Paid,30,32,2026-06-30
INV0001234,C0293,,Subscription,2025-02-01,2025-03-03,2025-03-05,160308.3,160308.3,0,Paid,30,32,2026-06-30
INV0001235,C0293,,Subscription,2025-05-01,2025-05-31,2025-05-26,172141.47,172141.47,0,Paid,30,25,2026-06-30
INV0001236,C0293,,Subscription,2025-08-01,2025-08-31,2025-09-11,172141.47,172141.47,0,Paid,30,41,2026-06-30
INV0001237,C0293,,Subscription,2025-11-01,2025-12-01,2025-12-02,172141.47,172141.47,0,Paid,30,31,2026-06-30
INV0001238,C0293,,Subscription,2026-02-01,2026-03-03,2026-03-12,172141.47,172141.47,0,Paid,30,39,2026-06-30
INV0001239,C0293,,Subscription,2026-05-01,2026-05-31,2026-05-22,177305.7,177305.7,0,Paid,30,21,2026-06-30
INV0001240,C0294,,Subscription,2024-11-01,2024-12-16,2024-12-17,910208.28,910208.28,0,Paid,45,46,2026-06-30
INV0001241,C0294,,Subscription,2025-11-01,2025-12-16,2025-12-17,937514.52,937514.52,0,Paid,45,46,2026-06-30
INV0001242,C0295,,Subscription,2024-12-01,2025-01-15,2025-01-02,989155.08,989155.08,0,Paid,45,32,2026-06-30
INV0001243,C0295,,Subscription,2025-12-01,2026-01-15,2026-01-11,1118006.28,1118006.28,0,Paid,45,41,2026-06-30
INV0001244,C0296,,Subscription,2024-05-01,2024-05-31,2024-06-04,169311.72,169311.72,0,Paid,30,34,2026-06-30
INV0001245,C0296,,Subscription,2025-05-01,2025-05-31,2025-06-08,176930.76,176930.76,0,Paid,30,38,2026-06-30
INV0001246,C0296,,Subscription,2026-05-01,2026-05-31,2026-05-08,190654.44,190654.44,0,Paid,30,7,2026-06-30
INV0001247,C0297,,Subscription,2024-07-01,2024-08-15,2024-08-12,213805.68,213805.68,0,Paid,45,42,2026-06-30
INV0001248,C0297,,Subscription,2025-07-01,2025-08-15,2025-07-31,234806.52,234806.52,0,Paid,45,30,2026-06-30
INV0001249,C0298,,Subscription,2024-09-01,2024-10-01,2024-10-03,33311.07,33311.07,0,Paid,30,32,2026-06-30
INV0001250,C0298,,Subscription,2024-12-01,2024-12-31,2025-01-02,33311.07,33311.07,0,Paid,30,32,2026-06-30
INV0001251,C0298,,Subscription,2025-03-01,2025-03-31,2025-03-21,33311.07,33311.07,0,Paid,30,20,2026-06-30
INV0001252,C0298,,Subscription,2025-06-01,2025-07-01,2025-06-25,33311.07,33311.07,0,Paid,30,24,2026-06-30
INV0001253,C0298,,Subscription,2025-09-01,2025-10-01,2025-09-29,34310.4,34310.4,0,Paid,30,28,2026-06-30
INV0001254,C0298,,Subscription,2025-12-01,2025-12-31,2026-01-04,34310.4,34310.4,0,Paid,30,34,2026-06-30
INV0001255,C0298,,Subscription,2026-03-01,2026-03-31,2026-03-22,34310.4,34310.4,0,Paid,30,21,2026-06-30
INV0001256,C0298,,Subscription,2026-06-01,2026-07-01,,34310.4,0,34310.4,Open,30,,2026-06-30
INV0001257,C0299,,Subscription,2024-09-01,2024-10-01,2024-10-02,8911.59,8911.59,0,Paid,30,31,2026-06-30
INV0001258,C0299,,Subscription,2024-12-01,2024-12-31,2024-12-29,8911.59,8911.59,0,Paid,30,28,2026-06-30
INV0001259,C0299,,Subscription,2025-03-01,2025-03-31,2025-03-29,8911.59,8911.59,0,Paid,30,28,2026-06-30
INV0001260,C0299,,Subscription,2025-06-01,2025-07-01,2025-07-07,8911.59,8911.59,0,Paid,30,36,2026-06-30
INV0001261,C0299,,Subscription,2025-09-01,2025-10-01,2025-10-09,9178.95,9178.95,0,Paid,30,38,2026-06-30
INV0001262,C0299,,Subscription,2025-12-01,2025-12-31,2026-01-10,9178.95,9178.95,0,Paid,30,40,2026-06-30
INV0001263,C0299,,Subscription,2026-03-01,2026-03-31,2026-03-31,9178.95,9178.95,0,Paid,30,30,2026-06-30
INV0001264,C0299,,Subscription,2026-06-01,2026-07-01,,9178.95,0,9178.95,Open,30,,2026-06-30
INV0001265,C0300,,Subscription,2024-04-01,2024-05-16,2024-05-04,317477.94,317477.94,0,Paid,45,33,2026-06-30
INV0001266,C0300,,Subscription,2024-07-01,2024-08-15,2024-09-03,317477.94,317477.94,0,Paid,45,64,2026-06-30
INV0001267,C0300,,Subscription,2024-10-01,2024-11-15,2024-11-15,317477.94,317477.94,0,Paid,45,45,2026-06-30
INV0001268,C0300,,Subscription,2025-01-01,2025-02-15,2025-03-06,317477.94,317477.94,0,Paid,45,64,2026-06-30
INV0001269,C0300,,Subscription,2025-04-01,2025-05-16,2025-06-04,349577.82,349577.82,0,Paid,45,64,2026-06-30
INV0001270,C0300,,Subscription,2025-07-01,2025-08-15,2025-09-06,349577.82,349577.82,0,Paid,45,67,2026-06-30
INV0001271,C0300,,Subscription,2025-10-01,2025-11-15,2025-11-23,349577.82,349577.82,0,Paid,45,53,2026-06-30
INV0001272,C0300,,Subscription,2026-01-01,2026-02-15,2026-03-03,349577.82,349577.82,0,Paid,45,61,2026-06-30
INV0001273,C0300,,Subscription,2026-04-01,2026-05-16,2026-05-13,362090.61,362090.61,0,Paid,45,42,2026-06-30
INV0001274,C0107,P0031,Professional Services,2025-01-05,2025-02-04,2025-02-07,3249.29,3249.29,0,Paid,30,33,2026-06-30
INV0001275,C0107,P0031,Professional Services,2025-02-05,2025-03-07,2025-03-13,3939.94,3939.94,0,Paid,30,36,2026-06-30
INV0001276,C0107,P0031,Professional Services,2025-03-05,2025-04-04,2025-03-23,3703.15,3703.15,0,Paid,30,18,2026-06-30
INV0001277,C0107,P0031,Professional Services,2025-04-05,2025-05-05,2025-05-11,3803.51,3803.51,0,Paid,30,36,2026-06-30
INV0001278,C0107,P0031,Professional Services,2025-05-05,2025-06-04,2025-06-01,4007.42,4007.42,0,Paid,30,27,2026-06-30
INV0001279,C0107,P0031,Professional Services,2025-06-05,2025-07-05,2025-07-05,4205.56,4205.56,0,Paid,30,30,2026-06-30
INV0001280,C0107,P0031,Professional Services,2025-07-05,2025-08-04,2025-07-25,3955.24,3955.24,0,Paid,30,20,2026-06-30
INV0001281,C0107,P0031,Professional Services,2025-08-05,2025-09-04,2025-09-08,3595.83,3595.83,0,Paid,30,34,2026-06-30
INV0001282,C0107,P0031,Professional Services,2025-09-05,2025-10-05,2025-10-05,3859.15,3859.15,0,Paid,30,30,2026-06-30
INV0001283,C0107,P0031,Professional Services,2025-10-05,2025-11-04,2025-11-04,4047.78,4047.78,0,Paid,30,30,2026-06-30
INV0001284,C0107,P0031,Professional Services,2025-11-05,2025-12-05,2025-12-09,3955.87,3955.87,0,Paid,30,34,2026-06-30
INV0001285,C0107,P0031,Professional Services,2025-12-05,2026-01-04,2026-01-01,3943.15,3943.15,0,Paid,30,27,2026-06-30
INV0001286,C0107,P0031,Professional Services,2026-01-05,2026-02-04,2026-01-20,4261.44,4261.44,0,Paid,30,15,2026-06-30
INV0001287,C0107,P0031,Professional Services,2026-02-05,2026-03-07,2026-03-07,4273.78,4273.78,0,Paid,30,30,2026-06-30
INV0001288,C0107,P0031,Professional Services,2026-03-05,2026-04-04,2026-04-04,4677.03,4677.03,0,Paid,30,30,2026-06-30
INV0001289,C0107,P0031,Professional Services,2026-04-05,2026-05-05,2026-05-11,4319.06,4319.06,0,Paid,30,36,2026-06-30
INV0001290,C0099,P0032,Professional Services,2024-02-05,2024-02-20,2024-03-01,11973.66,11973.66,0,Paid,15,25,2026-06-30
INV0001291,C0099,P0032,Professional Services,2024-03-05,2024-03-20,2024-03-20,13611.9,13611.9,0,Paid,15,15,2026-06-30
INV0001292,C0185,P0033,Professional Services,2025-04-05,2025-05-05,2025-05-15,5741.26,5741.26,0,Paid,30,40,2026-06-30
INV0001293,C0185,P0033,Professional Services,2025-05-05,2025-06-04,2025-06-05,6386.32,6386.32,0,Paid,30,31,2026-06-30
INV0001294,C0185,P0033,Professional Services,2025-06-05,2025-07-05,2025-06-25,6151.07,6151.07,0,Paid,30,20,2026-06-30
INV0001295,C0185,P0033,Professional Services,2025-07-05,2025-08-04,2025-09-13,6565.65,6565.65,0,Paid,30,70,2026-06-30
INV0001296,C0185,P0033,Professional Services,2025-08-05,2025-09-04,2025-09-23,6951.67,6951.67,0,Paid,30,49,2026-06-30
INV0001297,C0185,P0033,Professional Services,2025-09-05,2025-10-05,2025-09-25,7056.74,7056.74,0,Paid,30,20,2026-06-30
INV0001298,C0185,P0033,Professional Services,2025-10-05,2025-11-04,2025-10-24,5919.6,5919.6,0,Paid,30,19,2026-06-30
INV0001299,C0185,P0033,Professional Services,2025-11-05,2025-12-05,2025-12-27,5397.21,5397.21,0,Paid,30,52,2026-06-30
INV0001300,C0185,P0033,Professional Services,2025-12-05,2026-01-04,2026-01-16,6264.67,6264.67,0,Paid,30,42,2026-06-30
INV0001301,C0185,P0033,Professional Services,2026-01-05,2026-02-04,2026-03-01,5987.97,5987.97,0,Paid,30,55,2026-06-30
INV0001302,C0185,P0033,Professional Services,2026-02-05,2026-03-07,2026-03-16,6590.9,6590.9,0,Paid,30,39,2026-06-30
INV0001303,C0185,P0033,Professional Services,2026-03-05,2026-04-04,2026-04-17,6611.07,6611.07,0,Paid,30,43,2026-06-30
INV0001304,C0185,P0033,Professional Services,2026-04-05,2026-05-05,2026-05-19,6553.36,6553.36,0,Paid,30,44,2026-06-30
INV0001305,C0185,P0033,Professional Services,2026-05-05,2026-06-04,2026-06-23,7572.43,7572.43,0,Paid,30,49,2026-06-30
INV0001306,C0185,P0033,Professional Services,2026-06-05,2026-07-05,,6856.31,0,6856.31,Open,30,,2026-06-30
INV0001307,C0117,P0034,Professional Services,2025-05-05,2025-06-04,2025-06-20,42910.79,42910.79,0,Paid,30,46,2026-06-30
INV0001308,C0117,P0034,Professional Services,2025-06-05,2025-07-05,2025-06-24,81053.72,81053.72,0,Paid,30,19,2026-06-30
INV0001309,C0117,P0034,Professional Services,2025-07-05,2025-08-04,2025-08-17,119196.65,119196.65,0,Paid,30,43,2026-06-30
INV0001310,C0117,P0034,Professional Services,2025-08-05,2025-09-04,2025-08-13,81053.72,81053.72,0,Paid,30,8,2026-06-30
INV0001311,C0117,P0034,Professional Services,2025-09-05,2025-10-05,2025-10-08,42910.79,42910.79,0,Paid,30,33,2026-06-30
INV0001312,C0149,P0035,Professional Services,2025-11-05,2025-12-20,2025-12-04,55365.35,55365.35,0,Paid,45,29,2026-06-30
INV0001313,C0149,P0035,Professional Services,2025-12-05,2026-01-19,2026-01-17,92275.59,92275.59,0,Paid,45,43,2026-06-30
INV0001314,C0149,P0035,Professional Services,2026-01-05,2026-02-19,2026-02-07,129185.82,129185.82,0,Paid,45,33,2026-06-30
INV0001315,C0149,P0035,Professional Services,2026-02-05,2026-03-22,2026-03-25,182975.17,182975.17,0,Paid,45,48,2026-06-30
INV0001316,C0149,P0035,Professional Services,2026-03-05,2026-04-19,2026-04-25,182975.17,182975.17,0,Paid,45,51,2026-06-30
INV0001317,C0149,P0035,Professional Services,2026-04-05,2026-05-20,2026-05-13,142314.02,142314.02,0,Paid,45,38,2026-06-30
INV0001318,C0149,P0035,Professional Services,2026-05-05,2026-06-19,2026-06-26,101652.87,101652.87,0,Paid,45,52,2026-06-30
INV0001319,C0149,P0035,Professional Services,2026-06-05,2026-07-20,,60991.72,0,60991.72,Open,45,,2026-06-30
INV0001320,C0244,P0037,Professional Services,2024-10-05,2024-11-04,2024-11-19,32635.76,32635.76,0,Paid,30,45,2026-06-30
INV0001321,C0244,P0037,Professional Services,2024-11-05,2024-12-05,2024-12-05,37898.86,37898.86,0,Paid,30,30,2026-06-30
INV0001322,C0244,P0037,Professional Services,2024-12-05,2025-01-04,2025-01-14,33447.22,33447.22,0,Paid,30,40,2026-06-30
INV0001323,C0244,P0037,Professional Services,2025-01-05,2025-02-04,2025-02-07,35518.94,35518.94,0,Paid,30,33,2026-06-30
INV0001324,C0244,P0037,Professional Services,2025-02-05,2025-03-07,2025-03-06,36991.01,36991.01,0,Paid,30,29,2026-06-30
INV0001325,C0244,P0037,Professional Services,2025-03-05,2025-04-04,2025-04-01,34030.18,34030.18,0,Paid,30,27,2026-06-30
INV0001326,C0228,P0038,Professional Services,2026-05-05,2026-06-04,2026-06-24,22959.36,22959.36,0,Paid,30,50,2026-06-30
INV0001327,C0228,P0038,Professional Services,2026-06-05,2026-07-05,,21633.04,0,21633.04,Open,30,,2026-06-30
INV0001328,C0191,P0039,Professional Services,2025-05-05,2025-06-04,2025-05-21,23096.5,23096.5,0,Paid,30,16,2026-06-30
INV0001329,C0191,P0039,Professional Services,2025-06-05,2025-07-05,2025-06-12,22397.19,22397.19,0,Paid,30,7,2026-06-30
INV0001330,C0191,P0039,Professional Services,2025-07-05,2025-08-04,2025-08-09,25459.4,25459.4,0,Paid,30,35,2026-06-30
INV0001331,C0007,P0040,Professional Services,2025-07-05,2025-08-19,2025-08-12,12938.51,12938.51,0,Paid,45,38,2026-06-30
INV0001332,C0007,P0040,Professional Services,2025-08-05,2025-09-19,2025-09-27,22348.34,22348.34,0,Paid,45,53,2026-06-30
INV0001333,C0007,P0040,Professional Services,2025-09-05,2025-10-20,2025-11-06,31758.17,31758.17,0,Paid,45,62,2026-06-30
INV0001334,C0007,P0040,Professional Services,2025-10-05,2025-11-19,2025-11-17,41168,41168,0,Paid,45,43,2026-06-30
INV0001335,C0007,P0040,Professional Services,2025-11-05,2025-12-20,2025-12-22,31758.17,31758.17,0,Paid,45,47,2026-06-30
INV0001336,C0007,P0040,Professional Services,2025-12-05,2026-01-19,2026-01-19,22348.34,22348.34,0,Paid,45,45,2026-06-30
INV0001337,C0007,P0040,Professional Services,2026-01-05,2026-02-19,2026-02-26,12938.51,12938.51,0,Paid,45,52,2026-06-30
INV0001338,C0210,P0041,Professional Services,2024-05-05,2024-06-04,2024-06-03,8785.21,8785.21,0,Paid,30,29,2026-06-30
INV0001339,C0210,P0041,Professional Services,2024-06-05,2024-07-05,2024-06-21,14642.02,14642.02,0,Paid,30,16,2026-06-30
INV0001340,C0210,P0041,Professional Services,2024-07-05,2024-08-04,2024-08-06,20498.83,20498.83,0,Paid,30,32,2026-06-30
INV0001341,C0210,P0041,Professional Services,2024-08-05,2024-09-04,2024-09-09,26355.63,26355.63,0,Paid,30,35,2026-06-30
INV0001342,C0210,P0041,Professional Services,2024-09-05,2024-10-05,2024-09-23,26355.63,26355.63,0,Paid,30,18,2026-06-30
INV0001343,C0210,P0041,Professional Services,2024-10-05,2024-11-04,2024-10-28,20498.83,20498.83,0,Paid,30,23,2026-06-30
INV0001344,C0210,P0041,Professional Services,2024-11-05,2024-12-05,2024-12-01,14642.02,14642.02,0,Paid,30,26,2026-06-30
INV0001345,C0210,P0041,Professional Services,2024-12-05,2025-01-04,2025-01-03,8785.21,8785.21,0,Paid,30,29,2026-06-30
INV0001346,C0246,P0042,Professional Services,2025-09-05,2025-10-05,2025-10-05,11979.91,11979.91,0,Paid,30,30,2026-06-30
INV0001347,C0246,P0042,Professional Services,2025-10-05,2025-11-04,2025-10-24,11972.12,11972.12,0,Paid,30,19,2026-06-30
INV0001348,C0246,P0042,Professional Services,2025-11-05,2025-12-05,2025-12-03,11561.56,11561.56,0,Paid,30,28,2026-06-30
INV0001349,C0246,P0042,Professional Services,2025-12-05,2026-01-04,2025-12-26,12508.57,12508.57,0,Paid,30,21,2026-06-30
INV0001350,C0246,P0042,Professional Services,2026-01-05,2026-02-04,2026-02-06,11684.79,11684.79,0,Paid,30,32,2026-06-30
INV0001351,C0246,P0042,Professional Services,2026-02-05,2026-03-07,2026-03-05,12083.38,12083.38,0,Paid,30,28,2026-06-30
INV0001352,C0246,P0042,Professional Services,2026-03-05,2026-04-04,2026-03-12,13176.75,13176.75,0,Paid,30,7,2026-06-30
INV0001353,C0246,P0042,Professional Services,2026-04-05,2026-05-05,2026-04-28,13927,13927,0,Paid,30,23,2026-06-30
INV0001354,C0246,P0042,Professional Services,2026-05-05,2026-06-04,2026-05-27,13477.77,13477.77,0,Paid,30,22,2026-06-30
INV0001355,C0246,P0042,Professional Services,2026-06-05,2026-07-05,,13129.73,0,13129.73,Open,30,,2026-06-30
INV0001356,C0083,P0043,Professional Services,2026-05-05,2026-05-20,2026-06-03,23172.43,23172.43,0,Paid,15,29,2026-06-30
INV0001357,C0083,P0043,Professional Services,2026-06-05,2026-06-20,2026-06-17,20148.19,20148.19,0,Paid,15,12,2026-06-30
INV0001358,C0215,P0044,Professional Services,2025-01-05,2025-02-19,2025-04-17,227785.35,227785.35,0,Paid,45,102,2026-06-30
INV0001359,C0215,P0044,Professional Services,2025-02-05,2025-03-22,2025-04-15,274010.47,274010.47,0,Paid,45,69,2026-06-30
INV0001360,C0215,P0044,Professional Services,2025-03-05,2025-04-19,2025-05-11,250325.58,250325.58,0,Paid,45,67,2026-06-30
INV0001361,C0171,P0045,Professional Services,2026-06-05,2026-07-20,,72162.41,0,72162.41,Open,45,,2026-06-30
INV0001362,C0210,P0046,Professional Services,2025-02-05,2025-03-07,2025-03-01,19567.62,19567.62,0,Paid,30,24,2026-06-30
INV0001363,C0210,P0046,Professional Services,2025-03-05,2025-04-04,2025-03-23,36961.05,36961.05,0,Paid,30,18,2026-06-30
INV0001364,C0210,P0046,Professional Services,2025-04-05,2025-05-05,2025-04-29,54354.49,54354.49,0,Paid,30,24,2026-06-30
INV0001365,C0210,P0046,Professional Services,2025-05-05,2025-06-04,2025-06-04,36961.05,36961.05,0,Paid,30,30,2026-06-30
INV0001366,C0210,P0046,Professional Services,2025-06-05,2025-07-05,2025-06-27,19567.62,19567.62,0,Paid,30,22,2026-06-30
INV0001367,C0018,P0047,Professional Services,2026-03-05,2026-04-04,2026-03-21,33051.77,33051.77,0,Paid,30,16,2026-06-30
INV0001368,C0018,P0047,Professional Services,2026-04-05,2026-05-05,2026-04-15,38319.96,38319.96,0,Paid,30,10,2026-06-30
INV0001369,C0018,P0047,Professional Services,2026-05-05,2026-06-04,2026-05-24,35387.78,35387.78,0,Paid,30,19,2026-06-30
INV0001370,C0018,P0047,Professional Services,2026-06-05,2026-07-05,2026-06-27,37570.29,37570.29,0,Paid,30,22,2026-06-30
INV0001371,C0073,P0048,Professional Services,2025-03-05,2025-05-04,2025-04-20,140628.7,140628.7,0,Paid,60,46,2026-06-30
INV0001372,C0073,P0048,Professional Services,2025-04-05,2025-06-04,2025-05-20,151119.18,151119.18,0,Paid,60,45,2026-06-30
INV0001373,C0073,P0048,Professional Services,2025-05-05,2025-07-04,2025-06-19,146047.12,146047.12,0,Paid,60,45,2026-06-30
INV0001374,C0073,P0048,Professional Services,2025-06-05,2025-08-04,2025-08-15,145805.91,145805.91,0,Paid,60,71,2026-06-30
INV0001375,C0073,P0048,Professional Services,2025-07-05,2025-09-03,2025-09-13,141373.51,141373.51,0,Paid,60,70,2026-06-30
INV0001376,C0073,P0048,Professional Services,2025-08-05,2025-10-04,2025-10-13,134804.72,134804.72,0,Paid,60,69,2026-06-30
INV0001377,C0073,P0048,Professional Services,2025-09-05,2025-11-04,2025-10-25,143364.74,143364.74,0,Paid,60,50,2026-06-30
INV0001378,C0114,P0050,Professional Services,2025-09-05,2025-11-04,2025-10-14,53939.11,53939.11,0,Paid,60,39,2026-06-30
INV0001379,C0114,P0050,Professional Services,2025-10-05,2025-12-04,2025-11-13,52242.71,52242.71,0,Paid,60,39,2026-06-30
INV0001380,C0114,P0050,Professional Services,2025-11-05,2026-01-04,2026-01-11,61208.99,61208.99,0,Paid,60,67,2026-06-30
INV0001381,C0114,P0050,Professional Services,2025-12-05,2026-02-03,2026-03-12,57271.85,57271.85,0,Paid,60,97,2026-06-30
INV0001382,C0114,P0050,Professional Services,2026-01-05,2026-03-06,2026-03-18,61214.66,61214.66,0,Paid,60,72,2026-06-30
INV0001383,C0114,P0050,Professional Services,2026-02-05,2026-04-06,2026-05-05,59771.52,59771.52,0,Paid,60,89,2026-06-30
INV0001384,C0114,P0050,Professional Services,2026-03-05,2026-05-04,2026-05-15,67671.92,67671.92,0,Paid,60,71,2026-06-30
INV0001385,C0114,P0050,Professional Services,2026-04-05,2026-06-04,2026-06-24,66734.04,66734.04,0,Paid,60,80,2026-06-30
INV0001386,C0114,P0050,Professional Services,2026-05-05,2026-07-04,,64455.26,0,64455.26,Open,60,,2026-06-30
INV0001387,C0114,P0050,Professional Services,2026-06-05,2026-08-04,,63075.35,0,63075.35,Open,60,,2026-06-30
INV0001388,C0252,P0051,Professional Services,2025-01-05,2025-02-04,2025-02-09,29037.82,29037.82,0,Paid,30,35,2026-06-30
INV0001389,C0252,P0051,Professional Services,2025-02-05,2025-03-07,2025-03-15,31583.08,31583.08,0,Paid,30,38,2026-06-30
INV0001390,C0252,P0051,Professional Services,2025-03-05,2025-04-04,2025-03-28,32116.27,32116.27,0,Paid,30,23,2026-06-30
INV0001391,C0252,P0051,Professional Services,2025-04-05,2025-05-05,2025-05-23,29207.78,29207.78,0,Paid,30,48,2026-06-30
INV0001392,C0252,P0051,Professional Services,2025-05-05,2025-06-04,2025-06-01,35063.43,35063.43,0,Paid,30,27,2026-06-30
INV0001393,C0252,P0051,Professional Services,2025-06-05,2025-07-05,2025-07-15,32235,32235,0,Paid,30,40,2026-06-30
INV0001394,C0274,P0053,Professional Services,2024-11-05,2024-11-20,2024-11-20,26194.62,26194.62,0,Paid,15,15,2026-06-30
INV0001395,C0274,P0053,Professional Services,2024-12-05,2024-12-20,2024-12-23,22664.85,22664.85,0,Paid,15,18,2026-06-30
INV0001396,C0274,P0053,Professional Services,2025-01-05,2025-01-20,2025-02-22,26828.39,26828.39,0,Paid,15,48,2026-06-30
INV0001397,C0274,P0053,Professional Services,2025-02-05,2025-02-20,2025-03-06,23513.15,23513.15,0,Paid,15,29,2026-06-30
INV0001398,C0074,P0054,Professional Services,2024-02-05,2024-03-06,2024-02-29,107308.33,107308.33,0,Paid,30,24,2026-06-30
INV0001399,C0074,P0054,Professional Services,2024-03-05,2024-04-04,2024-03-26,104834.78,104834.78,0,Paid,30,21,2026-06-30
INV0001400,C0074,P0054,Professional Services,2024-04-05,2024-05-05,2024-05-13,97035.72,97035.72,0,Paid,30,38,2026-06-30
INV0001401,C0074,P0054,Professional Services,2024-05-05,2024-06-04,2024-06-13,108553.35,108553.35,0,Paid,30,39,2026-06-30
INV0001402,C0124,P0055,Professional Services,2024-03-05,2024-04-04,2024-04-10,25315.91,25315.91,0,Paid,30,36,2026-06-30
INV0001403,C0124,P0055,Professional Services,2024-04-05,2024-05-05,2024-04-18,23293.37,23293.37,0,Paid,30,13,2026-06-30
INV0001404,C0124,P0055,Professional Services,2024-05-05,2024-06-04,2024-06-15,23233.74,23233.74,0,Paid,30,41,2026-06-30
INV0001405,C0124,P0055,Professional Services,2024-06-05,2024-07-05,2024-06-25,22686,22686,0,Paid,30,20,2026-06-30
INV0001406,C0124,P0055,Professional Services,2024-07-05,2024-08-04,2024-07-10,23581.9,23581.9,0,Paid,30,5,2026-06-30
INV0001407,C0124,P0055,Professional Services,2024-08-05,2024-09-04,2024-09-05,24610.57,24610.57,0,Paid,30,31,2026-06-30
INV0001408,C0045,P0056,Professional Services,2026-06-05,2026-07-05,,29016.01,0,29016.01,Open,30,,2026-06-30
INV0001409,C0049,P0057,Professional Services,2025-08-05,2025-09-19,2025-09-19,20908.38,20908.38,0,Paid,45,45,2026-06-30
INV0001410,C0049,P0057,Professional Services,2025-09-05,2025-10-20,2025-11-01,21733.95,21733.95,0,Paid,45,57,2026-06-30
INV0001411,C0049,P0057,Professional Services,2025-10-05,2025-11-19,2025-12-10,21554.21,21554.21,0,Paid,45,66,2026-06-30
INV0001412,C0049,P0057,Professional Services,2025-11-05,2025-12-20,2026-01-16,22383.01,22383.01,0,Paid,45,72,2026-06-30
INV0001413,C0049,P0057,Professional Services,2025-12-05,2026-01-19,2025-12-24,22628.35,22628.35,0,Paid,45,19,2026-06-30
INV0001414,C0049,P0057,Professional Services,2026-01-05,2026-02-19,2026-02-23,22535.65,22535.65,0,Paid,45,49,2026-06-30
INV0001415,C0049,P0057,Professional Services,2026-02-05,2026-03-22,2026-04-12,22357.01,22357.01,0,Paid,45,66,2026-06-30
INV0001416,C0049,P0057,Professional Services,2026-03-05,2026-04-19,2026-04-19,22623.08,22623.08,0,Paid,45,45,2026-06-30
INV0001417,C0049,P0057,Professional Services,2026-04-05,2026-05-20,2026-06-25,25647.06,25647.06,0,Paid,45,81,2026-06-30
INV0001418,C0049,P0057,Professional Services,2026-05-05,2026-06-19,,24054.06,0,24054.06,Past Due,45,,2026-06-30
INV0001419,C0049,P0057,Professional Services,2026-06-05,2026-07-20,,26816.66,0,26816.66,Open,45,,2026-06-30
INV0001420,C0241,P0060,Professional Services,2024-11-05,2024-12-05,2024-12-18,28882.96,28882.96,0,Paid,30,43,2026-06-30
INV0001421,C0241,P0060,Professional Services,2024-12-05,2025-01-04,2025-01-14,31809.26,31809.26,0,Paid,30,40,2026-06-30
INV0001422,C0241,P0060,Professional Services,2025-01-05,2025-02-04,2025-02-09,29291.05,29291.05,0,Paid,30,35,2026-06-30
INV0001423,C0241,P0060,Professional Services,2025-02-05,2025-03-07,2025-02-25,30645.2,30645.2,0,Paid,30,20,2026-06-30
INV0001424,C0241,P0060,Professional Services,2025-03-05,2025-04-04,2025-03-26,33259.37,33259.37,0,Paid,30,21,2026-06-30
INV0001425,C0241,P0060,Professional Services,2025-04-05,2025-05-05,2025-05-24,31697.68,31697.68,0,Paid,30,49,2026-06-30
INV0001426,C0241,P0060,Professional Services,2025-05-05,2025-06-04,2025-05-29,30180.19,30180.19,0,Paid,30,24,2026-06-30
INV0001427,C0241,P0060,Professional Services,2025-06-05,2025-07-05,2025-07-11,29772.08,29772.08,0,Paid,30,36,2026-06-30
INV0001428,C0241,P0060,Professional Services,2025-07-05,2025-08-04,2025-08-01,31768.99,31768.99,0,Paid,30,27,2026-06-30
INV0001429,C0241,P0060,Professional Services,2025-08-05,2025-09-04,2025-09-10,29230.98,29230.98,0,Paid,30,36,2026-06-30
INV0001430,C0241,P0060,Professional Services,2025-09-05,2025-10-05,2025-10-05,29575.97,29575.97,0,Paid,30,30,2026-06-30
INV0001431,C0241,P0060,Professional Services,2025-10-05,2025-11-04,2025-11-08,32105.09,32105.09,0,Paid,30,34,2026-06-30
INV0001432,C0241,P0060,Professional Services,2025-11-05,2025-12-05,2025-11-28,32065.99,32065.99,0,Paid,30,23,2026-06-30
INV0001433,C0152,P0062,Professional Services,2026-02-05,2026-03-22,2026-03-17,29410.44,29410.44,0,Paid,45,40,2026-06-30
INV0001434,C0152,P0062,Professional Services,2026-03-05,2026-04-19,2026-04-26,29410.44,29410.44,0,Paid,45,52,2026-06-30
INV0001435,C0251,P0063,Professional Services,2025-04-05,2025-05-05,2025-05-12,6154.33,6154.33,0,Paid,30,37,2026-06-30
INV0001436,C0251,P0063,Professional Services,2025-05-05,2025-06-04,2025-06-05,9671.1,9671.1,0,Paid,30,31,2026-06-30
INV0001437,C0251,P0063,Professional Services,2025-06-05,2025-07-05,2025-07-04,13187.86,13187.86,0,Paid,30,29,2026-06-30
INV0001438,C0251,P0063,Professional Services,2025-07-05,2025-08-04,2025-07-24,16704.62,16704.62,0,Paid,30,19,2026-06-30
INV0001439,C0251,P0063,Professional Services,2025-08-05,2025-09-04,2025-09-02,20221.38,20221.38,0,Paid,30,28,2026-06-30
INV0001440,C0251,P0063,Professional Services,2025-09-05,2025-10-05,2025-10-13,20221.38,20221.38,0,Paid,30,38,2026-06-30
INV0001441,C0251,P0063,Professional Services,2025-10-05,2025-11-04,2025-11-15,16704.62,16704.62,0,Paid,30,41,2026-06-30
INV0001442,C0251,P0063,Professional Services,2025-11-05,2025-12-05,2025-12-11,13187.86,13187.86,0,Paid,30,36,2026-06-30
INV0001443,C0251,P0063,Professional Services,2025-12-05,2026-01-04,2025-12-27,9671.1,9671.1,0,Paid,30,22,2026-06-30
INV0001444,C0251,P0063,Professional Services,2026-01-05,2026-02-04,2026-02-08,6154.33,6154.33,0,Paid,30,34,2026-06-30
INV0001445,C0120,P0064,Professional Services,2024-02-05,2024-03-06,2024-02-29,230517.49,230517.49,0,Paid,30,24,2026-06-30
INV0001446,C0120,P0064,Professional Services,2024-03-05,2024-04-04,2024-03-30,234009.41,234009.41,0,Paid,30,25,2026-06-30
INV0001447,C0120,P0064,Professional Services,2024-04-05,2024-05-05,2024-05-11,221370.86,221370.86,0,Paid,30,36,2026-06-30
INV0001448,C0120,P0064,Professional Services,2024-05-05,2024-06-04,2024-06-06,208798.87,208798.87,0,Paid,30,32,2026-06-30
INV0001449,C0120,P0064,Professional Services,2024-06-05,2024-07-05,2024-06-29,228357.78,228357.78,0,Paid,30,24,2026-06-30
INV0001450,C0120,P0064,Professional Services,2024-07-05,2024-08-04,2024-08-16,218478.54,218478.54,0,Paid,30,42,2026-06-30
INV0001451,C0246,P0065,Professional Services,2026-04-05,2026-05-05,2026-05-08,9546.79,9546.79,0,Paid,30,33,2026-06-30
INV0001452,C0246,P0065,Professional Services,2026-05-05,2026-06-04,2026-06-09,16489.91,16489.91,0,Paid,30,35,2026-06-30
INV0001453,C0246,P0065,Professional Services,2026-06-05,2026-07-05,,23433.03,0,23433.03,Open,30,,2026-06-30
INV0001454,C0106,P0066,Professional Services,2024-02-05,2024-03-21,2024-03-21,42925.19,42925.19,0,Paid,45,45,2026-06-30
INV0001455,C0106,P0066,Professional Services,2024-03-05,2024-04-19,2024-04-18,65818.62,65818.62,0,Paid,45,44,2026-06-30
INV0001456,C0106,P0066,Professional Services,2024-04-05,2024-05-20,2024-05-12,88712.05,88712.05,0,Paid,45,37,2026-06-30
INV0001457,C0106,P0066,Professional Services,2024-05-05,2024-06-19,2024-06-07,111605.48,111605.48,0,Paid,45,33,2026-06-30
INV0001458,C0106,P0066,Professional Services,2024-06-05,2024-07-20,2024-07-30,134498.91,134498.91,0,Paid,45,55,2026-06-30
INV0001459,C0106,P0066,Professional Services,2024-07-05,2024-08-19,2024-08-21,157392.35,157392.35,0,Paid,45,47,2026-06-30
INV0001460,C0106,P0066,Professional Services,2024-08-05,2024-09-19,2024-09-10,134498.91,134498.91,0,Paid,45,36,2026-06-30
INV0001461,C0106,P0066,Professional Services,2024-09-05,2024-10-20,2024-10-15,111605.48,111605.48,0,Paid,45,40,2026-06-30
INV0001462,C0106,P0066,Professional Services,2024-10-05,2024-11-19,2024-11-19,88712.05,88712.05,0,Paid,45,45,2026-06-30
INV0001463,C0106,P0066,Professional Services,2024-11-05,2024-12-20,2024-12-23,65818.62,65818.62,0,Paid,45,48,2026-06-30
INV0001464,C0106,P0066,Professional Services,2024-12-05,2025-01-19,2025-01-05,42925.19,42925.19,0,Paid,45,31,2026-06-30
INV0001465,C0300,P0067,Professional Services,2025-10-05,2025-11-19,2025-11-21,96540.96,96540.96,0,Paid,45,47,2026-06-30
INV0001466,C0300,P0067,Professional Services,2025-11-05,2025-12-20,2026-01-13,89855.84,89855.84,0,Paid,45,69,2026-06-30
INV0001467,C0300,P0067,Professional Services,2025-12-05,2026-01-19,2026-01-24,89634.92,89634.92,0,Paid,45,50,2026-06-30
INV0001468,C0300,P0067,Professional Services,2026-01-05,2026-02-19,2026-02-22,80090.26,80090.26,0,Paid,45,48,2026-06-30
INV0001469,C0300,P0067,Professional Services,2026-02-05,2026-03-22,2026-03-31,112265.36,112265.36,0,Paid,45,54,2026-06-30
INV0001470,C0300,P0067,Professional Services,2026-03-05,2026-04-19,2026-04-20,95595.56,95595.56,0,Paid,45,46,2026-06-30
INV0001471,C0185,P0069,Professional Services,2024-02-05,2024-03-06,2024-02-18,10501.5,10501.5,0,Paid,30,13,2026-06-30
INV0001472,C0185,P0069,Professional Services,2024-03-05,2024-04-04,2024-04-06,16502.36,16502.36,0,Paid,30,32,2026-06-30
INV0001473,C0185,P0069,Professional Services,2024-04-05,2024-05-05,2024-05-13,22503.22,22503.22,0,Paid,30,38,2026-06-30
INV0001474,C0185,P0069,Professional Services,2024-05-05,2024-06-04,2024-06-17,28504.07,28504.07,0,Paid,30,43,2026-06-30
INV0001475,C0185,P0069,Professional Services,2024-06-05,2024-07-05,2024-08-13,34504.93,34504.93,0,Paid,30,69,2026-06-30
INV0001476,C0185,P0069,Professional Services,2024-07-05,2024-08-04,2024-07-20,34504.93,34504.93,0,Paid,30,15,2026-06-30
INV0001477,C0185,P0069,Professional Services,2024-08-05,2024-09-04,2024-09-20,28504.07,28504.07,0,Paid,30,46,2026-06-30
INV0001478,C0185,P0069,Professional Services,2024-09-05,2024-10-05,2024-10-20,22503.22,22503.22,0,Paid,30,45,2026-06-30
INV0001479,C0185,P0069,Professional Services,2024-10-05,2024-11-04,2024-11-15,16502.36,16502.36,0,Paid,30,41,2026-06-30
INV0001480,C0185,P0069,Professional Services,2024-11-05,2024-12-05,2024-11-23,10501.5,10501.5,0,Paid,30,18,2026-06-30
INV0001481,C0156,P0070,Professional Services,2025-04-05,2025-05-05,2025-05-18,58647,58647,0,Paid,30,43,2026-06-30
INV0001482,C0156,P0070,Professional Services,2025-05-05,2025-06-04,2025-05-28,60660.81,60660.81,0,Paid,30,23,2026-06-30
INV0001483,C0156,P0070,Professional Services,2025-06-05,2025-07-05,2025-07-08,58718.54,58718.54,0,Paid,30,33,2026-06-30
INV0001484,C0156,P0070,Professional Services,2025-07-05,2025-08-04,2025-08-05,62790.63,62790.63,0,Paid,30,31,2026-06-30
INV0001485,C0156,P0070,Professional Services,2025-08-05,2025-09-04,2025-09-25,59346.71,59346.71,0,Paid,30,51,2026-06-30
INV0001486,C0156,P0070,Professional Services,2025-09-05,2025-10-05,2025-10-07,59537.45,59537.45,0,Paid,30,32,2026-06-30
INV0001487,C0156,P0070,Professional Services,2025-10-05,2025-11-04,2025-11-10,53294.59,53294.59,0,Paid,30,36,2026-06-30
INV0001488,C0156,P0070,Professional Services,2025-11-05,2025-12-05,2025-12-27,58639.97,58639.97,0,Paid,30,52,2026-06-30
INV0001489,C0276,P0072,Professional Services,2025-01-05,2025-02-04,2025-02-06,7017.25,7017.25,0,Paid,30,32,2026-06-30
INV0001490,C0276,P0072,Professional Services,2025-02-05,2025-03-07,2025-02-26,6361.4,6361.4,0,Paid,30,21,2026-06-30
INV0001491,C0276,P0072,Professional Services,2025-03-05,2025-04-04,2025-04-10,6842.25,6842.25,0,Paid,30,36,2026-06-30
INV0001492,C0276,P0072,Professional Services,2025-04-05,2025-05-05,2025-05-04,6735.49,6735.49,0,Paid,30,29,2026-06-30
INV0001493,C0276,P0072,Professional Services,2025-05-05,2025-06-04,2025-06-10,6610.97,6610.97,0,Paid,30,36,2026-06-30
INV0001494,C0276,P0072,Professional Services,2025-06-05,2025-07-05,2025-07-04,6735.34,6735.34,0,Paid,30,29,2026-06-30
INV0001495,C0276,P0072,Professional Services,2025-07-05,2025-08-04,2025-07-29,6644.65,6644.65,0,Paid,30,24,2026-06-30
INV0001496,C0276,P0072,Professional Services,2025-08-05,2025-09-04,2025-08-26,6645.41,6645.41,0,Paid,30,21,2026-06-30
INV0001497,C0276,P0072,Professional Services,2025-09-05,2025-10-05,2025-10-11,7262.65,7262.65,0,Paid,30,36,2026-06-30
INV0001498,C0276,P0072,Professional Services,2025-10-05,2025-11-04,2025-11-12,6980.2,6980.2,0,Paid,30,38,2026-06-30
INV0001499,C0276,P0072,Professional Services,2025-11-05,2025-12-05,2025-12-09,6836.01,6836.01,0,Paid,30,34,2026-06-30
INV0001500,C0276,P0072,Professional Services,2025-12-05,2026-01-04,2025-12-30,8005.16,8005.16,0,Paid,30,25,2026-06-30
INV0001501,C0029,P0073,Professional Services,2024-09-05,2024-10-20,2024-10-28,19675.78,19675.78,0,Paid,45,53,2026-06-30
INV0001502,C0029,P0073,Professional Services,2024-10-05,2024-11-19,2024-12-10,29513.67,29513.67,0,Paid,45,66,2026-06-30
INV0001503,C0029,P0073,Professional Services,2024-11-05,2024-12-20,2024-12-26,39351.56,39351.56,0,Paid,45,51,2026-06-30
INV0001504,C0029,P0073,Professional Services,2024-12-05,2025-01-19,2025-02-05,49189.45,49189.45,0,Paid,45,62,2026-06-30
INV0001505,C0029,P0073,Professional Services,2025-01-05,2025-02-19,2025-02-13,59027.34,59027.34,0,Paid,45,39,2026-06-30
INV0001506,C0029,P0073,Professional Services,2025-02-05,2025-03-22,2025-04-01,72078.54,72078.54,0,Paid,45,55,2026-06-30
INV0001507,C0029,P0073,Professional Services,2025-03-05,2025-04-19,2025-04-26,72078.54,72078.54,0,Paid,45,52,2026-06-30
INV0001508,C0029,P0073,Professional Services,2025-04-05,2025-05-20,2025-06-05,61781.61,61781.61,0,Paid,45,61,2026-06-30
INV0001509,C0029,P0073,Professional Services,2025-05-05,2025-06-19,2025-06-28,51484.67,51484.67,0,Paid,45,54,2026-06-30
INV0001510,C0029,P0073,Professional Services,2025-06-05,2025-07-20,2025-08-08,41187.74,41187.74,0,Paid,45,64,2026-06-30
INV0001511,C0029,P0073,Professional Services,2025-07-05,2025-08-19,2025-09-21,30890.8,30890.8,0,Paid,45,78,2026-06-30
INV0001512,C0029,P0073,Professional Services,2025-08-05,2025-09-19,2025-09-06,20593.87,20593.87,0,Paid,45,32,2026-06-30
INV0001513,C0003,P0074,Professional Services,2024-10-05,2024-11-04,2024-12-12,23243.96,23243.96,0,Paid,30,68,2026-06-30
INV0001514,C0284,P0075,Professional Services,2024-09-05,2024-10-20,2024-10-16,32157.36,32157.36,0,Paid,45,41,2026-06-30
INV0001515,C0284,P0075,Professional Services,2024-10-05,2024-11-19,2024-11-13,32157.36,32157.36,0,Paid,45,39,2026-06-30
INV0001516,C0216,P0076,Professional Services,2024-05-05,2024-06-19,2024-06-12,32356.94,32356.94,0,Paid,45,38,2026-06-30
INV0001517,C0216,P0076,Professional Services,2024-06-05,2024-07-20,2024-07-09,32491.93,32491.93,0,Paid,45,34,2026-06-30
INV0001518,C0216,P0076,Professional Services,2024-07-05,2024-08-19,2024-08-16,32849.77,32849.77,0,Paid,45,42,2026-06-30
INV0001519,C0216,P0076,Professional Services,2024-08-05,2024-09-19,2024-09-07,31240.21,31240.21,0,Paid,45,33,2026-06-30
INV0001520,C0216,P0076,Professional Services,2024-09-05,2024-10-20,2024-10-23,30324.15,30324.15,0,Paid,45,48,2026-06-30
INV0001521,C0216,P0076,Professional Services,2024-10-05,2024-11-19,2024-11-19,29438.19,29438.19,0,Paid,45,45,2026-06-30
INV0001522,C0216,P0076,Professional Services,2024-11-05,2024-12-20,2024-12-19,32688.79,32688.79,0,Paid,45,44,2026-06-30
INV0001523,C0216,P0076,Professional Services,2024-12-05,2025-01-19,2025-02-01,30036.91,30036.91,0,Paid,45,58,2026-06-30
INV0001524,C0216,P0076,Professional Services,2025-01-05,2025-02-19,2025-02-12,28555.12,28555.12,0,Paid,45,38,2026-06-30
INV0001525,C0216,P0076,Professional Services,2025-02-05,2025-03-22,2025-03-24,35601.76,35601.76,0,Paid,45,47,2026-06-30
INV0001526,C0216,P0076,Professional Services,2025-03-05,2025-04-19,2025-04-22,30965.24,30965.24,0,Paid,45,48,2026-06-30
INV0001527,C0216,P0076,Professional Services,2025-04-05,2025-05-20,2025-05-28,35692.94,35692.94,0,Paid,45,53,2026-06-30
INV0001528,C0066,P0078,Professional Services,2026-04-05,2026-04-20,2026-04-05,16524.22,16524.22,0,Paid,15,0,2026-06-30
INV0001529,C0066,P0078,Professional Services,2026-05-05,2026-05-20,2026-06-16,13913.14,13913.14,0,Paid,15,42,2026-06-30
INV0001530,C0066,P0078,Professional Services,2026-06-05,2026-06-20,,17333.89,0,17333.89,Past Due,15,,2026-06-30
INV0001531,C0095,P0079,Professional Services,2025-09-05,2025-10-05,2025-10-11,28732.23,28732.23,0,Paid,30,36,2026-06-30
INV0001532,C0151,P0080,Professional Services,2026-03-05,2026-04-19,2026-04-26,36488.38,36488.38,0,Paid,45,52,2026-06-30
INV0001533,C0151,P0080,Professional Services,2026-04-05,2026-05-20,2026-05-08,36712.63,36712.63,0,Paid,45,33,2026-06-30
INV0001534,C0151,P0080,Professional Services,2026-05-05,2026-06-19,2026-06-17,35812.02,35812.02,0,Paid,45,43,2026-06-30
INV0001535,C0151,P0080,Professional Services,2026-06-05,2026-07-20,,37504.19,0,37504.19,Open,45,,2026-06-30
INV0001536,C0183,P0081,Professional Services,2024-11-05,2024-12-05,2024-12-07,3259.06,3259.06,0,Paid,30,32,2026-06-30
INV0001537,C0183,P0081,Professional Services,2024-12-05,2025-01-04,2025-01-24,4997.23,4997.23,0,Paid,30,50,2026-06-30
INV0001538,C0183,P0081,Professional Services,2025-01-05,2025-02-04,2025-03-04,6735.39,6735.39,0,Paid,30,58,2026-06-30
INV0001539,C0183,P0081,Professional Services,2025-02-05,2025-03-07,2025-03-21,8868.94,8868.94,0,Paid,30,44,2026-06-30
INV0001540,C0183,P0081,Professional Services,2025-03-05,2025-04-04,2025-04-05,10688.21,10688.21,0,Paid,30,31,2026-06-30
INV0001541,C0183,P0081,Professional Services,2025-04-05,2025-05-05,2025-05-25,12507.48,12507.48,0,Paid,30,50,2026-06-30
INV0001542,C0183,P0081,Professional Services,2025-05-05,2025-06-04,2025-06-14,10688.21,10688.21,0,Paid,30,40,2026-06-30
INV0001543,C0183,P0081,Professional Services,2025-06-05,2025-07-05,2025-06-10,8868.94,8868.94,0,Paid,30,5,2026-06-30
INV0001544,C0183,P0081,Professional Services,2025-07-05,2025-08-04,2025-08-10,7049.67,7049.67,0,Paid,30,36,2026-06-30
INV0001545,C0183,P0081,Professional Services,2025-08-05,2025-09-04,2025-08-22,5230.4,5230.4,0,Paid,30,17,2026-06-30
INV0001546,C0183,P0081,Professional Services,2025-09-05,2025-10-05,2025-09-20,3411.13,3411.13,0,Paid,30,15,2026-06-30
INV0001547,C0127,P0083,Professional Services,2025-01-05,2025-02-04,2025-01-19,12745.26,12745.26,0,Paid,30,14,2026-06-30
INV0001548,C0127,P0083,Professional Services,2025-02-05,2025-03-07,2025-04-10,22233.27,22233.27,0,Paid,30,64,2026-06-30
INV0001549,C0127,P0083,Professional Services,2025-03-05,2025-04-04,2025-04-27,31126.58,31126.58,0,Paid,30,53,2026-06-30
INV0001550,C0127,P0083,Professional Services,2025-04-05,2025-05-05,2025-05-06,40019.89,40019.89,0,Paid,30,31,2026-06-30
INV0001551,C0127,P0083,Professional Services,2025-05-05,2025-06-04,2025-06-19,40019.89,40019.89,0,Paid,30,45,2026-06-30
INV0001552,C0127,P0083,Professional Services,2025-06-05,2025-07-05,2025-06-28,31126.58,31126.58,0,Paid,30,23,2026-06-30
INV0001553,C0127,P0083,Professional Services,2025-07-05,2025-08-04,2025-08-01,22233.27,22233.27,0,Paid,30,27,2026-06-30
INV0001554,C0127,P0083,Professional Services,2025-08-05,2025-09-04,2025-10-09,13339.96,13339.96,0,Paid,30,65,2026-06-30
INV0001555,C0250,P0084,Professional Services,2026-04-05,2026-05-05,2026-04-21,9404.81,9404.81,0,Paid,30,16,2026-06-30
INV0001556,C0250,P0084,Professional Services,2026-05-05,2026-06-04,2026-05-11,10715.38,10715.38,0,Paid,30,6,2026-06-30
INV0001557,C0250,P0084,Professional Services,2026-06-05,2026-07-05,,10106.81,0,10106.81,Open,30,,2026-06-30
INV0001558,C0297,P0086,Professional Services,2024-09-05,2024-10-20,2024-10-17,29144.26,29144.26,0,Paid,45,42,2026-06-30
INV0001559,C0297,P0086,Professional Services,2024-10-05,2024-11-19,2024-11-17,27102.67,27102.67,0,Paid,45,43,2026-06-30
INV0001560,C0297,P0086,Professional Services,2024-11-05,2024-12-20,2024-12-23,27319.41,27319.41,0,Paid,45,48,2026-06-30
INV0001561,C0297,P0086,Professional Services,2024-12-05,2025-01-19,2025-01-05,26957.64,26957.64,0,Paid,45,31,2026-06-30
INV0001562,C0297,P0086,Professional Services,2025-01-05,2025-02-19,,27933.52,0,27933.52,Past Due,45,,2026-06-30
INV0001563,C0297,P0086,Professional Services,2025-02-05,2025-03-22,2025-03-22,30102.13,30102.13,0,Paid,45,45,2026-06-30
INV0001564,C0297,P0086,Professional Services,2025-03-05,2025-04-19,2025-04-09,29170.66,29170.66,0,Paid,45,35,2026-06-30
INV0001565,C0005,P0087,Professional Services,2024-11-05,2024-12-05,2024-12-20,22309.28,22309.28,0,Paid,30,45,2026-06-30
INV0001566,C0005,P0087,Professional Services,2024-12-05,2025-01-04,2025-01-20,22680.29,22680.29,0,Paid,30,46,2026-06-30
INV0001567,C0005,P0087,Professional Services,2025-01-05,2025-02-04,2025-01-16,23489.67,23489.67,0,Paid,30,11,2026-06-30
INV0001568,C0005,P0087,Professional Services,2025-02-05,2025-03-07,2025-03-19,24458.27,24458.27,0,Paid,30,42,2026-06-30
INV0001569,C0005,P0087,Professional Services,2025-03-05,2025-04-04,2025-04-05,22659.26,22659.26,0,Paid,30,31,2026-06-30
INV0001570,C0005,P0087,Professional Services,2025-04-05,2025-05-05,2025-05-17,23731.3,23731.3,0,Paid,30,42,2026-06-30
INV0001571,C0005,P0087,Professional Services,2025-05-05,2025-06-04,2025-06-08,23266.09,23266.09,0,Paid,30,34,2026-06-30
INV0001572,C0005,P0087,Professional Services,2025-06-05,2025-07-05,2025-07-22,20110.65,20110.65,0,Paid,30,47,2026-06-30
INV0001573,C0005,P0087,Professional Services,2025-07-05,2025-08-04,2025-08-09,21288.73,21288.73,0,Paid,30,35,2026-06-30
INV0001574,C0005,P0087,Professional Services,2025-08-05,2025-09-04,2025-10-11,24756.85,24756.85,0,Paid,30,67,2026-06-30
INV0001575,C0005,P0087,Professional Services,2025-09-05,2025-10-05,2025-09-14,22349.77,22349.77,0,Paid,30,9,2026-06-30
INV0001576,C0005,P0087,Professional Services,2025-10-05,2025-11-04,2025-11-15,24001.34,24001.34,0,Paid,30,41,2026-06-30
INV0001577,C0005,P0087,Professional Services,2025-11-05,2025-12-05,2025-12-15,25264.91,25264.91,0,Paid,30,40,2026-06-30
INV0001578,C0005,P0087,Professional Services,2025-12-05,2026-01-04,2026-01-10,25329.12,25329.12,0,Paid,30,36,2026-06-30
INV0001579,C0005,P0087,Professional Services,2026-01-05,2026-02-04,2026-02-01,23000.31,23000.31,0,Paid,30,27,2026-06-30
INV0001580,C0005,P0087,Professional Services,2026-02-05,2026-03-07,2026-03-22,27129.17,27129.17,0,Paid,30,45,2026-06-30
INV0001581,C0005,P0087,Professional Services,2026-03-05,2026-04-04,2026-04-05,24937.08,24937.08,0,Paid,30,31,2026-06-30
INV0001582,C0005,P0087,Professional Services,2026-04-05,2026-05-05,2026-05-11,26423.86,26423.86,0,Paid,30,36,2026-06-30
INV0001583,C0270,P0088,Professional Services,2025-10-05,2025-12-04,2025-12-05,39659.89,39659.89,0,Paid,60,61,2026-06-30
INV0001584,C0270,P0088,Professional Services,2025-11-05,2026-01-04,2026-01-05,47236.57,47236.57,0,Paid,60,61,2026-06-30
INV0001585,C0270,P0088,Professional Services,2025-12-05,2026-02-03,2026-01-28,45952.08,45952.08,0,Paid,60,54,2026-06-30
INV0001586,C0270,P0088,Professional Services,2026-01-05,2026-03-06,2026-03-07,44006.52,44006.52,0,Paid,60,61,2026-06-30
INV0001587,C0270,P0088,Professional Services,2026-02-05,2026-04-06,2026-04-20,45255.82,45255.82,0,Paid,60,74,2026-06-30
INV0001588,C0270,P0088,Professional Services,2026-03-05,2026-05-04,2026-05-09,44370.76,44370.76,0,Paid,60,65,2026-06-30
INV0001589,C0270,P0088,Professional Services,2026-04-05,2026-06-04,2026-05-20,48371.79,48371.79,0,Paid,60,45,2026-06-30
INV0001590,C0270,P0088,Professional Services,2026-05-05,2026-07-04,,49290.18,0,49290.18,Open,60,,2026-06-30
INV0001591,C0270,P0088,Professional Services,2026-06-05,2026-08-04,,44656.98,0,44656.98,Open,60,,2026-06-30
INV0001592,C0103,P0089,Professional Services,2024-02-05,2024-03-21,2024-04-08,192177.73,192177.73,0,Paid,45,63,2026-06-30
INV0001593,C0103,P0089,Professional Services,2024-03-05,2024-04-19,2024-04-21,249119.28,249119.28,0,Paid,45,47,2026-06-30
INV0001594,C0103,P0089,Professional Services,2024-04-05,2024-05-20,2024-05-27,192177.73,192177.73,0,Paid,45,52,2026-06-30
INV0001595,C0103,P0089,Professional Services,2024-05-05,2024-06-19,2024-06-14,135236.18,135236.18,0,Paid,45,40,2026-06-30
INV0001596,C0103,P0089,Professional Services,2024-06-05,2024-07-20,2024-07-07,78294.63,78294.63,0,Paid,45,32,2026-06-30
INV0001597,C0154,P0090,Professional Services,2026-05-05,2026-06-19,2026-06-16,75673.37,75673.37,0,Paid,45,42,2026-06-30
INV0001598,C0154,P0090,Professional Services,2026-06-05,2026-07-20,,72344.13,0,72344.13,Open,45,,2026-06-30
INV0001599,C0026,P0092,Professional Services,2025-06-05,2025-07-05,2025-06-24,37001.59,37001.59,0,Paid,30,19,2026-06-30
INV0001600,C0026,P0092,Professional Services,2025-07-05,2025-08-04,2025-08-03,37798.9,37798.9,0,Paid,30,29,2026-06-30
INV0001601,C0026,P0092,Professional Services,2025-08-05,2025-09-04,2025-08-31,36583.38,36583.38,0,Paid,30,26,2026-06-30
INV0001602,C0057,P0094,Professional Services,2025-04-05,2025-06-04,2025-05-25,23362.85,23362.85,0,Paid,60,50,2026-06-30
INV0001603,C0057,P0094,Professional Services,2025-05-05,2025-07-04,2025-07-05,26027.84,26027.84,0,Paid,60,61,2026-06-30
INV0001604,C0057,P0094,Professional Services,2025-06-05,2025-08-04,2025-08-01,24678.16,24678.16,0,Paid,60,57,2026-06-30
INV0001605,C0057,P0094,Professional Services,2025-07-05,2025-09-03,2025-09-05,25212.86,25212.86,0,Paid,60,62,2026-06-30
INV0001606,C0057,P0094,Professional Services,2025-08-05,2025-10-04,2025-10-09,21466.25,21466.25,0,Paid,60,65,2026-06-30
INV0001607,C0057,P0094,Professional Services,2025-09-05,2025-11-04,2025-11-19,22448.64,22448.64,0,Paid,60,75,2026-06-30
INV0001608,C0057,P0094,Professional Services,2025-10-05,2025-12-04,2025-12-13,22424.27,22424.27,0,Paid,60,69,2026-06-30
INV0001609,C0057,P0094,Professional Services,2025-11-05,2026-01-04,2025-12-29,25454.24,25454.24,0,Paid,60,54,2026-06-30
INV0001610,C0057,P0094,Professional Services,2025-12-05,2026-02-03,2026-02-15,27012.93,27012.93,0,Paid,60,72,2026-06-30
INV0001611,C0099,P0095,Professional Services,2025-04-05,2025-04-20,2025-04-25,26964.22,26964.22,0,Paid,15,20,2026-06-30
INV0001612,C0099,P0095,Professional Services,2025-05-05,2025-05-20,2025-06-09,28537.68,28537.68,0,Paid,15,35,2026-06-30
INV0001613,C0099,P0095,Professional Services,2025-06-05,2025-06-20,2025-06-20,26478.93,26478.93,0,Paid,15,15,2026-06-30
INV0001614,C0099,P0095,Professional Services,2025-07-05,2025-07-20,2025-07-29,27988.97,27988.97,0,Paid,15,24,2026-06-30
INV0001615,C0099,P0095,Professional Services,2025-08-05,2025-08-20,2025-08-20,24960.81,24960.81,0,Paid,15,15,2026-06-30
INV0001616,C0099,P0095,Professional Services,2025-09-05,2025-09-20,2025-10-08,29913.88,29913.88,0,Paid,15,33,2026-06-30
INV0001617,C0099,P0095,Professional Services,2025-10-05,2025-10-20,2025-11-17,27603.34,27603.34,0,Paid,15,43,2026-06-30
INV0001618,C0265,P0096,Professional Services,2024-11-05,2024-12-20,2024-12-13,79465.61,79465.61,0,Paid,45,38,2026-06-30
INV0001619,C0265,P0096,Professional Services,2024-12-05,2025-01-19,2025-01-19,82248.01,82248.01,0,Paid,45,45,2026-06-30
INV0001620,C0265,P0096,Professional Services,2025-01-05,2025-02-19,2025-02-15,80524.07,80524.07,0,Paid,45,41,2026-06-30
INV0001621,C0265,P0096,Professional Services,2025-02-05,2025-03-22,2025-03-18,80335.21,80335.21,0,Paid,45,41,2026-06-30
INV0001622,C0265,P0096,Professional Services,2025-03-05,2025-04-19,2025-04-09,74364.32,74364.32,0,Paid,45,35,2026-06-30
INV0001623,C0265,P0096,Professional Services,2025-04-05,2025-05-20,2025-06-04,86746.01,86746.01,0,Paid,45,60,2026-06-30
INV0001624,C0004,P0097,Professional Services,2024-02-05,2024-03-21,2024-03-19,99532.83,99532.83,0,Paid,45,43,2026-06-30
INV0001625,C0004,P0097,Professional Services,2024-03-05,2024-04-19,2024-04-09,112710.26,112710.26,0,Paid,45,35,2026-06-30
INV0001626,C0050,P0098,Professional Services,2025-07-05,2025-08-04,2025-08-09,40172.35,40172.35,0,Paid,30,35,2026-06-30
INV0001627,C0050,P0098,Professional Services,2025-08-05,2025-09-04,2025-09-04,42346.71,42346.71,0,Paid,30,30,2026-06-30
INV0001628,C0050,P0098,Professional Services,2025-09-05,2025-10-05,2025-09-26,40482.96,40482.96,0,Paid,30,21,2026-06-30
INV0001629,C0004,P0099,Professional Services,2024-12-05,2025-01-19,2025-01-29,150922.48,150922.48,0,Paid,45,55,2026-06-30
INV0001630,C0004,P0099,Professional Services,2025-01-05,2025-02-19,2025-02-03,152672.25,152672.25,0,Paid,45,29,2026-06-30
INV0001631,C0004,P0099,Professional Services,2025-02-05,2025-03-22,2025-03-25,174942.07,174942.07,0,Paid,45,48,2026-06-30
INV0001632,C0004,P0099,Professional Services,2025-03-05,2025-04-19,2025-04-02,174692.98,174692.98,0,Paid,45,28,2026-06-30
INV0001633,C0004,P0099,Professional Services,2025-04-05,2025-05-20,2025-05-27,168832.94,168832.94,0,Paid,45,52,2026-06-30
INV0001634,C0118,P0101,Professional Services,2024-05-05,2024-07-04,2024-07-09,51168.52,51168.52,0,Paid,60,65,2026-06-30
INV0001635,C0118,P0101,Professional Services,2024-06-05,2024-08-04,2024-08-06,92103.34,92103.34,0,Paid,60,62,2026-06-30
INV0001636,C0118,P0101,Professional Services,2024-07-05,2024-09-03,2024-09-02,133038.16,133038.16,0,Paid,60,59,2026-06-30
INV0001637,C0118,P0101,Professional Services,2024-08-05,2024-10-04,2024-10-14,133038.16,133038.16,0,Paid,60,70,2026-06-30
INV0001638,C0118,P0101,Professional Services,2024-09-05,2024-11-04,2024-11-12,92103.34,92103.34,0,Paid,60,68,2026-06-30
INV0001639,C0118,P0101,Professional Services,2024-10-05,2024-12-04,2024-11-21,51168.52,51168.52,0,Paid,60,47,2026-06-30
INV0001640,C0296,P0102,Professional Services,2026-03-05,2026-04-04,2026-04-08,20825.56,20825.56,0,Paid,30,34,2026-06-30
INV0001641,C0296,P0102,Professional Services,2026-04-05,2026-05-05,2026-05-16,31932.53,31932.53,0,Paid,30,41,2026-06-30
INV0001642,C0296,P0102,Professional Services,2026-05-05,2026-06-04,2026-06-12,43039.5,43039.5,0,Paid,30,38,2026-06-30
INV0001643,C0296,P0102,Professional Services,2026-06-05,2026-07-05,,54146.47,0,54146.47,Open,30,,2026-06-30
INV0001644,C0222,P0103,Professional Services,2025-02-05,2025-03-07,2025-03-20,82982.83,82982.83,0,Paid,30,43,2026-06-30
INV0001645,C0222,P0103,Professional Services,2025-03-05,2025-04-04,2025-03-26,177820.34,177820.34,0,Paid,30,21,2026-06-30
INV0001646,C0222,P0103,Professional Services,2025-04-05,2025-05-05,2025-05-12,82982.83,82982.83,0,Paid,30,37,2026-06-30
INV0001647,C0081,P0105,Professional Services,2024-04-05,2024-05-05,2024-04-26,9716.13,9716.13,0,Paid,30,21,2026-06-30
INV0001648,C0081,P0105,Professional Services,2024-05-05,2024-06-04,2024-07-13,17489.04,17489.04,0,Paid,30,69,2026-06-30
INV0001649,C0081,P0105,Professional Services,2024-06-05,2024-07-05,2024-07-16,25261.95,25261.95,0,Paid,30,41,2026-06-30
INV0001650,C0081,P0105,Professional Services,2024-07-05,2024-08-04,2024-08-07,25261.95,25261.95,0,Paid,30,33,2026-06-30
INV0001651,C0081,P0105,Professional Services,2024-08-05,2024-09-04,2024-09-25,17489.04,17489.04,0,Paid,30,51,2026-06-30
INV0001652,C0081,P0105,Professional Services,2024-09-05,2024-10-05,2024-11-07,9716.13,9716.13,0,Paid,30,63,2026-06-30
INV0001653,C0087,P0106,Professional Services,2024-04-05,2024-05-05,2024-05-04,42430.73,42430.73,0,Paid,30,29,2026-06-30
INV0001654,C0087,P0106,Professional Services,2024-05-05,2024-06-04,2024-05-23,76375.31,76375.31,0,Paid,30,18,2026-06-30
INV0001655,C0087,P0106,Professional Services,2024-06-05,2024-07-05,2024-07-13,110319.9,110319.9,0,Paid,30,38,2026-06-30
INV0001656,C0087,P0106,Professional Services,2024-07-05,2024-08-04,2024-08-04,110319.9,110319.9,0,Paid,30,30,2026-06-30
INV0001657,C0087,P0106,Professional Services,2024-08-05,2024-09-04,2024-08-28,76375.31,76375.31,0,Paid,30,23,2026-06-30
INV0001658,C0087,P0106,Professional Services,2024-09-05,2024-10-05,2024-09-29,42430.73,42430.73,0,Paid,30,24,2026-06-30
INV0001659,C0099,P0107,Professional Services,2025-07-05,2025-07-20,2025-08-16,11418.8,11418.8,0,Paid,15,42,2026-06-30
INV0001660,C0099,P0107,Professional Services,2025-08-05,2025-08-20,2025-09-11,21568.84,21568.84,0,Paid,15,37,2026-06-30
INV0001661,C0099,P0107,Professional Services,2025-09-05,2025-09-20,2025-09-05,31718.89,31718.89,0,Paid,15,0,2026-06-30
INV0001662,C0099,P0107,Professional Services,2025-10-05,2025-10-20,2025-11-11,21568.84,21568.84,0,Paid,15,37,2026-06-30
INV0001663,C0099,P0107,Professional Services,2025-11-05,2025-11-20,2025-12-05,11418.8,11418.8,0,Paid,15,30,2026-06-30
INV0001664,C0292,P0108,Professional Services,2024-11-05,2024-12-05,2024-12-08,60800.29,60800.29,0,Paid,30,33,2026-06-30
INV0001665,C0292,P0108,Professional Services,2024-12-05,2025-01-04,2025-01-01,55448.9,55448.9,0,Paid,30,27,2026-06-30
INV0001666,C0292,P0108,Professional Services,2025-01-05,2025-02-04,2025-01-24,60366.98,60366.98,0,Paid,30,19,2026-06-30
INV0001667,C0292,P0108,Professional Services,2025-02-05,2025-03-07,2025-02-23,70306.35,70306.35,0,Paid,30,18,2026-06-30
INV0001668,C0292,P0108,Professional Services,2025-03-05,2025-04-04,2025-04-04,63089.75,63089.75,0,Paid,30,30,2026-06-30
INV0001669,C0292,P0108,Professional Services,2025-04-05,2025-05-05,2025-04-15,63835.58,63835.58,0,Paid,30,10,2026-06-30
INV0001670,C0132,P0109,Professional Services,2024-02-05,2024-03-06,2024-04-08,149016.26,149016.26,0,Paid,30,63,2026-06-30
INV0001671,C0007,P0110,Professional Services,2024-02-05,2024-03-21,2024-03-21,94786.62,94786.62,0,Paid,45,45,2026-06-30
INV0001672,C0007,P0110,Professional Services,2024-03-05,2024-04-19,2024-04-11,73722.92,73722.92,0,Paid,45,37,2026-06-30
INV0001673,C0007,P0110,Professional Services,2024-04-05,2024-05-20,2024-05-25,52659.23,52659.23,0,Paid,45,50,2026-06-30
INV0001674,C0007,P0110,Professional Services,2024-05-05,2024-06-19,2024-06-10,31595.54,31595.54,0,Paid,45,36,2026-06-30
INV0001675,C0212,P0111,Professional Services,2024-11-05,2024-12-05,2024-12-11,11829.44,11829.44,0,Paid,30,36,2026-06-30
INV0001676,C0212,P0111,Professional Services,2024-12-05,2025-01-04,2025-01-03,11829.44,11829.44,0,Paid,30,29,2026-06-30
INV0001677,C0123,P0112,Professional Services,2025-08-05,2025-09-04,2025-09-16,53272.26,53272.26,0,Paid,30,42,2026-06-30
INV0001678,C0123,P0112,Professional Services,2025-09-05,2025-10-05,2025-10-25,43962.7,43962.7,0,Paid,30,50,2026-06-30
INV0001679,C0123,P0112,Professional Services,2025-10-05,2025-11-04,2025-11-28,45047.71,45047.71,0,Paid,30,54,2026-06-30
INV0001680,C0123,P0112,Professional Services,2025-11-05,2025-12-05,2025-12-12,46397.14,46397.14,0,Paid,30,37,2026-06-30
INV0001681,C0123,P0112,Professional Services,2025-12-05,2026-01-04,2026-01-03,42645.15,42645.15,0,Paid,30,29,2026-06-30
INV0001682,C0123,P0112,Professional Services,2026-01-05,2026-02-04,2026-02-17,43940.66,43940.66,0,Paid,30,43,2026-06-30
INV0001683,C0123,P0112,Professional Services,2026-02-05,2026-03-07,2026-03-13,51485.89,51485.89,0,Paid,30,36,2026-06-30
INV0001684,C0123,P0112,Professional Services,2026-03-05,2026-04-04,2026-04-25,48424.73,48424.73,0,Paid,30,51,2026-06-30
INV0001685,C0123,P0112,Professional Services,2026-04-05,2026-05-05,2026-05-19,48750.05,48750.05,0,Paid,30,44,2026-06-30
INV0001686,C0123,P0112,Professional Services,2026-05-05,2026-06-04,2026-06-12,52633.62,52633.62,0,Paid,30,38,2026-06-30
INV0001687,C0123,P0112,Professional Services,2026-06-05,2026-07-05,,50839.05,0,50839.05,Open,30,,2026-06-30
INV0001688,C0267,P0113,Professional Services,2025-05-05,2025-06-04,2025-06-06,35813.81,35813.81,0,Paid,30,32,2026-06-30
INV0001689,C0267,P0113,Professional Services,2025-06-05,2025-07-05,2025-07-10,38353.08,38353.08,0,Paid,30,35,2026-06-30
INV0001690,C0267,P0113,Professional Services,2025-07-05,2025-08-04,2025-07-19,31511.84,31511.84,0,Paid,30,14,2026-06-30
INV0001691,C0087,P0114,Professional Services,2025-03-05,2025-04-04,2025-04-03,28732.23,28732.23,0,Paid,30,29,2026-06-30
INV0001692,C0040,P0115,Professional Services,2025-09-05,2025-10-20,2025-10-22,54503.79,54503.79,0,Paid,45,47,2026-06-30
INV0001693,C0040,P0115,Professional Services,2025-10-05,2025-11-19,2025-12-12,49680.04,49680.04,0,Paid,45,68,2026-06-30
INV0001694,C0040,P0115,Professional Services,2025-11-05,2025-12-20,2025-12-27,47804.52,47804.52,0,Paid,45,52,2026-06-30
INV0001695,C0040,P0115,Professional Services,2025-12-05,2026-01-19,2026-01-29,44548.45,44548.45,0,Paid,45,55,2026-06-30
INV0001696,C0040,P0115,Professional Services,2026-01-05,2026-02-19,2026-02-14,39989.64,39989.64,0,Paid,45,40,2026-06-30
INV0001697,C0040,P0115,Professional Services,2026-02-05,2026-03-22,2026-03-13,47380.8,47380.8,0,Paid,45,36,2026-06-30
INV0001698,C0040,P0115,Professional Services,2026-03-05,2026-04-19,2026-04-17,48286.35,48286.35,0,Paid,45,43,2026-06-30
INV0001699,C0040,P0115,Professional Services,2026-04-05,2026-05-20,2026-05-24,52865.5,52865.5,0,Paid,45,49,2026-06-30
INV0001700,C0040,P0115,Professional Services,2026-05-05,2026-06-19,,48685.56,0,48685.56,Past Due,45,,2026-06-30
INV0001701,C0040,P0115,Professional Services,2026-06-05,2026-07-20,,48986.18,0,48986.18,Open,45,,2026-06-30
INV0001702,C0264,P0116,Professional Services,2026-06-05,2026-07-05,2026-06-22,27249.64,27249.64,0,Paid,30,17,2026-06-30
INV0001703,C0282,P0118,Professional Services,2024-02-05,2024-04-05,2024-04-04,64847.13,64847.13,0,Paid,60,59,2026-06-30
INV0001704,C0212,P0120,Professional Services,2024-04-05,2024-05-05,2024-05-17,17333.6,17333.6,0,Paid,30,42,2026-06-30
INV0001705,C0212,P0120,Professional Services,2024-05-05,2024-06-04,2024-06-22,15758.87,15758.87,0,Paid,30,48,2026-06-30
INV0001706,C0212,P0120,Professional Services,2024-06-05,2024-07-05,2024-07-30,15896.35,15896.35,0,Paid,30,55,2026-06-30
INV0001707,C0212,P0120,Professional Services,2024-07-05,2024-08-04,2024-08-28,14618.47,14618.47,0,Paid,30,54,2026-06-30
INV0001708,C0212,P0120,Professional Services,2024-08-05,2024-09-04,2024-09-15,15696.52,15696.52,0,Paid,30,41,2026-06-30
INV0001709,C0133,P0121,Professional Services,2024-07-05,2024-08-04,2024-07-20,57344.18,57344.18,0,Paid,30,15,2026-06-30
INV0001710,C0133,P0121,Professional Services,2024-08-05,2024-09-04,2024-09-03,57764.89,57764.89,0,Paid,30,29,2026-06-30
INV0001711,C0133,P0121,Professional Services,2024-09-05,2024-10-05,2024-10-11,57043.68,57043.68,0,Paid,30,36,2026-06-30
INV0001712,C0133,P0121,Professional Services,2024-10-05,2024-11-04,2024-10-25,56263.66,56263.66,0,Paid,30,20,2026-06-30
INV0001713,C0133,P0121,Professional Services,2024-11-05,2024-12-05,2025-01-14,60211.23,60211.23,0,Paid,30,70,2026-06-30
INV0001714,C0133,P0121,Professional Services,2024-12-05,2025-01-04,2024-12-22,58288.33,58288.33,0,Paid,30,17,2026-06-30
INV0001715,C0133,P0121,Professional Services,2025-01-05,2025-02-04,2025-02-21,58321.98,58321.98,0,Paid,30,47,2026-06-30
INV0001716,C0191,P0122,Professional Services,2025-04-05,2025-05-05,2025-05-12,18591.55,18591.55,0,Paid,30,37,2026-06-30
INV0001717,C0191,P0122,Professional Services,2025-05-05,2025-06-04,2025-06-05,37183.1,37183.1,0,Paid,30,31,2026-06-30
INV0001718,C0191,P0122,Professional Services,2025-06-05,2025-07-05,2025-06-24,37183.1,37183.1,0,Paid,30,19,2026-06-30
INV0001719,C0191,P0122,Professional Services,2025-07-05,2025-08-04,2025-07-28,18591.55,18591.55,0,Paid,30,23,2026-06-30
INV0001720,C0106,P0123,Professional Services,2025-10-05,2025-11-19,2025-10-31,218696.74,218696.74,0,Paid,45,26,2026-06-30
INV0001721,C0106,P0123,Professional Services,2025-11-05,2025-12-20,2025-12-13,437393.49,437393.49,0,Paid,45,38,2026-06-30
INV0001722,C0106,P0123,Professional Services,2025-12-05,2026-01-19,2026-01-21,437393.49,437393.49,0,Paid,45,47,2026-06-30
INV0001723,C0106,P0123,Professional Services,2026-01-05,2026-02-19,2026-02-10,218696.74,218696.74,0,Paid,45,36,2026-06-30
INV0001724,C0072,P0124,Professional Services,2024-04-05,2024-06-04,2024-05-27,205750.17,205750.17,0,Paid,60,52,2026-06-30
INV0001725,C0072,P0124,Professional Services,2024-05-05,2024-07-04,2024-06-29,205750.17,205750.17,0,Paid,60,55,2026-06-30
INV0001726,C0190,P0125,Professional Services,2025-09-05,2025-10-20,2025-10-20,235550.1,235550.1,0,Paid,45,45,2026-06-30
INV0001727,C0190,P0125,Professional Services,2025-10-05,2025-11-19,2025-11-17,234912.07,234912.07,0,Paid,45,43,2026-06-30
INV0001728,C0190,P0125,Professional Services,2025-11-05,2025-12-20,2025-12-26,241158.9,241158.9,0,Paid,45,51,2026-06-30
INV0001729,C0190,P0125,Professional Services,2025-12-05,2026-01-19,2026-01-13,241014.38,241014.38,0,Paid,45,39,2026-06-30
INV0001730,C0238,P0126,Professional Services,2025-05-05,2025-07-04,2025-07-10,65367.24,65367.24,0,Paid,60,66,2026-06-30
INV0001731,C0238,P0126,Professional Services,2025-06-05,2025-08-04,2025-08-07,65505.8,65505.8,0,Paid,60,63,2026-06-30
INV0001732,C0238,P0126,Professional Services,2025-07-05,2025-09-03,2025-09-16,66617.94,66617.94,0,Paid,60,73,2026-06-30
INV0001733,C0238,P0126,Professional Services,2025-08-05,2025-10-04,2025-10-22,67401.09,67401.09,0,Paid,60,78,2026-06-30
INV0001734,C0238,P0126,Professional Services,2025-09-05,2025-11-04,2025-10-19,64692.05,64692.05,0,Paid,60,44,2026-06-30
INV0001735,C0238,P0126,Professional Services,2025-10-05,2025-12-04,2025-11-22,70747.85,70747.85,0,Paid,60,48,2026-06-30
INV0001736,C0238,P0126,Professional Services,2025-11-05,2026-01-04,2025-12-23,70249.81,70249.81,0,Paid,60,48,2026-06-30
INV0001737,C0238,P0126,Professional Services,2025-12-05,2026-02-03,2026-02-05,64898.81,64898.81,0,Paid,60,62,2026-06-30
INV0001738,C0278,P0127,Professional Services,2025-04-05,2025-05-20,2025-05-19,189328.45,189328.45,0,Paid,45,44,2026-06-30
INV0001739,C0278,P0127,Professional Services,2025-05-05,2025-06-19,2025-06-13,189328.45,189328.45,0,Paid,45,39,2026-06-30
INV0001740,C0042,P0128,Professional Services,2024-02-05,2024-03-06,2024-04-04,18002.43,18002.43,0,Paid,30,59,2026-06-30
INV0001741,C0042,P0128,Professional Services,2024-03-05,2024-04-04,2024-04-13,19990.82,19990.82,0,Paid,30,39,2026-06-30
INV0001742,C0042,P0128,Professional Services,2024-04-05,2024-05-05,2024-05-27,19564.45,19564.45,0,Paid,30,52,2026-06-30
INV0001743,C0205,P0129,Professional Services,2025-08-05,2025-09-19,2025-09-07,22030.04,22030.04,0,Paid,45,33,2026-06-30
INV0001744,C0205,P0129,Professional Services,2025-09-05,2025-10-20,2025-11-01,39654.08,39654.08,0,Paid,45,57,2026-06-30
INV0001745,C0205,P0129,Professional Services,2025-10-05,2025-11-19,2025-11-25,57278.12,57278.12,0,Paid,45,51,2026-06-30
INV0001746,C0205,P0129,Professional Services,2025-11-05,2025-12-20,2025-12-26,57278.12,57278.12,0,Paid,45,51,2026-06-30
INV0001747,C0205,P0129,Professional Services,2025-12-05,2026-01-19,2026-01-24,39654.08,39654.08,0,Paid,45,50,2026-06-30
INV0001748,C0205,P0129,Professional Services,2026-01-05,2026-02-19,2026-02-18,22030.04,22030.04,0,Paid,45,44,2026-06-30
INV0001749,C0294,P0131,Professional Services,2025-10-05,2025-11-19,2025-11-15,189451.13,189451.13,0,Paid,45,41,2026-06-30
INV0001750,C0294,P0131,Professional Services,2025-11-05,2025-12-20,2025-12-07,197388.49,197388.49,0,Paid,45,32,2026-06-30
INV0001751,C0294,P0131,Professional Services,2025-12-05,2026-01-19,2026-01-17,216445.49,216445.49,0,Paid,45,43,2026-06-30
INV0001752,C0190,P0133,Professional Services,2024-07-05,2024-08-19,2024-08-20,134712.4,134712.4,0,Paid,45,46,2026-06-30
INV0001753,C0035,P0134,Professional Services,2025-07-05,2025-09-03,2025-09-01,26848.99,26848.99,0,Paid,60,58,2026-06-30
INV0001754,C0035,P0134,Professional Services,2025-08-05,2025-10-04,2025-10-08,25169.65,25169.65,0,Paid,60,64,2026-06-30
INV0001755,C0035,P0134,Professional Services,2025-09-05,2025-11-04,2025-11-12,24413.28,24413.28,0,Paid,60,68,2026-06-30
INV0001756,C0035,P0134,Professional Services,2025-10-05,2025-12-04,2025-11-27,23306.13,23306.13,0,Paid,60,53,2026-06-30
INV0001757,C0035,P0134,Professional Services,2025-11-05,2026-01-04,2026-01-14,26725.42,26725.42,0,Paid,60,70,2026-06-30
INV0001758,C0035,P0134,Professional Services,2025-12-05,2026-02-03,2026-01-21,28558.27,28558.27,0,Paid,60,47,2026-06-30
INV0001759,C0035,P0134,Professional Services,2026-01-05,2026-03-06,2026-02-26,28484.28,28484.28,0,Paid,60,52,2026-06-30
INV0001760,C0035,P0134,Professional Services,2026-02-05,2026-04-06,2026-03-08,29578.83,29578.83,0,Paid,60,31,2026-06-30
INV0001761,C0035,P0134,Professional Services,2026-03-05,2026-05-04,2026-05-18,30845.6,30845.6,0,Paid,60,74,2026-06-30
INV0001762,C0035,P0134,Professional Services,2026-04-05,2026-06-04,2026-06-04,28675.01,28675.01,0,Paid,60,60,2026-06-30
INV0001763,C0035,P0134,Professional Services,2026-05-05,2026-07-04,,31687.92,0,31687.92,Open,60,,2026-06-30
INV0001764,C0035,P0134,Professional Services,2026-06-05,2026-08-04,,30488.95,0,30488.95,Open,60,,2026-06-30
INV0001765,C0166,P0135,Professional Services,2024-06-05,2024-07-05,2024-07-08,20679.22,20679.22,0,Paid,30,33,2026-06-30
INV0001766,C0166,P0135,Professional Services,2024-07-05,2024-08-04,2024-08-30,20569.15,20569.15,0,Paid,30,56,2026-06-30
INV0001767,C0166,P0135,Professional Services,2024-08-05,2024-09-04,2024-09-01,20280.54,20280.54,0,Paid,30,27,2026-06-30
INV0001768,C0166,P0135,Professional Services,2024-09-05,2024-10-05,2024-11-17,20604.33,20604.33,0,Paid,30,73,2026-06-30
INV0001769,C0166,P0135,Professional Services,2024-10-05,2024-11-04,2024-11-26,21189.69,21189.69,0,Paid,30,52,2026-06-30
INV0001770,C0166,P0135,Professional Services,2024-11-05,2024-12-05,2024-12-25,17492.12,17492.12,0,Paid,30,50,2026-06-30
INV0001771,C0118,P0136,Professional Services,2024-02-05,2024-04-05,2024-04-10,93393.45,93393.45,0,Paid,60,65,2026-06-30
INV0001772,C0118,P0136,Professional Services,2024-03-05,2024-05-04,2024-05-07,109290.2,109290.2,0,Paid,60,63,2026-06-30
INV0001773,C0118,P0136,Professional Services,2024-04-05,2024-06-04,2024-06-05,93393.45,93393.45,0,Paid,60,61,2026-06-30
INV0001774,C0118,P0136,Professional Services,2024-05-05,2024-07-04,2024-06-29,77496.69,77496.69,0,Paid,60,55,2026-06-30
INV0001775,C0118,P0136,Professional Services,2024-06-05,2024-08-04,2024-08-07,61599.93,61599.93,0,Paid,60,63,2026-06-30
INV0001776,C0118,P0136,Professional Services,2024-07-05,2024-09-03,2024-08-29,45703.18,45703.18,0,Paid,60,55,2026-06-30
INV0001777,C0118,P0136,Professional Services,2024-08-05,2024-10-04,2024-10-07,29806.42,29806.42,0,Paid,60,63,2026-06-30
INV0001778,C0020,P0137,Professional Services,2025-11-05,2025-12-20,2025-12-19,27267.96,27267.96,0,Paid,45,44,2026-06-30
INV0001779,C0020,P0137,Professional Services,2025-12-05,2026-01-19,2026-01-18,27394.51,27394.51,0,Paid,45,44,2026-06-30
INV0001780,C0020,P0137,Professional Services,2026-01-05,2026-02-19,2026-02-16,24804.95,24804.95,0,Paid,45,42,2026-06-30
INV0001781,C0020,P0137,Professional Services,2026-02-05,2026-03-22,2026-03-14,25144.98,25144.98,0,Paid,45,37,2026-06-30
INV0001782,C0020,P0137,Professional Services,2026-03-05,2026-04-19,2026-04-09,26064.29,26064.29,0,Paid,45,35,2026-06-30
INV0001783,C0127,P0138,Professional Services,2026-03-05,2026-04-04,2026-04-19,48475.21,48475.21,0,Paid,30,45,2026-06-30
INV0001784,C0127,P0138,Professional Services,2026-04-05,2026-05-05,2026-05-31,47746.55,47746.55,0,Paid,30,56,2026-06-30
INV0001785,C0127,P0138,Professional Services,2026-05-05,2026-06-04,2026-06-17,48838.87,48838.87,0,Paid,30,43,2026-06-30
INV0001786,C0127,P0138,Professional Services,2026-06-05,2026-07-05,,52260.49,0,52260.49,Open,30,,2026-06-30
INV0001787,C0122,P0139,Professional Services,2024-10-05,2024-11-19,2024-11-17,20467.52,20467.52,0,Paid,45,43,2026-06-30
INV0001788,C0122,P0139,Professional Services,2024-11-05,2024-12-20,2025-01-01,21633.87,21633.87,0,Paid,45,57,2026-06-30
INV0001789,C0122,P0139,Professional Services,2024-12-05,2025-01-19,2025-01-22,20525.01,20525.01,0,Paid,45,48,2026-06-30
INV0001790,C0122,P0139,Professional Services,2025-01-05,2025-02-19,2025-02-21,20527.19,20527.19,0,Paid,45,47,2026-06-30
INV0001791,C0122,P0139,Professional Services,2025-02-05,2025-03-22,2025-03-12,22462.43,22462.43,0,Paid,45,35,2026-06-30
INV0001792,C0122,P0139,Professional Services,2025-03-05,2025-04-19,2025-04-16,19877.2,19877.2,0,Paid,45,42,2026-06-30
INV0001793,C0122,P0139,Professional Services,2025-04-05,2025-05-20,2025-05-19,21590.9,21590.9,0,Paid,45,44,2026-06-30
INV0001794,C0122,P0139,Professional Services,2025-05-05,2025-06-19,2025-06-05,20083,20083,0,Paid,45,31,2026-06-30
INV0001795,C0122,P0139,Professional Services,2025-06-05,2025-07-20,2025-07-26,22811.15,22811.15,0,Paid,45,51,2026-06-30
INV0001796,C0122,P0139,Professional Services,2025-07-05,2025-08-19,2025-08-18,20310.14,20310.14,0,Paid,45,44,2026-06-30
INV0001797,C0122,P0139,Professional Services,2025-08-05,2025-09-19,2025-09-07,21994.07,21994.07,0,Paid,45,33,2026-06-30
INV0001798,C0122,P0139,Professional Services,2025-09-05,2025-10-20,2025-10-12,19189.15,19189.15,0,Paid,45,37,2026-06-30
INV0001799,C0122,P0139,Professional Services,2025-10-05,2025-11-19,2025-11-07,21682.02,21682.02,0,Paid,45,33,2026-06-30
INV0001800,C0011,P0140,Professional Services,2026-04-05,2026-05-05,2026-05-07,13520.76,13520.76,0,Paid,30,32,2026-06-30
INV0001801,C0011,P0140,Professional Services,2026-05-05,2026-06-04,2026-06-10,14145.1,14145.1,0,Paid,30,36,2026-06-30
INV0001802,C0011,P0140,Professional Services,2026-06-05,2026-07-05,2026-06-05,13811.96,13811.96,0,Paid,30,0,2026-06-30
INV0001803,C0044,P0141,Professional Services,2025-06-05,2025-07-05,2025-07-27,44220.53,44220.53,0,Paid,30,52,2026-06-30
INV0001804,C0044,P0141,Professional Services,2025-07-05,2025-08-04,2025-08-02,42207.56,42207.56,0,Paid,30,28,2026-06-30
INV0001805,C0044,P0141,Professional Services,2025-08-05,2025-09-04,2025-09-18,46805.38,46805.38,0,Paid,30,44,2026-06-30
INV0001806,C0044,P0141,Professional Services,2025-09-05,2025-10-05,2025-10-10,43798.96,43798.96,0,Paid,30,35,2026-06-30
INV0001807,C0117,P0142,Professional Services,2024-10-05,2024-11-04,2024-11-10,63654.25,63654.25,0,Paid,30,36,2026-06-30
INV0001808,C0117,P0142,Professional Services,2024-11-05,2024-12-05,2024-12-26,58294.07,58294.07,0,Paid,30,51,2026-06-30
INV0001809,C0117,P0142,Professional Services,2024-12-05,2025-01-04,2024-12-25,69920.44,69920.44,0,Paid,30,20,2026-06-30
INV0001810,C0117,P0142,Professional Services,2025-01-05,2025-02-04,2025-03-15,61385.52,61385.52,0,Paid,30,69,2026-06-30
INV0001811,C0117,P0142,Professional Services,2025-02-05,2025-03-07,2025-02-04,66660.74,66660.74,0,Paid,30,-1,2026-06-30
INV0001812,C0117,P0142,Professional Services,2025-03-05,2025-04-04,2025-04-02,60851.19,60851.19,0,Paid,30,28,2026-06-30
INV0001813,C0297,P0143,Professional Services,2025-04-05,2025-05-20,2025-05-20,15586.08,15586.08,0,Paid,45,45,2026-06-30
INV0001814,C0297,P0143,Professional Services,2025-05-05,2025-06-19,2025-06-26,16544.11,16544.11,0,Paid,45,52,2026-06-30
INV0001815,C0297,P0143,Professional Services,2025-06-05,2025-07-20,2025-07-26,17471.91,17471.91,0,Paid,45,51,2026-06-30
INV0001816,C0297,P0143,Professional Services,2025-07-05,2025-08-19,2025-08-11,15695.15,15695.15,0,Paid,45,37,2026-06-30
INV0001817,C0297,P0143,Professional Services,2025-08-05,2025-09-19,2025-09-15,15999.29,15999.29,0,Paid,45,41,2026-06-30
INV0001818,C0297,P0143,Professional Services,2025-09-05,2025-10-20,2025-10-13,13449.26,13449.26,0,Paid,45,38,2026-06-30
INV0001819,C0297,P0143,Professional Services,2025-10-05,2025-11-19,2025-11-17,16078.51,16078.51,0,Paid,45,43,2026-06-30
INV0001820,C0084,P0144,Professional Services,2025-07-05,2025-08-04,2025-08-25,19465.42,19465.42,0,Paid,30,51,2026-06-30
INV0001821,C0084,P0144,Professional Services,2025-08-05,2025-09-04,2025-11-09,19249.46,19249.46,0,Paid,30,96,2026-06-30
INV0001822,C0084,P0144,Professional Services,2025-09-05,2025-10-05,2025-10-21,18830.66,18830.66,0,Paid,30,46,2026-06-30
INV0001823,C0084,P0144,Professional Services,2025-10-05,2025-11-04,2026-01-07,22404.09,22404.09,0,Paid,30,94,2026-06-30
INV0001824,C0084,P0144,Professional Services,2025-11-05,2025-12-05,2025-11-10,21297.06,21297.06,0,Paid,30,5,2026-06-30
INV0001825,C0084,P0144,Professional Services,2025-12-05,2026-01-04,2025-11-18,21633.51,21633.51,0,Paid,30,-17,2026-06-30
INV0001826,C0084,P0144,Professional Services,2026-01-05,2026-02-04,2026-02-27,19347.98,19347.98,0,Paid,30,53,2026-06-30
INV0001827,C0084,P0144,Professional Services,2026-02-05,2026-03-07,,22721.66,0,22721.66,Past Due,30,,2026-06-30
INV0001828,C0084,P0144,Professional Services,2026-03-05,2026-04-04,2026-05-28,24424.8,24424.8,0,Paid,30,84,2026-06-30
INV0001829,C0193,P0146,Professional Services,2024-07-05,2024-08-04,2024-07-29,104696.24,104696.24,0,Paid,30,24,2026-06-30
INV0001830,C0193,P0146,Professional Services,2024-08-05,2024-09-04,2024-09-06,101110.69,101110.69,0,Paid,30,32,2026-06-30
INV0001831,C0193,P0146,Professional Services,2024-09-05,2024-10-05,2024-09-29,106342.98,106342.98,0,Paid,30,24,2026-06-30
INV0001832,C0193,P0146,Professional Services,2024-10-05,2024-11-04,2024-10-31,94915.24,94915.24,0,Paid,30,26,2026-06-30
INV0001833,C0049,P0147,Professional Services,2024-02-05,2024-03-21,2024-04-07,30659.33,30659.33,0,Paid,45,62,2026-06-30
INV0001834,C0049,P0147,Professional Services,2024-03-05,2024-04-19,2024-05-26,31833.56,31833.56,0,Paid,45,82,2026-06-30
INV0001835,C0049,P0147,Professional Services,2024-04-05,2024-05-20,2024-07-01,34349.35,34349.35,0,Paid,45,87,2026-06-30
INV0001836,C0049,P0147,Professional Services,2024-05-05,2024-06-19,2024-07-21,33149.05,33149.05,0,Paid,45,77,2026-06-30
INV0001837,C0223,P0148,Professional Services,2024-12-05,2025-01-19,2025-01-14,283650.61,283650.61,0,Paid,45,40,2026-06-30
INV0001838,C0223,P0148,Professional Services,2025-01-05,2025-02-19,2025-02-18,291890.11,291890.11,0,Paid,45,44,2026-06-30
INV0001839,C0223,P0148,Professional Services,2025-02-05,2025-03-22,2025-03-08,304644.53,304644.53,0,Paid,45,31,2026-06-30
INV0001840,C0223,P0148,Professional Services,2025-03-05,2025-04-19,2025-04-01,306894.99,306894.99,0,Paid,45,27,2026-06-30
INV0001841,C0179,P0149,Professional Services,2026-06-05,2026-07-20,,131582.76,0,131582.76,Open,45,,2026-06-30
INV0001842,C0037,P0151,Professional Services,2024-02-05,2024-03-21,2024-03-14,60747.06,60747.06,0,Paid,45,38,2026-06-30
INV0001843,C0214,P0152,Professional Services,2026-06-05,2026-07-20,,19623.98,0,19623.98,Open,45,,2026-06-30
INV0001844,C0112,P0153,Professional Services,2025-07-05,2025-08-19,2025-08-19,43744.91,43744.91,0,Paid,45,45,2026-06-30
INV0001845,C0112,P0153,Professional Services,2025-08-05,2025-09-19,2025-09-20,46574.7,46574.7,0,Paid,45,46,2026-06-30
INV0001846,C0112,P0153,Professional Services,2025-09-05,2025-10-20,2025-11-04,47430.05,47430.05,0,Paid,45,60,2026-06-30
INV0001847,C0112,P0153,Professional Services,2025-10-05,2025-11-19,2025-11-13,45594.73,45594.73,0,Paid,45,39,2026-06-30
INV0001848,C0112,P0153,Professional Services,2025-11-05,2025-12-20,2025-12-21,47755.39,47755.39,0,Paid,45,46,2026-06-30
INV0001849,C0112,P0153,Professional Services,2025-12-05,2026-01-19,2026-01-14,49277.79,49277.79,0,Paid,45,40,2026-06-30
INV0001850,C0275,P0154,Professional Services,2024-04-05,2024-05-20,2024-06-15,36498.48,36498.48,0,Paid,45,71,2026-06-30
INV0001851,C0275,P0154,Professional Services,2024-05-05,2024-06-19,2024-07-01,34776.5,34776.5,0,Paid,45,57,2026-06-30
INV0001852,C0275,P0154,Professional Services,2024-06-05,2024-07-20,2024-08-11,33394.2,33394.2,0,Paid,45,67,2026-06-30
INV0001853,C0275,P0154,Professional Services,2024-07-05,2024-08-19,2024-08-18,33310.68,33310.68,0,Paid,45,44,2026-06-30
INV0001854,C0275,P0154,Professional Services,2024-08-05,2024-09-19,2024-09-19,35382.49,35382.49,0,Paid,45,45,2026-06-30
INV0001855,C0275,P0154,Professional Services,2024-09-05,2024-10-20,2024-10-28,31835.86,31835.86,0,Paid,45,53,2026-06-30
INV0001856,C0275,P0154,Professional Services,2024-10-05,2024-11-19,2024-11-16,35591.28,35591.28,0,Paid,45,42,2026-06-30
INV0001857,C0275,P0154,Professional Services,2024-11-05,2024-12-20,2024-12-29,35583.32,35583.32,0,Paid,45,54,2026-06-30
INV0001858,C0275,P0154,Professional Services,2024-12-05,2025-01-19,2025-01-17,34328.52,34328.52,0,Paid,45,43,2026-06-30
INV0001859,C0275,P0154,Professional Services,2025-01-05,2025-02-19,2025-03-11,37005.8,37005.8,0,Paid,45,65,2026-06-30
INV0001860,C0060,P0155,Professional Services,2024-06-05,2024-07-05,2024-07-09,31359.37,31359.37,0,Paid,30,34,2026-06-30
INV0001861,C0060,P0155,Professional Services,2024-07-05,2024-08-04,2024-08-01,35137.82,35137.82,0,Paid,30,27,2026-06-30
INV0001862,C0060,P0155,Professional Services,2024-08-05,2024-09-04,2024-08-27,31747.36,31747.36,0,Paid,30,22,2026-06-30
INV0001863,C0060,P0155,Professional Services,2024-09-05,2024-10-05,2024-10-04,28528.33,28528.33,0,Paid,30,29,2026-06-30
INV0001864,C0060,P0155,Professional Services,2024-10-05,2024-11-04,2024-10-30,27285.55,27285.55,0,Paid,30,25,2026-06-30
INV0001865,C0060,P0155,Professional Services,2024-11-05,2024-12-05,2024-11-30,34994.97,34994.97,0,Paid,30,25,2026-06-30
INV0001866,C0060,P0155,Professional Services,2024-12-05,2025-01-04,2025-01-01,29668.48,29668.48,0,Paid,30,27,2026-06-30
INV0001867,C0060,P0155,Professional Services,2025-01-05,2025-02-04,2025-01-17,32647.48,32647.48,0,Paid,30,12,2026-06-30
INV0001868,C0060,P0155,Professional Services,2025-02-05,2025-03-07,2025-02-28,34024.89,34024.89,0,Paid,30,23,2026-06-30
INV0001869,C0060,P0155,Professional Services,2025-03-05,2025-04-04,2025-03-28,32403.9,32403.9,0,Paid,30,23,2026-06-30
INV0001870,C0060,P0155,Professional Services,2025-04-05,2025-05-05,2025-05-02,31173.52,31173.52,0,Paid,30,27,2026-06-30
INV0001871,C0205,P0156,Professional Services,2024-12-05,2025-01-19,2025-01-30,68686.81,68686.81,0,Paid,45,56,2026-06-30
INV0001872,C0205,P0156,Professional Services,2025-01-05,2025-02-19,2025-02-25,65636.64,65636.64,0,Paid,45,51,2026-06-30
INV0001873,C0205,P0156,Professional Services,2025-02-05,2025-03-22,2025-03-20,69993.73,69993.73,0,Paid,45,43,2026-06-30
INV0001874,C0205,P0156,Professional Services,2025-03-05,2025-04-19,2025-04-11,72124.18,72124.18,0,Paid,45,37,2026-06-30
INV0001875,C0205,P0156,Professional Services,2025-04-05,2025-05-20,2025-06-02,72599.92,72599.92,0,Paid,45,58,2026-06-30
INV0001876,C0205,P0156,Professional Services,2025-05-05,2025-06-19,2025-05-31,64620.63,64620.63,0,Paid,45,26,2026-06-30
INV0001877,C0205,P0156,Professional Services,2025-06-05,2025-07-20,2025-07-25,73431.79,73431.79,0,Paid,45,50,2026-06-30
INV0001878,C0205,P0156,Professional Services,2025-07-05,2025-08-19,2025-08-04,76818.86,76818.86,0,Paid,45,30,2026-06-30
INV0001879,C0083,P0157,Professional Services,2026-05-05,2026-05-20,2026-05-28,26090.92,26090.92,0,Paid,15,23,2026-06-30
INV0001880,C0083,P0157,Professional Services,2026-06-05,2026-06-20,2026-06-12,29803.01,29803.01,0,Paid,15,7,2026-06-30
INV0001881,C0071,P0158,Professional Services,2026-05-05,2026-06-19,2026-06-17,22337.02,22337.02,0,Paid,45,43,2026-06-30
INV0001882,C0071,P0158,Professional Services,2026-06-05,2026-07-20,2026-06-29,21421.94,21421.94,0,Paid,45,24,2026-06-30
INV0001883,C0295,P0159,Professional Services,2024-02-05,2024-03-21,2024-03-21,99995.56,99995.56,0,Paid,45,45,2026-06-30
INV0001884,C0295,P0159,Professional Services,2024-03-05,2024-04-19,2024-04-07,108541.27,108541.27,0,Paid,45,33,2026-06-30
INV0001885,C0295,P0159,Professional Services,2024-04-05,2024-05-20,2024-05-09,93178.37,93178.37,0,Paid,45,34,2026-06-30
INV0001886,C0295,P0159,Professional Services,2024-05-05,2024-06-19,2024-06-06,105670.07,105670.07,0,Paid,45,32,2026-06-30
INV0001887,C0295,P0159,Professional Services,2024-06-05,2024-07-20,2024-07-16,101384.86,101384.86,0,Paid,45,41,2026-06-30
INV0001888,C0295,P0159,Professional Services,2024-07-05,2024-08-19,2024-08-30,101533.32,101533.32,0,Paid,45,56,2026-06-30
INV0001889,C0295,P0159,Professional Services,2024-08-05,2024-09-19,2024-09-30,108748.34,108748.34,0,Paid,45,56,2026-06-30
INV0001890,C0182,P0160,Professional Services,2026-02-05,2026-03-22,2026-03-18,111593.76,111593.76,0,Paid,45,41,2026-06-30
INV0001891,C0182,P0160,Professional Services,2026-03-05,2026-04-19,2026-04-24,105861.47,105861.47,0,Paid,45,50,2026-06-30
INV0001892,C0182,P0160,Professional Services,2026-04-05,2026-05-20,2026-05-21,95265.5,95265.5,0,Paid,45,46,2026-06-30
INV0001893,C0275,P0161,Professional Services,2025-02-05,2025-03-22,2025-03-27,15168.11,15168.11,0,Paid,45,50,2026-06-30
INV0001894,C0275,P0161,Professional Services,2025-03-05,2025-04-19,2025-04-24,26199.46,26199.46,0,Paid,45,50,2026-06-30
INV0001895,C0275,P0161,Professional Services,2025-04-05,2025-05-20,2025-06-04,37230.82,37230.82,0,Paid,45,60,2026-06-30
INV0001896,C0275,P0161,Professional Services,2025-05-05,2025-06-19,2025-06-09,48262.17,48262.17,0,Paid,45,35,2026-06-30
INV0001897,C0275,P0161,Professional Services,2025-06-05,2025-07-20,2025-07-09,37230.82,37230.82,0,Paid,45,34,2026-06-30
INV0001898,C0275,P0161,Professional Services,2025-07-05,2025-08-19,2025-08-25,26199.46,26199.46,0,Paid,45,51,2026-06-30
INV0001899,C0275,P0161,Professional Services,2025-08-05,2025-09-19,2025-10-14,15168.11,15168.11,0,Paid,45,70,2026-06-30
INV0001900,C0028,P0163,Professional Services,2025-04-05,2025-05-20,2025-05-08,212959.01,212959.01,0,Paid,45,33,2026-06-30
INV0001901,C0028,P0163,Professional Services,2025-05-05,2025-06-19,2025-06-18,212959.01,212959.01,0,Paid,45,44,2026-06-30
INV0001902,C0174,P0164,Professional Services,2024-02-05,2024-03-21,2024-05-20,22622.62,22622.62,0,Paid,45,105,2026-06-30
INV0001903,C0174,P0164,Professional Services,2024-03-05,2024-04-19,2024-04-28,34688.01,34688.01,0,Paid,45,54,2026-06-30
INV0001904,C0174,P0164,Professional Services,2024-04-05,2024-05-20,2024-05-29,46753.41,46753.41,0,Paid,45,54,2026-06-30
INV0001905,C0174,P0164,Professional Services,2024-05-05,2024-06-19,2024-07-26,58818.81,58818.81,0,Paid,45,82,2026-06-30
INV0001906,C0174,P0164,Professional Services,2024-06-05,2024-07-20,2024-08-11,70884.2,70884.2,0,Paid,45,67,2026-06-30
INV0001907,C0174,P0164,Professional Services,2024-07-05,2024-08-19,2024-08-08,82949.6,82949.6,0,Paid,45,34,2026-06-30
INV0001908,C0174,P0164,Professional Services,2024-08-05,2024-09-19,2024-09-13,70884.2,70884.2,0,Paid,45,39,2026-06-30
INV0001909,C0174,P0164,Professional Services,2024-09-05,2024-10-20,2024-12-03,58818.81,58818.81,0,Paid,45,89,2026-06-30
INV0001910,C0174,P0164,Professional Services,2024-10-05,2024-11-19,2024-12-30,46753.41,46753.41,0,Paid,45,86,2026-06-30
INV0001911,C0174,P0164,Professional Services,2024-11-05,2024-12-20,2025-03-05,34688.01,34688.01,0,Paid,45,120,2026-06-30
INV0001912,C0174,P0164,Professional Services,2024-12-05,2025-01-19,2025-02-11,22622.62,22622.62,0,Paid,45,68,2026-06-30
INV0001913,C0238,P0165,Professional Services,2024-11-05,2025-01-04,2025-02-03,66455.59,66455.59,0,Paid,60,90,2026-06-30
INV0001914,C0238,P0165,Professional Services,2024-12-05,2025-02-03,2025-02-24,66557.58,66557.58,0,Paid,60,81,2026-06-30
INV0001915,C0238,P0165,Professional Services,2025-01-05,2025-03-06,2025-03-08,65587.81,65587.81,0,Paid,60,62,2026-06-30
INV0001916,C0238,P0165,Professional Services,2025-02-05,2025-04-06,2025-04-07,69587.87,69587.87,0,Paid,60,61,2026-06-30
INV0001917,C0238,P0165,Professional Services,2025-03-05,2025-05-04,2025-05-11,71576.56,71576.56,0,Paid,60,67,2026-06-30
INV0001918,C0011,P0167,Professional Services,2024-02-05,2024-03-06,2024-04-25,27549.47,27549.47,0,Paid,30,80,2026-06-30
INV0001919,C0011,P0167,Professional Services,2024-03-05,2024-04-04,2024-04-18,26496.56,26496.56,0,Paid,30,44,2026-06-30
INV0001920,C0011,P0167,Professional Services,2024-04-05,2024-05-05,2024-07-15,28449.03,28449.03,0,Paid,30,101,2026-06-30
INV0001921,C0203,P0168,Professional Services,2025-06-05,2025-07-05,2025-07-07,68585.88,68585.88,0,Paid,30,32,2026-06-30
INV0001922,C0015,P0170,Professional Services,2024-10-05,2024-11-04,2024-11-08,5337.76,5337.76,0,Paid,30,34,2026-06-30
INV0001923,C0015,P0170,Professional Services,2024-11-05,2024-12-05,2024-12-11,5337.76,5337.76,0,Paid,30,36,2026-06-30
INV0001924,C0028,P0171,Professional Services,2025-04-05,2025-05-20,2025-05-25,56544.52,56544.52,0,Paid,45,50,2026-06-30
INV0001925,C0028,P0171,Professional Services,2025-05-05,2025-06-19,2025-06-20,88855.68,88855.68,0,Paid,45,46,2026-06-30
INV0001926,C0028,P0171,Professional Services,2025-06-05,2025-07-20,2025-07-14,121166.83,121166.83,0,Paid,45,39,2026-06-30
INV0001927,C0028,P0171,Professional Services,2025-07-05,2025-08-19,2025-08-09,153477.99,153477.99,0,Paid,45,35,2026-06-30
INV0001928,C0028,P0171,Professional Services,2025-08-05,2025-09-19,2025-09-22,185789.14,185789.14,0,Paid,45,48,2026-06-30
INV0001929,C0028,P0171,Professional Services,2025-09-05,2025-10-20,2025-10-08,185789.14,185789.14,0,Paid,45,33,2026-06-30
INV0001930,C0028,P0171,Professional Services,2025-10-05,2025-11-19,2025-11-09,153477.99,153477.99,0,Paid,45,35,2026-06-30
INV0001931,C0028,P0171,Professional Services,2025-11-05,2025-12-20,2025-12-28,121166.83,121166.83,0,Paid,45,53,2026-06-30
INV0001932,C0028,P0171,Professional Services,2025-12-05,2026-01-19,2026-01-05,88855.68,88855.68,0,Paid,45,31,2026-06-30
INV0001933,C0028,P0171,Professional Services,2026-01-05,2026-02-19,2026-02-12,56544.52,56544.52,0,Paid,45,38,2026-06-30
INV0001934,C0230,P0172,Professional Services,2024-09-05,2024-10-20,2024-10-25,145081.25,145081.25,0,Paid,45,50,2026-06-30
INV0001935,C0230,P0172,Professional Services,2024-10-05,2024-11-19,2024-11-17,143871.05,143871.05,0,Paid,45,43,2026-06-30
INV0001936,C0230,P0172,Professional Services,2024-11-05,2024-12-20,2024-12-14,145805.13,145805.13,0,Paid,45,39,2026-06-30
INV0001937,C0230,P0172,Professional Services,2024-12-05,2025-01-19,2025-01-21,133516.33,133516.33,0,Paid,45,47,2026-06-30
INV0001938,C0230,P0172,Professional Services,2025-01-05,2025-02-19,2025-02-12,145363.47,145363.47,0,Paid,45,38,2026-06-30
INV0001939,C0117,P0173,Professional Services,2024-04-05,2024-05-05,2024-05-05,53318.29,53318.29,0,Paid,30,30,2026-06-30
INV0001940,C0117,P0173,Professional Services,2024-05-05,2024-06-04,2024-06-01,55310.05,55310.05,0,Paid,30,27,2026-06-30
INV0001941,C0117,P0173,Professional Services,2024-06-05,2024-07-05,2024-06-25,54963.06,54963.06,0,Paid,30,20,2026-06-30
INV0001942,C0117,P0173,Professional Services,2024-07-05,2024-08-04,2024-08-08,52094.94,52094.94,0,Paid,30,34,2026-06-30
INV0001943,C0015,P0174,Professional Services,2024-02-05,2024-03-06,2024-02-19,17937.7,17937.7,0,Paid,30,14,2026-06-30
INV0001944,C0015,P0174,Professional Services,2024-03-05,2024-04-04,2024-04-08,16503.31,16503.31,0,Paid,30,34,2026-06-30
INV0001945,C0015,P0174,Professional Services,2024-04-05,2024-05-05,2024-05-15,16487.31,16487.31,0,Paid,30,40,2026-06-30
INV0001946,C0015,P0174,Professional Services,2024-05-05,2024-06-04,2024-06-10,16463.21,16463.21,0,Paid,30,36,2026-06-30
INV0001947,C0015,P0174,Professional Services,2024-06-05,2024-07-05,2024-06-28,15230.03,15230.03,0,Paid,30,23,2026-06-30
INV0001948,C0015,P0174,Professional Services,2024-07-05,2024-08-04,2024-08-10,15039.18,15039.18,0,Paid,30,36,2026-06-30
INV0001949,C0015,P0174,Professional Services,2024-08-05,2024-09-04,2024-09-02,16850.49,16850.49,0,Paid,30,28,2026-06-30
INV0001950,C0015,P0174,Professional Services,2024-09-05,2024-10-05,2024-10-01,18014.36,18014.36,0,Paid,30,26,2026-06-30
INV0001951,C0128,P0175,Professional Services,2025-03-05,2025-04-04,2025-04-04,18622.79,18622.79,0,Paid,30,30,2026-06-30
INV0001952,C0128,P0175,Professional Services,2025-04-05,2025-05-05,2025-05-07,35176.38,35176.38,0,Paid,30,32,2026-06-30
INV0001953,C0128,P0175,Professional Services,2025-05-05,2025-06-04,2025-05-30,51729.97,51729.97,0,Paid,30,25,2026-06-30
INV0001954,C0128,P0175,Professional Services,2025-06-05,2025-07-05,2025-06-27,35176.38,35176.38,0,Paid,30,22,2026-06-30
INV0001955,C0128,P0175,Professional Services,2025-07-05,2025-08-04,2025-08-03,18622.79,18622.79,0,Paid,30,29,2026-06-30
INV0001956,C0143,P0176,Professional Services,2024-02-05,2024-03-06,2024-03-27,5103.81,5103.81,0,Paid,30,51,2026-06-30
INV0001957,C0143,P0176,Professional Services,2024-03-05,2024-04-04,2024-04-26,5008.93,5008.93,0,Paid,30,52,2026-06-30
INV0001958,C0143,P0176,Professional Services,2024-04-05,2024-05-05,2024-05-22,4932.87,4932.87,0,Paid,30,47,2026-06-30
INV0001959,C0143,P0176,Professional Services,2024-05-05,2024-06-04,2024-06-26,4784.88,4784.88,0,Paid,30,52,2026-06-30
INV0001960,C0143,P0176,Professional Services,2024-06-05,2024-07-05,2024-07-29,4541.64,4541.64,0,Paid,30,54,2026-06-30
INV0001961,C0143,P0176,Professional Services,2024-07-05,2024-08-04,2024-07-15,4999.52,4999.52,0,Paid,30,10,2026-06-30
INV0001962,C0143,P0176,Professional Services,2024-08-05,2024-09-04,2024-08-25,4597.71,4597.71,0,Paid,30,20,2026-06-30
INV0001963,C0143,P0176,Professional Services,2024-09-05,2024-10-05,2024-09-21,4827.31,4827.31,0,Paid,30,16,2026-06-30
INV0001964,C0143,P0176,Professional Services,2024-10-05,2024-11-04,2024-11-15,5095.8,5095.8,0,Paid,30,41,2026-06-30
INV0001965,C0143,P0176,Professional Services,2024-11-05,2024-12-05,2025-01-02,4605.17,4605.17,0,Paid,30,58,2026-06-30
INV0001966,C0143,P0176,Professional Services,2024-12-05,2025-01-04,2024-12-20,4376.95,4376.95,0,Paid,30,15,2026-06-30
INV0001967,C0143,P0176,Professional Services,2025-01-05,2025-02-04,2025-02-06,4959.04,4959.04,0,Paid,30,32,2026-06-30
INV0001968,C0143,P0176,Professional Services,2025-02-05,2025-03-07,2025-03-13,5507.88,5507.88,0,Paid,30,36,2026-06-30
INV0001969,C0143,P0176,Professional Services,2025-03-05,2025-04-04,2025-04-07,5969.13,5969.13,0,Paid,30,33,2026-06-30
INV0001970,C0028,P0178,Professional Services,2026-05-05,2026-06-19,2026-06-28,314769.17,314769.17,0,Paid,45,54,2026-06-30
INV0001971,C0028,P0178,Professional Services,2026-06-05,2026-07-20,,339649.9,0,339649.9,Open,45,,2026-06-30
INV0001972,C0010,P0179,Professional Services,2024-09-05,2024-10-05,2024-10-10,11116.28,11116.28,0,Paid,30,35,2026-06-30
INV0001973,C0010,P0179,Professional Services,2024-10-05,2024-11-04,2024-10-25,17468.44,17468.44,0,Paid,30,20,2026-06-30
INV0001974,C0010,P0179,Professional Services,2024-11-05,2024-12-05,2024-11-28,23820.6,23820.6,0,Paid,30,23,2026-06-30
INV0001975,C0010,P0179,Professional Services,2024-12-05,2025-01-04,2025-01-05,30172.76,30172.76,0,Paid,30,31,2026-06-30
INV0001976,C0010,P0179,Professional Services,2025-01-05,2025-02-04,2025-02-03,36524.92,36524.92,0,Paid,30,29,2026-06-30
INV0001977,C0010,P0179,Professional Services,2025-02-05,2025-03-07,2025-03-10,38229.21,38229.21,0,Paid,30,33,2026-06-30
INV0001978,C0010,P0179,Professional Services,2025-03-05,2025-04-04,2025-04-05,31580.65,31580.65,0,Paid,30,31,2026-06-30
INV0001979,C0010,P0179,Professional Services,2025-04-05,2025-05-05,2025-04-29,24932.09,24932.09,0,Paid,30,24,2026-06-30
INV0001980,C0010,P0179,Professional Services,2025-05-05,2025-06-04,2025-05-29,18283.54,18283.54,0,Paid,30,24,2026-06-30
INV0001981,C0010,P0179,Professional Services,2025-06-05,2025-07-05,2025-07-05,11634.98,11634.98,0,Paid,30,30,2026-06-30
INV0001982,C0211,P0180,Professional Services,2026-06-05,2026-07-05,,106823.32,0,106823.32,Open,30,,2026-06-30
INV0001983,C0176,P0181,Professional Services,2024-10-05,2024-11-19,2024-12-22,28886.45,28886.45,0,Paid,45,78,2026-06-30
INV0001984,C0176,P0181,Professional Services,2024-11-05,2024-12-20,2024-12-16,49894.77,49894.77,0,Paid,45,41,2026-06-30
INV0001985,C0176,P0181,Professional Services,2024-12-05,2025-01-19,2025-01-24,70903.1,70903.1,0,Paid,45,50,2026-06-30
INV0001986,C0176,P0181,Professional Services,2025-01-05,2025-02-19,2025-03-16,91911.43,91911.43,0,Paid,45,70,2026-06-30
INV0001987,C0176,P0181,Professional Services,2025-02-05,2025-03-22,2025-03-25,74211.51,74211.51,0,Paid,45,48,2026-06-30
INV0001988,C0176,P0181,Professional Services,2025-03-05,2025-04-19,2025-04-11,52222.91,52222.91,0,Paid,45,37,2026-06-30
INV0001989,C0176,P0181,Professional Services,2025-04-05,2025-05-20,2025-05-16,30234.32,30234.32,0,Paid,45,41,2026-06-30
INV0001990,C0139,P0182,Professional Services,2024-02-05,2024-03-06,2024-02-26,73459.16,73459.16,0,Paid,30,21,2026-06-30
INV0001991,C0139,P0182,Professional Services,2024-03-05,2024-04-04,2024-04-06,75953.4,75953.4,0,Paid,30,32,2026-06-30
INV0001992,C0139,P0182,Professional Services,2024-04-05,2024-05-05,2024-05-15,75738.69,75738.69,0,Paid,30,40,2026-06-30
INV0001993,C0139,P0182,Professional Services,2024-05-05,2024-06-04,2024-06-27,68664.61,68664.61,0,Paid,30,53,2026-06-30
INV0001994,C0139,P0182,Professional Services,2024-06-05,2024-07-05,2024-08-15,70819.04,70819.04,0,Paid,30,71,2026-06-30
INV0001995,C0139,P0182,Professional Services,2024-07-05,2024-08-04,2024-08-15,73271.95,73271.95,0,Paid,30,41,2026-06-30
INV0001996,C0028,P0183,Professional Services,2025-11-05,2025-12-20,2025-12-15,157005.42,157005.42,0,Paid,45,40,2026-06-30
INV0001997,C0028,P0183,Professional Services,2025-12-05,2026-01-19,2026-01-26,154095.29,154095.29,0,Paid,45,52,2026-06-30
INV0001998,C0028,P0183,Professional Services,2026-01-05,2026-02-19,2026-02-01,143632.54,143632.54,0,Paid,45,27,2026-06-30
INV0001999,C0028,P0183,Professional Services,2026-02-05,2026-03-22,2026-03-26,159086.51,159086.51,0,Paid,45,49,2026-06-30
INV0002000,C0028,P0183,Professional Services,2026-03-05,2026-04-19,2026-04-19,156017.05,156017.05,0,Paid,45,45,2026-06-30
INV0002001,C0028,P0183,Professional Services,2026-04-05,2026-05-20,2026-05-21,155355.1,155355.1,0,Paid,45,46,2026-06-30
INV0002002,C0158,P0184,Professional Services,2024-02-05,2024-03-21,2024-03-26,21064.63,21064.63,0,Paid,45,50,2026-06-30
INV0002003,C0158,P0184,Professional Services,2024-03-05,2024-04-19,2024-04-28,14043.08,14043.08,0,Paid,45,54,2026-06-30
INV0002004,C0213,P0185,Professional Services,2025-12-05,2026-01-04,2026-01-29,49024.5,49024.5,0,Paid,30,55,2026-06-30
INV0002005,C0213,P0185,Professional Services,2026-01-05,2026-02-04,2026-02-02,49471.96,49471.96,0,Paid,30,28,2026-06-30
INV0002006,C0213,P0185,Professional Services,2026-02-05,2026-03-07,2026-05-03,50638.7,50638.7,0,Paid,30,87,2026-06-30
INV0002007,C0213,P0185,Professional Services,2026-03-05,2026-04-04,2026-05-09,57414.43,57414.43,0,Paid,30,65,2026-06-30
INV0002008,C0213,P0185,Professional Services,2026-04-05,2026-05-05,2026-05-07,57372.93,57372.93,0,Paid,30,32,2026-06-30
INV0002009,C0213,P0185,Professional Services,2026-05-05,2026-06-04,,55787.09,0,55787.09,Past Due,30,,2026-06-30
INV0002010,C0213,P0185,Professional Services,2026-06-05,2026-07-05,,52649.68,0,52649.68,Open,30,,2026-06-30
INV0002011,C0299,P0187,Professional Services,2024-06-05,2024-07-05,2024-07-02,18923.79,18923.79,0,Paid,30,27,2026-06-30
INV0002012,C0299,P0187,Professional Services,2024-07-05,2024-08-04,2024-08-08,19733,19733,0,Paid,30,34,2026-06-30
INV0002013,C0299,P0187,Professional Services,2024-08-05,2024-09-04,2024-09-09,19867.95,19867.95,0,Paid,30,35,2026-06-30
INV0002014,C0299,P0187,Professional Services,2024-09-05,2024-10-05,2024-10-15,19124.07,19124.07,0,Paid,30,40,2026-06-30
INV0002015,C0299,P0187,Professional Services,2024-10-05,2024-11-04,2024-10-30,18524.49,18524.49,0,Paid,30,25,2026-06-30
INV0002016,C0299,P0187,Professional Services,2024-11-05,2024-12-05,2024-12-06,20608.62,20608.62,0,Paid,30,31,2026-06-30
INV0002017,C0299,P0187,Professional Services,2024-12-05,2025-01-04,2025-01-08,18327.48,18327.48,0,Paid,30,34,2026-06-30
INV0002018,C0299,P0187,Professional Services,2025-01-05,2025-02-04,2025-02-12,18615.13,18615.13,0,Paid,30,38,2026-06-30
INV0002019,C0299,P0187,Professional Services,2025-02-05,2025-03-07,2025-03-07,18845.85,18845.85,0,Paid,30,30,2026-06-30
INV0002020,C0299,P0187,Professional Services,2025-03-05,2025-04-04,2025-04-02,21552.56,21552.56,0,Paid,30,28,2026-06-30
INV0002021,C0299,P0187,Professional Services,2025-04-05,2025-05-05,2025-04-26,17960.17,17960.17,0,Paid,30,21,2026-06-30
INV0002022,C0006,P0188,Professional Services,2025-04-05,2025-06-04,2025-06-09,91312.75,91312.75,0,Paid,60,65,2026-06-30
INV0002023,C0006,P0188,Professional Services,2025-05-05,2025-07-04,2025-07-02,86835.81,86835.81,0,Paid,60,58,2026-06-30
INV0002024,C0006,P0188,Professional Services,2025-06-05,2025-08-04,2025-08-07,90428.35,90428.35,0,Paid,60,63,2026-06-30
INV0002025,C0207,P0189,Professional Services,2025-09-05,2025-10-05,2025-10-25,84343.58,84343.58,0,Paid,30,50,2026-06-30
INV0002026,C0082,P0190,Professional Services,2024-03-05,2024-04-04,2024-04-13,12782.1,12782.1,0,Paid,30,39,2026-06-30
INV0002027,C0082,P0190,Professional Services,2024-04-05,2024-05-05,2024-04-30,12962.31,12962.31,0,Paid,30,25,2026-06-30
INV0002028,C0082,P0190,Professional Services,2024-05-05,2024-06-04,2024-05-24,14472.41,14472.41,0,Paid,30,19,2026-06-30
INV0002029,C0082,P0190,Professional Services,2024-06-05,2024-07-05,2024-07-08,13280.07,13280.07,0,Paid,30,33,2026-06-30
INV0002030,C0082,P0190,Professional Services,2024-07-05,2024-08-04,2024-08-06,13402.24,13402.24,0,Paid,30,32,2026-06-30
INV0002031,C0082,P0190,Professional Services,2024-08-05,2024-09-04,2024-08-25,12525.01,12525.01,0,Paid,30,20,2026-06-30
INV0002032,C0082,P0190,Professional Services,2024-09-05,2024-10-05,2024-10-08,12793.93,12793.93,0,Paid,30,33,2026-06-30
INV0002033,C0198,P0191,Professional Services,2024-02-05,2024-04-05,2024-03-23,65921.08,65921.08,0,Paid,60,47,2026-06-30
INV0002034,C0198,P0191,Professional Services,2024-03-05,2024-05-04,2024-05-02,67350.72,67350.72,0,Paid,60,58,2026-06-30
INV0002035,C0198,P0191,Professional Services,2024-04-05,2024-06-04,2024-06-18,72201.47,72201.47,0,Paid,60,74,2026-06-30
INV0002036,C0198,P0191,Professional Services,2024-05-05,2024-07-04,2024-07-10,77157.4,77157.4,0,Paid,60,66,2026-06-30
INV0002037,C0198,P0191,Professional Services,2024-06-05,2024-08-04,2024-08-06,67305.06,67305.06,0,Paid,60,62,2026-06-30
INV0002038,C0198,P0191,Professional Services,2024-07-05,2024-09-03,2024-08-20,75101.08,75101.08,0,Paid,60,46,2026-06-30
INV0002039,C0198,P0191,Professional Services,2024-08-05,2024-10-04,2024-10-02,68643.34,68643.34,0,Paid,60,58,2026-06-30
INV0002040,C0198,P0191,Professional Services,2024-09-05,2024-11-04,2024-11-24,78442.86,78442.86,0,Paid,60,80,2026-06-30
INV0002041,C0198,P0191,Professional Services,2024-10-05,2024-12-04,2024-11-23,68863.08,68863.08,0,Paid,60,49,2026-06-30
INV0002042,C0198,P0191,Professional Services,2024-11-05,2025-01-04,2025-01-07,66985.9,66985.9,0,Paid,60,63,2026-06-30
INV0002043,C0198,P0191,Professional Services,2024-12-05,2025-02-03,2025-01-27,72113.16,72113.16,0,Paid,60,53,2026-06-30
INV0002044,C0073,P0192,Professional Services,2024-03-05,2024-05-04,2024-05-03,56755.44,56755.44,0,Paid,60,59,2026-06-30
INV0002045,C0073,P0192,Professional Services,2024-04-05,2024-06-04,2024-06-02,56755.44,56755.44,0,Paid,60,58,2026-06-30
INV0002046,C0158,P0193,Professional Services,2025-08-05,2025-09-19,2025-09-14,13425.68,13425.68,0,Paid,45,40,2026-06-30
INV0002047,C0158,P0193,Professional Services,2025-09-05,2025-10-20,2025-10-22,13432.46,13432.46,0,Paid,45,47,2026-06-30
INV0002048,C0158,P0193,Professional Services,2025-10-05,2025-11-19,2025-12-01,13634.03,13634.03,0,Paid,45,57,2026-06-30
INV0002049,C0158,P0193,Professional Services,2025-11-05,2025-12-20,2025-12-24,14091.67,14091.67,0,Paid,45,49,2026-06-30
INV0002050,C0158,P0193,Professional Services,2025-12-05,2026-01-19,2026-01-03,13627.36,13627.36,0,Paid,45,29,2026-06-30
INV0002051,C0158,P0193,Professional Services,2026-01-05,2026-02-19,2026-02-11,12824.84,12824.84,0,Paid,45,37,2026-06-30
INV0002052,C0158,P0193,Professional Services,2026-02-05,2026-03-22,2026-03-21,13550.69,13550.69,0,Paid,45,44,2026-06-30
INV0002053,C0158,P0193,Professional Services,2026-03-05,2026-04-19,2026-04-28,14029,14029,0,Paid,45,54,2026-06-30
INV0002054,C0158,P0193,Professional Services,2026-04-05,2026-05-20,2026-05-19,14165.24,14165.24,0,Paid,45,44,2026-06-30
INV0002055,C0158,P0193,Professional Services,2026-05-05,2026-06-19,2026-06-26,14981.3,14981.3,0,Paid,45,52,2026-06-30
INV0002056,C0158,P0193,Professional Services,2026-06-05,2026-07-20,,16784.71,0,16784.71,Open,45,,2026-06-30
INV0002057,C0034,P0194,Professional Services,2025-12-05,2026-01-19,2026-01-18,68366.86,68366.86,0,Paid,45,44,2026-06-30
INV0002058,C0034,P0194,Professional Services,2026-01-05,2026-02-19,2026-02-23,68907.86,68907.86,0,Paid,45,49,2026-06-30
INV0002059,C0034,P0194,Professional Services,2026-02-05,2026-03-22,2026-03-13,87422.2,87422.2,0,Paid,45,36,2026-06-30
INV0002060,C0034,P0194,Professional Services,2026-03-05,2026-04-19,2026-04-23,79526.65,79526.65,0,Paid,45,49,2026-06-30
INV0002061,C0034,P0194,Professional Services,2026-04-05,2026-05-20,2026-05-27,92233,92233,0,Paid,45,52,2026-06-30
INV0002062,C0179,P0195,Professional Services,2024-12-05,2025-01-19,2025-01-21,30108.83,30108.83,0,Paid,45,47,2026-06-30
INV0002063,C0179,P0195,Professional Services,2025-01-05,2025-02-19,2025-03-04,29236.89,29236.89,0,Paid,45,58,2026-06-30
INV0002064,C0179,P0195,Professional Services,2025-02-05,2025-03-22,2025-03-31,30967.96,30967.96,0,Paid,45,54,2026-06-30
INV0002065,C0179,P0195,Professional Services,2025-03-05,2025-04-19,2025-04-20,33606.43,33606.43,0,Paid,45,46,2026-06-30
INV0002066,C0179,P0195,Professional Services,2025-04-05,2025-05-20,2025-05-27,29929.82,29929.82,0,Paid,45,52,2026-06-30
INV0002067,C0179,P0195,Professional Services,2025-05-05,2025-06-19,2025-07-01,34150.55,34150.55,0,Paid,45,57,2026-06-30
INV0002068,C0179,P0195,Professional Services,2025-06-05,2025-07-20,2025-07-11,30918.69,30918.69,0,Paid,45,36,2026-06-30
INV0002069,C0179,P0195,Professional Services,2025-07-05,2025-08-19,2025-08-21,29563.97,29563.97,0,Paid,45,47,2026-06-30
INV0002070,C0179,P0195,Professional Services,2025-08-05,2025-09-19,2025-09-13,30886.69,30886.69,0,Paid,45,39,2026-06-30
INV0002071,C0179,P0195,Professional Services,2025-09-05,2025-10-20,2025-09-28,32565.3,32565.3,0,Paid,45,23,2026-06-30
INV0002072,C0179,P0195,Professional Services,2025-10-05,2025-11-19,2025-11-28,32984.01,32984.01,0,Paid,45,54,2026-06-30
INV0002073,C0179,P0195,Professional Services,2025-11-05,2025-12-20,2025-12-19,33011.3,33011.3,0,Paid,45,44,2026-06-30
INV0002074,C0179,P0195,Professional Services,2025-12-05,2026-01-19,2026-01-28,29309.37,29309.37,0,Paid,45,54,2026-06-30
INV0002075,C0179,P0195,Professional Services,2026-01-05,2026-02-19,2026-02-17,28609.6,28609.6,0,Paid,45,43,2026-06-30
INV0002076,C0179,P0195,Professional Services,2026-02-05,2026-03-22,2026-03-13,32948.89,32948.89,0,Paid,45,36,2026-06-30
INV0002077,C0179,P0195,Professional Services,2026-03-05,2026-04-19,2026-04-15,34528.25,34528.25,0,Paid,45,41,2026-06-30
INV0002078,C0179,P0195,Professional Services,2026-04-05,2026-05-20,2026-05-31,34867.27,34867.27,0,Paid,45,56,2026-06-30
INV0002079,C0179,P0195,Professional Services,2026-05-05,2026-06-19,2026-06-20,33683.66,33683.66,0,Paid,45,46,2026-06-30
INV0002080,C0082,P0196,Professional Services,2024-02-05,2024-03-06,2024-03-05,4526.09,4526.09,0,Paid,30,29,2026-06-30
INV0002081,C0082,P0196,Professional Services,2024-03-05,2024-04-04,2024-04-03,4457.07,4457.07,0,Paid,30,29,2026-06-30
INV0002082,C0082,P0196,Professional Services,2024-04-05,2024-05-05,2024-05-04,4911.54,4911.54,0,Paid,30,29,2026-06-30
INV0002083,C0082,P0196,Professional Services,2024-05-05,2024-06-04,2024-06-07,5278.53,5278.53,0,Paid,30,33,2026-06-30
INV0002084,C0234,P0197,Professional Services,2024-09-05,2024-10-05,2024-10-10,76235.29,76235.29,0,Paid,30,35,2026-06-30
INV0002085,C0234,P0197,Professional Services,2024-10-05,2024-11-04,2024-11-27,84787.37,84787.37,0,Paid,30,53,2026-06-30
INV0002086,C0234,P0197,Professional Services,2024-11-05,2024-12-05,2024-12-12,70688.47,70688.47,0,Paid,30,37,2026-06-30
INV0002087,C0234,P0197,Professional Services,2024-12-05,2025-01-04,2025-01-22,82826.98,82826.98,0,Paid,30,48,2026-06-30
INV0002088,C0234,P0197,Professional Services,2025-01-05,2025-02-04,2025-02-05,81924.09,81924.09,0,Paid,30,31,2026-06-30
INV0002089,C0234,P0197,Professional Services,2025-02-05,2025-03-07,2025-03-11,78601.95,78601.95,0,Paid,30,34,2026-06-30
INV0002090,C0234,P0197,Professional Services,2025-03-05,2025-04-04,2025-04-12,80234.29,80234.29,0,Paid,30,38,2026-06-30
INV0002091,C0289,P0198,Professional Services,2024-02-05,2024-03-06,2024-03-05,44453.71,44453.71,0,Paid,30,29,2026-06-30
INV0002092,C0289,P0198,Professional Services,2024-03-05,2024-04-04,2024-03-20,95257.94,95257.94,0,Paid,30,15,2026-06-30
INV0002093,C0289,P0198,Professional Services,2024-04-05,2024-05-05,2024-05-07,44453.71,44453.71,0,Paid,30,32,2026-06-30
INV0002094,C0292,P0199,Professional Services,2024-08-05,2024-09-04,2024-09-05,27732.79,27732.79,0,Paid,30,31,2026-06-30
INV0002095,C0292,P0199,Professional Services,2024-09-05,2024-10-05,2024-10-03,29757.4,29757.4,0,Paid,30,28,2026-06-30
INV0002096,C0292,P0199,Professional Services,2024-10-05,2024-11-04,2024-11-12,29053.24,29053.24,0,Paid,30,38,2026-06-30
INV0002097,C0292,P0199,Professional Services,2024-11-05,2024-12-05,2024-12-02,25857.34,25857.34,0,Paid,30,27,2026-06-30
INV0002098,C0292,P0199,Professional Services,2024-12-05,2025-01-04,2025-01-04,29712.2,29712.2,0,Paid,30,30,2026-06-30
INV0002099,C0292,P0199,Professional Services,2025-01-05,2025-02-04,2025-02-06,31096.46,31096.46,0,Paid,30,32,2026-06-30
INV0002100,C0292,P0199,Professional Services,2025-02-05,2025-03-07,2025-03-18,32147.85,32147.85,0,Paid,30,41,2026-06-30
INV0002101,C0100,P0200,Professional Services,2026-05-05,2026-05-20,2026-05-21,21385.63,21385.63,0,Paid,15,16,2026-06-30
INV0002102,C0100,P0200,Professional Services,2026-06-05,2026-06-20,2026-06-15,18701.6,18701.6,0,Paid,15,10,2026-06-30
INV0002103,C0094,P0201,Professional Services,2025-12-05,2026-02-03,2026-02-14,138245.36,138245.36,0,Paid,60,71,2026-06-30
INV0002104,C0094,P0201,Professional Services,2026-01-05,2026-03-06,2026-03-02,147476.52,147476.52,0,Paid,60,56,2026-06-30
INV0002105,C0094,P0201,Professional Services,2026-02-05,2026-04-06,2026-04-06,155995.87,155995.87,0,Paid,60,60,2026-06-30
INV0002106,C0094,P0201,Professional Services,2026-03-05,2026-05-04,2026-04-29,157800.1,157800.1,0,Paid,60,55,2026-06-30
INV0002107,C0094,P0201,Professional Services,2026-04-05,2026-06-04,2026-05-24,175296.52,175296.52,0,Paid,60,49,2026-06-30
INV0002108,C0094,P0201,Professional Services,2026-05-05,2026-07-04,,150721.24,0,150721.24,Open,60,,2026-06-30
INV0002109,C0094,P0201,Professional Services,2026-06-05,2026-08-04,,161242.12,0,161242.12,Open,60,,2026-06-30
INV0002110,C0099,P0203,Professional Services,2026-01-05,2026-01-20,2026-02-08,26912.47,26912.47,0,Paid,15,34,2026-06-30
INV0002111,C0099,P0203,Professional Services,2026-02-05,2026-02-20,2026-03-08,56000.62,56000.62,0,Paid,15,31,2026-06-30
INV0002112,C0099,P0203,Professional Services,2026-03-05,2026-03-20,2026-03-20,82353.85,82353.85,0,Paid,15,15,2026-06-30
INV0002113,C0099,P0203,Professional Services,2026-04-05,2026-04-20,2026-03-19,56000.62,56000.62,0,Paid,15,-17,2026-06-30
INV0002114,C0099,P0203,Professional Services,2026-05-05,2026-05-20,2026-06-06,29647.39,29647.39,0,Paid,15,32,2026-06-30
INV0002115,C0217,P0204,Professional Services,2025-03-05,2025-04-19,2025-05-21,61117.41,61117.41,0,Paid,45,77,2026-06-30
INV0002116,C0217,P0204,Professional Services,2025-04-05,2025-05-20,2025-05-22,61117.41,61117.41,0,Paid,45,47,2026-06-30
INV0002117,C0211,P0205,Professional Services,2024-08-05,2024-09-04,2024-09-05,137552.32,137552.32,0,Paid,30,31,2026-06-30
INV0002118,C0211,P0205,Professional Services,2024-09-05,2024-10-05,2024-09-19,275104.65,275104.65,0,Paid,30,14,2026-06-30
INV0002119,C0211,P0205,Professional Services,2024-10-05,2024-11-04,2024-11-04,275104.65,275104.65,0,Paid,30,30,2026-06-30
INV0002120,C0211,P0205,Professional Services,2024-11-05,2024-12-05,2024-11-21,137552.32,137552.32,0,Paid,30,16,2026-06-30
INV0002121,C0285,P0206,Professional Services,2025-07-05,2025-09-03,2025-11-01,58419.57,58419.57,0,Paid,60,119,2026-06-30
INV0002122,C0285,P0206,Professional Services,2025-08-05,2025-10-04,2025-08-21,68099.44,68099.44,0,Paid,60,16,2026-06-30
INV0002123,C0285,P0206,Professional Services,2025-09-05,2025-11-04,2025-11-24,56461.87,56461.87,0,Paid,60,80,2026-06-30
INV0002124,C0285,P0206,Professional Services,2025-10-05,2025-12-04,2026-01-06,65508.81,65508.81,0,Paid,60,93,2026-06-30
INV0002125,C0285,P0206,Professional Services,2025-11-05,2026-01-04,2026-01-13,63746.36,63746.36,0,Paid,60,69,2026-06-30
INV0002126,C0071,P0207,Professional Services,2024-02-05,2024-03-21,2024-03-14,101986.3,101986.3,0,Paid,45,38,2026-06-30
INV0002127,C0071,P0207,Professional Services,2024-03-05,2024-04-19,2024-04-15,102794.28,102794.28,0,Paid,45,41,2026-06-30
INV0002128,C0224,P0209,Professional Services,2024-09-05,2024-09-20,2024-10-11,20740,20740,0,Paid,15,36,2026-06-30
INV0002129,C0224,P0209,Professional Services,2024-10-05,2024-10-20,2024-11-02,20713.9,20713.9,0,Paid,15,28,2026-06-30
INV0002130,C0224,P0209,Professional Services,2024-11-05,2024-11-20,2024-11-29,20310.52,20310.52,0,Paid,15,24,2026-06-30
INV0002131,C0224,P0209,Professional Services,2024-12-05,2024-12-20,2024-12-29,21201.5,21201.5,0,Paid,15,24,2026-06-30
INV0002132,C0224,P0209,Professional Services,2025-01-05,2025-01-20,2025-02-16,20153.76,20153.76,0,Paid,15,42,2026-06-30
INV0002133,C0224,P0209,Professional Services,2025-02-05,2025-02-20,2025-02-07,21361.32,21361.32,0,Paid,15,2,2026-06-30
INV0002134,C0224,P0209,Professional Services,2025-03-05,2025-03-20,2025-03-28,19568.2,19568.2,0,Paid,15,23,2026-06-30
INV0002135,C0224,P0209,Professional Services,2025-04-05,2025-04-20,2025-05-05,20254.33,20254.33,0,Paid,15,30,2026-06-30
INV0002136,C0224,P0209,Professional Services,2025-05-05,2025-05-20,2025-05-19,23473.82,23473.82,0,Paid,15,14,2026-06-30
INV0002137,C0224,P0209,Professional Services,2025-06-05,2025-06-20,2025-06-25,19099.04,19099.04,0,Paid,15,20,2026-06-30
INV0002138,C0224,P0209,Professional Services,2025-07-05,2025-07-20,2025-08-08,19970.14,19970.14,0,Paid,15,34,2026-06-30
INV0002139,C0224,P0209,Professional Services,2025-08-05,2025-08-20,2025-08-19,22835.78,22835.78,0,Paid,15,14,2026-06-30
INV0002140,C0300,P0210,Professional Services,2024-09-05,2024-10-20,2024-11-11,51198.34,51198.34,0,Paid,45,67,2026-06-30
INV0002141,C0300,P0210,Professional Services,2024-10-05,2024-11-19,2024-12-03,88433.49,88433.49,0,Paid,45,59,2026-06-30
INV0002142,C0300,P0210,Professional Services,2024-11-05,2024-12-20,2025-02-01,125668.65,125668.65,0,Paid,45,88,2026-06-30
INV0002143,C0300,P0210,Professional Services,2024-12-05,2025-01-19,2025-01-25,162903.81,162903.81,0,Paid,45,51,2026-06-30
INV0002144,C0300,P0210,Professional Services,2025-01-05,2025-02-19,2025-03-02,125668.65,125668.65,0,Paid,45,56,2026-06-30
INV0002145,C0300,P0210,Professional Services,2025-02-05,2025-03-22,2025-03-20,92559.89,92559.89,0,Paid,45,43,2026-06-30
INV0002146,C0300,P0210,Professional Services,2025-03-05,2025-04-19,2025-04-17,53587.3,53587.3,0,Paid,45,43,2026-06-30
INV0002147,C0107,P0211,Professional Services,2024-02-05,2024-03-06,2024-03-01,26137.52,26137.52,0,Paid,30,25,2026-06-30
INV0002148,C0107,P0211,Professional Services,2024-03-05,2024-04-04,2024-03-26,26064.7,26064.7,0,Paid,30,21,2026-06-30
INV0002149,C0107,P0211,Professional Services,2024-04-05,2024-05-05,2024-05-09,30129.95,30129.95,0,Paid,30,34,2026-06-30
INV0002150,C0107,P0211,Professional Services,2024-05-05,2024-06-04,2024-05-24,26569.28,26569.28,0,Paid,30,19,2026-06-30
INV0002151,C0107,P0211,Professional Services,2024-06-05,2024-07-05,2024-06-26,25738.02,25738.02,0,Paid,30,21,2026-06-30
INV0002152,C0107,P0211,Professional Services,2024-07-05,2024-08-04,2024-07-29,23557.33,23557.33,0,Paid,30,24,2026-06-30
INV0002153,C0107,P0211,Professional Services,2024-08-05,2024-09-04,2024-08-30,25284.56,25284.56,0,Paid,30,25,2026-06-30
INV0002154,C0107,P0211,Professional Services,2024-09-05,2024-10-05,2024-10-22,27225.1,27225.1,0,Paid,30,47,2026-06-30
INV0002155,C0193,P0212,Professional Services,2025-12-05,2026-01-04,2026-01-08,32979.56,32979.56,0,Paid,30,34,2026-06-30
INV0002156,C0193,P0212,Professional Services,2026-01-05,2026-02-04,2026-02-09,37635.27,37635.27,0,Paid,30,35,2026-06-30
INV0002157,C0193,P0212,Professional Services,2026-02-05,2026-03-07,2026-02-14,44732.23,44732.23,0,Paid,30,9,2026-06-30
INV0002158,C0193,P0212,Professional Services,2026-03-05,2026-04-04,2026-03-10,39186.35,39186.35,0,Paid,30,5,2026-06-30
INV0002159,C0296,P0215,Professional Services,2025-07-05,2025-08-04,2025-08-15,108956.14,108956.14,0,Paid,30,41,2026-06-30
INV0002160,C0296,P0215,Professional Services,2025-08-05,2025-09-04,2025-08-24,117969.92,117969.92,0,Paid,30,19,2026-06-30
INV0002161,C0296,P0215,Professional Services,2025-09-05,2025-10-05,2025-10-06,104440.48,104440.48,0,Paid,30,31,2026-06-30
INV0002162,C0181,P0216,Professional Services,2025-12-05,2026-01-04,2026-02-10,39686.17,39686.17,0,Paid,30,67,2026-06-30
INV0002163,C0181,P0216,Professional Services,2026-01-05,2026-02-04,2026-02-28,40647.49,40647.49,0,Paid,30,54,2026-06-30
INV0002164,C0181,P0216,Professional Services,2026-02-05,2026-03-07,2026-02-17,43696.44,43696.44,0,Paid,30,12,2026-06-30
INV0002165,C0181,P0216,Professional Services,2026-03-05,2026-04-04,2026-03-29,42739.36,42739.36,0,Paid,30,24,2026-06-30
INV0002166,C0181,P0216,Professional Services,2026-04-05,2026-05-05,2026-05-19,44625,44625,0,Paid,30,44,2026-06-30
INV0002167,C0100,P0217,Professional Services,2024-02-05,2024-02-20,2024-02-19,4586.7,4586.7,0,Paid,15,14,2026-06-30
INV0002168,C0100,P0217,Professional Services,2024-03-05,2024-03-20,2024-04-10,5208.61,5208.61,0,Paid,15,36,2026-06-30
INV0002169,C0100,P0217,Professional Services,2024-04-05,2024-04-20,2024-04-23,4531.95,4531.95,0,Paid,15,18,2026-06-30
INV0002170,C0100,P0217,Professional Services,2024-05-05,2024-05-20,2024-05-31,4617.9,4617.9,0,Paid,15,26,2026-06-30
INV0002171,C0100,P0217,Professional Services,2024-06-05,2024-06-20,2024-06-25,4331.32,4331.32,0,Paid,15,20,2026-06-30
INV0002172,C0100,P0217,Professional Services,2024-07-05,2024-07-20,2024-07-29,4468.24,4468.24,0,Paid,15,24,2026-06-30
INV0002173,C0100,P0217,Professional Services,2024-08-05,2024-08-20,2024-09-04,5005.58,5005.58,0,Paid,15,30,2026-06-30
INV0002174,C0100,P0217,Professional Services,2024-09-05,2024-09-20,2024-10-04,4540.84,4540.84,0,Paid,15,29,2026-06-30
INV0002175,C0100,P0217,Professional Services,2024-10-05,2024-10-20,2024-10-01,4541.7,4541.7,0,Paid,15,-4,2026-06-30
INV0002176,C0100,P0217,Professional Services,2024-11-05,2024-11-20,2024-11-21,4630.33,4630.33,0,Paid,15,16,2026-06-30
INV0002177,C0100,P0217,Professional Services,2024-12-05,2024-12-20,2024-11-18,4459.75,4459.75,0,Paid,15,-17,2026-06-30
INV0002178,C0100,P0217,Professional Services,2025-01-05,2025-01-20,2025-02-09,5018.8,5018.8,0,Paid,15,35,2026-06-30
INV0002179,C0100,P0217,Professional Services,2025-02-05,2025-02-20,2025-03-09,4932.4,4932.4,0,Paid,15,32,2026-06-30
INV0002180,C0268,P0218,Professional Services,2025-11-05,2026-01-04,2025-12-31,103170.93,103170.93,0,Paid,60,56,2026-06-30
INV0002181,C0268,P0218,Professional Services,2025-12-05,2026-02-03,2026-01-30,88076.75,88076.75,0,Paid,60,56,2026-06-30
INV0002182,C0268,P0218,Professional Services,2026-01-05,2026-03-06,2026-02-25,79822.04,79822.04,0,Paid,60,51,2026-06-30
INV0002183,C0268,P0218,Professional Services,2026-02-05,2026-04-06,2026-04-12,109006.26,109006.26,0,Paid,60,66,2026-06-30
INV0002184,C0268,P0218,Professional Services,2026-03-05,2026-05-04,2026-04-30,111842.07,111842.07,0,Paid,60,56,2026-06-30
INV0002185,C0268,P0218,Professional Services,2026-04-05,2026-06-04,2026-05-16,117281.41,117281.41,0,Paid,60,41,2026-06-30
INV0002186,C0268,P0218,Professional Services,2026-05-05,2026-07-04,2026-06-26,113931.49,113931.49,0,Paid,60,52,2026-06-30
INV0002187,C0268,P0218,Professional Services,2026-06-05,2026-08-04,,113151.38,0,113151.38,Open,60,,2026-06-30
INV0002188,C0037,P0219,Professional Services,2026-02-05,2026-03-22,2026-03-12,45807.09,45807.09,0,Paid,45,35,2026-06-30
INV0002189,C0037,P0219,Professional Services,2026-03-05,2026-04-19,2026-04-22,45661.47,45661.47,0,Paid,45,48,2026-06-30
INV0002190,C0037,P0219,Professional Services,2026-04-05,2026-05-20,2026-05-15,46560.97,46560.97,0,Paid,45,40,2026-06-30
INV0002191,C0037,P0219,Professional Services,2026-05-05,2026-06-19,2026-06-04,45608.05,45608.05,0,Paid,45,30,2026-06-30
INV0002192,C0037,P0219,Professional Services,2026-06-05,2026-07-20,,45607.47,0,45607.47,Open,45,,2026-06-30
INV0002193,C0169,P0220,Professional Services,2025-12-05,2026-01-19,2026-01-26,71927.55,71927.55,0,Paid,45,52,2026-06-30
INV0002194,C0169,P0220,Professional Services,2026-01-05,2026-02-19,2026-03-22,86296,86296,0,Paid,45,76,2026-06-30
INV0002195,C0169,P0220,Professional Services,2026-02-05,2026-03-22,2026-04-25,79688.56,79688.56,0,Paid,45,79,2026-06-30
INV0002196,C0169,P0220,Professional Services,2026-03-05,2026-04-19,2026-05-14,85161.22,85161.22,0,Paid,45,70,2026-06-30
INV0002197,C0169,P0220,Professional Services,2026-04-05,2026-05-20,2026-06-21,79891.25,79891.25,0,Paid,45,77,2026-06-30
INV0002198,C0169,P0220,Professional Services,2026-05-05,2026-06-19,,87456.24,0,87456.24,Past Due,45,,2026-06-30
INV0002199,C0169,P0220,Professional Services,2026-06-05,2026-07-20,,82426.83,0,82426.83,Open,45,,2026-06-30
